02-o2_01-ver_02-vis_03-lau2_07-day_03-60_02-frt-1002_01-rep_00-n_00-n_00-n_00-n_00-n_00-n;1002;0;41710;0;N;533165;N;2;3026;0;EC_PH-BR_1;20140312xWed;2_Kolín;Středočeský kraj;h00;219;136
02-o2_01-ver_02-vis_03-lau2_07-day_03-60_02-frt-1002_01-rep_00-n_00-n_00-n_00-n_00-n_00-n;1002;0;41710;0;N;554782;N;1;3018;0;EC_PH-BR_1;20140312xWed;1_Praha;Hlavní město Praha;h00;964;0
02-o2_01-ver_02-vis_03-lau2_07-day_03-60_02-frt-1002_01-rep_00-n_00-n_00-n_00-n_00-n_00-n;1002;0;41710;0;N;555134;N;3;3093;0;EC_PH-BR_1;20140312xWed;3_Pardubice;Pardubický kraj;h00;71;374
02-o2_01-ver_02-vis_03-lau2_07-day_03-60_02-frt-1002_01-rep_00-n_00-n_00-n_00-n_00-n_00-n;1002;0;41710;0;N;580031;N;4;3093;0;EC_PH-BR_1;20140312xWed;4_Česká Třebová;Pardubický kraj;h00;15;22
02-o2_01-ver_02-vis_03-lau2_07-day_03-60_02-frt-1002_01-rep_00-n_00-n_00-n_00-n_00-n_00-n;1002;0;41710;0;N;582786;N;5;3115;0;EC_PH-BR_1;20140312xWed;5_Brno;Jihomoravský kraj;h00;0;737
02-o2_01-ver_02-vis_03-lau2_07-day_03-60_02-frt-1002_01-rep_00-n_00-n_00-n_00-n_00-n_00-n;1002;0;41711;0;N;533165;N;2;3026;0;EC_PH-BR_1;20140313xThu;2_Kolín;Středočeský kraj;h00;181;152
02-o2_01-ver_02-vis_03-lau2_07-day_03-60_02-frt-1002_01-rep_00-n_00-n_00-n_00-n_00-n_00-n;1002;0;41711;0;N;554782;N;1;3018;0;EC_PH-BR_1;20140313xThu;1_Praha;Hlavní město Praha;h00;1090;0
02-o2_01-ver_02-vis_03-lau2_07-day_03-60_02-frt-1002_01-rep_00-n_00-n_00-n_00-n_00-n_00-n;1002;0;41711;0;N;555134;N;3;3093;0;EC_PH-BR_1;20140313xThu;3_Pardubice;Pardubický kraj;h00;79;342
02-o2_01-ver_02-vis_03-lau2_07-day_03-60_02-frt-1002_01-rep_00-n_00-n_00-n_00-n_00-n_00-n;1002;0;41711;0;N;580031;N;4;3093;0;EC_PH-BR_1;20140313xThu;4_Česká Třebová;Pardubický kraj;h00;26;31
02-o2_01-ver_02-vis_03-lau2_07-day_03-60_02-frt-1002_01-rep_00-n_00-n_00-n_00-n_00-n_00-n;1002;0;41711;0;N;582786;N;5;3115;0;EC_PH-BR_1;20140313xThu;5_Brno;Jihomoravský kraj;h00;0;851
02-o2_01-ver_02-vis_03-lau2_07-day_03-60_02-frt-1002_01-rep_00-n_00-n_00-n_00-n_00-n_00-n;1002;0;41712;0;N;533165;N;2;3026;0;EC_PH-BR_1;20140314xFri;2_Kolín;Středočeský kraj;h00;214;135
02-o2_01-ver_02-vis_03-lau2_07-day_03-60_02-frt-1002_01-rep_00-n_00-n_00-n_00-n_00-n_00-n;1002;0;41712;0;N;554782;N;1;3018;0;EC_PH-BR_1;20140314xFri;1_Praha;Hlavní město Praha;h00;917;0
02-o2_01-ver_02-vis_03-lau2_07-day_03-60_02-frt-1002_01-rep_00-n_00-n_00-n_00-n_00-n_00-n;1002;0;41712;0;N;555134;N;3;3093;0;EC_PH-BR_1;20140314xFri;3_Pardubice;Pardubický kraj;h00;80;338
02-o2_01-ver_02-vis_03-lau2_07-day_03-60_02-frt-1002_01-rep_00-n_00-n_00-n_00-n_00-n_00-n;1002;0;41712;0;N;580031;N;4;3093;0;EC_PH-BR_1;20140314xFri;4_Česká Třebová;Pardubický kraj;h00;32;36
02-o2_01-ver_02-vis_03-lau2_07-day_03-60_02-frt-1002_01-rep_00-n_00-n_00-n_00-n_00-n_00-n;1002;0;41712;0;N;582786;N;5;3115;0;EC_PH-BR_1;20140314xFri;5_Brno;Jihomoravský kraj;h00;0;734
02-o2_01-ver_02-vis_03-lau2_07-day_03-60_02-frt-1002_01-rep_00-n_00-n_00-n_00-n_00-n_00-n;1002;0;41713;0;N;533165;N;2;3026;0;EC_PH-BR_1;20140315xSat;2_Kolín;Středočeský kraj;h00;58;127
02-o2_01-ver_02-vis_03-lau2_07-day_03-60_02-frt-1002_01-rep_00-n_00-n_00-n_00-n_00-n_00-n;1002;0;41713;0;N;554782;N;1;3018;0;EC_PH-BR_1;20140315xSat;1_Praha;Hlavní město Praha;h00;632;0
02-o2_01-ver_02-vis_03-lau2_07-day_03-60_02-frt-1002_01-rep_00-n_00-n_00-n_00-n_00-n_00-n;1002;0;41713;0;N;555134;N;3;3093;0;EC_PH-BR_1;20140315xSat;3_Pardubice;Pardubický kraj;h00;79;154
02-o2_01-ver_02-vis_03-lau2_07-day_03-60_02-frt-1002_01-rep_00-n_00-n_00-n_00-n_00-n_00-n;1002;0;41713;0;N;580031;N;4;3093;0;EC_PH-BR_1;20140315xSat;4_Česká Třebová;Pardubický kraj;h00;43;43
02-o2_01-ver_02-vis_03-lau2_07-day_03-60_02-frt-1002_01-rep_00-n_00-n_00-n_00-n_00-n_00-n;1002;0;41713;0;N;582786;N;5;3115;0;EC_PH-BR_1;20140315xSat;5_Brno;Jihomoravský kraj;h00;0;488
02-o2_01-ver_02-vis_03-lau2_07-day_03-60_02-frt-1002_01-rep_00-n_00-n_00-n_00-n_00-n_00-n;1002;0;41714;0;N;533165;N;2;3026;0;EC_PH-BR_1;20140316xSun;2_Kolín;Středočeský kraj;h00;38;55
02-o2_01-ver_02-vis_03-lau2_07-day_03-60_02-frt-1002_01-rep_00-n_00-n_00-n_00-n_00-n_00-n;1002;0;41714;0;N;554782;N;1;3018;0;EC_PH-BR_1;20140316xSun;1_Praha;Hlavní město Praha;h00;456;0
02-o2_01-ver_02-vis_03-lau2_07-day_03-60_02-frt-1002_01-rep_00-n_00-n_00-n_00-n_00-n_00-n;1002;0;41714;0;N;555134;N;3;3093;0;EC_PH-BR_1;20140316xSun;3_Pardubice;Pardubický kraj;h00;21;189
02-o2_01-ver_02-vis_03-lau2_07-day_03-60_02-frt-1002_01-rep_00-n_00-n_00-n_00-n_00-n_00-n;1002;0;41714;0;N;580031;N;4;3093;0;EC_PH-BR_1;20140316xSun;4_Česká Třebová;Pardubický kraj;h00;23;22
02-o2_01-ver_02-vis_03-lau2_07-day_03-60_02-frt-1002_01-rep_00-n_00-n_00-n_00-n_00-n_00-n;1002;0;41714;0;N;582786;N;5;3115;0;EC_PH-BR_1;20140316xSun;5_Brno;Jihomoravský kraj;h00;0;272
02-o2_01-ver_02-vis_03-lau2_07-day_03-60_02-frt-1002_01-rep_00-n_00-n_00-n_00-n_00-n_00-n;1002;0;41715;0;N;533165;N;2;3026;0;EC_PH-BR_1;20140317xMon;2_Kolín;Středočeský kraj;h00;233;190
02-o2_01-ver_02-vis_03-lau2_07-day_03-60_02-frt-1002_01-rep_00-n_00-n_00-n_00-n_00-n_00-n;1002;0;41715;0;N;554782;N;1;3018;0;EC_PH-BR_1;20140317xMon;1_Praha;Hlavní město Praha;h00;927;0
02-o2_01-ver_02-vis_03-lau2_07-day_03-60_02-frt-1002_01-rep_00-n_00-n_00-n_00-n_00-n_00-n;1002;0;41715;0;N;555134;N;3;3093;0;EC_PH-BR_1;20140317xMon;3_Pardubice;Pardubický kraj;h00;79;374
02-o2_01-ver_02-vis_03-lau2_07-day_03-60_02-frt-1002_01-rep_00-n_00-n_00-n_00-n_00-n_00-n;1002;0;41715;0;N;580031;N;4;3093;0;EC_PH-BR_1;20140317xMon;4_Česká Třebová;Pardubický kraj;h00;17;42
02-o2_01-ver_02-vis_03-lau2_07-day_03-60_02-frt-1002_01-rep_00-n_00-n_00-n_00-n_00-n_00-n;1002;0;41715;0;N;582786;N;5;3115;0;EC_PH-BR_1;20140317xMon;5_Brno;Jihomoravský kraj;h00;0;650
02-o2_01-ver_02-vis_03-lau2_07-day_03-60_02-frt-1002_01-rep_00-n_00-n_00-n_00-n_00-n_00-n;1002;0;41716;0;N;533165;N;2;3026;0;EC_PH-BR_1;20140318xTue;2_Kolín;Středočeský kraj;h00;283;285
02-o2_01-ver_02-vis_03-lau2_07-day_03-60_02-frt-1002_01-rep_00-n_00-n_00-n_00-n_00-n_00-n;1002;0;41716;0;N;554782;N;1;3018;0;EC_PH-BR_1;20140318xTue;1_Praha;Hlavní město Praha;h00;1565;0
02-o2_01-ver_02-vis_03-lau2_07-day_03-60_02-frt-1002_01-rep_00-n_00-n_00-n_00-n_00-n_00-n;1002;0;41716;0;N;555134;N;3;3093;0;EC_PH-BR_1;20140318xTue;3_Pardubice;Pardubický kraj;h00;120;435
02-o2_01-ver_02-vis_03-lau2_07-day_03-60_02-frt-1002_01-rep_00-n_00-n_00-n_00-n_00-n_00-n;1002;0;41716;0;N;580031;N;4;3093;0;EC_PH-BR_1;20140318xTue;4_Česká Třebová;Pardubický kraj;h00;53;32
02-o2_01-ver_02-vis_03-lau2_07-day_03-60_02-frt-1002_01-rep_00-n_00-n_00-n_00-n_00-n_00-n;1002;0;41716;0;N;582786;N;5;3115;0;EC_PH-BR_1;20140318xTue;5_Brno;Jihomoravský kraj;h00;0;1269
02-o2_01-ver_02-vis_03-lau2_07-day_03-60_02-frt-1002_01-rep_00-n_00-n_00-n_00-n_00-n_00-n;1002;0;41717;0;N;533165;N;2;3026;0;EC_PH-BR_1;20140319xWed;2_Kolín;Středočeský kraj;h00;270;294
02-o2_01-ver_02-vis_03-lau2_07-day_03-60_02-frt-1002_01-rep_00-n_00-n_00-n_00-n_00-n_00-n;1002;0;41717;0;N;554782;N;1;3018;0;EC_PH-BR_1;20140319xWed;1_Praha;Hlavní město Praha;h00;1857;0
02-o2_01-ver_02-vis_03-lau2_07-day_03-60_02-frt-1002_01-rep_00-n_00-n_00-n_00-n_00-n_00-n;1002;0;41717;0;N;555134;N;3;3093;0;EC_PH-BR_1;20140319xWed;3_Pardubice;Pardubický kraj;h00;120;533
02-o2_01-ver_02-vis_03-lau2_07-day_03-60_02-frt-1002_01-rep_00-n_00-n_00-n_00-n_00-n_00-n;1002;0;41717;0;N;580031;N;4;3093;0;EC_PH-BR_1;20140319xWed;4_Česká Třebová;Pardubický kraj;h00;45;19
02-o2_01-ver_02-vis_03-lau2_07-day_03-60_02-frt-1002_01-rep_00-n_00-n_00-n_00-n_00-n_00-n;1002;0;41717;0;N;582786;N;5;3115;0;EC_PH-BR_1;20140319xWed;5_Brno;Jihomoravský kraj;h00;0;1446
02-o2_01-ver_02-vis_03-lau2_07-day_03-60_02-frt-1002_01-rep_00-n_00-n_00-n_00-n_00-n_00-n;1002;0;41718;0;N;533165;N;2;3026;0;EC_PH-BR_1;20140320xThu;2_Kolín;Středočeský kraj;h00;286;224
02-o2_01-ver_02-vis_03-lau2_07-day_03-60_02-frt-1002_01-rep_00-n_00-n_00-n_00-n_00-n_00-n;1002;0;41718;0;N;554782;N;1;3018;0;EC_PH-BR_1;20140320xThu;1_Praha;Hlavní město Praha;h00;1549;0
02-o2_01-ver_02-vis_03-lau2_07-day_03-60_02-frt-1002_01-rep_00-n_00-n_00-n_00-n_00-n_00-n;1002;0;41718;0;N;555134;N;3;3093;0;EC_PH-BR_1;20140320xThu;3_Pardubice;Pardubický kraj;h00;128;460
02-o2_01-ver_02-vis_03-lau2_07-day_03-60_02-frt-1002_01-rep_00-n_00-n_00-n_00-n_00-n_00-n;1002;0;41718;0;N;580031;N;4;3093;0;EC_PH-BR_1;20140320xThu;4_Česká Třebová;Pardubický kraj;h00;29;36
02-o2_01-ver_02-vis_03-lau2_07-day_03-60_02-frt-1002_01-rep_00-n_00-n_00-n_00-n_00-n_00-n;1002;0;41718;0;N;582786;N;5;3115;0;EC_PH-BR_1;20140320xThu;5_Brno;Jihomoravský kraj;h00;0;1272
02-o2_01-ver_02-vis_03-lau2_07-day_03-60_02-frt-1002_01-rep_00-n_00-n_00-n_00-n_00-n_00-n;1002;0;41719;0;N;533165;N;2;3026;0;EC_PH-BR_1;20140321xFri;2_Kolín;Středočeský kraj;h00;142;173
02-o2_01-ver_02-vis_03-lau2_07-day_03-60_02-frt-1002_01-rep_00-n_00-n_00-n_00-n_00-n_00-n;1002;0;41719;0;N;554782;N;1;3018;0;EC_PH-BR_1;20140321xFri;1_Praha;Hlavní město Praha;h00;834;0
02-o2_01-ver_02-vis_03-lau2_07-day_03-60_02-frt-1002_01-rep_00-n_00-n_00-n_00-n_00-n_00-n;1002;0;41719;0;N;555134;N;3;3093;0;EC_PH-BR_1;20140321xFri;3_Pardubice;Pardubický kraj;h00;69;218
02-o2_01-ver_02-vis_03-lau2_07-day_03-60_02-frt-1002_01-rep_00-n_00-n_00-n_00-n_00-n_00-n;1002;0;41719;0;N;580031;N;4;3093;0;EC_PH-BR_1;20140321xFri;4_Česká Třebová;Pardubický kraj;h00;21;22
02-o2_01-ver_02-vis_03-lau2_07-day_03-60_02-frt-1002_01-rep_00-n_00-n_00-n_00-n_00-n_00-n;1002;0;41719;0;N;582786;N;5;3115;0;EC_PH-BR_1;20140321xFri;5_Brno;Jihomoravský kraj;h00;0;653
02-o2_01-ver_02-vis_03-lau2_07-day_03-60_02-frt-1002_01-rep_00-n_00-n_00-n_00-n_00-n_00-n;1002;0;41720;0;N;533165;N;2;3026;0;EC_PH-BR_1;20140322xSat;2_Kolín;Středočeský kraj;h00;136;170
02-o2_01-ver_02-vis_03-lau2_07-day_03-60_02-frt-1002_01-rep_00-n_00-n_00-n_00-n_00-n_00-n;1002;0;41720;0;N;554782;N;1;3018;0;EC_PH-BR_1;20140322xSat;1_Praha;Hlavní město Praha;h00;681;0
02-o2_01-ver_02-vis_03-lau2_07-day_03-60_02-frt-1002_01-rep_00-n_00-n_00-n_00-n_00-n_00-n;1002;0;41720;0;N;555134;N;3;3093;0;EC_PH-BR_1;20140322xSat;3_Pardubice;Pardubický kraj;h00;61;283
02-o2_01-ver_02-vis_03-lau2_07-day_03-60_02-frt-1002_01-rep_00-n_00-n_00-n_00-n_00-n_00-n;1002;0;41720;0;N;580031;N;4;3093;0;EC_PH-BR_1;20140322xSat;4_Česká Třebová;Pardubický kraj;h00;49;15
02-o2_01-ver_02-vis_03-lau2_07-day_03-60_02-frt-1002_01-rep_00-n_00-n_00-n_00-n_00-n_00-n;1002;0;41720;0;N;582786;N;5;3115;0;EC_PH-BR_1;20140322xSat;5_Brno;Jihomoravský kraj;h00;0;459
02-o2_01-ver_02-vis_03-lau2_07-day_03-60_02-frt-1002_01-rep_00-n_00-n_00-n_00-n_00-n_00-n;1002;0;41721;0;N;533165;N;2;3026;0;EC_PH-BR_1;20140323xSun;2_Kolín;Středočeský kraj;h00;61;92
02-o2_01-ver_02-vis_03-lau2_07-day_03-60_02-frt-1002_01-rep_00-n_00-n_00-n_00-n_00-n_00-n;1002;0;41721;0;N;554782;N;1;3018;0;EC_PH-BR_1;20140323xSun;1_Praha;Hlavní město Praha;h00;404;0
02-o2_01-ver_02-vis_03-lau2_07-day_03-60_02-frt-1002_01-rep_00-n_00-n_00-n_00-n_00-n_00-n;1002;0;41721;0;N;555134;N;3;3093;0;EC_PH-BR_1;20140323xSun;3_Pardubice;Pardubický kraj;h00;27;171
02-o2_01-ver_02-vis_03-lau2_07-day_03-60_02-frt-1002_01-rep_00-n_00-n_00-n_00-n_00-n_00-n;1002;0;41721;0;N;580031;N;4;3093;0;EC_PH-BR_1;20140323xSun;4_Česká Třebová;Pardubický kraj;h00;23;8
02-o2_01-ver_02-vis_03-lau2_07-day_03-60_02-frt-1002_01-rep_00-n_00-n_00-n_00-n_00-n_00-n;1002;0;41721;0;N;582786;N;5;3115;0;EC_PH-BR_1;20140323xSun;5_Brno;Jihomoravský kraj;h00;0;244
02-o2_01-ver_02-vis_03-lau2_07-day_03-60_02-frt-1002_01-rep_00-n_00-n_00-n_00-n_00-n_00-n;1002;0;41722;0;N;533165;N;2;3026;0;EC_PH-BR_1;20140324xMon;2_Kolín;Středočeský kraj;h00;242;212
02-o2_01-ver_02-vis_03-lau2_07-day_03-60_02-frt-1002_01-rep_00-n_00-n_00-n_00-n_00-n_00-n;1002;0;41722;0;N;554782;N;1;3018;0;EC_PH-BR_1;20140324xMon;1_Praha;Hlavní město Praha;h00;1049;0
02-o2_01-ver_02-vis_03-lau2_07-day_03-60_02-frt-1002_01-rep_00-n_00-n_00-n_00-n_00-n_00-n;1002;0;41722;0;N;555134;N;3;3093;0;EC_PH-BR_1;20140324xMon;3_Pardubice;Pardubický kraj;h00;57;428
02-o2_01-ver_02-vis_03-lau2_07-day_03-60_02-frt-1002_01-rep_00-n_00-n_00-n_00-n_00-n_00-n;1002;0;41722;0;N;580031;N;4;3093;0;EC_PH-BR_1;20140324xMon;4_Česká Třebová;Pardubický kraj;h00;32;31
02-o2_01-ver_02-vis_03-lau2_07-day_03-60_02-frt-1002_01-rep_00-n_00-n_00-n_00-n_00-n_00-n;1002;0;41722;0;N;582786;N;5;3115;0;EC_PH-BR_1;20140324xMon;5_Brno;Jihomoravský kraj;h00;0;709
02-o2_01-ver_02-vis_03-lau2_07-day_03-60_02-frt-1002_01-rep_00-n_00-n_00-n_00-n_00-n_00-n;1002;0;41723;0;N;533165;N;2;3026;0;EC_PH-BR_1;20140325xTue;2_Kolín;Středočeský kraj;h00;271;246
02-o2_01-ver_02-vis_03-lau2_07-day_03-60_02-frt-1002_01-rep_00-n_00-n_00-n_00-n_00-n_00-n;1002;0;41723;0;N;554782;N;1;3018;0;EC_PH-BR_1;20140325xTue;1_Praha;Hlavní město Praha;h00;1038;0
02-o2_01-ver_02-vis_03-lau2_07-day_03-60_02-frt-1002_01-rep_00-n_00-n_00-n_00-n_00-n_00-n;1002;0;41723;0;N;555134;N;3;3093;0;EC_PH-BR_1;20140325xTue;3_Pardubice;Pardubický kraj;h00;70;437
02-o2_01-ver_02-vis_03-lau2_07-day_03-60_02-frt-1002_01-rep_00-n_00-n_00-n_00-n_00-n_00-n;1002;0;41723;0;N;580031;N;4;3093;0;EC_PH-BR_1;20140325xTue;4_Česká Třebová;Pardubický kraj;h00;37;43
02-o2_01-ver_02-vis_03-lau2_07-day_03-60_02-frt-1002_01-rep_00-n_00-n_00-n_00-n_00-n_00-n;1002;0;41723;0;N;582786;N;5;3115;0;EC_PH-BR_1;20140325xTue;5_Brno;Jihomoravský kraj;h00;0;690
02-o2_01-ver_02-vis_03-lau2_07-day_03-60_02-frt-1002_01-rep_00-n_00-n_00-n_00-n_00-n_00-n;1002;0;41724;0;N;533165;N;2;3026;0;EC_PH-BR_1;20140326xWed;2_Kolín;Středočeský kraj;h00;276;224
02-o2_01-ver_02-vis_03-lau2_07-day_03-60_02-frt-1002_01-rep_00-n_00-n_00-n_00-n_00-n_00-n;1002;0;41724;0;N;554782;N;1;3018;0;EC_PH-BR_1;20140326xWed;1_Praha;Hlavní město Praha;h00;1392;0
02-o2_01-ver_02-vis_03-lau2_07-day_03-60_02-frt-1002_01-rep_00-n_00-n_00-n_00-n_00-n_00-n;1002;0;41724;0;N;555134;N;3;3093;0;EC_PH-BR_1;20140326xWed;3_Pardubice;Pardubický kraj;h00;120;507
02-o2_01-ver_02-vis_03-lau2_07-day_03-60_02-frt-1002_01-rep_00-n_00-n_00-n_00-n_00-n_00-n;1002;0;41724;0;N;580031;N;4;3093;0;EC_PH-BR_1;20140326xWed;4_Česká Třebová;Pardubický kraj;h00;34;46
02-o2_01-ver_02-vis_03-lau2_07-day_03-60_02-frt-1002_01-rep_00-n_00-n_00-n_00-n_00-n_00-n;1002;0;41724;0;N;582786;N;5;3115;0;EC_PH-BR_1;20140326xWed;5_Brno;Jihomoravský kraj;h00;0;1045
