02-o2_01-ver_02-vis_03-lau2_07-day_03-60_04-frt-1004_01-rep_00-n_00-n_00-n_00-n_00-n_00-n;1004;0;41710;0;N;506494;N;5;3051;0;OS_PO-KV_1;20140312xWed;5_Nové Hamry;Karlovarský kraj;h00;6;18
02-o2_01-ver_02-vis_03-lau2_07-day_03-60_04-frt-1004_01-rep_00-n_00-n_00-n_00-n_00-n_00-n;1004;0;41710;0;N;554961;N;7;3051;0;OS_PO-KV_1;20140312xWed;7_Karlovy Vary;Karlovarský kraj;h00;0;591
02-o2_01-ver_02-vis_03-lau2_07-day_03-60_04-frt-1004_01-rep_00-n_00-n_00-n_00-n_00-n_00-n;1004;0;41710;0;N;555169;N;2;3051;0;OS_PO-KV_1;20140312xWed;2_Horní Blatná;Karlovarský kraj;h00;28;1
02-o2_01-ver_02-vis_03-lau2_07-day_03-60_04-frt-1004_01-rep_00-n_00-n_00-n_00-n_00-n_00-n;1004;0;41710;0;N;555380;N;4;3051;0;OS_PO-KV_1;20140312xWed;4_Nejdek;Karlovarský kraj;h00;316;21
02-o2_01-ver_02-vis_03-lau2_07-day_03-60_04-frt-1004_01-rep_00-n_00-n_00-n_00-n_00-n_00-n;1004;0;41710;0;N;555398;N;6;3051;0;OS_PO-KV_1;20140312xWed;6_Nová Role;Karlovarský kraj;h00;268;59
02-o2_01-ver_02-vis_03-lau2_07-day_03-60_04-frt-1004_01-rep_00-n_00-n_00-n_00-n_00-n_00-n;1004;0;41710;0;N;555452;N;3;3051;0;OS_PO-KV_1;20140312xWed;3_Pernink;Karlovarský kraj;h00;62;5
02-o2_01-ver_02-vis_03-lau2_07-day_03-60_04-frt-1004_01-rep_00-n_00-n_00-n_00-n_00-n_00-n;1004;0;41710;0;N;555479;N;1;3051;0;OS_PO-KV_1;20140312xWed;1_Potůčky;Karlovarský kraj;h00;15;0
02-o2_01-ver_02-vis_03-lau2_07-day_03-60_04-frt-1004_01-rep_00-n_00-n_00-n_00-n_00-n_00-n;1004;0;41711;0;N;506494;N;5;3051;0;OS_PO-KV_1;20140313xThu;5_Nové Hamry;Karlovarský kraj;h00;10;47
02-o2_01-ver_02-vis_03-lau2_07-day_03-60_04-frt-1004_01-rep_00-n_00-n_00-n_00-n_00-n_00-n;1004;0;41711;0;N;554961;N;7;3051;0;OS_PO-KV_1;20140313xThu;7_Karlovy Vary;Karlovarský kraj;h00;0;562
02-o2_01-ver_02-vis_03-lau2_07-day_03-60_04-frt-1004_01-rep_00-n_00-n_00-n_00-n_00-n_00-n;1004;0;41711;0;N;555169;N;2;3051;0;OS_PO-KV_1;20140313xThu;2_Horní Blatná;Karlovarský kraj;h00;53;8
02-o2_01-ver_02-vis_03-lau2_07-day_03-60_04-frt-1004_01-rep_00-n_00-n_00-n_00-n_00-n_00-n;1004;0;41711;0;N;555380;N;4;3051;0;OS_PO-KV_1;20140313xThu;4_Nejdek;Karlovarský kraj;h00;351;29
02-o2_01-ver_02-vis_03-lau2_07-day_03-60_04-frt-1004_01-rep_00-n_00-n_00-n_00-n_00-n_00-n;1004;0;41711;0;N;555398;N;6;3051;0;OS_PO-KV_1;20140313xThu;6_Nová Role;Karlovarský kraj;h00;222;64
02-o2_01-ver_02-vis_03-lau2_07-day_03-60_04-frt-1004_01-rep_00-n_00-n_00-n_00-n_00-n_00-n;1004;0;41711;0;N;555452;N;3;3051;0;OS_PO-KV_1;20140313xThu;3_Pernink;Karlovarský kraj;h00;51;26
02-o2_01-ver_02-vis_03-lau2_07-day_03-60_04-frt-1004_01-rep_00-n_00-n_00-n_00-n_00-n_00-n;1004;0;41711;0;N;555479;N;1;3051;0;OS_PO-KV_1;20140313xThu;1_Potůčky;Karlovarský kraj;h00;49;0
02-o2_01-ver_02-vis_03-lau2_07-day_03-60_04-frt-1004_01-rep_00-n_00-n_00-n_00-n_00-n_00-n;1004;0;41712;0;N;506494;N;5;3051;0;OS_PO-KV_1;20140314xFri;5_Nové Hamry;Karlovarský kraj;h00;82;88
02-o2_01-ver_02-vis_03-lau2_07-day_03-60_04-frt-1004_01-rep_00-n_00-n_00-n_00-n_00-n_00-n;1004;0;41712;0;N;554961;N;7;3051;0;OS_PO-KV_1;20140314xFri;7_Karlovy Vary;Karlovarský kraj;h00;0;1853
02-o2_01-ver_02-vis_03-lau2_07-day_03-60_04-frt-1004_01-rep_00-n_00-n_00-n_00-n_00-n_00-n;1004;0;41712;0;N;555169;N;2;3051;0;OS_PO-KV_1;20140314xFri;2_Horní Blatná;Karlovarský kraj;h00;66;16
02-o2_01-ver_02-vis_03-lau2_07-day_03-60_04-frt-1004_01-rep_00-n_00-n_00-n_00-n_00-n_00-n;1004;0;41712;0;N;555380;N;4;3051;0;OS_PO-KV_1;20140314xFri;4_Nejdek;Karlovarský kraj;h00;1021;55
02-o2_01-ver_02-vis_03-lau2_07-day_03-60_04-frt-1004_01-rep_00-n_00-n_00-n_00-n_00-n_00-n;1004;0;41712;0;N;555398;N;6;3051;0;OS_PO-KV_1;20140314xFri;6_Nová Role;Karlovarský kraj;h00;834;188
02-o2_01-ver_02-vis_03-lau2_07-day_03-60_04-frt-1004_01-rep_00-n_00-n_00-n_00-n_00-n_00-n;1004;0;41712;0;N;555452;N;3;3051;0;OS_PO-KV_1;20140314xFri;3_Pernink;Karlovarský kraj;h00;113;24
02-o2_01-ver_02-vis_03-lau2_07-day_03-60_04-frt-1004_01-rep_00-n_00-n_00-n_00-n_00-n_00-n;1004;0;41712;0;N;555479;N;1;3051;0;OS_PO-KV_1;20140314xFri;1_Potůčky;Karlovarský kraj;h00;108;0
02-o2_01-ver_02-vis_03-lau2_07-day_03-60_04-frt-1004_01-rep_00-n_00-n_00-n_00-n_00-n_00-n;1004;0;41713;0;N;506494;N;5;3051;0;OS_PO-KV_1;20140315xSat;5_Nové Hamry;Karlovarský kraj;h00;27;38
02-o2_01-ver_02-vis_03-lau2_07-day_03-60_04-frt-1004_01-rep_00-n_00-n_00-n_00-n_00-n_00-n;1004;0;41713;0;N;554961;N;7;3051;0;OS_PO-KV_1;20140315xSat;7_Karlovy Vary;Karlovarský kraj;h00;0;902
02-o2_01-ver_02-vis_03-lau2_07-day_03-60_04-frt-1004_01-rep_00-n_00-n_00-n_00-n_00-n_00-n;1004;0;41713;0;N;555169;N;2;3051;0;OS_PO-KV_1;20140315xSat;2_Horní Blatná;Karlovarský kraj;h00;35;17
02-o2_01-ver_02-vis_03-lau2_07-day_03-60_04-frt-1004_01-rep_00-n_00-n_00-n_00-n_00-n_00-n;1004;0;41713;0;N;555380;N;4;3051;0;OS_PO-KV_1;20140315xSat;4_Nejdek;Karlovarský kraj;h00;465;18
02-o2_01-ver_02-vis_03-lau2_07-day_03-60_04-frt-1004_01-rep_00-n_00-n_00-n_00-n_00-n_00-n;1004;0;41713;0;N;555398;N;6;3051;0;OS_PO-KV_1;20140315xSat;6_Nová Role;Karlovarský kraj;h00;469;110
02-o2_01-ver_02-vis_03-lau2_07-day_03-60_04-frt-1004_01-rep_00-n_00-n_00-n_00-n_00-n_00-n;1004;0;41713;0;N;555452;N;3;3051;0;OS_PO-KV_1;20140315xSat;3_Pernink;Karlovarský kraj;h00;54;5
02-o2_01-ver_02-vis_03-lau2_07-day_03-60_04-frt-1004_01-rep_00-n_00-n_00-n_00-n_00-n_00-n;1004;0;41713;0;N;555479;N;1;3051;0;OS_PO-KV_1;20140315xSat;1_Potůčky;Karlovarský kraj;h00;40;0
02-o2_01-ver_02-vis_03-lau2_07-day_03-60_04-frt-1004_01-rep_00-n_00-n_00-n_00-n_00-n_00-n;1004;0;41714;0;N;506494;N;5;3051;0;OS_PO-KV_1;20140316xSun;5_Nové Hamry;Karlovarský kraj;h00;3;40
02-o2_01-ver_02-vis_03-lau2_07-day_03-60_04-frt-1004_01-rep_00-n_00-n_00-n_00-n_00-n_00-n;1004;0;41714;0;N;554961;N;7;3051;0;OS_PO-KV_1;20140316xSun;7_Karlovy Vary;Karlovarský kraj;h00;0;323
02-o2_01-ver_02-vis_03-lau2_07-day_03-60_04-frt-1004_01-rep_00-n_00-n_00-n_00-n_00-n_00-n;1004;0;41714;0;N;555169;N;2;3051;0;OS_PO-KV_1;20140316xSun;2_Horní Blatná;Karlovarský kraj;h00;40;1
02-o2_01-ver_02-vis_03-lau2_07-day_03-60_04-frt-1004_01-rep_00-n_00-n_00-n_00-n_00-n_00-n;1004;0;41714;0;N;555380;N;4;3051;0;OS_PO-KV_1;20140316xSun;4_Nejdek;Karlovarský kraj;h00;159;18
02-o2_01-ver_02-vis_03-lau2_07-day_03-60_04-frt-1004_01-rep_00-n_00-n_00-n_00-n_00-n_00-n;1004;0;41714;0;N;555398;N;6;3051;0;OS_PO-KV_1;20140316xSun;6_Nová Role;Karlovarský kraj;h00;193;39
02-o2_01-ver_02-vis_03-lau2_07-day_03-60_04-frt-1004_01-rep_00-n_00-n_00-n_00-n_00-n_00-n;1004;0;41714;0;N;555452;N;3;3051;0;OS_PO-KV_1;20140316xSun;3_Pernink;Karlovarský kraj;h00;18;2
02-o2_01-ver_02-vis_03-lau2_07-day_03-60_04-frt-1004_01-rep_00-n_00-n_00-n_00-n_00-n_00-n;1004;0;41714;0;N;555479;N;1;3051;0;OS_PO-KV_1;20140316xSun;1_Potůčky;Karlovarský kraj;h00;10;0
02-o2_01-ver_02-vis_03-lau2_07-day_03-60_04-frt-1004_01-rep_00-n_00-n_00-n_00-n_00-n_00-n;1004;0;41715;0;N;506494;N;5;3051;0;OS_PO-KV_1;20140317xMon;5_Nové Hamry;Karlovarský kraj;h00;45;20
02-o2_01-ver_02-vis_03-lau2_07-day_03-60_04-frt-1004_01-rep_00-n_00-n_00-n_00-n_00-n_00-n;1004;0;41715;0;N;554961;N;7;3051;0;OS_PO-KV_1;20140317xMon;7_Karlovy Vary;Karlovarský kraj;h00;0;763
02-o2_01-ver_02-vis_03-lau2_07-day_03-60_04-frt-1004_01-rep_00-n_00-n_00-n_00-n_00-n_00-n;1004;0;41715;0;N;555169;N;2;3051;0;OS_PO-KV_1;20140317xMon;2_Horní Blatná;Karlovarský kraj;h00;22;2
02-o2_01-ver_02-vis_03-lau2_07-day_03-60_04-frt-1004_01-rep_00-n_00-n_00-n_00-n_00-n_00-n;1004;0;41715;0;N;555380;N;4;3051;0;OS_PO-KV_1;20140317xMon;4_Nejdek;Karlovarský kraj;h00;263;22
02-o2_01-ver_02-vis_03-lau2_07-day_03-60_04-frt-1004_01-rep_00-n_00-n_00-n_00-n_00-n_00-n;1004;0;41715;0;N;555398;N;6;3051;0;OS_PO-KV_1;20140317xMon;6_Nová Role;Karlovarský kraj;h00;426;32
02-o2_01-ver_02-vis_03-lau2_07-day_03-60_04-frt-1004_01-rep_00-n_00-n_00-n_00-n_00-n_00-n;1004;0;41715;0;N;555452;N;3;3051;0;OS_PO-KV_1;20140317xMon;3_Pernink;Karlovarský kraj;h00;68;9
02-o2_01-ver_02-vis_03-lau2_07-day_03-60_04-frt-1004_01-rep_00-n_00-n_00-n_00-n_00-n_00-n;1004;0;41715;0;N;555479;N;1;3051;0;OS_PO-KV_1;20140317xMon;1_Potůčky;Karlovarský kraj;h00;24;0
02-o2_01-ver_02-vis_03-lau2_07-day_03-60_04-frt-1004_01-rep_00-n_00-n_00-n_00-n_00-n_00-n;1004;0;41716;0;N;506494;N;5;3051;0;OS_PO-KV_1;20140318xTue;5_Nové Hamry;Karlovarský kraj;h00;77;60
02-o2_01-ver_02-vis_03-lau2_07-day_03-60_04-frt-1004_01-rep_00-n_00-n_00-n_00-n_00-n_00-n;1004;0;41716;0;N;554961;N;7;3051;0;OS_PO-KV_1;20140318xTue;7_Karlovy Vary;Karlovarský kraj;h00;0;2088
02-o2_01-ver_02-vis_03-lau2_07-day_03-60_04-frt-1004_01-rep_00-n_00-n_00-n_00-n_00-n_00-n;1004;0;41716;0;N;555169;N;2;3051;0;OS_PO-KV_1;20140318xTue;2_Horní Blatná;Karlovarský kraj;h00;77;17
02-o2_01-ver_02-vis_03-lau2_07-day_03-60_04-frt-1004_01-rep_00-n_00-n_00-n_00-n_00-n_00-n;1004;0;41716;0;N;555380;N;4;3051;0;OS_PO-KV_1;20140318xTue;4_Nejdek;Karlovarský kraj;h00;1127;58
02-o2_01-ver_02-vis_03-lau2_07-day_03-60_04-frt-1004_01-rep_00-n_00-n_00-n_00-n_00-n_00-n;1004;0;41716;0;N;555398;N;6;3051;0;OS_PO-KV_1;20140318xTue;6_Nová Role;Karlovarský kraj;h00;952;224
02-o2_01-ver_02-vis_03-lau2_07-day_03-60_04-frt-1004_01-rep_00-n_00-n_00-n_00-n_00-n_00-n;1004;0;41716;0;N;555452;N;3;3051;0;OS_PO-KV_1;20140318xTue;3_Pernink;Karlovarský kraj;h00;154;27
02-o2_01-ver_02-vis_03-lau2_07-day_03-60_04-frt-1004_01-rep_00-n_00-n_00-n_00-n_00-n_00-n;1004;0;41716;0;N;555479;N;1;3051;0;OS_PO-KV_1;20140318xTue;1_Potůčky;Karlovarský kraj;h00;87;0
02-o2_01-ver_02-vis_03-lau2_07-day_03-60_04-frt-1004_01-rep_00-n_00-n_00-n_00-n_00-n_00-n;1004;0;41717;0;N;506494;N;5;3051;0;OS_PO-KV_1;20140319xWed;5_Nové Hamry;Karlovarský kraj;h00;99;57
02-o2_01-ver_02-vis_03-lau2_07-day_03-60_04-frt-1004_01-rep_00-n_00-n_00-n_00-n_00-n_00-n;1004;0;41717;0;N;554961;N;7;3051;0;OS_PO-KV_1;20140319xWed;7_Karlovy Vary;Karlovarský kraj;h00;0;3009
02-o2_01-ver_02-vis_03-lau2_07-day_03-60_04-frt-1004_01-rep_00-n_00-n_00-n_00-n_00-n_00-n;1004;0;41717;0;N;555169;N;2;3051;0;OS_PO-KV_1;20140319xWed;2_Horní Blatná;Karlovarský kraj;h00;90;14
02-o2_01-ver_02-vis_03-lau2_07-day_03-60_04-frt-1004_01-rep_00-n_00-n_00-n_00-n_00-n_00-n;1004;0;41717;0;N;555380;N;4;3051;0;OS_PO-KV_1;20140319xWed;4_Nejdek;Karlovarský kraj;h00;1123;62
02-o2_01-ver_02-vis_03-lau2_07-day_03-60_04-frt-1004_01-rep_00-n_00-n_00-n_00-n_00-n_00-n;1004;0;41717;0;N;555398;N;6;3051;0;OS_PO-KV_1;20140319xWed;6_Nová Role;Karlovarský kraj;h00;1826;209
02-o2_01-ver_02-vis_03-lau2_07-day_03-60_04-frt-1004_01-rep_00-n_00-n_00-n_00-n_00-n_00-n;1004;0;41717;0;N;555452;N;3;3051;0;OS_PO-KV_1;20140319xWed;3_Pernink;Karlovarský kraj;h00;148;32
02-o2_01-ver_02-vis_03-lau2_07-day_03-60_04-frt-1004_01-rep_00-n_00-n_00-n_00-n_00-n_00-n;1004;0;41717;0;N;555479;N;1;3051;0;OS_PO-KV_1;20140319xWed;1_Potůčky;Karlovarský kraj;h00;97;0
02-o2_01-ver_02-vis_03-lau2_07-day_03-60_04-frt-1004_01-rep_00-n_00-n_00-n_00-n_00-n_00-n;1004;0;41718;0;N;506494;N;5;3051;0;OS_PO-KV_1;20140320xThu;5_Nové Hamry;Karlovarský kraj;h00;76;133
02-o2_01-ver_02-vis_03-lau2_07-day_03-60_04-frt-1004_01-rep_00-n_00-n_00-n_00-n_00-n_00-n;1004;0;41718;0;N;554961;N;7;3051;0;OS_PO-KV_1;20140320xThu;7_Karlovy Vary;Karlovarský kraj;h00;0;1924
02-o2_01-ver_02-vis_03-lau2_07-day_03-60_04-frt-1004_01-rep_00-n_00-n_00-n_00-n_00-n_00-n;1004;0;41718;0;N;555169;N;2;3051;0;OS_PO-KV_1;20140320xThu;2_Horní Blatná;Karlovarský kraj;h00;114;22
02-o2_01-ver_02-vis_03-lau2_07-day_03-60_04-frt-1004_01-rep_00-n_00-n_00-n_00-n_00-n_00-n;1004;0;41718;0;N;555380;N;4;3051;0;OS_PO-KV_1;20140320xThu;4_Nejdek;Karlovarský kraj;h00;955;49
02-o2_01-ver_02-vis_03-lau2_07-day_03-60_04-frt-1004_01-rep_00-n_00-n_00-n_00-n_00-n_00-n;1004;0;41718;0;N;555398;N;6;3051;0;OS_PO-KV_1;20140320xThu;6_Nová Role;Karlovarský kraj;h00;938;191
02-o2_01-ver_02-vis_03-lau2_07-day_03-60_04-frt-1004_01-rep_00-n_00-n_00-n_00-n_00-n_00-n;1004;0;41718;0;N;555452;N;3;3051;0;OS_PO-KV_1;20140320xThu;3_Pernink;Karlovarský kraj;h00;158;35
02-o2_01-ver_02-vis_03-lau2_07-day_03-60_04-frt-1004_01-rep_00-n_00-n_00-n_00-n_00-n_00-n;1004;0;41718;0;N;555479;N;1;3051;0;OS_PO-KV_1;20140320xThu;1_Potůčky;Karlovarský kraj;h00;113;0
02-o2_01-ver_02-vis_03-lau2_07-day_03-60_04-frt-1004_01-rep_00-n_00-n_00-n_00-n_00-n_00-n;1004;0;41719;0;N;506494;N;5;3051;0;OS_PO-KV_1;20140321xFri;5_Nové Hamry;Karlovarský kraj;h00;58;31
02-o2_01-ver_02-vis_03-lau2_07-day_03-60_04-frt-1004_01-rep_00-n_00-n_00-n_00-n_00-n_00-n;1004;0;41719;0;N;554961;N;7;3051;0;OS_PO-KV_1;20140321xFri;7_Karlovy Vary;Karlovarský kraj;h00;0;917
02-o2_01-ver_02-vis_03-lau2_07-day_03-60_04-frt-1004_01-rep_00-n_00-n_00-n_00-n_00-n_00-n;1004;0;41719;0;N;555169;N;2;3051;0;OS_PO-KV_1;20140321xFri;2_Horní Blatná;Karlovarský kraj;h00;53;9
02-o2_01-ver_02-vis_03-lau2_07-day_03-60_04-frt-1004_01-rep_00-n_00-n_00-n_00-n_00-n_00-n;1004;0;41719;0;N;555380;N;4;3051;0;OS_PO-KV_1;20140321xFri;4_Nejdek;Karlovarský kraj;h00;382;29
02-o2_01-ver_02-vis_03-lau2_07-day_03-60_04-frt-1004_01-rep_00-n_00-n_00-n_00-n_00-n_00-n;1004;0;41719;0;N;555398;N;6;3051;0;OS_PO-KV_1;20140321xFri;6_Nová Role;Karlovarský kraj;h00;411;48
02-o2_01-ver_02-vis_03-lau2_07-day_03-60_04-frt-1004_01-rep_00-n_00-n_00-n_00-n_00-n_00-n;1004;0;41719;0;N;555452;N;3;3051;0;OS_PO-KV_1;20140321xFri;3_Pernink;Karlovarský kraj;h00;115;15
02-o2_01-ver_02-vis_03-lau2_07-day_03-60_04-frt-1004_01-rep_00-n_00-n_00-n_00-n_00-n_00-n;1004;0;41719;0;N;555479;N;1;3051;0;OS_PO-KV_1;20140321xFri;1_Potůčky;Karlovarský kraj;h00;30;0
02-o2_01-ver_02-vis_03-lau2_07-day_03-60_04-frt-1004_01-rep_00-n_00-n_00-n_00-n_00-n_00-n;1004;0;41720;0;N;506494;N;5;3051;0;OS_PO-KV_1;20140322xSat;5_Nové Hamry;Karlovarský kraj;h00;27;36
02-o2_01-ver_02-vis_03-lau2_07-day_03-60_04-frt-1004_01-rep_00-n_00-n_00-n_00-n_00-n_00-n;1004;0;41720;0;N;554961;N;7;3051;0;OS_PO-KV_1;20140322xSat;7_Karlovy Vary;Karlovarský kraj;h00;0;591
02-o2_01-ver_02-vis_03-lau2_07-day_03-60_04-frt-1004_01-rep_00-n_00-n_00-n_00-n_00-n_00-n;1004;0;41720;0;N;555169;N;2;3051;0;OS_PO-KV_1;20140322xSat;2_Horní Blatná;Karlovarský kraj;h00;32;2
02-o2_01-ver_02-vis_03-lau2_07-day_03-60_04-frt-1004_01-rep_00-n_00-n_00-n_00-n_00-n_00-n;1004;0;41720;0;N;555380;N;4;3051;0;OS_PO-KV_1;20140322xSat;4_Nejdek;Karlovarský kraj;h00;321;17
02-o2_01-ver_02-vis_03-lau2_07-day_03-60_04-frt-1004_01-rep_00-n_00-n_00-n_00-n_00-n_00-n;1004;0;41720;0;N;555398;N;6;3051;0;OS_PO-KV_1;20140322xSat;6_Nová Role;Karlovarský kraj;h00;304;90
02-o2_01-ver_02-vis_03-lau2_07-day_03-60_04-frt-1004_01-rep_00-n_00-n_00-n_00-n_00-n_00-n;1004;0;41720;0;N;555452;N;3;3051;0;OS_PO-KV_1;20140322xSat;3_Pernink;Karlovarský kraj;h00;30;3
02-o2_01-ver_02-vis_03-lau2_07-day_03-60_04-frt-1004_01-rep_00-n_00-n_00-n_00-n_00-n_00-n;1004;0;41720;0;N;555479;N;1;3051;0;OS_PO-KV_1;20140322xSat;1_Potůčky;Karlovarský kraj;h00;25;0
02-o2_01-ver_02-vis_03-lau2_07-day_03-60_04-frt-1004_01-rep_00-n_00-n_00-n_00-n_00-n_00-n;1004;0;41721;0;N;506494;N;5;3051;0;OS_PO-KV_1;20140323xSun;5_Nové Hamry;Karlovarský kraj;h00;19;49
02-o2_01-ver_02-vis_03-lau2_07-day_03-60_04-frt-1004_01-rep_00-n_00-n_00-n_00-n_00-n_00-n;1004;0;41721;0;N;554961;N;7;3051;0;OS_PO-KV_1;20140323xSun;7_Karlovy Vary;Karlovarský kraj;h00;0;682
02-o2_01-ver_02-vis_03-lau2_07-day_03-60_04-frt-1004_01-rep_00-n_00-n_00-n_00-n_00-n_00-n;1004;0;41721;0;N;555169;N;2;3051;0;OS_PO-KV_1;20140323xSun;2_Horní Blatná;Karlovarský kraj;h00;49;10
02-o2_01-ver_02-vis_03-lau2_07-day_03-60_04-frt-1004_01-rep_00-n_00-n_00-n_00-n_00-n_00-n;1004;0;41721;0;N;555380;N;4;3051;0;OS_PO-KV_1;20140323xSun;4_Nejdek;Karlovarský kraj;h00;348;21
02-o2_01-ver_02-vis_03-lau2_07-day_03-60_04-frt-1004_01-rep_00-n_00-n_00-n_00-n_00-n_00-n;1004;0;41721;0;N;555398;N;6;3051;0;OS_PO-KV_1;20140323xSun;6_Nová Role;Karlovarský kraj;h00;378;99
02-o2_01-ver_02-vis_03-lau2_07-day_03-60_04-frt-1004_01-rep_00-n_00-n_00-n_00-n_00-n_00-n;1004;0;41721;0;N;555452;N;3;3051;0;OS_PO-KV_1;20140323xSun;3_Pernink;Karlovarský kraj;h00;35;9
02-o2_01-ver_02-vis_03-lau2_07-day_03-60_04-frt-1004_01-rep_00-n_00-n_00-n_00-n_00-n_00-n;1004;0;41721;0;N;555479;N;1;3051;0;OS_PO-KV_1;20140323xSun;1_Potůčky;Karlovarský kraj;h00;41;0
02-o2_01-ver_02-vis_03-lau2_07-day_03-60_04-frt-1004_01-rep_00-n_00-n_00-n_00-n_00-n_00-n;1004;0;41722;0;N;506494;N;5;3051;0;OS_PO-KV_1;20140324xMon;5_Nové Hamry;Karlovarský kraj;h00;108;81
02-o2_01-ver_02-vis_03-lau2_07-day_03-60_04-frt-1004_01-rep_00-n_00-n_00-n_00-n_00-n_00-n;1004;0;41722;0;N;554961;N;7;3051;0;OS_PO-KV_1;20140324xMon;7_Karlovy Vary;Karlovarský kraj;h00;0;1949
02-o2_01-ver_02-vis_03-lau2_07-day_03-60_04-frt-1004_01-rep_00-n_00-n_00-n_00-n_00-n_00-n;1004;0;41722;0;N;555169;N;2;3051;0;OS_PO-KV_1;20140324xMon;2_Horní Blatná;Karlovarský kraj;h00;72;14
02-o2_01-ver_02-vis_03-lau2_07-day_03-60_04-frt-1004_01-rep_00-n_00-n_00-n_00-n_00-n_00-n;1004;0;41722;0;N;555380;N;4;3051;0;OS_PO-KV_1;20140324xMon;4_Nejdek;Karlovarský kraj;h00;983;50
02-o2_01-ver_02-vis_03-lau2_07-day_03-60_04-frt-1004_01-rep_00-n_00-n_00-n_00-n_00-n_00-n;1004;0;41722;0;N;555398;N;6;3051;0;OS_PO-KV_1;20140324xMon;6_Nová Role;Karlovarský kraj;h00;856;205
02-o2_01-ver_02-vis_03-lau2_07-day_03-60_04-frt-1004_01-rep_00-n_00-n_00-n_00-n_00-n_00-n;1004;0;41722;0;N;555452;N;3;3051;0;OS_PO-KV_1;20140324xMon;3_Pernink;Karlovarský kraj;h00;184;19
02-o2_01-ver_02-vis_03-lau2_07-day_03-60_04-frt-1004_01-rep_00-n_00-n_00-n_00-n_00-n_00-n;1004;0;41722;0;N;555479;N;1;3051;0;OS_PO-KV_1;20140324xMon;1_Potůčky;Karlovarský kraj;h00;115;0
02-o2_01-ver_02-vis_03-lau2_07-day_03-60_04-frt-1004_01-rep_00-n_00-n_00-n_00-n_00-n_00-n;1004;0;41723;0;N;506494;N;5;3051;0;OS_PO-KV_1;20140325xTue;5_Nové Hamry;Karlovarský kraj;h00;63;140
02-o2_01-ver_02-vis_03-lau2_07-day_03-60_04-frt-1004_01-rep_00-n_00-n_00-n_00-n_00-n_00-n;1004;0;41723;0;N;554961;N;7;3051;0;OS_PO-KV_1;20140325xTue;7_Karlovy Vary;Karlovarský kraj;h00;0;2295
02-o2_01-ver_02-vis_03-lau2_07-day_03-60_04-frt-1004_01-rep_00-n_00-n_00-n_00-n_00-n_00-n;1004;0;41723;0;N;555169;N;2;3051;0;OS_PO-KV_1;20140325xTue;2_Horní Blatná;Karlovarský kraj;h00;63;20
02-o2_01-ver_02-vis_03-lau2_07-day_03-60_04-frt-1004_01-rep_00-n_00-n_00-n_00-n_00-n_00-n;1004;0;41723;0;N;555380;N;4;3051;0;OS_PO-KV_1;20140325xTue;4_Nejdek;Karlovarský kraj;h00;838;49
02-o2_01-ver_02-vis_03-lau2_07-day_03-60_04-frt-1004_01-rep_00-n_00-n_00-n_00-n_00-n_00-n;1004;0;41723;0;N;555398;N;6;3051;0;OS_PO-KV_1;20140325xTue;6_Nová Role;Karlovarský kraj;h00;1440;143
02-o2_01-ver_02-vis_03-lau2_07-day_03-60_04-frt-1004_01-rep_00-n_00-n_00-n_00-n_00-n_00-n;1004;0;41723;0;N;555452;N;3;3051;0;OS_PO-KV_1;20140325xTue;3_Pernink;Karlovarský kraj;h00;153;21
02-o2_01-ver_02-vis_03-lau2_07-day_03-60_04-frt-1004_01-rep_00-n_00-n_00-n_00-n_00-n_00-n;1004;0;41723;0;N;555479;N;1;3051;0;OS_PO-KV_1;20140325xTue;1_Potůčky;Karlovarský kraj;h00;111;0
02-o2_01-ver_02-vis_03-lau2_07-day_03-60_04-frt-1004_01-rep_00-n_00-n_00-n_00-n_00-n_00-n;1004;0;41724;0;N;506494;N;5;3051;0;OS_PO-KV_1;20140326xWed;5_Nové Hamry;Karlovarský kraj;h00;89;41
02-o2_01-ver_02-vis_03-lau2_07-day_03-60_04-frt-1004_01-rep_00-n_00-n_00-n_00-n_00-n_00-n;1004;0;41724;0;N;554961;N;7;3051;0;OS_PO-KV_1;20140326xWed;7_Karlovy Vary;Karlovarský kraj;h00;0;1837
02-o2_01-ver_02-vis_03-lau2_07-day_03-60_04-frt-1004_01-rep_00-n_00-n_00-n_00-n_00-n_00-n;1004;0;41724;0;N;555169;N;2;3051;0;OS_PO-KV_1;20140326xWed;2_Horní Blatná;Karlovarský kraj;h00;74;15
02-o2_01-ver_02-vis_03-lau2_07-day_03-60_04-frt-1004_01-rep_00-n_00-n_00-n_00-n_00-n_00-n;1004;0;41724;0;N;555380;N;4;3051;0;OS_PO-KV_1;20140326xWed;4_Nejdek;Karlovarský kraj;h00;918;44
02-o2_01-ver_02-vis_03-lau2_07-day_03-60_04-frt-1004_01-rep_00-n_00-n_00-n_00-n_00-n_00-n;1004;0;41724;0;N;555398;N;6;3051;0;OS_PO-KV_1;20140326xWed;6_Nová Role;Karlovarský kraj;h00;865;210
02-o2_01-ver_02-vis_03-lau2_07-day_03-60_04-frt-1004_01-rep_00-n_00-n_00-n_00-n_00-n_00-n;1004;0;41724;0;N;555452;N;3;3051;0;OS_PO-KV_1;20140326xWed;3_Pernink;Karlovarský kraj;h00;132;21
02-o2_01-ver_02-vis_03-lau2_07-day_03-60_04-frt-1004_01-rep_00-n_00-n_00-n_00-n_00-n_00-n;1004;0;41724;0;N;555479;N;1;3051;0;OS_PO-KV_1;20140326xWed;1_Potůčky;Karlovarský kraj;h00;90;0
