02-o2_01-ver_02-vis_03-lau2_07-day_03-60_07-frt-1007_01-rep_00-n_00-n_00-n_00-n_00-n_00-n;1007;0;41710;0;N;531057;N;1;3026;0;PM_BE-PH_1;20140312xWed;1_Beroun;Středočeský kraj;h00;2539;0
02-o2_01-ver_02-vis_03-lau2_07-day_03-60_07-frt-1007_01-rep_00-n_00-n_00-n_00-n_00-n_00-n;1007;0;41710;0;N;531316;N;3;3026;0;PM_BE-PH_1;20140312xWed;3_Karlštejn;Středočeský kraj;h00;177;94
02-o2_01-ver_02-vis_03-lau2_07-day_03-60_07-frt-1007_01-rep_00-n_00-n_00-n_00-n_00-n_00-n;1007;0;41710;0;N;531758;N;2;3026;0;PM_BE-PH_1;20140312xWed;2_Srbsko;Středočeský kraj;h00;170;8
02-o2_01-ver_02-vis_03-lau2_07-day_03-60_07-frt-1007_01-rep_00-n_00-n_00-n_00-n_00-n_00-n;1007;0;41710;0;N;531979;N;4;3026;0;PM_BE-PH_1;20140312xWed;4_Zadní Třebaň;Středočeský kraj;h00;213;17
02-o2_01-ver_02-vis_03-lau2_07-day_03-60_07-frt-1007_01-rep_00-n_00-n_00-n_00-n_00-n_00-n;1007;0;41710;0;N;539139;N;8;3026;0;PM_BE-PH_1;20140312xWed;8_Černošice;Středočeský kraj;h00;2220;385
02-o2_01-ver_02-vis_03-lau2_07-day_03-60_07-frt-1007_01-rep_00-n_00-n_00-n_00-n_00-n_00-n;1007;0;41710;0;N;539198;N;6;3026;0;PM_BE-PH_1;20140312xWed;6_Dobřichovice;Středočeský kraj;h00;1241;185
02-o2_01-ver_02-vis_03-lau2_07-day_03-60_07-frt-1007_01-rep_00-n_00-n_00-n_00-n_00-n_00-n;1007;0;41710;0;N;539643;N;5;3026;0;PM_BE-PH_1;20140312xWed;5_Řevnice;Středočeský kraj;h00;562;130
02-o2_01-ver_02-vis_03-lau2_07-day_03-60_07-frt-1007_01-rep_00-n_00-n_00-n_00-n_00-n_00-n;1007;0;41710;0;N;539856;N;7;3026;0;PM_BE-PH_1;20140312xWed;7_Všenory;Středočeský kraj;h00;838;512
02-o2_01-ver_02-vis_03-lau2_07-day_03-60_07-frt-1007_01-rep_00-n_00-n_00-n_00-n_00-n_00-n;1007;0;41710;0;N;554782;N;9;3018;0;PM_BE-PH_1;20140312xWed;9_Praha;Hlavní město Praha;h00;0;6629
02-o2_01-ver_02-vis_03-lau2_07-day_03-60_07-frt-1007_01-rep_00-n_00-n_00-n_00-n_00-n_00-n;1007;0;41711;0;N;531057;N;1;3026;0;PM_BE-PH_1;20140313xThu;1_Beroun;Středočeský kraj;h00;3011;0
02-o2_01-ver_02-vis_03-lau2_07-day_03-60_07-frt-1007_01-rep_00-n_00-n_00-n_00-n_00-n_00-n;1007;0;41711;0;N;531316;N;3;3026;0;PM_BE-PH_1;20140313xThu;3_Karlštejn;Středočeský kraj;h00;114;185
02-o2_01-ver_02-vis_03-lau2_07-day_03-60_07-frt-1007_01-rep_00-n_00-n_00-n_00-n_00-n_00-n;1007;0;41711;0;N;531758;N;2;3026;0;PM_BE-PH_1;20140313xThu;2_Srbsko;Středočeský kraj;h00;108;11
02-o2_01-ver_02-vis_03-lau2_07-day_03-60_07-frt-1007_01-rep_00-n_00-n_00-n_00-n_00-n_00-n;1007;0;41711;0;N;531979;N;4;3026;0;PM_BE-PH_1;20140313xThu;4_Zadní Třebaň;Středočeský kraj;h00;236;8
02-o2_01-ver_02-vis_03-lau2_07-day_03-60_07-frt-1007_01-rep_00-n_00-n_00-n_00-n_00-n_00-n;1007;0;41711;0;N;539139;N;8;3026;0;PM_BE-PH_1;20140313xThu;8_Černošice;Středočeský kraj;h00;2144;277
02-o2_01-ver_02-vis_03-lau2_07-day_03-60_07-frt-1007_01-rep_00-n_00-n_00-n_00-n_00-n_00-n;1007;0;41711;0;N;539198;N;6;3026;0;PM_BE-PH_1;20140313xThu;6_Dobřichovice;Středočeský kraj;h00;1366;111
02-o2_01-ver_02-vis_03-lau2_07-day_03-60_07-frt-1007_01-rep_00-n_00-n_00-n_00-n_00-n_00-n;1007;0;41711;0;N;539643;N;5;3026;0;PM_BE-PH_1;20140313xThu;5_Řevnice;Středočeský kraj;h00;327;88
02-o2_01-ver_02-vis_03-lau2_07-day_03-60_07-frt-1007_01-rep_00-n_00-n_00-n_00-n_00-n_00-n;1007;0;41711;0;N;539856;N;7;3026;0;PM_BE-PH_1;20140313xThu;7_Všenory;Středočeský kraj;h00;708;384
02-o2_01-ver_02-vis_03-lau2_07-day_03-60_07-frt-1007_01-rep_00-n_00-n_00-n_00-n_00-n_00-n;1007;0;41711;0;N;554782;N;9;3018;0;PM_BE-PH_1;20140313xThu;9_Praha;Hlavní město Praha;h00;0;6950
02-o2_01-ver_02-vis_03-lau2_07-day_03-60_07-frt-1007_01-rep_00-n_00-n_00-n_00-n_00-n_00-n;1007;0;41712;0;N;531057;N;1;3026;0;PM_BE-PH_1;20140314xFri;1_Beroun;Středočeský kraj;h00;2979;0
02-o2_01-ver_02-vis_03-lau2_07-day_03-60_07-frt-1007_01-rep_00-n_00-n_00-n_00-n_00-n_00-n;1007;0;41712;0;N;531316;N;3;3026;0;PM_BE-PH_1;20140314xFri;3_Karlštejn;Středočeský kraj;h00;111;100
02-o2_01-ver_02-vis_03-lau2_07-day_03-60_07-frt-1007_01-rep_00-n_00-n_00-n_00-n_00-n_00-n;1007;0;41712;0;N;531758;N;2;3026;0;PM_BE-PH_1;20140314xFri;2_Srbsko;Středočeský kraj;h00;97;15
02-o2_01-ver_02-vis_03-lau2_07-day_03-60_07-frt-1007_01-rep_00-n_00-n_00-n_00-n_00-n_00-n;1007;0;41712;0;N;531979;N;4;3026;0;PM_BE-PH_1;20140314xFri;4_Zadní Třebaň;Středočeský kraj;h00;317;9
02-o2_01-ver_02-vis_03-lau2_07-day_03-60_07-frt-1007_01-rep_00-n_00-n_00-n_00-n_00-n_00-n;1007;0;41712;0;N;539139;N;8;3026;0;PM_BE-PH_1;20140314xFri;8_Černošice;Středočeský kraj;h00;2061;457
02-o2_01-ver_02-vis_03-lau2_07-day_03-60_07-frt-1007_01-rep_00-n_00-n_00-n_00-n_00-n_00-n;1007;0;41712;0;N;539198;N;6;3026;0;PM_BE-PH_1;20140314xFri;6_Dobřichovice;Středočeský kraj;h00;1946;127
02-o2_01-ver_02-vis_03-lau2_07-day_03-60_07-frt-1007_01-rep_00-n_00-n_00-n_00-n_00-n_00-n;1007;0;41712;0;N;539643;N;5;3026;0;PM_BE-PH_1;20140314xFri;5_Řevnice;Středočeský kraj;h00;245;164
02-o2_01-ver_02-vis_03-lau2_07-day_03-60_07-frt-1007_01-rep_00-n_00-n_00-n_00-n_00-n_00-n;1007;0;41712;0;N;539856;N;7;3026;0;PM_BE-PH_1;20140314xFri;7_Všenory;Středočeský kraj;h00;787;770
02-o2_01-ver_02-vis_03-lau2_07-day_03-60_07-frt-1007_01-rep_00-n_00-n_00-n_00-n_00-n_00-n;1007;0;41712;0;N;554782;N;9;3018;0;PM_BE-PH_1;20140314xFri;9_Praha;Hlavní město Praha;h00;0;6901
02-o2_01-ver_02-vis_03-lau2_07-day_03-60_07-frt-1007_01-rep_00-n_00-n_00-n_00-n_00-n_00-n;1007;0;41713;0;N;531057;N;1;3026;0;PM_BE-PH_1;20140315xSat;1_Beroun;Středočeský kraj;h00;1273;0
02-o2_01-ver_02-vis_03-lau2_07-day_03-60_07-frt-1007_01-rep_00-n_00-n_00-n_00-n_00-n_00-n;1007;0;41713;0;N;531316;N;3;3026;0;PM_BE-PH_1;20140315xSat;3_Karlštejn;Středočeský kraj;h00;43;93
02-o2_01-ver_02-vis_03-lau2_07-day_03-60_07-frt-1007_01-rep_00-n_00-n_00-n_00-n_00-n_00-n;1007;0;41713;0;N;531758;N;2;3026;0;PM_BE-PH_1;20140315xSat;2_Srbsko;Středočeský kraj;h00;35;4
02-o2_01-ver_02-vis_03-lau2_07-day_03-60_07-frt-1007_01-rep_00-n_00-n_00-n_00-n_00-n_00-n;1007;0;41713;0;N;531979;N;4;3026;0;PM_BE-PH_1;20140315xSat;4_Zadní Třebaň;Středočeský kraj;h00;40;7
02-o2_01-ver_02-vis_03-lau2_07-day_03-60_07-frt-1007_01-rep_00-n_00-n_00-n_00-n_00-n_00-n;1007;0;41713;0;N;539139;N;8;3026;0;PM_BE-PH_1;20140315xSat;8_Černošice;Středočeský kraj;h00;702;435
02-o2_01-ver_02-vis_03-lau2_07-day_03-60_07-frt-1007_01-rep_00-n_00-n_00-n_00-n_00-n_00-n;1007;0;41713;0;N;539198;N;6;3026;0;PM_BE-PH_1;20140315xSat;6_Dobřichovice;Středočeský kraj;h00;1194;76
02-o2_01-ver_02-vis_03-lau2_07-day_03-60_07-frt-1007_01-rep_00-n_00-n_00-n_00-n_00-n_00-n;1007;0;41713;0;N;539643;N;5;3026;0;PM_BE-PH_1;20140315xSat;5_Řevnice;Středočeský kraj;h00;141;34
02-o2_01-ver_02-vis_03-lau2_07-day_03-60_07-frt-1007_01-rep_00-n_00-n_00-n_00-n_00-n_00-n;1007;0;41713;0;N;539856;N;7;3026;0;PM_BE-PH_1;20140315xSat;7_Všenory;Středočeský kraj;h00;549;800
02-o2_01-ver_02-vis_03-lau2_07-day_03-60_07-frt-1007_01-rep_00-n_00-n_00-n_00-n_00-n_00-n;1007;0;41713;0;N;554782;N;9;3018;0;PM_BE-PH_1;20140315xSat;9_Praha;Hlavní město Praha;h00;0;2528
02-o2_01-ver_02-vis_03-lau2_07-day_03-60_07-frt-1007_01-rep_00-n_00-n_00-n_00-n_00-n_00-n;1007;0;41714;0;N;531057;N;1;3026;0;PM_BE-PH_1;20140316xSun;1_Beroun;Středočeský kraj;h00;849;0
02-o2_01-ver_02-vis_03-lau2_07-day_03-60_07-frt-1007_01-rep_00-n_00-n_00-n_00-n_00-n_00-n;1007;0;41714;0;N;531316;N;3;3026;0;PM_BE-PH_1;20140316xSun;3_Karlštejn;Středočeský kraj;h00;13;85
02-o2_01-ver_02-vis_03-lau2_07-day_03-60_07-frt-1007_01-rep_00-n_00-n_00-n_00-n_00-n_00-n;1007;0;41714;0;N;531758;N;2;3026;0;PM_BE-PH_1;20140316xSun;2_Srbsko;Středočeský kraj;h00;3;2
02-o2_01-ver_02-vis_03-lau2_07-day_03-60_07-frt-1007_01-rep_00-n_00-n_00-n_00-n_00-n_00-n;1007;0;41714;0;N;531979;N;4;3026;0;PM_BE-PH_1;20140316xSun;4_Zadní Třebaň;Středočeský kraj;h00;39;0
02-o2_01-ver_02-vis_03-lau2_07-day_03-60_07-frt-1007_01-rep_00-n_00-n_00-n_00-n_00-n_00-n;1007;0;41714;0;N;539139;N;8;3026;0;PM_BE-PH_1;20140316xSun;8_Černošice;Středočeský kraj;h00;632;381
02-o2_01-ver_02-vis_03-lau2_07-day_03-60_07-frt-1007_01-rep_00-n_00-n_00-n_00-n_00-n_00-n;1007;0;41714;0;N;539198;N;6;3026;0;PM_BE-PH_1;20140316xSun;6_Dobřichovice;Středočeský kraj;h00;691;37
02-o2_01-ver_02-vis_03-lau2_07-day_03-60_07-frt-1007_01-rep_00-n_00-n_00-n_00-n_00-n_00-n;1007;0;41714;0;N;539643;N;5;3026;0;PM_BE-PH_1;20140316xSun;5_Řevnice;Středočeský kraj;h00;56;23
02-o2_01-ver_02-vis_03-lau2_07-day_03-60_07-frt-1007_01-rep_00-n_00-n_00-n_00-n_00-n_00-n;1007;0;41714;0;N;539856;N;7;3026;0;PM_BE-PH_1;20140316xSun;7_Všenory;Středočeský kraj;h00;478;442
02-o2_01-ver_02-vis_03-lau2_07-day_03-60_07-frt-1007_01-rep_00-n_00-n_00-n_00-n_00-n_00-n;1007;0;41714;0;N;554782;N;9;3018;0;PM_BE-PH_1;20140316xSun;9_Praha;Hlavní město Praha;h00;0;1791
02-o2_01-ver_02-vis_03-lau2_07-day_03-60_07-frt-1007_01-rep_00-n_00-n_00-n_00-n_00-n_00-n;1007;0;41715;0;N;531057;N;1;3026;0;PM_BE-PH_1;20140317xMon;1_Beroun;Středočeský kraj;h00;2434;0
02-o2_01-ver_02-vis_03-lau2_07-day_03-60_07-frt-1007_01-rep_00-n_00-n_00-n_00-n_00-n_00-n;1007;0;41715;0;N;531316;N;3;3026;0;PM_BE-PH_1;20140317xMon;3_Karlštejn;Středočeský kraj;h00;112;69
02-o2_01-ver_02-vis_03-lau2_07-day_03-60_07-frt-1007_01-rep_00-n_00-n_00-n_00-n_00-n_00-n;1007;0;41715;0;N;531758;N;2;3026;0;PM_BE-PH_1;20140317xMon;2_Srbsko;Středočeský kraj;h00;90;7
02-o2_01-ver_02-vis_03-lau2_07-day_03-60_07-frt-1007_01-rep_00-n_00-n_00-n_00-n_00-n_00-n;1007;0;41715;0;N;531979;N;4;3026;0;PM_BE-PH_1;20140317xMon;4_Zadní Třebaň;Středočeský kraj;h00;82;2
02-o2_01-ver_02-vis_03-lau2_07-day_03-60_07-frt-1007_01-rep_00-n_00-n_00-n_00-n_00-n_00-n;1007;0;41715;0;N;539139;N;8;3026;0;PM_BE-PH_1;20140317xMon;8_Černošice;Středočeský kraj;h00;1433;289
02-o2_01-ver_02-vis_03-lau2_07-day_03-60_07-frt-1007_01-rep_00-n_00-n_00-n_00-n_00-n_00-n;1007;0;41715;0;N;539198;N;6;3026;0;PM_BE-PH_1;20140317xMon;6_Dobřichovice;Středočeský kraj;h00;1839;86
02-o2_01-ver_02-vis_03-lau2_07-day_03-60_07-frt-1007_01-rep_00-n_00-n_00-n_00-n_00-n_00-n;1007;0;41715;0;N;539643;N;5;3026;0;PM_BE-PH_1;20140317xMon;5_Řevnice;Středočeský kraj;h00;358;27
02-o2_01-ver_02-vis_03-lau2_07-day_03-60_07-frt-1007_01-rep_00-n_00-n_00-n_00-n_00-n_00-n;1007;0;41715;0;N;539856;N;7;3026;0;PM_BE-PH_1;20140317xMon;7_Všenory;Středočeský kraj;h00;526;786
02-o2_01-ver_02-vis_03-lau2_07-day_03-60_07-frt-1007_01-rep_00-n_00-n_00-n_00-n_00-n_00-n;1007;0;41715;0;N;554782;N;9;3018;0;PM_BE-PH_1;20140317xMon;9_Praha;Hlavní město Praha;h00;0;5608
02-o2_01-ver_02-vis_03-lau2_07-day_03-60_07-frt-1007_01-rep_00-n_00-n_00-n_00-n_00-n_00-n;1007;0;41716;0;N;531057;N;1;3026;0;PM_BE-PH_1;20140318xTue;1_Beroun;Středočeský kraj;h00;3325;0
02-o2_01-ver_02-vis_03-lau2_07-day_03-60_07-frt-1007_01-rep_00-n_00-n_00-n_00-n_00-n_00-n;1007;0;41716;0;N;531316;N;3;3026;0;PM_BE-PH_1;20140318xTue;3_Karlštejn;Středočeský kraj;h00;192;137
02-o2_01-ver_02-vis_03-lau2_07-day_03-60_07-frt-1007_01-rep_00-n_00-n_00-n_00-n_00-n_00-n;1007;0;41716;0;N;531758;N;2;3026;0;PM_BE-PH_1;20140318xTue;2_Srbsko;Středočeský kraj;h00;193;9
02-o2_01-ver_02-vis_03-lau2_07-day_03-60_07-frt-1007_01-rep_00-n_00-n_00-n_00-n_00-n_00-n;1007;0;41716;0;N;531979;N;4;3026;0;PM_BE-PH_1;20140318xTue;4_Zadní Třebaň;Středočeský kraj;h00;504;14
02-o2_01-ver_02-vis_03-lau2_07-day_03-60_07-frt-1007_01-rep_00-n_00-n_00-n_00-n_00-n_00-n;1007;0;41716;0;N;539139;N;8;3026;0;PM_BE-PH_1;20140318xTue;8_Černošice;Středočeský kraj;h00;2455;387
02-o2_01-ver_02-vis_03-lau2_07-day_03-60_07-frt-1007_01-rep_00-n_00-n_00-n_00-n_00-n_00-n;1007;0;41716;0;N;539198;N;6;3026;0;PM_BE-PH_1;20140318xTue;6_Dobřichovice;Středočeský kraj;h00;2140;98
02-o2_01-ver_02-vis_03-lau2_07-day_03-60_07-frt-1007_01-rep_00-n_00-n_00-n_00-n_00-n_00-n;1007;0;41716;0;N;539643;N;5;3026;0;PM_BE-PH_1;20140318xTue;5_Řevnice;Středočeský kraj;h00;256;242
02-o2_01-ver_02-vis_03-lau2_07-day_03-60_07-frt-1007_01-rep_00-n_00-n_00-n_00-n_00-n_00-n;1007;0;41716;0;N;539856;N;7;3026;0;PM_BE-PH_1;20140318xTue;7_Všenory;Středočeský kraj;h00;826;684
02-o2_01-ver_02-vis_03-lau2_07-day_03-60_07-frt-1007_01-rep_00-n_00-n_00-n_00-n_00-n_00-n;1007;0;41716;0;N;554782;N;9;3018;0;PM_BE-PH_1;20140318xTue;9_Praha;Hlavní město Praha;h00;0;8320
02-o2_01-ver_02-vis_03-lau2_07-day_03-60_07-frt-1007_01-rep_00-n_00-n_00-n_00-n_00-n_00-n;1007;0;41717;0;N;531057;N;1;3026;0;PM_BE-PH_1;20140319xWed;1_Beroun;Středočeský kraj;h00;3372;0
02-o2_01-ver_02-vis_03-lau2_07-day_03-60_07-frt-1007_01-rep_00-n_00-n_00-n_00-n_00-n_00-n;1007;0;41717;0;N;531316;N;3;3026;0;PM_BE-PH_1;20140319xWed;3_Karlštejn;Středočeský kraj;h00;229;125
02-o2_01-ver_02-vis_03-lau2_07-day_03-60_07-frt-1007_01-rep_00-n_00-n_00-n_00-n_00-n_00-n;1007;0;41717;0;N;531758;N;2;3026;0;PM_BE-PH_1;20140319xWed;2_Srbsko;Středočeský kraj;h00;155;28
02-o2_01-ver_02-vis_03-lau2_07-day_03-60_07-frt-1007_01-rep_00-n_00-n_00-n_00-n_00-n_00-n;1007;0;41717;0;N;531979;N;4;3026;0;PM_BE-PH_1;20140319xWed;4_Zadní Třebaň;Středočeský kraj;h00;616;15
02-o2_01-ver_02-vis_03-lau2_07-day_03-60_07-frt-1007_01-rep_00-n_00-n_00-n_00-n_00-n_00-n;1007;0;41717;0;N;539139;N;8;3026;0;PM_BE-PH_1;20140319xWed;8_Černošice;Středočeský kraj;h00;2933;462
02-o2_01-ver_02-vis_03-lau2_07-day_03-60_07-frt-1007_01-rep_00-n_00-n_00-n_00-n_00-n_00-n;1007;0;41717;0;N;539198;N;6;3026;0;PM_BE-PH_1;20140319xWed;6_Dobřichovice;Středočeský kraj;h00;2503;355
02-o2_01-ver_02-vis_03-lau2_07-day_03-60_07-frt-1007_01-rep_00-n_00-n_00-n_00-n_00-n_00-n;1007;0;41717;0;N;539643;N;5;3026;0;PM_BE-PH_1;20140319xWed;5_Řevnice;Středočeský kraj;h00;746;268
02-o2_01-ver_02-vis_03-lau2_07-day_03-60_07-frt-1007_01-rep_00-n_00-n_00-n_00-n_00-n_00-n;1007;0;41717;0;N;539856;N;7;3026;0;PM_BE-PH_1;20140319xWed;7_Všenory;Středočeský kraj;h00;626;1093
02-o2_01-ver_02-vis_03-lau2_07-day_03-60_07-frt-1007_01-rep_00-n_00-n_00-n_00-n_00-n_00-n;1007;0;41717;0;N;554782;N;9;3018;0;PM_BE-PH_1;20140319xWed;9_Praha;Hlavní město Praha;h00;0;8834
02-o2_01-ver_02-vis_03-lau2_07-day_03-60_07-frt-1007_01-rep_00-n_00-n_00-n_00-n_00-n_00-n;1007;0;41718;0;N;531057;N;1;3026;0;PM_BE-PH_1;20140320xThu;1_Beroun;Středočeský kraj;h00;3064;0
02-o2_01-ver_02-vis_03-lau2_07-day_03-60_07-frt-1007_01-rep_00-n_00-n_00-n_00-n_00-n_00-n;1007;0;41718;0;N;531316;N;3;3026;0;PM_BE-PH_1;20140320xThu;3_Karlštejn;Středočeský kraj;h00;173;118
02-o2_01-ver_02-vis_03-lau2_07-day_03-60_07-frt-1007_01-rep_00-n_00-n_00-n_00-n_00-n_00-n;1007;0;41718;0;N;531758;N;2;3026;0;PM_BE-PH_1;20140320xThu;2_Srbsko;Středočeský kraj;h00;185;8
02-o2_01-ver_02-vis_03-lau2_07-day_03-60_07-frt-1007_01-rep_00-n_00-n_00-n_00-n_00-n_00-n;1007;0;41718;0;N;531979;N;4;3026;0;PM_BE-PH_1;20140320xThu;4_Zadní Třebaň;Středočeský kraj;h00;305;12
02-o2_01-ver_02-vis_03-lau2_07-day_03-60_07-frt-1007_01-rep_00-n_00-n_00-n_00-n_00-n_00-n;1007;0;41718;0;N;539139;N;8;3026;0;PM_BE-PH_1;20140320xThu;8_Černošice;Středočeský kraj;h00;2303;589
02-o2_01-ver_02-vis_03-lau2_07-day_03-60_07-frt-1007_01-rep_00-n_00-n_00-n_00-n_00-n_00-n;1007;0;41718;0;N;539198;N;6;3026;0;PM_BE-PH_1;20140320xThu;6_Dobřichovice;Středočeský kraj;h00;2280;186
02-o2_01-ver_02-vis_03-lau2_07-day_03-60_07-frt-1007_01-rep_00-n_00-n_00-n_00-n_00-n_00-n;1007;0;41718;0;N;539643;N;5;3026;0;PM_BE-PH_1;20140320xThu;5_Řevnice;Středočeský kraj;h00;737;119
02-o2_01-ver_02-vis_03-lau2_07-day_03-60_07-frt-1007_01-rep_00-n_00-n_00-n_00-n_00-n_00-n;1007;0;41718;0;N;539856;N;7;3026;0;PM_BE-PH_1;20140320xThu;7_Všenory;Středočeský kraj;h00;1031;832
02-o2_01-ver_02-vis_03-lau2_07-day_03-60_07-frt-1007_01-rep_00-n_00-n_00-n_00-n_00-n_00-n;1007;0;41718;0;N;554782;N;9;3018;0;PM_BE-PH_1;20140320xThu;9_Praha;Hlavní město Praha;h00;0;8214
02-o2_01-ver_02-vis_03-lau2_07-day_03-60_07-frt-1007_01-rep_00-n_00-n_00-n_00-n_00-n_00-n;1007;0;41719;0;N;531057;N;1;3026;0;PM_BE-PH_1;20140321xFri;1_Beroun;Středočeský kraj;h00;2174;0
02-o2_01-ver_02-vis_03-lau2_07-day_03-60_07-frt-1007_01-rep_00-n_00-n_00-n_00-n_00-n_00-n;1007;0;41719;0;N;531316;N;3;3026;0;PM_BE-PH_1;20140321xFri;3_Karlštejn;Středočeský kraj;h00;70;51
02-o2_01-ver_02-vis_03-lau2_07-day_03-60_07-frt-1007_01-rep_00-n_00-n_00-n_00-n_00-n_00-n;1007;0;41719;0;N;531758;N;2;3026;0;PM_BE-PH_1;20140321xFri;2_Srbsko;Středočeský kraj;h00;74;9
02-o2_01-ver_02-vis_03-lau2_07-day_03-60_07-frt-1007_01-rep_00-n_00-n_00-n_00-n_00-n_00-n;1007;0;41719;0;N;531979;N;4;3026;0;PM_BE-PH_1;20140321xFri;4_Zadní Třebaň;Středočeský kraj;h00;70;3
02-o2_01-ver_02-vis_03-lau2_07-day_03-60_07-frt-1007_01-rep_00-n_00-n_00-n_00-n_00-n_00-n;1007;0;41719;0;N;539139;N;8;3026;0;PM_BE-PH_1;20140321xFri;8_Černošice;Středočeský kraj;h00;1372;238
02-o2_01-ver_02-vis_03-lau2_07-day_03-60_07-frt-1007_01-rep_00-n_00-n_00-n_00-n_00-n_00-n;1007;0;41719;0;N;539198;N;6;3026;0;PM_BE-PH_1;20140321xFri;6_Dobřichovice;Středočeský kraj;h00;1717;54
02-o2_01-ver_02-vis_03-lau2_07-day_03-60_07-frt-1007_01-rep_00-n_00-n_00-n_00-n_00-n_00-n;1007;0;41719;0;N;539643;N;5;3026;0;PM_BE-PH_1;20140321xFri;5_Řevnice;Středočeský kraj;h00;136;36
02-o2_01-ver_02-vis_03-lau2_07-day_03-60_07-frt-1007_01-rep_00-n_00-n_00-n_00-n_00-n_00-n;1007;0;41719;0;N;539856;N;7;3026;0;PM_BE-PH_1;20140321xFri;7_Všenory;Středočeský kraj;h00;387;714
02-o2_01-ver_02-vis_03-lau2_07-day_03-60_07-frt-1007_01-rep_00-n_00-n_00-n_00-n_00-n_00-n;1007;0;41719;0;N;554782;N;9;3018;0;PM_BE-PH_1;20140321xFri;9_Praha;Hlavní město Praha;h00;0;4895
02-o2_01-ver_02-vis_03-lau2_07-day_03-60_07-frt-1007_01-rep_00-n_00-n_00-n_00-n_00-n_00-n;1007;0;41720;0;N;531057;N;1;3026;0;PM_BE-PH_1;20140322xSat;1_Beroun;Středočeský kraj;h00;1111;0
02-o2_01-ver_02-vis_03-lau2_07-day_03-60_07-frt-1007_01-rep_00-n_00-n_00-n_00-n_00-n_00-n;1007;0;41720;0;N;531316;N;3;3026;0;PM_BE-PH_1;20140322xSat;3_Karlštejn;Středočeský kraj;h00;60;79
02-o2_01-ver_02-vis_03-lau2_07-day_03-60_07-frt-1007_01-rep_00-n_00-n_00-n_00-n_00-n_00-n;1007;0;41720;0;N;531758;N;2;3026;0;PM_BE-PH_1;20140322xSat;2_Srbsko;Středočeský kraj;h00;29;15
02-o2_01-ver_02-vis_03-lau2_07-day_03-60_07-frt-1007_01-rep_00-n_00-n_00-n_00-n_00-n_00-n;1007;0;41720;0;N;531979;N;4;3026;0;PM_BE-PH_1;20140322xSat;4_Zadní Třebaň;Středočeský kraj;h00;47;10
02-o2_01-ver_02-vis_03-lau2_07-day_03-60_07-frt-1007_01-rep_00-n_00-n_00-n_00-n_00-n_00-n;1007;0;41720;0;N;539139;N;8;3026;0;PM_BE-PH_1;20140322xSat;8_Černošice;Středočeský kraj;h00;797;415
02-o2_01-ver_02-vis_03-lau2_07-day_03-60_07-frt-1007_01-rep_00-n_00-n_00-n_00-n_00-n_00-n;1007;0;41720;0;N;539198;N;6;3026;0;PM_BE-PH_1;20140322xSat;6_Dobřichovice;Středočeský kraj;h00;785;106
02-o2_01-ver_02-vis_03-lau2_07-day_03-60_07-frt-1007_01-rep_00-n_00-n_00-n_00-n_00-n_00-n;1007;0;41720;0;N;539643;N;5;3026;0;PM_BE-PH_1;20140322xSat;5_Řevnice;Středočeský kraj;h00;205;39
02-o2_01-ver_02-vis_03-lau2_07-day_03-60_07-frt-1007_01-rep_00-n_00-n_00-n_00-n_00-n_00-n;1007;0;41720;0;N;539856;N;7;3026;0;PM_BE-PH_1;20140322xSat;7_Všenory;Středočeský kraj;h00;538;506
02-o2_01-ver_02-vis_03-lau2_07-day_03-60_07-frt-1007_01-rep_00-n_00-n_00-n_00-n_00-n_00-n;1007;0;41720;0;N;554782;N;9;3018;0;PM_BE-PH_1;20140322xSat;9_Praha;Hlavní město Praha;h00;0;2402
02-o2_01-ver_02-vis_03-lau2_07-day_03-60_07-frt-1007_01-rep_00-n_00-n_00-n_00-n_00-n_00-n;1007;0;41721;0;N;531057;N;1;3026;0;PM_BE-PH_1;20140323xSun;1_Beroun;Středočeský kraj;h00;914;0
02-o2_01-ver_02-vis_03-lau2_07-day_03-60_07-frt-1007_01-rep_00-n_00-n_00-n_00-n_00-n_00-n;1007;0;41721;0;N;531316;N;3;3026;0;PM_BE-PH_1;20140323xSun;3_Karlštejn;Středočeský kraj;h00;47;88
02-o2_01-ver_02-vis_03-lau2_07-day_03-60_07-frt-1007_01-rep_00-n_00-n_00-n_00-n_00-n_00-n;1007;0;41721;0;N;531758;N;2;3026;0;PM_BE-PH_1;20140323xSun;2_Srbsko;Středočeský kraj;h00;21;1
02-o2_01-ver_02-vis_03-lau2_07-day_03-60_07-frt-1007_01-rep_00-n_00-n_00-n_00-n_00-n_00-n;1007;0;41721;0;N;531979;N;4;3026;0;PM_BE-PH_1;20140323xSun;4_Zadní Třebaň;Středočeský kraj;h00;271;11
02-o2_01-ver_02-vis_03-lau2_07-day_03-60_07-frt-1007_01-rep_00-n_00-n_00-n_00-n_00-n_00-n;1007;0;41721;0;N;539139;N;8;3026;0;PM_BE-PH_1;20140323xSun;8_Černošice;Středočeský kraj;h00;1045;463
02-o2_01-ver_02-vis_03-lau2_07-day_03-60_07-frt-1007_01-rep_00-n_00-n_00-n_00-n_00-n_00-n;1007;0;41721;0;N;539198;N;6;3026;0;PM_BE-PH_1;20140323xSun;6_Dobřichovice;Středočeský kraj;h00;976;108
02-o2_01-ver_02-vis_03-lau2_07-day_03-60_07-frt-1007_01-rep_00-n_00-n_00-n_00-n_00-n_00-n;1007;0;41721;0;N;539643;N;5;3026;0;PM_BE-PH_1;20140323xSun;5_Řevnice;Středočeský kraj;h00;175;218
02-o2_01-ver_02-vis_03-lau2_07-day_03-60_07-frt-1007_01-rep_00-n_00-n_00-n_00-n_00-n_00-n;1007;0;41721;0;N;539856;N;7;3026;0;PM_BE-PH_1;20140323xSun;7_Všenory;Středočeský kraj;h00;604;713
02-o2_01-ver_02-vis_03-lau2_07-day_03-60_07-frt-1007_01-rep_00-n_00-n_00-n_00-n_00-n_00-n;1007;0;41721;0;N;554782;N;9;3018;0;PM_BE-PH_1;20140323xSun;9_Praha;Hlavní město Praha;h00;0;2451
02-o2_01-ver_02-vis_03-lau2_07-day_03-60_07-frt-1007_01-rep_00-n_00-n_00-n_00-n_00-n_00-n;1007;0;41722;0;N;531057;N;1;3026;0;PM_BE-PH_1;20140324xMon;1_Beroun;Středočeský kraj;h00;2923;0
02-o2_01-ver_02-vis_03-lau2_07-day_03-60_07-frt-1007_01-rep_00-n_00-n_00-n_00-n_00-n_00-n;1007;0;41722;0;N;531316;N;3;3026;0;PM_BE-PH_1;20140324xMon;3_Karlštejn;Středočeský kraj;h00;163;106
02-o2_01-ver_02-vis_03-lau2_07-day_03-60_07-frt-1007_01-rep_00-n_00-n_00-n_00-n_00-n_00-n;1007;0;41722;0;N;531758;N;2;3026;0;PM_BE-PH_1;20140324xMon;2_Srbsko;Středočeský kraj;h00;136;0
02-o2_01-ver_02-vis_03-lau2_07-day_03-60_07-frt-1007_01-rep_00-n_00-n_00-n_00-n_00-n_00-n;1007;0;41722;0;N;531979;N;4;3026;0;PM_BE-PH_1;20140324xMon;4_Zadní Třebaň;Středočeský kraj;h00;469;4
02-o2_01-ver_02-vis_03-lau2_07-day_03-60_07-frt-1007_01-rep_00-n_00-n_00-n_00-n_00-n_00-n;1007;0;41722;0;N;539139;N;8;3026;0;PM_BE-PH_1;20140324xMon;8_Černošice;Středočeský kraj;h00;2311;452
02-o2_01-ver_02-vis_03-lau2_07-day_03-60_07-frt-1007_01-rep_00-n_00-n_00-n_00-n_00-n_00-n;1007;0;41722;0;N;539198;N;6;3026;0;PM_BE-PH_1;20140324xMon;6_Dobřichovice;Středočeský kraj;h00;1862;113
02-o2_01-ver_02-vis_03-lau2_07-day_03-60_07-frt-1007_01-rep_00-n_00-n_00-n_00-n_00-n_00-n;1007;0;41722;0;N;539643;N;5;3026;0;PM_BE-PH_1;20140324xMon;5_Řevnice;Středočeský kraj;h00;300;242
02-o2_01-ver_02-vis_03-lau2_07-day_03-60_07-frt-1007_01-rep_00-n_00-n_00-n_00-n_00-n_00-n;1007;0;41722;0;N;539856;N;7;3026;0;PM_BE-PH_1;20140324xMon;7_Všenory;Středočeský kraj;h00;909;808
02-o2_01-ver_02-vis_03-lau2_07-day_03-60_07-frt-1007_01-rep_00-n_00-n_00-n_00-n_00-n_00-n;1007;0;41722;0;N;554782;N;9;3018;0;PM_BE-PH_1;20140324xMon;9_Praha;Hlavní město Praha;h00;0;7348
02-o2_01-ver_02-vis_03-lau2_07-day_03-60_07-frt-1007_01-rep_00-n_00-n_00-n_00-n_00-n_00-n;1007;0;41723;0;N;531057;N;1;3026;0;PM_BE-PH_1;20140325xTue;1_Beroun;Středočeský kraj;h00;3107;0
02-o2_01-ver_02-vis_03-lau2_07-day_03-60_07-frt-1007_01-rep_00-n_00-n_00-n_00-n_00-n_00-n;1007;0;41723;0;N;531316;N;3;3026;0;PM_BE-PH_1;20140325xTue;3_Karlštejn;Středočeský kraj;h00;142;208
02-o2_01-ver_02-vis_03-lau2_07-day_03-60_07-frt-1007_01-rep_00-n_00-n_00-n_00-n_00-n_00-n;1007;0;41723;0;N;531758;N;2;3026;0;PM_BE-PH_1;20140325xTue;2_Srbsko;Středočeský kraj;h00;227;5
02-o2_01-ver_02-vis_03-lau2_07-day_03-60_07-frt-1007_01-rep_00-n_00-n_00-n_00-n_00-n_00-n;1007;0;41723;0;N;531979;N;4;3026;0;PM_BE-PH_1;20140325xTue;4_Zadní Třebaň;Středočeský kraj;h00;184;14
02-o2_01-ver_02-vis_03-lau2_07-day_03-60_07-frt-1007_01-rep_00-n_00-n_00-n_00-n_00-n_00-n;1007;0;41723;0;N;539139;N;8;3026;0;PM_BE-PH_1;20140325xTue;8_Černošice;Středočeský kraj;h00;2319;377
02-o2_01-ver_02-vis_03-lau2_07-day_03-60_07-frt-1007_01-rep_00-n_00-n_00-n_00-n_00-n_00-n;1007;0;41723;0;N;539198;N;6;3026;0;PM_BE-PH_1;20140325xTue;6_Dobřichovice;Středočeský kraj;h00;2127;167
02-o2_01-ver_02-vis_03-lau2_07-day_03-60_07-frt-1007_01-rep_00-n_00-n_00-n_00-n_00-n_00-n;1007;0;41723;0;N;539643;N;5;3026;0;PM_BE-PH_1;20140325xTue;5_Řevnice;Středočeský kraj;h00;597;74
02-o2_01-ver_02-vis_03-lau2_07-day_03-60_07-frt-1007_01-rep_00-n_00-n_00-n_00-n_00-n_00-n;1007;0;41723;0;N;539856;N;7;3026;0;PM_BE-PH_1;20140325xTue;7_Všenory;Středočeský kraj;h00;615;837
02-o2_01-ver_02-vis_03-lau2_07-day_03-60_07-frt-1007_01-rep_00-n_00-n_00-n_00-n_00-n_00-n;1007;0;41723;0;N;554782;N;9;3018;0;PM_BE-PH_1;20140325xTue;9_Praha;Hlavní město Praha;h00;0;7636
02-o2_01-ver_02-vis_03-lau2_07-day_03-60_07-frt-1007_01-rep_00-n_00-n_00-n_00-n_00-n_00-n;1007;0;41724;0;N;531057;N;1;3026;0;PM_BE-PH_1;20140326xWed;1_Beroun;Středočeský kraj;h00;2804;0
02-o2_01-ver_02-vis_03-lau2_07-day_03-60_07-frt-1007_01-rep_00-n_00-n_00-n_00-n_00-n_00-n;1007;0;41724;0;N;531316;N;3;3026;0;PM_BE-PH_1;20140326xWed;3_Karlštejn;Středočeský kraj;h00;164;148
02-o2_01-ver_02-vis_03-lau2_07-day_03-60_07-frt-1007_01-rep_00-n_00-n_00-n_00-n_00-n_00-n;1007;0;41724;0;N;531758;N;2;3026;0;PM_BE-PH_1;20140326xWed;2_Srbsko;Středočeský kraj;h00;159;5
02-o2_01-ver_02-vis_03-lau2_07-day_03-60_07-frt-1007_01-rep_00-n_00-n_00-n_00-n_00-n_00-n;1007;0;41724;0;N;531979;N;4;3026;0;PM_BE-PH_1;20140326xWed;4_Zadní Třebaň;Středočeský kraj;h00;187;10
02-o2_01-ver_02-vis_03-lau2_07-day_03-60_07-frt-1007_01-rep_00-n_00-n_00-n_00-n_00-n_00-n;1007;0;41724;0;N;539139;N;8;3026;0;PM_BE-PH_1;20140326xWed;8_Černošice;Středočeský kraj;h00;2326;569
02-o2_01-ver_02-vis_03-lau2_07-day_03-60_07-frt-1007_01-rep_00-n_00-n_00-n_00-n_00-n_00-n;1007;0;41724;0;N;539198;N;6;3026;0;PM_BE-PH_1;20140326xWed;6_Dobřichovice;Středočeský kraj;h00;1892;221
02-o2_01-ver_02-vis_03-lau2_07-day_03-60_07-frt-1007_01-rep_00-n_00-n_00-n_00-n_00-n_00-n;1007;0;41724;0;N;539643;N;5;3026;0;PM_BE-PH_1;20140326xWed;5_Řevnice;Středočeský kraj;h00;688;86
02-o2_01-ver_02-vis_03-lau2_07-day_03-60_07-frt-1007_01-rep_00-n_00-n_00-n_00-n_00-n_00-n;1007;0;41724;0;N;539856;N;7;3026;0;PM_BE-PH_1;20140326xWed;7_Všenory;Středočeský kraj;h00;1030;787
02-o2_01-ver_02-vis_03-lau2_07-day_03-60_07-frt-1007_01-rep_00-n_00-n_00-n_00-n_00-n_00-n;1007;0;41724;0;N;554782;N;9;3018;0;PM_BE-PH_1;20140326xWed;9_Praha;Hlavní město Praha;h00;0;7424
