02-o2_02-edg_04-pot_03-lau2_07-day_03-60_08-frt-1008_01-sng_00-n_00-n_00-n_00-n_00-n_00-n;1008;0;41714;0;N;554782;539139;1;3018;0;PM_PH-BE_2;20140316xSun;01_Praha_Černošice;Hlavní město Praha;h00;2697;N
02-o2_02-edg_04-pot_03-lau2_07-day_03-60_08-frt-1008_01-sng_00-n_00-n_00-n_00-n_00-n_00-n;1008;0;41714;0;N;539139;539856;2;3026;0;PM_PH-BE_2;20140316xSun;02_Černošice_Všenory;Středočeský kraj;h00;2338;N
02-o2_02-edg_04-pot_03-lau2_07-day_03-60_08-frt-1008_01-sng_00-n_00-n_00-n_00-n_00-n_00-n;1008;0;41714;0;N;539856;539198;3;3026;0;PM_PH-BE_2;20140316xSun;03_Všenory_Dobřichovice;Středočeský kraj;h00;2176;N
02-o2_02-edg_04-pot_03-lau2_07-day_03-60_08-frt-1008_01-sng_00-n_00-n_00-n_00-n_00-n_00-n;1008;0;41714;0;N;539198;539643;4;3026;0;PM_PH-BE_2;20140316xSun;04_Dobřichovice_Řevnice;Středočeský kraj;h00;1697;N
02-o2_02-edg_04-pot_03-lau2_07-day_03-60_08-frt-1008_01-sng_00-n_00-n_00-n_00-n_00-n_00-n;1008;0;41714;0;N;539643;531979;5;3026;0;PM_PH-BE_2;20140316xSun;05_Řevnice_Zadní Třebaň;Středočeský kraj;h00;1717;N
02-o2_02-edg_04-pot_03-lau2_07-day_03-60_08-frt-1008_01-sng_00-n_00-n_00-n_00-n_00-n_00-n;1008;0;41714;0;N;531979;531316;6;3026;0;PM_PH-BE_2;20140316xSun;06_Zadní Třebaň_Karlštejn;Středočeský kraj;h00;1659;N
02-o2_02-edg_04-pot_03-lau2_07-day_03-60_08-frt-1008_01-sng_00-n_00-n_00-n_00-n_00-n_00-n;1008;0;41714;0;N;531316;531758;7;3026;0;PM_PH-BE_2;20140316xSun;07_Karlštejn_Srbsko;Středočeský kraj;h00;1635;N
02-o2_02-edg_04-pot_03-lau2_07-day_03-60_08-frt-1008_01-sng_00-n_00-n_00-n_00-n_00-n_00-n;1008;0;41714;0;N;531758;531057;8;3026;0;PM_PH-BE_2;20140316xSun;08_Srbsko_Beroun;Středočeský kraj;h00;1655;N
02-o2_02-edg_04-pot_03-lau2_07-day_03-60_08-frt-1008_01-sng_00-n_00-n_00-n_00-n_00-n_00-n;1008;0;41721;0;N;554782;539139;1;3018;0;PM_PH-BE_2;20140323xSun;01_Praha_Černošice;Hlavní město Praha;h00;2846;N
02-o2_02-edg_04-pot_03-lau2_07-day_03-60_08-frt-1008_01-sng_00-n_00-n_00-n_00-n_00-n_00-n;1008;0;41721;0;N;539139;539856;2;3026;0;PM_PH-BE_2;20140323xSun;02_Černošice_Všenory;Středočeský kraj;h00;2306;N
02-o2_02-edg_04-pot_03-lau2_07-day_03-60_08-frt-1008_01-sng_00-n_00-n_00-n_00-n_00-n_00-n;1008;0;41721;0;N;539856;539198;3;3026;0;PM_PH-BE_2;20140323xSun;03_Všenory_Dobřichovice;Středočeský kraj;h00;2091;N
02-o2_02-edg_04-pot_03-lau2_07-day_03-60_08-frt-1008_01-sng_00-n_00-n_00-n_00-n_00-n_00-n;1008;0;41721;0;N;539198;539643;4;3026;0;PM_PH-BE_2;20140323xSun;04_Dobřichovice_Řevnice;Středočeský kraj;h00;1596;N
02-o2_02-edg_04-pot_03-lau2_07-day_03-60_08-frt-1008_01-sng_00-n_00-n_00-n_00-n_00-n_00-n;1008;0;41721;0;N;539643;531979;5;3026;0;PM_PH-BE_2;20140323xSun;05_Řevnice_Zadní Třebaň;Středočeský kraj;h00;1643;N
02-o2_02-edg_04-pot_03-lau2_07-day_03-60_08-frt-1008_01-sng_00-n_00-n_00-n_00-n_00-n_00-n;1008;0;41721;0;N;531979;531316;6;3026;0;PM_PH-BE_2;20140323xSun;06_Zadní Třebaň_Karlštejn;Středočeský kraj;h00;1533;N
02-o2_02-edg_04-pot_03-lau2_07-day_03-60_08-frt-1008_01-sng_00-n_00-n_00-n_00-n_00-n_00-n;1008;0;41721;0;N;531316;531758;7;3026;0;PM_PH-BE_2;20140323xSun;07_Karlštejn_Srbsko;Středočeský kraj;h00;1520;N
02-o2_02-edg_04-pot_03-lau2_07-day_03-60_08-frt-1008_01-sng_00-n_00-n_00-n_00-n_00-n_00-n;1008;0;41721;0;N;531758;531057;8;3026;0;PM_PH-BE_2;20140323xSun;08_Srbsko_Beroun;Středočeský kraj;h00;1541;N
02-o2_02-edg_04-pot_03-lau2_07-day_03-60_08-frt-1008_01-sng_00-n_00-n_00-n_00-n_00-n_00-n;1008;0;41719;0;N;554782;539139;1;3018;0;PM_PH-BE_2;20140321xFri;01_Praha_Černošice;Hlavní město Praha;h00;5083;N
02-o2_02-edg_04-pot_03-lau2_07-day_03-60_08-frt-1008_01-sng_00-n_00-n_00-n_00-n_00-n_00-n;1008;0;41719;0;N;539139;539856;2;3026;0;PM_PH-BE_2;20140321xFri;02_Černošice_Všenory;Středočeský kraj;h00;4397;N
02-o2_02-edg_04-pot_03-lau2_07-day_03-60_08-frt-1008_01-sng_00-n_00-n_00-n_00-n_00-n_00-n;1008;0;41719;0;N;539856;539198;3;3026;0;PM_PH-BE_2;20140321xFri;03_Všenory_Dobřichovice;Středočeský kraj;h00;3944;N
02-o2_02-edg_04-pot_03-lau2_07-day_03-60_08-frt-1008_01-sng_00-n_00-n_00-n_00-n_00-n_00-n;1008;0;41719;0;N;539198;539643;4;3026;0;PM_PH-BE_2;20140321xFri;04_Dobřichovice_Řevnice;Středočeský kraj;h00;3226;N
02-o2_02-edg_04-pot_03-lau2_07-day_03-60_08-frt-1008_01-sng_00-n_00-n_00-n_00-n_00-n_00-n;1008;0;41719;0;N;539643;531979;5;3026;0;PM_PH-BE_2;20140321xFri;05_Řevnice_Zadní Třebaň;Středočeský kraj;h00;3182;N
02-o2_02-edg_04-pot_03-lau2_07-day_03-60_08-frt-1008_01-sng_00-n_00-n_00-n_00-n_00-n_00-n;1008;0;41719;0;N;531979;531316;6;3026;0;PM_PH-BE_2;20140321xFri;06_Zadní Třebaň_Karlštejn;Středočeský kraj;h00;3106;N
02-o2_02-edg_04-pot_03-lau2_07-day_03-60_08-frt-1008_01-sng_00-n_00-n_00-n_00-n_00-n_00-n;1008;0;41719;0;N;531316;531758;7;3026;0;PM_PH-BE_2;20140321xFri;07_Karlštejn_Srbsko;Středočeský kraj;h00;3060;N
02-o2_02-edg_04-pot_03-lau2_07-day_03-60_08-frt-1008_01-sng_00-n_00-n_00-n_00-n_00-n_00-n;1008;0;41719;0;N;531758;531057;8;3026;0;PM_PH-BE_2;20140321xFri;08_Srbsko_Beroun;Středočeský kraj;h00;3098;N
02-o2_02-edg_04-pot_03-lau2_07-day_03-60_08-frt-1008_01-sng_00-n_00-n_00-n_00-n_00-n_00-n;1008;0;41715;0;N;554782;539139;1;3018;0;PM_PH-BE_2;20140317xMon;01_Praha_Černošice;Hlavní město Praha;h00;4818;N
02-o2_02-edg_04-pot_03-lau2_07-day_03-60_08-frt-1008_01-sng_00-n_00-n_00-n_00-n_00-n_00-n;1008;0;41715;0;N;539139;539856;2;3026;0;PM_PH-BE_2;20140317xMon;02_Černošice_Všenory;Středočeský kraj;h00;3985;N
02-o2_02-edg_04-pot_03-lau2_07-day_03-60_08-frt-1008_01-sng_00-n_00-n_00-n_00-n_00-n_00-n;1008;0;41715;0;N;539856;539198;3;3026;0;PM_PH-BE_2;20140317xMon;03_Všenory_Dobřichovice;Středočeský kraj;h00;3568;N
02-o2_02-edg_04-pot_03-lau2_07-day_03-60_08-frt-1008_01-sng_00-n_00-n_00-n_00-n_00-n_00-n;1008;0;41715;0;N;539198;539643;4;3026;0;PM_PH-BE_2;20140317xMon;04_Dobřichovice_Řevnice;Středočeský kraj;h00;2872;N
02-o2_02-edg_04-pot_03-lau2_07-day_03-60_08-frt-1008_01-sng_00-n_00-n_00-n_00-n_00-n_00-n;1008;0;41715;0;N;539643;531979;5;3026;0;PM_PH-BE_2;20140317xMon;05_Řevnice_Zadní Třebaň;Středočeský kraj;h00;2860;N
02-o2_02-edg_04-pot_03-lau2_07-day_03-60_08-frt-1008_01-sng_00-n_00-n_00-n_00-n_00-n_00-n;1008;0;41715;0;N;531979;531316;6;3026;0;PM_PH-BE_2;20140317xMon;06_Zadní Třebaň_Karlštejn;Středočeský kraj;h00;2779;N
02-o2_02-edg_04-pot_03-lau2_07-day_03-60_08-frt-1008_01-sng_00-n_00-n_00-n_00-n_00-n_00-n;1008;0;41715;0;N;531316;531758;7;3026;0;PM_PH-BE_2;20140317xMon;07_Karlštejn_Srbsko;Středočeský kraj;h00;2767;N
02-o2_02-edg_04-pot_03-lau2_07-day_03-60_08-frt-1008_01-sng_00-n_00-n_00-n_00-n_00-n_00-n;1008;0;41715;0;N;531758;531057;8;3026;0;PM_PH-BE_2;20140317xMon;08_Srbsko_Beroun;Středočeský kraj;h00;2791;N
02-o2_02-edg_04-pot_03-lau2_07-day_03-60_08-frt-1008_01-sng_00-n_00-n_00-n_00-n_00-n_00-n;1008;0;41722;0;N;554782;539139;1;3018;0;PM_PH-BE_2;20140324xMon;01_Praha_Černošice;Hlavní město Praha;h00;4877;N
02-o2_02-edg_04-pot_03-lau2_07-day_03-60_08-frt-1008_01-sng_00-n_00-n_00-n_00-n_00-n_00-n;1008;0;41722;0;N;539139;539856;2;3026;0;PM_PH-BE_2;20140324xMon;02_Černošice_Všenory;Středočeský kraj;h00;3924;N
02-o2_02-edg_04-pot_03-lau2_07-day_03-60_08-frt-1008_01-sng_00-n_00-n_00-n_00-n_00-n_00-n;1008;0;41722;0;N;539856;539198;3;3026;0;PM_PH-BE_2;20140324xMon;03_Všenory_Dobřichovice;Středočeský kraj;h00;3549;N
02-o2_02-edg_04-pot_03-lau2_07-day_03-60_08-frt-1008_01-sng_00-n_00-n_00-n_00-n_00-n_00-n;1008;0;41722;0;N;539198;539643;4;3026;0;PM_PH-BE_2;20140324xMon;04_Dobřichovice_Řevnice;Středočeský kraj;h00;2870;N
02-o2_02-edg_04-pot_03-lau2_07-day_03-60_08-frt-1008_01-sng_00-n_00-n_00-n_00-n_00-n_00-n;1008;0;41722;0;N;539643;531979;5;3026;0;PM_PH-BE_2;20140324xMon;05_Řevnice_Zadní Třebaň;Středočeský kraj;h00;2857;N
02-o2_02-edg_04-pot_03-lau2_07-day_03-60_08-frt-1008_01-sng_00-n_00-n_00-n_00-n_00-n_00-n;1008;0;41722;0;N;531979;531316;6;3026;0;PM_PH-BE_2;20140324xMon;06_Zadní Třebaň_Karlštejn;Středočeský kraj;h00;2735;N
02-o2_02-edg_04-pot_03-lau2_07-day_03-60_08-frt-1008_01-sng_00-n_00-n_00-n_00-n_00-n_00-n;1008;0;41722;0;N;531316;531758;7;3026;0;PM_PH-BE_2;20140324xMon;07_Karlštejn_Srbsko;Středočeský kraj;h00;2750;N
02-o2_02-edg_04-pot_03-lau2_07-day_03-60_08-frt-1008_01-sng_00-n_00-n_00-n_00-n_00-n_00-n;1008;0;41722;0;N;531758;531057;8;3026;0;PM_PH-BE_2;20140324xMon;08_Srbsko_Beroun;Středočeský kraj;h00;2796;N
02-o2_02-edg_04-pot_03-lau2_07-day_03-60_08-frt-1008_01-sng_00-n_00-n_00-n_00-n_00-n_00-n;1008;0;41716;0;N;554782;539139;1;3018;0;PM_PH-BE_2;20140318xTue;01_Praha_Černošice;Hlavní město Praha;h00;5285;N
02-o2_02-edg_04-pot_03-lau2_07-day_03-60_08-frt-1008_01-sng_00-n_00-n_00-n_00-n_00-n_00-n;1008;0;41716;0;N;539139;539856;2;3026;0;PM_PH-BE_2;20140318xTue;02_Černošice_Všenory;Středočeský kraj;h00;4297;N
02-o2_02-edg_04-pot_03-lau2_07-day_03-60_08-frt-1008_01-sng_00-n_00-n_00-n_00-n_00-n_00-n;1008;0;41716;0;N;539856;539198;3;3026;0;PM_PH-BE_2;20140318xTue;03_Všenory_Dobřichovice;Středočeský kraj;h00;3797;N
02-o2_02-edg_04-pot_03-lau2_07-day_03-60_08-frt-1008_01-sng_00-n_00-n_00-n_00-n_00-n_00-n;1008;0;41716;0;N;539198;539643;4;3026;0;PM_PH-BE_2;20140318xTue;04_Dobřichovice_Řevnice;Středočeský kraj;h00;3126;N
02-o2_02-edg_04-pot_03-lau2_07-day_03-60_08-frt-1008_01-sng_00-n_00-n_00-n_00-n_00-n_00-n;1008;0;41716;0;N;539643;531979;5;3026;0;PM_PH-BE_2;20140318xTue;05_Řevnice_Zadní Třebaň;Středočeský kraj;h00;3098;N
02-o2_02-edg_04-pot_03-lau2_07-day_03-60_08-frt-1008_01-sng_00-n_00-n_00-n_00-n_00-n_00-n;1008;0;41716;0;N;531979;531316;6;3026;0;PM_PH-BE_2;20140318xTue;06_Zadní Třebaň_Karlštejn;Středočeský kraj;h00;2961;N
02-o2_02-edg_04-pot_03-lau2_07-day_03-60_08-frt-1008_01-sng_00-n_00-n_00-n_00-n_00-n_00-n;1008;0;41716;0;N;531316;531758;7;3026;0;PM_PH-BE_2;20140318xTue;07_Karlštejn_Srbsko;Středočeský kraj;h00;2948;N
02-o2_02-edg_04-pot_03-lau2_07-day_03-60_08-frt-1008_01-sng_00-n_00-n_00-n_00-n_00-n_00-n;1008;0;41716;0;N;531758;531057;8;3026;0;PM_PH-BE_2;20140318xTue;08_Srbsko_Beroun;Středočeský kraj;h00;2995;N
02-o2_02-edg_04-pot_03-lau2_07-day_03-60_08-frt-1008_01-sng_00-n_00-n_00-n_00-n_00-n_00-n;1008;0;41723;0;N;554782;539139;1;3018;0;PM_PH-BE_2;20140325xTue;01_Praha_Černošice;Hlavní město Praha;h00;5346;N
02-o2_02-edg_04-pot_03-lau2_07-day_03-60_08-frt-1008_01-sng_00-n_00-n_00-n_00-n_00-n_00-n;1008;0;41723;0;N;539139;539856;2;3026;0;PM_PH-BE_2;20140325xTue;02_Černošice_Všenory;Středočeský kraj;h00;4441;N
02-o2_02-edg_04-pot_03-lau2_07-day_03-60_08-frt-1008_01-sng_00-n_00-n_00-n_00-n_00-n_00-n;1008;0;41723;0;N;539856;539198;3;3026;0;PM_PH-BE_2;20140325xTue;03_Všenory_Dobřichovice;Středočeský kraj;h00;3916;N
02-o2_02-edg_04-pot_03-lau2_07-day_03-60_08-frt-1008_01-sng_00-n_00-n_00-n_00-n_00-n_00-n;1008;0;41723;0;N;539198;539643;4;3026;0;PM_PH-BE_2;20140325xTue;04_Dobřichovice_Řevnice;Středočeský kraj;h00;3222;N
02-o2_02-edg_04-pot_03-lau2_07-day_03-60_08-frt-1008_01-sng_00-n_00-n_00-n_00-n_00-n_00-n;1008;0;41723;0;N;539643;531979;5;3026;0;PM_PH-BE_2;20140325xTue;05_Řevnice_Zadní Třebaň;Středočeský kraj;h00;3240;N
02-o2_02-edg_04-pot_03-lau2_07-day_03-60_08-frt-1008_01-sng_00-n_00-n_00-n_00-n_00-n_00-n;1008;0;41723;0;N;531979;531316;6;3026;0;PM_PH-BE_2;20140325xTue;06_Zadní Třebaň_Karlštejn;Středočeský kraj;h00;3105;N
02-o2_02-edg_04-pot_03-lau2_07-day_03-60_08-frt-1008_01-sng_00-n_00-n_00-n_00-n_00-n_00-n;1008;0;41723;0;N;531316;531758;7;3026;0;PM_PH-BE_2;20140325xTue;07_Karlštejn_Srbsko;Středočeský kraj;h00;3136;N
02-o2_02-edg_04-pot_03-lau2_07-day_03-60_08-frt-1008_01-sng_00-n_00-n_00-n_00-n_00-n_00-n;1008;0;41723;0;N;531758;531057;8;3026;0;PM_PH-BE_2;20140325xTue;08_Srbsko_Beroun;Středočeský kraj;h00;3180;N
02-o2_02-edg_04-pot_03-lau2_07-day_03-60_08-frt-1008_01-sng_00-n_00-n_00-n_00-n_00-n_00-n;1008;0;41712;0;N;554782;539139;1;3018;0;PM_PH-BE_2;20140314xFri;01_Praha_Černošice;Hlavní město Praha;h00;6159;N
02-o2_02-edg_04-pot_03-lau2_07-day_03-60_08-frt-1008_01-sng_00-n_00-n_00-n_00-n_00-n_00-n;1008;0;41712;0;N;539139;539856;2;3026;0;PM_PH-BE_2;20140314xFri;02_Černošice_Všenory;Středočeský kraj;h00;5214;N
02-o2_02-edg_04-pot_03-lau2_07-day_03-60_08-frt-1008_01-sng_00-n_00-n_00-n_00-n_00-n_00-n;1008;0;41712;0;N;539856;539198;3;3026;0;PM_PH-BE_2;20140314xFri;03_Všenory_Dobřichovice;Středočeský kraj;h00;4640;N
02-o2_02-edg_04-pot_03-lau2_07-day_03-60_08-frt-1008_01-sng_00-n_00-n_00-n_00-n_00-n_00-n;1008;0;41712;0;N;539198;539643;4;3026;0;PM_PH-BE_2;20140314xFri;04_Dobřichovice_Řevnice;Středočeský kraj;h00;3879;N
02-o2_02-edg_04-pot_03-lau2_07-day_03-60_08-frt-1008_01-sng_00-n_00-n_00-n_00-n_00-n_00-n;1008;0;41712;0;N;539643;531979;5;3026;0;PM_PH-BE_2;20140314xFri;05_Řevnice_Zadní Třebaň;Středočeský kraj;h00;3887;N
02-o2_02-edg_04-pot_03-lau2_07-day_03-60_08-frt-1008_01-sng_00-n_00-n_00-n_00-n_00-n_00-n;1008;0;41712;0;N;531979;531316;6;3026;0;PM_PH-BE_2;20140314xFri;06_Zadní Třebaň_Karlštejn;Středočeský kraj;h00;3757;N
02-o2_02-edg_04-pot_03-lau2_07-day_03-60_08-frt-1008_01-sng_00-n_00-n_00-n_00-n_00-n_00-n;1008;0;41712;0;N;531316;531758;7;3026;0;PM_PH-BE_2;20140314xFri;07_Karlštejn_Srbsko;Středočeský kraj;h00;3671;N
02-o2_02-edg_04-pot_03-lau2_07-day_03-60_08-frt-1008_01-sng_00-n_00-n_00-n_00-n_00-n_00-n;1008;0;41712;0;N;531758;531057;8;3026;0;PM_PH-BE_2;20140314xFri;08_Srbsko_Beroun;Středočeský kraj;h00;3712;N
02-o2_02-edg_04-pot_03-lau2_07-day_03-60_08-frt-1008_01-sng_00-n_00-n_00-n_00-n_00-n_00-n;1008;0;41710;0;N;554782;539139;1;3018;0;PM_PH-BE_2;20140312xWed;01_Praha_Černošice;Hlavní město Praha;h00;5366;N
02-o2_02-edg_04-pot_03-lau2_07-day_03-60_08-frt-1008_01-sng_00-n_00-n_00-n_00-n_00-n_00-n;1008;0;41710;0;N;539139;539856;2;3026;0;PM_PH-BE_2;20140312xWed;02_Černošice_Všenory;Středočeský kraj;h00;4183;N
02-o2_02-edg_04-pot_03-lau2_07-day_03-60_08-frt-1008_01-sng_00-n_00-n_00-n_00-n_00-n_00-n;1008;0;41710;0;N;539856;539198;3;3026;0;PM_PH-BE_2;20140312xWed;03_Všenory_Dobřichovice;Středočeský kraj;h00;3705;N
02-o2_02-edg_04-pot_03-lau2_07-day_03-60_08-frt-1008_01-sng_00-n_00-n_00-n_00-n_00-n_00-n;1008;0;41710;0;N;539198;539643;4;3026;0;PM_PH-BE_2;20140312xWed;04_Dobřichovice_Řevnice;Středočeský kraj;h00;3099;N
02-o2_02-edg_04-pot_03-lau2_07-day_03-60_08-frt-1008_01-sng_00-n_00-n_00-n_00-n_00-n_00-n;1008;0;41710;0;N;539643;531979;5;3026;0;PM_PH-BE_2;20140312xWed;05_Řevnice_Zadní Třebaň;Středočeský kraj;h00;3037;N
02-o2_02-edg_04-pot_03-lau2_07-day_03-60_08-frt-1008_01-sng_00-n_00-n_00-n_00-n_00-n_00-n;1008;0;41710;0;N;531979;531316;6;3026;0;PM_PH-BE_2;20140312xWed;06_Zadní Třebaň_Karlštejn;Středočeský kraj;h00;2934;N
02-o2_02-edg_04-pot_03-lau2_07-day_03-60_08-frt-1008_01-sng_00-n_00-n_00-n_00-n_00-n_00-n;1008;0;41710;0;N;531316;531758;7;3026;0;PM_PH-BE_2;20140312xWed;07_Karlštejn_Srbsko;Středočeský kraj;h00;2917;N
02-o2_02-edg_04-pot_03-lau2_07-day_03-60_08-frt-1008_01-sng_00-n_00-n_00-n_00-n_00-n_00-n;1008;0;41710;0;N;531758;531057;8;3026;0;PM_PH-BE_2;20140312xWed;08_Srbsko_Beroun;Středočeský kraj;h00;2967;N
02-o2_02-edg_04-pot_03-lau2_07-day_03-60_08-frt-1008_01-sng_00-n_00-n_00-n_00-n_00-n_00-n;1008;0;41717;0;N;554782;539139;1;3018;0;PM_PH-BE_2;20140319xWed;01_Praha_Černošice;Hlavní město Praha;h00;5459;N
02-o2_02-edg_04-pot_03-lau2_07-day_03-60_08-frt-1008_01-sng_00-n_00-n_00-n_00-n_00-n_00-n;1008;0;41717;0;N;539139;539856;2;3026;0;PM_PH-BE_2;20140319xWed;02_Černošice_Všenory;Středočeský kraj;h00;4406;N
02-o2_02-edg_04-pot_03-lau2_07-day_03-60_08-frt-1008_01-sng_00-n_00-n_00-n_00-n_00-n_00-n;1008;0;41717;0;N;539856;539198;3;3026;0;PM_PH-BE_2;20140319xWed;03_Všenory_Dobřichovice;Středočeský kraj;h00;3921;N
02-o2_02-edg_04-pot_03-lau2_07-day_03-60_08-frt-1008_01-sng_00-n_00-n_00-n_00-n_00-n_00-n;1008;0;41717;0;N;539198;539643;4;3026;0;PM_PH-BE_2;20140319xWed;04_Dobřichovice_Řevnice;Středočeský kraj;h00;3172;N
02-o2_02-edg_04-pot_03-lau2_07-day_03-60_08-frt-1008_01-sng_00-n_00-n_00-n_00-n_00-n_00-n;1008;0;41717;0;N;539643;531979;5;3026;0;PM_PH-BE_2;20140319xWed;05_Řevnice_Zadní Třebaň;Středočeský kraj;h00;3155;N
02-o2_02-edg_04-pot_03-lau2_07-day_03-60_08-frt-1008_01-sng_00-n_00-n_00-n_00-n_00-n_00-n;1008;0;41717;0;N;531979;531316;6;3026;0;PM_PH-BE_2;20140319xWed;06_Zadní Třebaň_Karlštejn;Středočeský kraj;h00;3003;N
02-o2_02-edg_04-pot_03-lau2_07-day_03-60_08-frt-1008_01-sng_00-n_00-n_00-n_00-n_00-n_00-n;1008;0;41717;0;N;531316;531758;7;3026;0;PM_PH-BE_2;20140319xWed;07_Karlštejn_Srbsko;Středočeský kraj;h00;3000;N
02-o2_02-edg_04-pot_03-lau2_07-day_03-60_08-frt-1008_01-sng_00-n_00-n_00-n_00-n_00-n_00-n;1008;0;41717;0;N;531758;531057;8;3026;0;PM_PH-BE_2;20140319xWed;08_Srbsko_Beroun;Středočeský kraj;h00;3039;N
02-o2_02-edg_04-pot_03-lau2_07-day_03-60_08-frt-1008_01-sng_00-n_00-n_00-n_00-n_00-n_00-n;1008;0;41724;0;N;554782;539139;1;3018;0;PM_PH-BE_2;20140326xWed;01_Praha_Černošice;Hlavní město Praha;h00;5536;N
02-o2_02-edg_04-pot_03-lau2_07-day_03-60_08-frt-1008_01-sng_00-n_00-n_00-n_00-n_00-n_00-n;1008;0;41724;0;N;539139;539856;2;3026;0;PM_PH-BE_2;20140326xWed;02_Černošice_Všenory;Středočeský kraj;h00;4585;N
02-o2_02-edg_04-pot_03-lau2_07-day_03-60_08-frt-1008_01-sng_00-n_00-n_00-n_00-n_00-n_00-n;1008;0;41724;0;N;539856;539198;3;3026;0;PM_PH-BE_2;20140326xWed;03_Všenory_Dobřichovice;Středočeský kraj;h00;4102;N
02-o2_02-edg_04-pot_03-lau2_07-day_03-60_08-frt-1008_01-sng_00-n_00-n_00-n_00-n_00-n_00-n;1008;0;41724;0;N;539198;539643;4;3026;0;PM_PH-BE_2;20140326xWed;04_Dobřichovice_Řevnice;Středočeský kraj;h00;3323;N
02-o2_02-edg_04-pot_03-lau2_07-day_03-60_08-frt-1008_01-sng_00-n_00-n_00-n_00-n_00-n_00-n;1008;0;41724;0;N;539643;531979;5;3026;0;PM_PH-BE_2;20140326xWed;05_Řevnice_Zadní Třebaň;Středočeský kraj;h00;3314;N
02-o2_02-edg_04-pot_03-lau2_07-day_03-60_08-frt-1008_01-sng_00-n_00-n_00-n_00-n_00-n_00-n;1008;0;41724;0;N;531979;531316;6;3026;0;PM_PH-BE_2;20140326xWed;06_Zadní Třebaň_Karlštejn;Středočeský kraj;h00;3191;N
02-o2_02-edg_04-pot_03-lau2_07-day_03-60_08-frt-1008_01-sng_00-n_00-n_00-n_00-n_00-n_00-n;1008;0;41724;0;N;531316;531758;7;3026;0;PM_PH-BE_2;20140326xWed;07_Karlštejn_Srbsko;Středočeský kraj;h00;3192;N
02-o2_02-edg_04-pot_03-lau2_07-day_03-60_08-frt-1008_01-sng_00-n_00-n_00-n_00-n_00-n_00-n;1008;0;41724;0;N;531758;531057;8;3026;0;PM_PH-BE_2;20140326xWed;08_Srbsko_Beroun;Středočeský kraj;h00;3221;N
02-o2_02-edg_04-pot_03-lau2_07-day_03-60_08-frt-1008_01-sng_00-n_00-n_00-n_00-n_00-n_00-n;1008;0;41713;0;N;554782;539139;1;3018;0;PM_PH-BE_2;20140315xSat;01_Praha_Černošice;Hlavní město Praha;h00;3782;N
02-o2_02-edg_04-pot_03-lau2_07-day_03-60_08-frt-1008_01-sng_00-n_00-n_00-n_00-n_00-n_00-n;1008;0;41713;0;N;539139;539856;2;3026;0;PM_PH-BE_2;20140315xSat;02_Černošice_Všenory;Středočeský kraj;h00;3223;N
02-o2_02-edg_04-pot_03-lau2_07-day_03-60_08-frt-1008_01-sng_00-n_00-n_00-n_00-n_00-n_00-n;1008;0;41713;0;N;539856;539198;3;3026;0;PM_PH-BE_2;20140315xSat;03_Všenory_Dobřichovice;Středočeský kraj;h00;2918;N
02-o2_02-edg_04-pot_03-lau2_07-day_03-60_08-frt-1008_01-sng_00-n_00-n_00-n_00-n_00-n_00-n;1008;0;41713;0;N;539198;539643;4;3026;0;PM_PH-BE_2;20140315xSat;04_Dobřichovice_Řevnice;Středočeský kraj;h00;2370;N
02-o2_02-edg_04-pot_03-lau2_07-day_03-60_08-frt-1008_01-sng_00-n_00-n_00-n_00-n_00-n_00-n;1008;0;41713;0;N;539643;531979;5;3026;0;PM_PH-BE_2;20140315xSat;05_Řevnice_Zadní Třebaň;Středočeský kraj;h00;2363;N
02-o2_02-edg_04-pot_03-lau2_07-day_03-60_08-frt-1008_01-sng_00-n_00-n_00-n_00-n_00-n_00-n;1008;0;41713;0;N;531979;531316;6;3026;0;PM_PH-BE_2;20140315xSat;06_Zadní Třebaň_Karlštejn;Středočeský kraj;h00;2279;N
02-o2_02-edg_04-pot_03-lau2_07-day_03-60_08-frt-1008_01-sng_00-n_00-n_00-n_00-n_00-n_00-n;1008;0;41713;0;N;531316;531758;7;3026;0;PM_PH-BE_2;20140315xSat;07_Karlštejn_Srbsko;Středočeský kraj;h00;2241;N
02-o2_02-edg_04-pot_03-lau2_07-day_03-60_08-frt-1008_01-sng_00-n_00-n_00-n_00-n_00-n_00-n;1008;0;41713;0;N;531758;531057;8;3026;0;PM_PH-BE_2;20140315xSat;08_Srbsko_Beroun;Středočeský kraj;h00;2274;N
02-o2_02-edg_04-pot_03-lau2_07-day_03-60_08-frt-1008_01-sng_00-n_00-n_00-n_00-n_00-n_00-n;1008;0;41720;0;N;554782;539139;1;3018;0;PM_PH-BE_2;20140322xSat;01_Praha_Černošice;Hlavní město Praha;h00;4354;N
02-o2_02-edg_04-pot_03-lau2_07-day_03-60_08-frt-1008_01-sng_00-n_00-n_00-n_00-n_00-n_00-n;1008;0;41720;0;N;539139;539856;2;3026;0;PM_PH-BE_2;20140322xSat;02_Černošice_Všenory;Středočeský kraj;h00;3661;N
02-o2_02-edg_04-pot_03-lau2_07-day_03-60_08-frt-1008_01-sng_00-n_00-n_00-n_00-n_00-n_00-n;1008;0;41720;0;N;539856;539198;3;3026;0;PM_PH-BE_2;20140322xSat;03_Všenory_Dobřichovice;Středočeský kraj;h00;3140;N
02-o2_02-edg_04-pot_03-lau2_07-day_03-60_08-frt-1008_01-sng_00-n_00-n_00-n_00-n_00-n_00-n;1008;0;41720;0;N;539198;539643;4;3026;0;PM_PH-BE_2;20140322xSat;04_Dobřichovice_Řevnice;Středočeský kraj;h00;2450;N
02-o2_02-edg_04-pot_03-lau2_07-day_03-60_08-frt-1008_01-sng_00-n_00-n_00-n_00-n_00-n_00-n;1008;0;41720;0;N;539643;531979;5;3026;0;PM_PH-BE_2;20140322xSat;05_Řevnice_Zadní Třebaň;Středočeský kraj;h00;2456;N
02-o2_02-edg_04-pot_03-lau2_07-day_03-60_08-frt-1008_01-sng_00-n_00-n_00-n_00-n_00-n_00-n;1008;0;41720;0;N;531979;531316;6;3026;0;PM_PH-BE_2;20140322xSat;06_Zadní Třebaň_Karlštejn;Středočeský kraj;h00;2338;N
02-o2_02-edg_04-pot_03-lau2_07-day_03-60_08-frt-1008_01-sng_00-n_00-n_00-n_00-n_00-n_00-n;1008;0;41720;0;N;531316;531758;7;3026;0;PM_PH-BE_2;20140322xSat;07_Karlštejn_Srbsko;Středočeský kraj;h00;2142;N
02-o2_02-edg_04-pot_03-lau2_07-day_03-60_08-frt-1008_01-sng_00-n_00-n_00-n_00-n_00-n_00-n;1008;0;41720;0;N;531758;531057;8;3026;0;PM_PH-BE_2;20140322xSat;08_Srbsko_Beroun;Středočeský kraj;h00;2194;N
02-o2_02-edg_04-pot_03-lau2_07-day_03-60_08-frt-1008_01-sng_00-n_00-n_00-n_00-n_00-n_00-n;1008;0;41711;0;N;554782;539139;1;3018;0;PM_PH-BE_2;20140313xThu;01_Praha_Černošice;Hlavní město Praha;h00;5365;N
02-o2_02-edg_04-pot_03-lau2_07-day_03-60_08-frt-1008_01-sng_00-n_00-n_00-n_00-n_00-n_00-n;1008;0;41711;0;N;539139;539856;2;3026;0;PM_PH-BE_2;20140313xThu;02_Černošice_Všenory;Středočeský kraj;h00;4338;N
02-o2_02-edg_04-pot_03-lau2_07-day_03-60_08-frt-1008_01-sng_00-n_00-n_00-n_00-n_00-n_00-n;1008;0;41711;0;N;539856;539198;3;3026;0;PM_PH-BE_2;20140313xThu;03_Všenory_Dobřichovice;Středočeský kraj;h00;3851;N
02-o2_02-edg_04-pot_03-lau2_07-day_03-60_08-frt-1008_01-sng_00-n_00-n_00-n_00-n_00-n_00-n;1008;0;41711;0;N;539198;539643;4;3026;0;PM_PH-BE_2;20140313xThu;04_Dobřichovice_Řevnice;Středočeský kraj;h00;3155;N
02-o2_02-edg_04-pot_03-lau2_07-day_03-60_08-frt-1008_01-sng_00-n_00-n_00-n_00-n_00-n_00-n;1008;0;41711;0;N;539643;531979;5;3026;0;PM_PH-BE_2;20140313xThu;05_Řevnice_Zadní Třebaň;Středočeský kraj;h00;3132;N
02-o2_02-edg_04-pot_03-lau2_07-day_03-60_08-frt-1008_01-sng_00-n_00-n_00-n_00-n_00-n_00-n;1008;0;41711;0;N;531979;531316;6;3026;0;PM_PH-BE_2;20140313xThu;06_Zadní Třebaň_Karlštejn;Středočeský kraj;h00;3004;N
02-o2_02-edg_04-pot_03-lau2_07-day_03-60_08-frt-1008_01-sng_00-n_00-n_00-n_00-n_00-n_00-n;1008;0;41711;0;N;531316;531758;7;3026;0;PM_PH-BE_2;20140313xThu;07_Karlštejn_Srbsko;Středočeský kraj;h00;3010;N
02-o2_02-edg_04-pot_03-lau2_07-day_03-60_08-frt-1008_01-sng_00-n_00-n_00-n_00-n_00-n_00-n;1008;0;41711;0;N;531758;531057;8;3026;0;PM_PH-BE_2;20140313xThu;08_Srbsko_Beroun;Středočeský kraj;h00;3047;N
02-o2_02-edg_04-pot_03-lau2_07-day_03-60_08-frt-1008_01-sng_00-n_00-n_00-n_00-n_00-n_00-n;1008;0;41718;0;N;554782;539139;1;3018;0;PM_PH-BE_2;20140320xThu;01_Praha_Černošice;Hlavní město Praha;h00;5346;N
02-o2_02-edg_04-pot_03-lau2_07-day_03-60_08-frt-1008_01-sng_00-n_00-n_00-n_00-n_00-n_00-n;1008;0;41718;0;N;539139;539856;2;3026;0;PM_PH-BE_2;20140320xThu;02_Černošice_Všenory;Středočeský kraj;h00;4314;N
02-o2_02-edg_04-pot_03-lau2_07-day_03-60_08-frt-1008_01-sng_00-n_00-n_00-n_00-n_00-n_00-n;1008;0;41718;0;N;539856;539198;3;3026;0;PM_PH-BE_2;20140320xThu;03_Všenory_Dobřichovice;Středočeský kraj;h00;3790;N
02-o2_02-edg_04-pot_03-lau2_07-day_03-60_08-frt-1008_01-sng_00-n_00-n_00-n_00-n_00-n_00-n;1008;0;41718;0;N;539198;539643;4;3026;0;PM_PH-BE_2;20140320xThu;04_Dobřichovice_Řevnice;Středočeský kraj;h00;3046;N
02-o2_02-edg_04-pot_03-lau2_07-day_03-60_08-frt-1008_01-sng_00-n_00-n_00-n_00-n_00-n_00-n;1008;0;41718;0;N;539643;531979;5;3026;0;PM_PH-BE_2;20140320xThu;05_Řevnice_Zadní Třebaň;Středočeský kraj;h00;3039;N
02-o2_02-edg_04-pot_03-lau2_07-day_03-60_08-frt-1008_01-sng_00-n_00-n_00-n_00-n_00-n_00-n;1008;0;41718;0;N;531979;531316;6;3026;0;PM_PH-BE_2;20140320xThu;06_Zadní Třebaň_Karlštejn;Středočeský kraj;h00;2891;N
02-o2_02-edg_04-pot_03-lau2_07-day_03-60_08-frt-1008_01-sng_00-n_00-n_00-n_00-n_00-n_00-n;1008;0;41718;0;N;531316;531758;7;3026;0;PM_PH-BE_2;20140320xThu;07_Karlštejn_Srbsko;Středočeský kraj;h00;2861;N
02-o2_02-edg_04-pot_03-lau2_07-day_03-60_08-frt-1008_01-sng_00-n_00-n_00-n_00-n_00-n_00-n;1008;0;41718;0;N;531758;531057;8;3026;0;PM_PH-BE_2;20140320xThu;08_Srbsko_Beroun;Středočeský kraj;h00;2915;N
