02-o2_01-ver_02-vis_03-lau2_07-day_03-60_05-frt-1005_01-rep_00-n_00-n_00-n_00-n_00-n_00-n;1005;0;41710;0;N;531057;N;7;3026;0;R_PL-PH_1;20140312xWed;7_Beroun;Středočeský kraj;h00;2422;715
02-o2_01-ver_02-vis_03-lau2_07-day_03-60_05-frt-1005_01-rep_00-n_00-n_00-n_00-n_00-n_00-n;1005;0;41710;0;N;531189;N;5;3026;0;R_PL-PH_1;20140312xWed;5_Hořovice;Středočeský kraj;h00;275;39
02-o2_01-ver_02-vis_03-lau2_07-day_03-60_05-frt-1005_01-rep_00-n_00-n_00-n_00-n_00-n_00-n;1005;0;41710;0;N;532011;N;6;3026;0;R_PL-PH_1;20140312xWed;6_Zdice;Středočeský kraj;h00;455;61
02-o2_01-ver_02-vis_03-lau2_07-day_03-60_05-frt-1005_01-rep_00-n_00-n_00-n_00-n_00-n_00-n;1005;0;41710;0;N;554782;N;8;3018;0;R_PL-PH_1;20140312xWed;8_Praha;Hlavní město Praha;h00;0;4849
02-o2_01-ver_02-vis_03-lau2_07-day_03-60_05-frt-1005_01-rep_00-n_00-n_00-n_00-n_00-n_00-n;1005;0;41710;0;N;554791;N;1;3042;0;R_PL-PH_1;20140312xWed;1_Plzeň;Plzeňský kraj;h00;3182;0
02-o2_01-ver_02-vis_03-lau2_07-day_03-60_05-frt-1005_01-rep_00-n_00-n_00-n_00-n_00-n_00-n;1005;0;41710;0;N;558966;N;2;3042;0;R_PL-PH_1;20140312xWed;2_Chrást;Plzeňský kraj;h00;36;206
02-o2_01-ver_02-vis_03-lau2_07-day_03-60_05-frt-1005_01-rep_00-n_00-n_00-n_00-n_00-n_00-n;1005;0;41710;0;N;559717;N;3;3042;0;R_PL-PH_1;20140312xWed;3_Rokycany;Plzeňský kraj;h00;215;672
02-o2_01-ver_02-vis_03-lau2_07-day_03-60_05-frt-1005_01-rep_00-n_00-n_00-n_00-n_00-n_00-n;1005;0;41710;0;N;559903;N;4;3042;0;R_PL-PH_1;20140312xWed;4_Kařez;Plzeňský kraj;h00;42;85
02-o2_01-ver_02-vis_03-lau2_07-day_03-60_05-frt-1005_01-rep_00-n_00-n_00-n_00-n_00-n_00-n;1005;0;41711;0;N;531057;N;7;3026;0;R_PL-PH_1;20140313xThu;7_Beroun;Středočeský kraj;h00;2782;751
02-o2_01-ver_02-vis_03-lau2_07-day_03-60_05-frt-1005_01-rep_00-n_00-n_00-n_00-n_00-n_00-n;1005;0;41711;0;N;531189;N;5;3026;0;R_PL-PH_1;20140313xThu;5_Hořovice;Středočeský kraj;h00;485;54
02-o2_01-ver_02-vis_03-lau2_07-day_03-60_05-frt-1005_01-rep_00-n_00-n_00-n_00-n_00-n_00-n;1005;0;41711;0;N;532011;N;6;3026;0;R_PL-PH_1;20140313xThu;6_Zdice;Středočeský kraj;h00;422;111
02-o2_01-ver_02-vis_03-lau2_07-day_03-60_05-frt-1005_01-rep_00-n_00-n_00-n_00-n_00-n_00-n;1005;0;41711;0;N;554782;N;8;3018;0;R_PL-PH_1;20140313xThu;8_Praha;Hlavní město Praha;h00;0;5458
02-o2_01-ver_02-vis_03-lau2_07-day_03-60_05-frt-1005_01-rep_00-n_00-n_00-n_00-n_00-n_00-n;1005;0;41711;0;N;554791;N;1;3042;0;R_PL-PH_1;20140313xThu;1_Plzeň;Plzeňský kraj;h00;3374;0
02-o2_01-ver_02-vis_03-lau2_07-day_03-60_05-frt-1005_01-rep_00-n_00-n_00-n_00-n_00-n_00-n;1005;0;41711;0;N;558966;N;2;3042;0;R_PL-PH_1;20140313xThu;2_Chrást;Plzeňský kraj;h00;31;211
02-o2_01-ver_02-vis_03-lau2_07-day_03-60_05-frt-1005_01-rep_00-n_00-n_00-n_00-n_00-n_00-n;1005;0;41711;0;N;559717;N;3;3042;0;R_PL-PH_1;20140313xThu;3_Rokycany;Plzeňský kraj;h00;292;765
02-o2_01-ver_02-vis_03-lau2_07-day_03-60_05-frt-1005_01-rep_00-n_00-n_00-n_00-n_00-n_00-n;1005;0;41711;0;N;559903;N;4;3042;0;R_PL-PH_1;20140313xThu;4_Kařez;Plzeňský kraj;h00;62;98
02-o2_01-ver_02-vis_03-lau2_07-day_03-60_05-frt-1005_01-rep_00-n_00-n_00-n_00-n_00-n_00-n;1005;0;41712;0;N;531057;N;7;3026;0;R_PL-PH_1;20140314xFri;7_Beroun;Středočeský kraj;h00;2849;812
02-o2_01-ver_02-vis_03-lau2_07-day_03-60_05-frt-1005_01-rep_00-n_00-n_00-n_00-n_00-n_00-n;1005;0;41712;0;N;531189;N;5;3026;0;R_PL-PH_1;20140314xFri;5_Hořovice;Středočeský kraj;h00;374;43
02-o2_01-ver_02-vis_03-lau2_07-day_03-60_05-frt-1005_01-rep_00-n_00-n_00-n_00-n_00-n_00-n;1005;0;41712;0;N;532011;N;6;3026;0;R_PL-PH_1;20140314xFri;6_Zdice;Středočeský kraj;h00;788;61
02-o2_01-ver_02-vis_03-lau2_07-day_03-60_05-frt-1005_01-rep_00-n_00-n_00-n_00-n_00-n_00-n;1005;0;41712;0;N;554782;N;8;3018;0;R_PL-PH_1;20140314xFri;8_Praha;Hlavní město Praha;h00;0;5357
02-o2_01-ver_02-vis_03-lau2_07-day_03-60_05-frt-1005_01-rep_00-n_00-n_00-n_00-n_00-n_00-n;1005;0;41712;0;N;554791;N;1;3042;0;R_PL-PH_1;20140314xFri;1_Plzeň;Plzeňský kraj;h00;2852;0
02-o2_01-ver_02-vis_03-lau2_07-day_03-60_05-frt-1005_01-rep_00-n_00-n_00-n_00-n_00-n_00-n;1005;0;41712;0;N;558966;N;2;3042;0;R_PL-PH_1;20140314xFri;2_Chrást;Plzeňský kraj;h00;27;240
02-o2_01-ver_02-vis_03-lau2_07-day_03-60_05-frt-1005_01-rep_00-n_00-n_00-n_00-n_00-n_00-n;1005;0;41712;0;N;559717;N;3;3042;0;R_PL-PH_1;20140314xFri;3_Rokycany;Plzeňský kraj;h00;262;622
02-o2_01-ver_02-vis_03-lau2_07-day_03-60_05-frt-1005_01-rep_00-n_00-n_00-n_00-n_00-n_00-n;1005;0;41712;0;N;559903;N;4;3042;0;R_PL-PH_1;20140314xFri;4_Kařez;Plzeňský kraj;h00;72;89
02-o2_01-ver_02-vis_03-lau2_07-day_03-60_05-frt-1005_01-rep_00-n_00-n_00-n_00-n_00-n_00-n;1005;0;41713;0;N;531057;N;7;3026;0;R_PL-PH_1;20140315xSat;7_Beroun;Středočeský kraj;h00;1167;322
02-o2_01-ver_02-vis_03-lau2_07-day_03-60_05-frt-1005_01-rep_00-n_00-n_00-n_00-n_00-n_00-n;1005;0;41713;0;N;531189;N;5;3026;0;R_PL-PH_1;20140315xSat;5_Hořovice;Středočeský kraj;h00;157;13
02-o2_01-ver_02-vis_03-lau2_07-day_03-60_05-frt-1005_01-rep_00-n_00-n_00-n_00-n_00-n_00-n;1005;0;41713;0;N;532011;N;6;3026;0;R_PL-PH_1;20140315xSat;6_Zdice;Středočeský kraj;h00;264;20
02-o2_01-ver_02-vis_03-lau2_07-day_03-60_05-frt-1005_01-rep_00-n_00-n_00-n_00-n_00-n_00-n;1005;0;41713;0;N;554782;N;8;3018;0;R_PL-PH_1;20140315xSat;8_Praha;Hlavní město Praha;h00;0;2723
02-o2_01-ver_02-vis_03-lau2_07-day_03-60_05-frt-1005_01-rep_00-n_00-n_00-n_00-n_00-n_00-n;1005;0;41713;0;N;554791;N;1;3042;0;R_PL-PH_1;20140315xSat;1_Plzeň;Plzeňský kraj;h00;1846;0
02-o2_01-ver_02-vis_03-lau2_07-day_03-60_05-frt-1005_01-rep_00-n_00-n_00-n_00-n_00-n_00-n;1005;0;41713;0;N;558966;N;2;3042;0;R_PL-PH_1;20140315xSat;2_Chrást;Plzeňský kraj;h00;16;138
02-o2_01-ver_02-vis_03-lau2_07-day_03-60_05-frt-1005_01-rep_00-n_00-n_00-n_00-n_00-n_00-n;1005;0;41713;0;N;559717;N;3;3042;0;R_PL-PH_1;20140315xSat;3_Rokycany;Plzeňský kraj;h00;121;320
02-o2_01-ver_02-vis_03-lau2_07-day_03-60_05-frt-1005_01-rep_00-n_00-n_00-n_00-n_00-n_00-n;1005;0;41713;0;N;559903;N;4;3042;0;R_PL-PH_1;20140315xSat;4_Kařez;Plzeňský kraj;h00;18;53
02-o2_01-ver_02-vis_03-lau2_07-day_03-60_05-frt-1005_01-rep_00-n_00-n_00-n_00-n_00-n_00-n;1005;0;41714;0;N;531057;N;7;3026;0;R_PL-PH_1;20140316xSun;7_Beroun;Středočeský kraj;h00;749;147
02-o2_01-ver_02-vis_03-lau2_07-day_03-60_05-frt-1005_01-rep_00-n_00-n_00-n_00-n_00-n_00-n;1005;0;41714;0;N;531189;N;5;3026;0;R_PL-PH_1;20140316xSun;5_Hořovice;Středočeský kraj;h00;92;5
02-o2_01-ver_02-vis_03-lau2_07-day_03-60_05-frt-1005_01-rep_00-n_00-n_00-n_00-n_00-n_00-n;1005;0;41714;0;N;532011;N;6;3026;0;R_PL-PH_1;20140316xSun;6_Zdice;Středočeský kraj;h00;61;18
02-o2_01-ver_02-vis_03-lau2_07-day_03-60_05-frt-1005_01-rep_00-n_00-n_00-n_00-n_00-n_00-n;1005;0;41714;0;N;554782;N;8;3018;0;R_PL-PH_1;20140316xSun;8_Praha;Hlavní město Praha;h00;0;1611
02-o2_01-ver_02-vis_03-lau2_07-day_03-60_05-frt-1005_01-rep_00-n_00-n_00-n_00-n_00-n_00-n;1005;0;41714;0;N;554791;N;1;3042;0;R_PL-PH_1;20140316xSun;1_Plzeň;Plzeňský kraj;h00;1079;0
02-o2_01-ver_02-vis_03-lau2_07-day_03-60_05-frt-1005_01-rep_00-n_00-n_00-n_00-n_00-n_00-n;1005;0;41714;0;N;558966;N;2;3042;0;R_PL-PH_1;20140316xSun;2_Chrást;Plzeňský kraj;h00;0;63
02-o2_01-ver_02-vis_03-lau2_07-day_03-60_05-frt-1005_01-rep_00-n_00-n_00-n_00-n_00-n_00-n;1005;0;41714;0;N;559717;N;3;3042;0;R_PL-PH_1;20140316xSun;3_Rokycany;Plzeňský kraj;h00;79;206
02-o2_01-ver_02-vis_03-lau2_07-day_03-60_05-frt-1005_01-rep_00-n_00-n_00-n_00-n_00-n_00-n;1005;0;41714;0;N;559903;N;4;3042;0;R_PL-PH_1;20140316xSun;4_Kařez;Plzeňský kraj;h00;11;21
02-o2_01-ver_02-vis_03-lau2_07-day_03-60_05-frt-1005_01-rep_00-n_00-n_00-n_00-n_00-n_00-n;1005;0;41715;0;N;531057;N;7;3026;0;R_PL-PH_1;20140317xMon;7_Beroun;Středočeský kraj;h00;2351;500
02-o2_01-ver_02-vis_03-lau2_07-day_03-60_05-frt-1005_01-rep_00-n_00-n_00-n_00-n_00-n_00-n;1005;0;41715;0;N;531189;N;5;3026;0;R_PL-PH_1;20140317xMon;5_Hořovice;Středočeský kraj;h00;138;35
02-o2_01-ver_02-vis_03-lau2_07-day_03-60_05-frt-1005_01-rep_00-n_00-n_00-n_00-n_00-n_00-n;1005;0;41715;0;N;532011;N;6;3026;0;R_PL-PH_1;20140317xMon;6_Zdice;Středočeský kraj;h00;419;43
02-o2_01-ver_02-vis_03-lau2_07-day_03-60_05-frt-1005_01-rep_00-n_00-n_00-n_00-n_00-n_00-n;1005;0;41715;0;N;554782;N;8;3018;0;R_PL-PH_1;20140317xMon;8_Praha;Hlavní město Praha;h00;0;4469
02-o2_01-ver_02-vis_03-lau2_07-day_03-60_05-frt-1005_01-rep_00-n_00-n_00-n_00-n_00-n_00-n;1005;0;41715;0;N;554791;N;1;3042;0;R_PL-PH_1;20140317xMon;1_Plzeň;Plzeňský kraj;h00;2535;0
02-o2_01-ver_02-vis_03-lau2_07-day_03-60_05-frt-1005_01-rep_00-n_00-n_00-n_00-n_00-n_00-n;1005;0;41715;0;N;558966;N;2;3042;0;R_PL-PH_1;20140317xMon;2_Chrást;Plzeňský kraj;h00;13;123
02-o2_01-ver_02-vis_03-lau2_07-day_03-60_05-frt-1005_01-rep_00-n_00-n_00-n_00-n_00-n_00-n;1005;0;41715;0;N;559717;N;3;3042;0;R_PL-PH_1;20140317xMon;3_Rokycany;Plzeňský kraj;h00;259;530
02-o2_01-ver_02-vis_03-lau2_07-day_03-60_05-frt-1005_01-rep_00-n_00-n_00-n_00-n_00-n_00-n;1005;0;41715;0;N;559903;N;4;3042;0;R_PL-PH_1;20140317xMon;4_Kařez;Plzeňský kraj;h00;39;54
02-o2_01-ver_02-vis_03-lau2_07-day_03-60_05-frt-1005_01-rep_00-n_00-n_00-n_00-n_00-n_00-n;1005;0;41716;0;N;531057;N;7;3026;0;R_PL-PH_1;20140318xTue;7_Beroun;Středočeský kraj;h00;3160;645
02-o2_01-ver_02-vis_03-lau2_07-day_03-60_05-frt-1005_01-rep_00-n_00-n_00-n_00-n_00-n_00-n;1005;0;41716;0;N;531189;N;5;3026;0;R_PL-PH_1;20140318xTue;5_Hořovice;Středočeský kraj;h00;329;44
02-o2_01-ver_02-vis_03-lau2_07-day_03-60_05-frt-1005_01-rep_00-n_00-n_00-n_00-n_00-n_00-n;1005;0;41716;0;N;532011;N;6;3026;0;R_PL-PH_1;20140318xTue;6_Zdice;Středočeský kraj;h00;514;61
02-o2_01-ver_02-vis_03-lau2_07-day_03-60_05-frt-1005_01-rep_00-n_00-n_00-n_00-n_00-n_00-n;1005;0;41716;0;N;554782;N;8;3018;0;R_PL-PH_1;20140318xTue;8_Praha;Hlavní město Praha;h00;0;6402
02-o2_01-ver_02-vis_03-lau2_07-day_03-60_05-frt-1005_01-rep_00-n_00-n_00-n_00-n_00-n_00-n;1005;0;41716;0;N;554791;N;1;3042;0;R_PL-PH_1;20140318xTue;1_Plzeň;Plzeňský kraj;h00;3826;0
02-o2_01-ver_02-vis_03-lau2_07-day_03-60_05-frt-1005_01-rep_00-n_00-n_00-n_00-n_00-n_00-n;1005;0;41716;0;N;558966;N;2;3042;0;R_PL-PH_1;20140318xTue;2_Chrást;Plzeňský kraj;h00;38;229
02-o2_01-ver_02-vis_03-lau2_07-day_03-60_05-frt-1005_01-rep_00-n_00-n_00-n_00-n_00-n_00-n;1005;0;41716;0;N;559717;N;3;3042;0;R_PL-PH_1;20140318xTue;3_Rokycany;Plzeňský kraj;h00;311;742
02-o2_01-ver_02-vis_03-lau2_07-day_03-60_05-frt-1005_01-rep_00-n_00-n_00-n_00-n_00-n_00-n;1005;0;41716;0;N;559903;N;4;3042;0;R_PL-PH_1;20140318xTue;4_Kařez;Plzeňský kraj;h00;52;107
02-o2_01-ver_02-vis_03-lau2_07-day_03-60_05-frt-1005_01-rep_00-n_00-n_00-n_00-n_00-n_00-n;1005;0;41717;0;N;531057;N;7;3026;0;R_PL-PH_1;20140319xWed;7_Beroun;Středočeský kraj;h00;3186;842
02-o2_01-ver_02-vis_03-lau2_07-day_03-60_05-frt-1005_01-rep_00-n_00-n_00-n_00-n_00-n_00-n;1005;0;41717;0;N;531189;N;5;3026;0;R_PL-PH_1;20140319xWed;5_Hořovice;Středočeský kraj;h00;405;70
02-o2_01-ver_02-vis_03-lau2_07-day_03-60_05-frt-1005_01-rep_00-n_00-n_00-n_00-n_00-n_00-n;1005;0;41717;0;N;532011;N;6;3026;0;R_PL-PH_1;20140319xWed;6_Zdice;Středočeský kraj;h00;698;93
02-o2_01-ver_02-vis_03-lau2_07-day_03-60_05-frt-1005_01-rep_00-n_00-n_00-n_00-n_00-n_00-n;1005;0;41717;0;N;554782;N;8;3018;0;R_PL-PH_1;20140319xWed;8_Praha;Hlavní město Praha;h00;0;6126
02-o2_01-ver_02-vis_03-lau2_07-day_03-60_05-frt-1005_01-rep_00-n_00-n_00-n_00-n_00-n_00-n;1005;0;41717;0;N;554791;N;1;3042;0;R_PL-PH_1;20140319xWed;1_Plzeň;Plzeňský kraj;h00;3449;0
02-o2_01-ver_02-vis_03-lau2_07-day_03-60_05-frt-1005_01-rep_00-n_00-n_00-n_00-n_00-n_00-n;1005;0;41717;0;N;558966;N;2;3042;0;R_PL-PH_1;20140319xWed;2_Chrást;Plzeňský kraj;h00;39;228
02-o2_01-ver_02-vis_03-lau2_07-day_03-60_05-frt-1005_01-rep_00-n_00-n_00-n_00-n_00-n_00-n;1005;0;41717;0;N;559717;N;3;3042;0;R_PL-PH_1;20140319xWed;3_Rokycany;Plzeňský kraj;h00;301;693
02-o2_01-ver_02-vis_03-lau2_07-day_03-60_05-frt-1005_01-rep_00-n_00-n_00-n_00-n_00-n_00-n;1005;0;41717;0;N;559903;N;4;3042;0;R_PL-PH_1;20140319xWed;4_Kařez;Plzeňský kraj;h00;77;103
02-o2_01-ver_02-vis_03-lau2_07-day_03-60_05-frt-1005_01-rep_00-n_00-n_00-n_00-n_00-n_00-n;1005;0;41718;0;N;531057;N;7;3026;0;R_PL-PH_1;20140320xThu;7_Beroun;Středočeský kraj;h00;2933;872
02-o2_01-ver_02-vis_03-lau2_07-day_03-60_05-frt-1005_01-rep_00-n_00-n_00-n_00-n_00-n_00-n;1005;0;41718;0;N;531189;N;5;3026;0;R_PL-PH_1;20140320xThu;5_Hořovice;Středočeský kraj;h00;347;45
02-o2_01-ver_02-vis_03-lau2_07-day_03-60_05-frt-1005_01-rep_00-n_00-n_00-n_00-n_00-n_00-n;1005;0;41718;0;N;532011;N;6;3026;0;R_PL-PH_1;20140320xThu;6_Zdice;Středočeský kraj;h00;887;90
02-o2_01-ver_02-vis_03-lau2_07-day_03-60_05-frt-1005_01-rep_00-n_00-n_00-n_00-n_00-n_00-n;1005;0;41718;0;N;554782;N;8;3018;0;R_PL-PH_1;20140320xThu;8_Praha;Hlavní město Praha;h00;0;5670
02-o2_01-ver_02-vis_03-lau2_07-day_03-60_05-frt-1005_01-rep_00-n_00-n_00-n_00-n_00-n_00-n;1005;0;41718;0;N;554791;N;1;3042;0;R_PL-PH_1;20140320xThu;1_Plzeň;Plzeňský kraj;h00;3326;0
02-o2_01-ver_02-vis_03-lau2_07-day_03-60_05-frt-1005_01-rep_00-n_00-n_00-n_00-n_00-n_00-n;1005;0;41718;0;N;558966;N;2;3042;0;R_PL-PH_1;20140320xThu;2_Chrást;Plzeňský kraj;h00;49;283
02-o2_01-ver_02-vis_03-lau2_07-day_03-60_05-frt-1005_01-rep_00-n_00-n_00-n_00-n_00-n_00-n;1005;0;41718;0;N;559717;N;3;3042;0;R_PL-PH_1;20140320xThu;3_Rokycany;Plzeňský kraj;h00;271;749
02-o2_01-ver_02-vis_03-lau2_07-day_03-60_05-frt-1005_01-rep_00-n_00-n_00-n_00-n_00-n_00-n;1005;0;41718;0;N;559903;N;4;3042;0;R_PL-PH_1;20140320xThu;4_Kařez;Plzeňský kraj;h00;20;124
02-o2_01-ver_02-vis_03-lau2_07-day_03-60_05-frt-1005_01-rep_00-n_00-n_00-n_00-n_00-n_00-n;1005;0;41719;0;N;531057;N;7;3026;0;R_PL-PH_1;20140321xFri;7_Beroun;Středočeský kraj;h00;2095;370
02-o2_01-ver_02-vis_03-lau2_07-day_03-60_05-frt-1005_01-rep_00-n_00-n_00-n_00-n_00-n_00-n;1005;0;41719;0;N;531189;N;5;3026;0;R_PL-PH_1;20140321xFri;5_Hořovice;Středočeský kraj;h00;171;22
02-o2_01-ver_02-vis_03-lau2_07-day_03-60_05-frt-1005_01-rep_00-n_00-n_00-n_00-n_00-n_00-n;1005;0;41719;0;N;532011;N;6;3026;0;R_PL-PH_1;20140321xFri;6_Zdice;Středočeský kraj;h00;222;39
02-o2_01-ver_02-vis_03-lau2_07-day_03-60_05-frt-1005_01-rep_00-n_00-n_00-n_00-n_00-n_00-n;1005;0;41719;0;N;554782;N;8;3018;0;R_PL-PH_1;20140321xFri;8_Praha;Hlavní město Praha;h00;0;3753
02-o2_01-ver_02-vis_03-lau2_07-day_03-60_05-frt-1005_01-rep_00-n_00-n_00-n_00-n_00-n_00-n;1005;0;41719;0;N;554791;N;1;3042;0;R_PL-PH_1;20140321xFri;1_Plzeň;Plzeňský kraj;h00;2024;0
02-o2_01-ver_02-vis_03-lau2_07-day_03-60_05-frt-1005_01-rep_00-n_00-n_00-n_00-n_00-n_00-n;1005;0;41719;0;N;558966;N;2;3042;0;R_PL-PH_1;20140321xFri;2_Chrást;Plzeňský kraj;h00;17;95
02-o2_01-ver_02-vis_03-lau2_07-day_03-60_05-frt-1005_01-rep_00-n_00-n_00-n_00-n_00-n_00-n;1005;0;41719;0;N;559717;N;3;3042;0;R_PL-PH_1;20140321xFri;3_Rokycany;Plzeňský kraj;h00;194;408
02-o2_01-ver_02-vis_03-lau2_07-day_03-60_05-frt-1005_01-rep_00-n_00-n_00-n_00-n_00-n_00-n;1005;0;41719;0;N;559903;N;4;3042;0;R_PL-PH_1;20140321xFri;4_Kařez;Plzeňský kraj;h00;14;50
02-o2_01-ver_02-vis_03-lau2_07-day_03-60_05-frt-1005_01-rep_00-n_00-n_00-n_00-n_00-n_00-n;1005;0;41720;0;N;531057;N;7;3026;0;R_PL-PH_1;20140322xSat;7_Beroun;Středočeský kraj;h00;1011;234
02-o2_01-ver_02-vis_03-lau2_07-day_03-60_05-frt-1005_01-rep_00-n_00-n_00-n_00-n_00-n_00-n;1005;0;41720;0;N;531189;N;5;3026;0;R_PL-PH_1;20140322xSat;5_Hořovice;Středočeský kraj;h00;85;24
02-o2_01-ver_02-vis_03-lau2_07-day_03-60_05-frt-1005_01-rep_00-n_00-n_00-n_00-n_00-n_00-n;1005;0;41720;0;N;532011;N;6;3026;0;R_PL-PH_1;20140322xSat;6_Zdice;Středočeský kraj;h00;117;25
02-o2_01-ver_02-vis_03-lau2_07-day_03-60_05-frt-1005_01-rep_00-n_00-n_00-n_00-n_00-n_00-n;1005;0;41720;0;N;554782;N;8;3018;0;R_PL-PH_1;20140322xSat;8_Praha;Hlavní město Praha;h00;0;2223
02-o2_01-ver_02-vis_03-lau2_07-day_03-60_05-frt-1005_01-rep_00-n_00-n_00-n_00-n_00-n_00-n;1005;0;41720;0;N;554791;N;1;3042;0;R_PL-PH_1;20140322xSat;1_Plzeň;Plzeňský kraj;h00;1687;0
02-o2_01-ver_02-vis_03-lau2_07-day_03-60_05-frt-1005_01-rep_00-n_00-n_00-n_00-n_00-n_00-n;1005;0;41720;0;N;558966;N;2;3042;0;R_PL-PH_1;20140322xSat;2_Chrást;Plzeňský kraj;h00;7;190
02-o2_01-ver_02-vis_03-lau2_07-day_03-60_05-frt-1005_01-rep_00-n_00-n_00-n_00-n_00-n_00-n;1005;0;41720;0;N;559717;N;3;3042;0;R_PL-PH_1;20140322xSat;3_Rokycany;Plzeňský kraj;h00;86;274
02-o2_01-ver_02-vis_03-lau2_07-day_03-60_05-frt-1005_01-rep_00-n_00-n_00-n_00-n_00-n_00-n;1005;0;41720;0;N;559903;N;4;3042;0;R_PL-PH_1;20140322xSat;4_Kařez;Plzeňský kraj;h00;17;40
02-o2_01-ver_02-vis_03-lau2_07-day_03-60_05-frt-1005_01-rep_00-n_00-n_00-n_00-n_00-n_00-n;1005;0;41721;0;N;531057;N;7;3026;0;R_PL-PH_1;20140323xSun;7_Beroun;Středočeský kraj;h00;806;292
02-o2_01-ver_02-vis_03-lau2_07-day_03-60_05-frt-1005_01-rep_00-n_00-n_00-n_00-n_00-n_00-n;1005;0;41721;0;N;531189;N;5;3026;0;R_PL-PH_1;20140323xSun;5_Hořovice;Středočeský kraj;h00;105;17
02-o2_01-ver_02-vis_03-lau2_07-day_03-60_05-frt-1005_01-rep_00-n_00-n_00-n_00-n_00-n_00-n;1005;0;41721;0;N;532011;N;6;3026;0;R_PL-PH_1;20140323xSun;6_Zdice;Středočeský kraj;h00;231;15
02-o2_01-ver_02-vis_03-lau2_07-day_03-60_05-frt-1005_01-rep_00-n_00-n_00-n_00-n_00-n_00-n;1005;0;41721;0;N;554782;N;8;3018;0;R_PL-PH_1;20140323xSun;8_Praha;Hlavní město Praha;h00;0;1778
02-o2_01-ver_02-vis_03-lau2_07-day_03-60_05-frt-1005_01-rep_00-n_00-n_00-n_00-n_00-n_00-n;1005;0;41721;0;N;554791;N;1;3042;0;R_PL-PH_1;20140323xSun;1_Plzeň;Plzeňský kraj;h00;1221;0
02-o2_01-ver_02-vis_03-lau2_07-day_03-60_05-frt-1005_01-rep_00-n_00-n_00-n_00-n_00-n_00-n;1005;0;41721;0;N;558966;N;2;3042;0;R_PL-PH_1;20140323xSun;2_Chrást;Plzeňský kraj;h00;5;124
02-o2_01-ver_02-vis_03-lau2_07-day_03-60_05-frt-1005_01-rep_00-n_00-n_00-n_00-n_00-n_00-n;1005;0;41721;0;N;559717;N;3;3042;0;R_PL-PH_1;20140323xSun;3_Rokycany;Plzeňský kraj;h00;87;202
02-o2_01-ver_02-vis_03-lau2_07-day_03-60_05-frt-1005_01-rep_00-n_00-n_00-n_00-n_00-n_00-n;1005;0;41721;0;N;559903;N;4;3042;0;R_PL-PH_1;20140323xSun;4_Kařez;Plzeňský kraj;h00;10;37
02-o2_01-ver_02-vis_03-lau2_07-day_03-60_05-frt-1005_01-rep_00-n_00-n_00-n_00-n_00-n_00-n;1005;0;41722;0;N;531057;N;7;3026;0;R_PL-PH_1;20140324xMon;7_Beroun;Středočeský kraj;h00;2802;724
02-o2_01-ver_02-vis_03-lau2_07-day_03-60_05-frt-1005_01-rep_00-n_00-n_00-n_00-n_00-n_00-n;1005;0;41722;0;N;531189;N;5;3026;0;R_PL-PH_1;20140324xMon;5_Hořovice;Středočeský kraj;h00;401;53
02-o2_01-ver_02-vis_03-lau2_07-day_03-60_05-frt-1005_01-rep_00-n_00-n_00-n_00-n_00-n_00-n;1005;0;41722;0;N;532011;N;6;3026;0;R_PL-PH_1;20140324xMon;6_Zdice;Středočeský kraj;h00;477;94
02-o2_01-ver_02-vis_03-lau2_07-day_03-60_05-frt-1005_01-rep_00-n_00-n_00-n_00-n_00-n_00-n;1005;0;41722;0;N;554782;N;8;3018;0;R_PL-PH_1;20140324xMon;8_Praha;Hlavní město Praha;h00;0;5223
02-o2_01-ver_02-vis_03-lau2_07-day_03-60_05-frt-1005_01-rep_00-n_00-n_00-n_00-n_00-n_00-n;1005;0;41722;0;N;554791;N;1;3042;0;R_PL-PH_1;20140324xMon;1_Plzeň;Plzeňský kraj;h00;2868;0
02-o2_01-ver_02-vis_03-lau2_07-day_03-60_05-frt-1005_01-rep_00-n_00-n_00-n_00-n_00-n_00-n;1005;0;41722;0;N;558966;N;2;3042;0;R_PL-PH_1;20140324xMon;2_Chrást;Plzeňský kraj;h00;30;222
02-o2_01-ver_02-vis_03-lau2_07-day_03-60_05-frt-1005_01-rep_00-n_00-n_00-n_00-n_00-n_00-n;1005;0;41722;0;N;559717;N;3;3042;0;R_PL-PH_1;20140324xMon;3_Rokycany;Plzeňský kraj;h00;286;569
02-o2_01-ver_02-vis_03-lau2_07-day_03-60_05-frt-1005_01-rep_00-n_00-n_00-n_00-n_00-n_00-n;1005;0;41722;0;N;559903;N;4;3042;0;R_PL-PH_1;20140324xMon;4_Kařez;Plzeňský kraj;h00;106;85
02-o2_01-ver_02-vis_03-lau2_07-day_03-60_05-frt-1005_01-rep_00-n_00-n_00-n_00-n_00-n_00-n;1005;0;41723;0;N;531057;N;7;3026;0;R_PL-PH_1;20140325xTue;7_Beroun;Středočeský kraj;h00;2936;724
02-o2_01-ver_02-vis_03-lau2_07-day_03-60_05-frt-1005_01-rep_00-n_00-n_00-n_00-n_00-n_00-n;1005;0;41723;0;N;531189;N;5;3026;0;R_PL-PH_1;20140325xTue;5_Hořovice;Středočeský kraj;h00;302;32
02-o2_01-ver_02-vis_03-lau2_07-day_03-60_05-frt-1005_01-rep_00-n_00-n_00-n_00-n_00-n_00-n;1005;0;41723;0;N;532011;N;6;3026;0;R_PL-PH_1;20140325xTue;6_Zdice;Středočeský kraj;h00;527;70
02-o2_01-ver_02-vis_03-lau2_07-day_03-60_05-frt-1005_01-rep_00-n_00-n_00-n_00-n_00-n_00-n;1005;0;41723;0;N;554782;N;8;3018;0;R_PL-PH_1;20140325xTue;8_Praha;Hlavní město Praha;h00;0;5820
02-o2_01-ver_02-vis_03-lau2_07-day_03-60_05-frt-1005_01-rep_00-n_00-n_00-n_00-n_00-n_00-n;1005;0;41723;0;N;554791;N;1;3042;0;R_PL-PH_1;20140325xTue;1_Plzeň;Plzeňský kraj;h00;3534;0
02-o2_01-ver_02-vis_03-lau2_07-day_03-60_05-frt-1005_01-rep_00-n_00-n_00-n_00-n_00-n_00-n;1005;0;41723;0;N;558966;N;2;3042;0;R_PL-PH_1;20140325xTue;2_Chrást;Plzeňský kraj;h00;27;187
02-o2_01-ver_02-vis_03-lau2_07-day_03-60_05-frt-1005_01-rep_00-n_00-n_00-n_00-n_00-n_00-n;1005;0;41723;0;N;559717;N;3;3042;0;R_PL-PH_1;20140325xTue;3_Rokycany;Plzeňský kraj;h00;282;695
02-o2_01-ver_02-vis_03-lau2_07-day_03-60_05-frt-1005_01-rep_00-n_00-n_00-n_00-n_00-n_00-n;1005;0;41723;0;N;559903;N;4;3042;0;R_PL-PH_1;20140325xTue;4_Kařez;Plzeňský kraj;h00;18;98
02-o2_01-ver_02-vis_03-lau2_07-day_03-60_05-frt-1005_01-rep_00-n_00-n_00-n_00-n_00-n_00-n;1005;0;41724;0;N;531057;N;7;3026;0;R_PL-PH_1;20140326xWed;7_Beroun;Středočeský kraj;h00;2639;784
02-o2_01-ver_02-vis_03-lau2_07-day_03-60_05-frt-1005_01-rep_00-n_00-n_00-n_00-n_00-n_00-n;1005;0;41724;0;N;531189;N;5;3026;0;R_PL-PH_1;20140326xWed;5_Hořovice;Středočeský kraj;h00;288;45
02-o2_01-ver_02-vis_03-lau2_07-day_03-60_05-frt-1005_01-rep_00-n_00-n_00-n_00-n_00-n_00-n;1005;0;41724;0;N;532011;N;6;3026;0;R_PL-PH_1;20140326xWed;6_Zdice;Středočeský kraj;h00;696;60
02-o2_01-ver_02-vis_03-lau2_07-day_03-60_05-frt-1005_01-rep_00-n_00-n_00-n_00-n_00-n_00-n;1005;0;41724;0;N;554782;N;8;3018;0;R_PL-PH_1;20140326xWed;8_Praha;Hlavní město Praha;h00;0;5416
02-o2_01-ver_02-vis_03-lau2_07-day_03-60_05-frt-1005_01-rep_00-n_00-n_00-n_00-n_00-n_00-n;1005;0;41724;0;N;554791;N;1;3042;0;R_PL-PH_1;20140326xWed;1_Plzeň;Plzeňský kraj;h00;3297;0
02-o2_01-ver_02-vis_03-lau2_07-day_03-60_05-frt-1005_01-rep_00-n_00-n_00-n_00-n_00-n_00-n;1005;0;41724;0;N;558966;N;2;3042;0;R_PL-PH_1;20140326xWed;2_Chrást;Plzeňský kraj;h00;34;207
02-o2_01-ver_02-vis_03-lau2_07-day_03-60_05-frt-1005_01-rep_00-n_00-n_00-n_00-n_00-n_00-n;1005;0;41724;0;N;559717;N;3;3042;0;R_PL-PH_1;20140326xWed;3_Rokycany;Plzeňský kraj;h00;282;638
02-o2_01-ver_02-vis_03-lau2_07-day_03-60_05-frt-1005_01-rep_00-n_00-n_00-n_00-n_00-n_00-n;1005;0;41724;0;N;559903;N;4;3042;0;R_PL-PH_1;20140326xWed;4_Kařez;Plzeňský kraj;h00;29;115
