02-o2_01-ver_02-vis_03-lau2_07-day_05-300+_06-frt-1006_01-rep_00-n_00-n_00-n_00-n_00-n_00-n;1006;0;41710;0;N;531057;N;3;3026;0;R_PH_PL_2;20140312xWed;3_Beroun;Středočeský kraj;h00;137;324
02-o2_01-ver_02-vis_03-lau2_07-day_05-300+_06-frt-1006_01-rep_00-n_00-n_00-n_00-n_00-n_00-n;1006;0;41710;0;N;531189;N;5;3026;0;R_PH_PL_2;20140312xWed;5_Hořovice;Středočeský kraj;h00;16;44
02-o2_01-ver_02-vis_03-lau2_07-day_05-300+_06-frt-1006_01-rep_00-n_00-n_00-n_00-n_00-n_00-n;1006;0;41710;0;N;532011;N;4;3026;0;R_PH_PL_2;20140312xWed;4_Zdice;Středočeský kraj;h00;32;87
02-o2_01-ver_02-vis_03-lau2_07-day_05-300+_06-frt-1006_01-rep_00-n_00-n_00-n_00-n_00-n_00-n;1006;0;41710;0;N;539856;N;2;3026;0;R_PH_PL_2;20140312xWed;2_Všenory;Středočeský kraj;h00;8;65
02-o2_01-ver_02-vis_03-lau2_07-day_05-300+_06-frt-1006_01-rep_00-n_00-n_00-n_00-n_00-n_00-n;1006;0;41710;0;N;554782;N;1;3018;0;R_PH_PL_2;20140312xWed;1_Praha;Hlavní město Praha;h00;542;0
02-o2_01-ver_02-vis_03-lau2_07-day_05-300+_06-frt-1006_01-rep_00-n_00-n_00-n_00-n_00-n_00-n;1006;0;41710;0;N;554791;N;8;3042;0;R_PH_PL_2;20140312xWed;8_Plzeň;Plzeňský kraj;h00;0;1019
02-o2_01-ver_02-vis_03-lau2_07-day_05-300+_06-frt-1006_01-rep_00-n_00-n_00-n_00-n_00-n_00-n;1006;0;41710;0;N;559717;N;7;3042;0;R_PH_PL_2;20140312xWed;7_Rokycany;Plzeňský kraj;h00;844;31
02-o2_01-ver_02-vis_03-lau2_07-day_05-300+_06-frt-1006_01-rep_00-n_00-n_00-n_00-n_00-n_00-n;1006;0;41710;0;N;559903;N;6;3042;0;R_PH_PL_2;20140312xWed;6_Kařez;Plzeňský kraj;h00;16;25
02-o2_01-ver_02-vis_03-lau2_07-day_05-300+_06-frt-1006_01-rep_00-n_00-n_00-n_00-n_00-n_00-n;1006;0;41711;0;N;531057;N;3;3026;0;R_PH_PL_2;20140313xThu;3_Beroun;Středočeský kraj;h00;104;356
02-o2_01-ver_02-vis_03-lau2_07-day_05-300+_06-frt-1006_01-rep_00-n_00-n_00-n_00-n_00-n_00-n;1006;0;41711;0;N;531189;N;5;3026;0;R_PH_PL_2;20140313xThu;5_Hořovice;Středočeský kraj;h00;19;37
02-o2_01-ver_02-vis_03-lau2_07-day_05-300+_06-frt-1006_01-rep_00-n_00-n_00-n_00-n_00-n_00-n;1006;0;41711;0;N;532011;N;4;3026;0;R_PH_PL_2;20140313xThu;4_Zdice;Středočeský kraj;h00;12;59
02-o2_01-ver_02-vis_03-lau2_07-day_05-300+_06-frt-1006_01-rep_00-n_00-n_00-n_00-n_00-n_00-n;1006;0;41711;0;N;539856;N;2;3026;0;R_PH_PL_2;20140313xThu;2_Všenory;Středočeský kraj;h00;6;49
02-o2_01-ver_02-vis_03-lau2_07-day_05-300+_06-frt-1006_01-rep_00-n_00-n_00-n_00-n_00-n_00-n;1006;0;41711;0;N;554782;N;1;3018;0;R_PH_PL_2;20140313xThu;1_Praha;Hlavní město Praha;h00;585;0
02-o2_01-ver_02-vis_03-lau2_07-day_05-300+_06-frt-1006_01-rep_00-n_00-n_00-n_00-n_00-n_00-n;1006;0;41711;0;N;554791;N;8;3042;0;R_PH_PL_2;20140313xThu;8_Plzeň;Plzeňský kraj;h00;0;1062
02-o2_01-ver_02-vis_03-lau2_07-day_05-300+_06-frt-1006_01-rep_00-n_00-n_00-n_00-n_00-n_00-n;1006;0;41711;0;N;559717;N;7;3042;0;R_PH_PL_2;20140313xThu;7_Rokycany;Plzeňský kraj;h00;847;34
02-o2_01-ver_02-vis_03-lau2_07-day_05-300+_06-frt-1006_01-rep_00-n_00-n_00-n_00-n_00-n_00-n;1006;0;41711;0;N;559903;N;6;3042;0;R_PH_PL_2;20140313xThu;6_Kařez;Plzeňský kraj;h00;29;5
02-o2_01-ver_02-vis_03-lau2_07-day_05-300+_06-frt-1006_01-rep_00-n_00-n_00-n_00-n_00-n_00-n;1006;0;41712;0;N;531057;N;3;3026;0;R_PH_PL_2;20140314xFri;3_Beroun;Středočeský kraj;h00;94;340
02-o2_01-ver_02-vis_03-lau2_07-day_05-300+_06-frt-1006_01-rep_00-n_00-n_00-n_00-n_00-n_00-n;1006;0;41712;0;N;531189;N;5;3026;0;R_PH_PL_2;20140314xFri;5_Hořovice;Středočeský kraj;h00;19;32
02-o2_01-ver_02-vis_03-lau2_07-day_05-300+_06-frt-1006_01-rep_00-n_00-n_00-n_00-n_00-n_00-n;1006;0;41712;0;N;532011;N;4;3026;0;R_PH_PL_2;20140314xFri;4_Zdice;Středočeský kraj;h00;24;59
02-o2_01-ver_02-vis_03-lau2_07-day_05-300+_06-frt-1006_01-rep_00-n_00-n_00-n_00-n_00-n_00-n;1006;0;41712;0;N;539856;N;2;3026;0;R_PH_PL_2;20140314xFri;2_Všenory;Středočeský kraj;h00;3;66
02-o2_01-ver_02-vis_03-lau2_07-day_05-300+_06-frt-1006_01-rep_00-n_00-n_00-n_00-n_00-n_00-n;1006;0;41712;0;N;554782;N;1;3018;0;R_PH_PL_2;20140314xFri;1_Praha;Hlavní město Praha;h00;588;0
02-o2_01-ver_02-vis_03-lau2_07-day_05-300+_06-frt-1006_01-rep_00-n_00-n_00-n_00-n_00-n_00-n;1006;0;41712;0;N;554791;N;8;3042;0;R_PH_PL_2;20140314xFri;8_Plzeň;Plzeňský kraj;h00;0;977
02-o2_01-ver_02-vis_03-lau2_07-day_05-300+_06-frt-1006_01-rep_00-n_00-n_00-n_00-n_00-n_00-n;1006;0;41712;0;N;559717;N;7;3042;0;R_PH_PL_2;20140314xFri;7_Rokycany;Plzeňský kraj;h00;768;34
02-o2_01-ver_02-vis_03-lau2_07-day_05-300+_06-frt-1006_01-rep_00-n_00-n_00-n_00-n_00-n_00-n;1006;0;41712;0;N;559903;N;6;3042;0;R_PH_PL_2;20140314xFri;6_Kařez;Plzeňský kraj;h00;27;15
02-o2_01-ver_02-vis_03-lau2_07-day_05-300+_06-frt-1006_01-rep_00-n_00-n_00-n_00-n_00-n_00-n;1006;0;41713;0;N;531057;N;3;3026;0;R_PH_PL_2;20140315xSat;3_Beroun;Středočeský kraj;h00;61;327
02-o2_01-ver_02-vis_03-lau2_07-day_05-300+_06-frt-1006_01-rep_00-n_00-n_00-n_00-n_00-n_00-n;1006;0;41713;0;N;531189;N;5;3026;0;R_PH_PL_2;20140315xSat;5_Hořovice;Středočeský kraj;h00;2;12
02-o2_01-ver_02-vis_03-lau2_07-day_05-300+_06-frt-1006_01-rep_00-n_00-n_00-n_00-n_00-n_00-n;1006;0;41713;0;N;532011;N;4;3026;0;R_PH_PL_2;20140315xSat;4_Zdice;Středočeský kraj;h00;22;39
02-o2_01-ver_02-vis_03-lau2_07-day_05-300+_06-frt-1006_01-rep_00-n_00-n_00-n_00-n_00-n_00-n;1006;0;41713;0;N;539856;N;2;3026;0;R_PH_PL_2;20140315xSat;2_Všenory;Středočeský kraj;h00;0;60
02-o2_01-ver_02-vis_03-lau2_07-day_05-300+_06-frt-1006_01-rep_00-n_00-n_00-n_00-n_00-n_00-n;1006;0;41713;0;N;554782;N;1;3018;0;R_PH_PL_2;20140315xSat;1_Praha;Hlavní město Praha;h00;506;0
02-o2_01-ver_02-vis_03-lau2_07-day_05-300+_06-frt-1006_01-rep_00-n_00-n_00-n_00-n_00-n_00-n;1006;0;41713;0;N;554791;N;8;3042;0;R_PH_PL_2;20140315xSat;8_Plzeň;Plzeňský kraj;h00;0;218
02-o2_01-ver_02-vis_03-lau2_07-day_05-300+_06-frt-1006_01-rep_00-n_00-n_00-n_00-n_00-n_00-n;1006;0;41713;0;N;559717;N;7;3042;0;R_PH_PL_2;20140315xSat;7_Rokycany;Plzeňský kraj;h00;85;2
02-o2_01-ver_02-vis_03-lau2_07-day_05-300+_06-frt-1006_01-rep_00-n_00-n_00-n_00-n_00-n_00-n;1006;0;41713;0;N;559903;N;6;3042;0;R_PH_PL_2;20140315xSat;6_Kařez;Plzeňský kraj;h00;5;23
02-o2_01-ver_02-vis_03-lau2_07-day_05-300+_06-frt-1006_01-rep_00-n_00-n_00-n_00-n_00-n_00-n;1006;0;41714;0;N;531057;N;3;3026;0;R_PH_PL_2;20140316xSun;3_Beroun;Středočeský kraj;h00;29;137
02-o2_01-ver_02-vis_03-lau2_07-day_05-300+_06-frt-1006_01-rep_00-n_00-n_00-n_00-n_00-n_00-n;1006;0;41714;0;N;531189;N;5;3026;0;R_PH_PL_2;20140316xSun;5_Hořovice;Středočeský kraj;h00;0;9
02-o2_01-ver_02-vis_03-lau2_07-day_05-300+_06-frt-1006_01-rep_00-n_00-n_00-n_00-n_00-n_00-n;1006;0;41714;0;N;532011;N;4;3026;0;R_PH_PL_2;20140316xSun;4_Zdice;Středočeský kraj;h00;5;26
02-o2_01-ver_02-vis_03-lau2_07-day_05-300+_06-frt-1006_01-rep_00-n_00-n_00-n_00-n_00-n_00-n;1006;0;41714;0;N;539856;N;2;3026;0;R_PH_PL_2;20140316xSun;2_Všenory;Středočeský kraj;h00;1;13
02-o2_01-ver_02-vis_03-lau2_07-day_05-300+_06-frt-1006_01-rep_00-n_00-n_00-n_00-n_00-n_00-n;1006;0;41714;0;N;554782;N;1;3018;0;R_PH_PL_2;20140316xSun;1_Praha;Hlavní město Praha;h00;174;0
02-o2_01-ver_02-vis_03-lau2_07-day_05-300+_06-frt-1006_01-rep_00-n_00-n_00-n_00-n_00-n_00-n;1006;0;41714;0;N;554791;N;8;3042;0;R_PH_PL_2;20140316xSun;8_Plzeň;Plzeňský kraj;h00;0;128
02-o2_01-ver_02-vis_03-lau2_07-day_05-300+_06-frt-1006_01-rep_00-n_00-n_00-n_00-n_00-n_00-n;1006;0;41714;0;N;559717;N;7;3042;0;R_PH_PL_2;20140316xSun;7_Rokycany;Plzeňský kraj;h00;106;2
02-o2_01-ver_02-vis_03-lau2_07-day_05-300+_06-frt-1006_01-rep_00-n_00-n_00-n_00-n_00-n_00-n;1006;0;41715;0;N;531057;N;3;3026;0;R_PH_PL_2;20140317xMon;3_Beroun;Středočeský kraj;h00;65;392
02-o2_01-ver_02-vis_03-lau2_07-day_05-300+_06-frt-1006_01-rep_00-n_00-n_00-n_00-n_00-n_00-n;1006;0;41715;0;N;531189;N;5;3026;0;R_PH_PL_2;20140317xMon;5_Hořovice;Středočeský kraj;h00;1;15
02-o2_01-ver_02-vis_03-lau2_07-day_05-300+_06-frt-1006_01-rep_00-n_00-n_00-n_00-n_00-n_00-n;1006;0;41715;0;N;532011;N;4;3026;0;R_PH_PL_2;20140317xMon;4_Zdice;Středočeský kraj;h00;2;51
02-o2_01-ver_02-vis_03-lau2_07-day_05-300+_06-frt-1006_01-rep_00-n_00-n_00-n_00-n_00-n_00-n;1006;0;41715;0;N;539856;N;2;3026;0;R_PH_PL_2;20140317xMon;2_Všenory;Středočeský kraj;h00;0;38
02-o2_01-ver_02-vis_03-lau2_07-day_05-300+_06-frt-1006_01-rep_00-n_00-n_00-n_00-n_00-n_00-n;1006;0;41715;0;N;554782;N;1;3018;0;R_PH_PL_2;20140317xMon;1_Praha;Hlavní město Praha;h00;616;0
02-o2_01-ver_02-vis_03-lau2_07-day_05-300+_06-frt-1006_01-rep_00-n_00-n_00-n_00-n_00-n_00-n;1006;0;41715;0;N;554791;N;8;3042;0;R_PH_PL_2;20140317xMon;8_Plzeň;Plzeňský kraj;h00;0;779
02-o2_01-ver_02-vis_03-lau2_07-day_05-300+_06-frt-1006_01-rep_00-n_00-n_00-n_00-n_00-n_00-n;1006;0;41715;0;N;559717;N;7;3042;0;R_PH_PL_2;20140317xMon;7_Rokycany;Plzeňský kraj;h00;603;18
02-o2_01-ver_02-vis_03-lau2_07-day_05-300+_06-frt-1006_01-rep_00-n_00-n_00-n_00-n_00-n_00-n;1006;0;41715;0;N;559903;N;6;3042;0;R_PH_PL_2;20140317xMon;6_Kařez;Plzeňský kraj;h00;7;1
02-o2_01-ver_02-vis_03-lau2_07-day_05-300+_06-frt-1006_01-rep_00-n_00-n_00-n_00-n_00-n_00-n;1006;0;41716;0;N;531057;N;3;3026;0;R_PH_PL_2;20140318xTue;3_Beroun;Středočeský kraj;h00;120;432
02-o2_01-ver_02-vis_03-lau2_07-day_05-300+_06-frt-1006_01-rep_00-n_00-n_00-n_00-n_00-n_00-n;1006;0;41716;0;N;531189;N;5;3026;0;R_PH_PL_2;20140318xTue;5_Hořovice;Středočeský kraj;h00;2;70
02-o2_01-ver_02-vis_03-lau2_07-day_05-300+_06-frt-1006_01-rep_00-n_00-n_00-n_00-n_00-n_00-n;1006;0;41716;0;N;532011;N;4;3026;0;R_PH_PL_2;20140318xTue;4_Zdice;Středočeský kraj;h00;35;97
02-o2_01-ver_02-vis_03-lau2_07-day_05-300+_06-frt-1006_01-rep_00-n_00-n_00-n_00-n_00-n_00-n;1006;0;41716;0;N;539856;N;2;3026;0;R_PH_PL_2;20140318xTue;2_Všenory;Středočeský kraj;h00;0;40
02-o2_01-ver_02-vis_03-lau2_07-day_05-300+_06-frt-1006_01-rep_00-n_00-n_00-n_00-n_00-n_00-n;1006;0;41716;0;N;554782;N;1;3018;0;R_PH_PL_2;20140318xTue;1_Praha;Hlavní město Praha;h00;693;0
02-o2_01-ver_02-vis_03-lau2_07-day_05-300+_06-frt-1006_01-rep_00-n_00-n_00-n_00-n_00-n_00-n;1006;0;41716;0;N;554791;N;8;3042;0;R_PH_PL_2;20140318xTue;8_Plzeň;Plzeňský kraj;h00;0;890
02-o2_01-ver_02-vis_03-lau2_07-day_05-300+_06-frt-1006_01-rep_00-n_00-n_00-n_00-n_00-n_00-n;1006;0;41716;0;N;559717;N;7;3042;0;R_PH_PL_2;20140318xTue;7_Rokycany;Plzeňský kraj;h00;671;39
02-o2_01-ver_02-vis_03-lau2_07-day_05-300+_06-frt-1006_01-rep_00-n_00-n_00-n_00-n_00-n_00-n;1006;0;41716;0;N;559903;N;6;3042;0;R_PH_PL_2;20140318xTue;6_Kařez;Plzeňský kraj;h00;48;1
02-o2_01-ver_02-vis_03-lau2_07-day_05-300+_06-frt-1006_01-rep_00-n_00-n_00-n_00-n_00-n_00-n;1006;0;41717;0;N;531057;N;3;3026;0;R_PH_PL_2;20140319xWed;3_Beroun;Středočeský kraj;h00;161;333
02-o2_01-ver_02-vis_03-lau2_07-day_05-300+_06-frt-1006_01-rep_00-n_00-n_00-n_00-n_00-n_00-n;1006;0;41717;0;N;531189;N;5;3026;0;R_PH_PL_2;20140319xWed;5_Hořovice;Středočeský kraj;h00;11;47
02-o2_01-ver_02-vis_03-lau2_07-day_05-300+_06-frt-1006_01-rep_00-n_00-n_00-n_00-n_00-n_00-n;1006;0;41717;0;N;532011;N;4;3026;0;R_PH_PL_2;20140319xWed;4_Zdice;Středočeský kraj;h00;24;129
02-o2_01-ver_02-vis_03-lau2_07-day_05-300+_06-frt-1006_01-rep_00-n_00-n_00-n_00-n_00-n_00-n;1006;0;41717;0;N;539856;N;2;3026;0;R_PH_PL_2;20140319xWed;2_Všenory;Středočeský kraj;h00;0;48
02-o2_01-ver_02-vis_03-lau2_07-day_05-300+_06-frt-1006_01-rep_00-n_00-n_00-n_00-n_00-n_00-n;1006;0;41717;0;N;554782;N;1;3018;0;R_PH_PL_2;20140319xWed;1_Praha;Hlavní město Praha;h00;721;0
02-o2_01-ver_02-vis_03-lau2_07-day_05-300+_06-frt-1006_01-rep_00-n_00-n_00-n_00-n_00-n_00-n;1006;0;41717;0;N;554791;N;8;3042;0;R_PH_PL_2;20140319xWed;8_Plzeň;Plzeňský kraj;h00;0;1235
02-o2_01-ver_02-vis_03-lau2_07-day_05-300+_06-frt-1006_01-rep_00-n_00-n_00-n_00-n_00-n_00-n;1006;0;41717;0;N;559717;N;7;3042;0;R_PH_PL_2;20140319xWed;7_Rokycany;Plzeňský kraj;h00;877;35
02-o2_01-ver_02-vis_03-lau2_07-day_05-300+_06-frt-1006_01-rep_00-n_00-n_00-n_00-n_00-n_00-n;1006;0;41717;0;N;559903;N;6;3042;0;R_PH_PL_2;20140319xWed;6_Kařez;Plzeňský kraj;h00;42;9
02-o2_01-ver_02-vis_03-lau2_07-day_05-300+_06-frt-1006_01-rep_00-n_00-n_00-n_00-n_00-n_00-n;1006;0;41718;0;N;531057;N;3;3026;0;R_PH_PL_2;20140320xThu;3_Beroun;Středočeský kraj;h00;112;362
02-o2_01-ver_02-vis_03-lau2_07-day_05-300+_06-frt-1006_01-rep_00-n_00-n_00-n_00-n_00-n_00-n;1006;0;41718;0;N;531189;N;5;3026;0;R_PH_PL_2;20140320xThu;5_Hořovice;Středočeský kraj;h00;32;49
02-o2_01-ver_02-vis_03-lau2_07-day_05-300+_06-frt-1006_01-rep_00-n_00-n_00-n_00-n_00-n_00-n;1006;0;41718;0;N;532011;N;4;3026;0;R_PH_PL_2;20140320xThu;4_Zdice;Středočeský kraj;h00;24;91
02-o2_01-ver_02-vis_03-lau2_07-day_05-300+_06-frt-1006_01-rep_00-n_00-n_00-n_00-n_00-n_00-n;1006;0;41718;0;N;539856;N;2;3026;0;R_PH_PL_2;20140320xThu;2_Všenory;Středočeský kraj;h00;0;70
02-o2_01-ver_02-vis_03-lau2_07-day_05-300+_06-frt-1006_01-rep_00-n_00-n_00-n_00-n_00-n_00-n;1006;0;41718;0;N;554782;N;1;3018;0;R_PH_PL_2;20140320xThu;1_Praha;Hlavní město Praha;h00;709;0
02-o2_01-ver_02-vis_03-lau2_07-day_05-300+_06-frt-1006_01-rep_00-n_00-n_00-n_00-n_00-n_00-n;1006;0;41718;0;N;554791;N;8;3042;0;R_PH_PL_2;20140320xThu;8_Plzeň;Plzeňský kraj;h00;0;1216
02-o2_01-ver_02-vis_03-lau2_07-day_05-300+_06-frt-1006_01-rep_00-n_00-n_00-n_00-n_00-n_00-n;1006;0;41718;0;N;559717;N;7;3042;0;R_PH_PL_2;20140320xThu;7_Rokycany;Plzeňský kraj;h00;945;38
02-o2_01-ver_02-vis_03-lau2_07-day_05-300+_06-frt-1006_01-rep_00-n_00-n_00-n_00-n_00-n_00-n;1006;0;41718;0;N;559903;N;6;3042;0;R_PH_PL_2;20140320xThu;6_Kařez;Plzeňský kraj;h00;13;9
02-o2_01-ver_02-vis_03-lau2_07-day_05-300+_06-frt-1006_01-rep_00-n_00-n_00-n_00-n_00-n_00-n;1006;0;41719;0;N;531057;N;3;3026;0;R_PH_PL_2;20140321xFri;3_Beroun;Středočeský kraj;h00;50;313
02-o2_01-ver_02-vis_03-lau2_07-day_05-300+_06-frt-1006_01-rep_00-n_00-n_00-n_00-n_00-n_00-n;1006;0;41719;0;N;531189;N;5;3026;0;R_PH_PL_2;20140321xFri;5_Hořovice;Středočeský kraj;h00;10;8
02-o2_01-ver_02-vis_03-lau2_07-day_05-300+_06-frt-1006_01-rep_00-n_00-n_00-n_00-n_00-n_00-n;1006;0;41719;0;N;532011;N;4;3026;0;R_PH_PL_2;20140321xFri;4_Zdice;Středočeský kraj;h00;8;49
02-o2_01-ver_02-vis_03-lau2_07-day_05-300+_06-frt-1006_01-rep_00-n_00-n_00-n_00-n_00-n_00-n;1006;0;41719;0;N;539856;N;2;3026;0;R_PH_PL_2;20140321xFri;2_Všenory;Středočeský kraj;h00;0;46
02-o2_01-ver_02-vis_03-lau2_07-day_05-300+_06-frt-1006_01-rep_00-n_00-n_00-n_00-n_00-n_00-n;1006;0;41719;0;N;554782;N;1;3018;0;R_PH_PL_2;20140321xFri;1_Praha;Hlavní město Praha;h00;486;0
02-o2_01-ver_02-vis_03-lau2_07-day_05-300+_06-frt-1006_01-rep_00-n_00-n_00-n_00-n_00-n_00-n;1006;0;41719;0;N;554791;N;8;3042;0;R_PH_PL_2;20140321xFri;8_Plzeň;Plzeňský kraj;h00;0;639
02-o2_01-ver_02-vis_03-lau2_07-day_05-300+_06-frt-1006_01-rep_00-n_00-n_00-n_00-n_00-n_00-n;1006;0;41719;0;N;559717;N;7;3042;0;R_PH_PL_2;20140321xFri;7_Rokycany;Plzeňský kraj;h00;509;24
02-o2_01-ver_02-vis_03-lau2_07-day_05-300+_06-frt-1006_01-rep_00-n_00-n_00-n_00-n_00-n_00-n;1006;0;41719;0;N;559903;N;6;3042;0;R_PH_PL_2;20140321xFri;6_Kařez;Plzeňský kraj;h00;22;6
02-o2_01-ver_02-vis_03-lau2_07-day_05-300+_06-frt-1006_01-rep_00-n_00-n_00-n_00-n_00-n_00-n;1006;0;41720;0;N;531057;N;3;3026;0;R_PH_PL_2;20140322xSat;3_Beroun;Středočeský kraj;h00;31;385
02-o2_01-ver_02-vis_03-lau2_07-day_05-300+_06-frt-1006_01-rep_00-n_00-n_00-n_00-n_00-n_00-n;1006;0;41720;0;N;531189;N;5;3026;0;R_PH_PL_2;20140322xSat;5_Hořovice;Středočeský kraj;h00;10;10
02-o2_01-ver_02-vis_03-lau2_07-day_05-300+_06-frt-1006_01-rep_00-n_00-n_00-n_00-n_00-n_00-n;1006;0;41720;0;N;532011;N;4;3026;0;R_PH_PL_2;20140322xSat;4_Zdice;Středočeský kraj;h00;9;25
02-o2_01-ver_02-vis_03-lau2_07-day_05-300+_06-frt-1006_01-rep_00-n_00-n_00-n_00-n_00-n_00-n;1006;0;41720;0;N;539856;N;2;3026;0;R_PH_PL_2;20140322xSat;2_Všenory;Středočeský kraj;h00;0;78
02-o2_01-ver_02-vis_03-lau2_07-day_05-300+_06-frt-1006_01-rep_00-n_00-n_00-n_00-n_00-n_00-n;1006;0;41720;0;N;554782;N;1;3018;0;R_PH_PL_2;20140322xSat;1_Praha;Hlavní město Praha;h00;584;0
02-o2_01-ver_02-vis_03-lau2_07-day_05-300+_06-frt-1006_01-rep_00-n_00-n_00-n_00-n_00-n_00-n;1006;0;41720;0;N;554791;N;8;3042;0;R_PH_PL_2;20140322xSat;8_Plzeň;Plzeňský kraj;h00;0;221
02-o2_01-ver_02-vis_03-lau2_07-day_05-300+_06-frt-1006_01-rep_00-n_00-n_00-n_00-n_00-n_00-n;1006;0;41720;0;N;559717;N;7;3042;0;R_PH_PL_2;20140322xSat;7_Rokycany;Plzeňský kraj;h00;101;12
02-o2_01-ver_02-vis_03-lau2_07-day_05-300+_06-frt-1006_01-rep_00-n_00-n_00-n_00-n_00-n_00-n;1006;0;41720;0;N;559903;N;6;3042;0;R_PH_PL_2;20140322xSat;6_Kařez;Plzeňský kraj;h00;6;10
02-o2_01-ver_02-vis_03-lau2_07-day_05-300+_06-frt-1006_01-rep_00-n_00-n_00-n_00-n_00-n_00-n;1006;0;41721;0;N;531057;N;3;3026;0;R_PH_PL_2;20140323xSun;3_Beroun;Středočeský kraj;h00;37;161
02-o2_01-ver_02-vis_03-lau2_07-day_05-300+_06-frt-1006_01-rep_00-n_00-n_00-n_00-n_00-n_00-n;1006;0;41721;0;N;531189;N;5;3026;0;R_PH_PL_2;20140323xSun;5_Hořovice;Středočeský kraj;h00;1;12
02-o2_01-ver_02-vis_03-lau2_07-day_05-300+_06-frt-1006_01-rep_00-n_00-n_00-n_00-n_00-n_00-n;1006;0;41721;0;N;532011;N;4;3026;0;R_PH_PL_2;20140323xSun;4_Zdice;Středočeský kraj;h00;2;32
02-o2_01-ver_02-vis_03-lau2_07-day_05-300+_06-frt-1006_01-rep_00-n_00-n_00-n_00-n_00-n_00-n;1006;0;41721;0;N;539856;N;2;3026;0;R_PH_PL_2;20140323xSun;2_Všenory;Středočeský kraj;h00;0;18
02-o2_01-ver_02-vis_03-lau2_07-day_05-300+_06-frt-1006_01-rep_00-n_00-n_00-n_00-n_00-n_00-n;1006;0;41721;0;N;554782;N;1;3018;0;R_PH_PL_2;20140323xSun;1_Praha;Hlavní město Praha;h00;224;0
02-o2_01-ver_02-vis_03-lau2_07-day_05-300+_06-frt-1006_01-rep_00-n_00-n_00-n_00-n_00-n_00-n;1006;0;41721;0;N;554791;N;8;3042;0;R_PH_PL_2;20140323xSun;8_Plzeň;Plzeňský kraj;h00;0;118
02-o2_01-ver_02-vis_03-lau2_07-day_05-300+_06-frt-1006_01-rep_00-n_00-n_00-n_00-n_00-n_00-n;1006;0;41721;0;N;559717;N;7;3042;0;R_PH_PL_2;20140323xSun;7_Rokycany;Plzeňský kraj;h00;80;7
02-o2_01-ver_02-vis_03-lau2_07-day_05-300+_06-frt-1006_01-rep_00-n_00-n_00-n_00-n_00-n_00-n;1006;0;41721;0;N;559903;N;6;3042;0;R_PH_PL_2;20140323xSun;6_Kařez;Plzeňský kraj;h00;5;1
02-o2_01-ver_02-vis_03-lau2_07-day_05-300+_06-frt-1006_01-rep_00-n_00-n_00-n_00-n_00-n_00-n;1006;0;41722;0;N;531057;N;3;3026;0;R_PH_PL_2;20140324xMon;3_Beroun;Středočeský kraj;h00;87;390
02-o2_01-ver_02-vis_03-lau2_07-day_05-300+_06-frt-1006_01-rep_00-n_00-n_00-n_00-n_00-n_00-n;1006;0;41722;0;N;531189;N;5;3026;0;R_PH_PL_2;20140324xMon;5_Hořovice;Středočeský kraj;h00;13;19
02-o2_01-ver_02-vis_03-lau2_07-day_05-300+_06-frt-1006_01-rep_00-n_00-n_00-n_00-n_00-n_00-n;1006;0;41722;0;N;532011;N;4;3026;0;R_PH_PL_2;20140324xMon;4_Zdice;Středočeský kraj;h00;32;82
02-o2_01-ver_02-vis_03-lau2_07-day_05-300+_06-frt-1006_01-rep_00-n_00-n_00-n_00-n_00-n_00-n;1006;0;41722;0;N;539856;N;2;3026;0;R_PH_PL_2;20140324xMon;2_Všenory;Středočeský kraj;h00;11;46
02-o2_01-ver_02-vis_03-lau2_07-day_05-300+_06-frt-1006_01-rep_00-n_00-n_00-n_00-n_00-n_00-n;1006;0;41722;0;N;554782;N;1;3018;0;R_PH_PL_2;20140324xMon;1_Praha;Hlavní město Praha;h00;636;0
02-o2_01-ver_02-vis_03-lau2_07-day_05-300+_06-frt-1006_01-rep_00-n_00-n_00-n_00-n_00-n_00-n;1006;0;41722;0;N;554791;N;8;3042;0;R_PH_PL_2;20140324xMon;8_Plzeň;Plzeňský kraj;h00;0;1068
02-o2_01-ver_02-vis_03-lau2_07-day_05-300+_06-frt-1006_01-rep_00-n_00-n_00-n_00-n_00-n_00-n;1006;0;41722;0;N;559717;N;7;3042;0;R_PH_PL_2;20140324xMon;7_Rokycany;Plzeňský kraj;h00;829;33
02-o2_01-ver_02-vis_03-lau2_07-day_05-300+_06-frt-1006_01-rep_00-n_00-n_00-n_00-n_00-n_00-n;1006;0;41722;0;N;559903;N;6;3042;0;R_PH_PL_2;20140324xMon;6_Kařez;Plzeňský kraj;h00;38;8
02-o2_01-ver_02-vis_03-lau2_07-day_05-300+_06-frt-1006_01-rep_00-n_00-n_00-n_00-n_00-n_00-n;1006;0;41723;0;N;531057;N;3;3026;0;R_PH_PL_2;20140325xTue;3_Beroun;Středočeský kraj;h00;101;347
02-o2_01-ver_02-vis_03-lau2_07-day_05-300+_06-frt-1006_01-rep_00-n_00-n_00-n_00-n_00-n_00-n;1006;0;41723;0;N;531189;N;5;3026;0;R_PH_PL_2;20140325xTue;5_Hořovice;Středočeský kraj;h00;18;25
02-o2_01-ver_02-vis_03-lau2_07-day_05-300+_06-frt-1006_01-rep_00-n_00-n_00-n_00-n_00-n_00-n;1006;0;41723;0;N;532011;N;4;3026;0;R_PH_PL_2;20140325xTue;4_Zdice;Středočeský kraj;h00;21;81
02-o2_01-ver_02-vis_03-lau2_07-day_05-300+_06-frt-1006_01-rep_00-n_00-n_00-n_00-n_00-n_00-n;1006;0;41723;0;N;539856;N;2;3026;0;R_PH_PL_2;20140325xTue;2_Všenory;Středočeský kraj;h00;0;89
02-o2_01-ver_02-vis_03-lau2_07-day_05-300+_06-frt-1006_01-rep_00-n_00-n_00-n_00-n_00-n_00-n;1006;0;41723;0;N;554782;N;1;3018;0;R_PH_PL_2;20140325xTue;1_Praha;Hlavní město Praha;h00;715;0
02-o2_01-ver_02-vis_03-lau2_07-day_05-300+_06-frt-1006_01-rep_00-n_00-n_00-n_00-n_00-n_00-n;1006;0;41723;0;N;554791;N;8;3042;0;R_PH_PL_2;20140325xTue;8_Plzeň;Plzeňský kraj;h00;0;1124
02-o2_01-ver_02-vis_03-lau2_07-day_05-300+_06-frt-1006_01-rep_00-n_00-n_00-n_00-n_00-n_00-n;1006;0;41723;0;N;559717;N;7;3042;0;R_PH_PL_2;20140325xTue;7_Rokycany;Plzeňský kraj;h00;826;38
02-o2_01-ver_02-vis_03-lau2_07-day_05-300+_06-frt-1006_01-rep_00-n_00-n_00-n_00-n_00-n_00-n;1006;0;41723;0;N;559903;N;6;3042;0;R_PH_PL_2;20140325xTue;6_Kařez;Plzeňský kraj;h00;25;2
02-o2_01-ver_02-vis_03-lau2_07-day_05-300+_06-frt-1006_01-rep_00-n_00-n_00-n_00-n_00-n_00-n;1006;0;41724;0;N;531057;N;3;3026;0;R_PH_PL_2;20140326xWed;3_Beroun;Středočeský kraj;h00;83;373
02-o2_01-ver_02-vis_03-lau2_07-day_05-300+_06-frt-1006_01-rep_00-n_00-n_00-n_00-n_00-n_00-n;1006;0;41724;0;N;531189;N;5;3026;0;R_PH_PL_2;20140326xWed;5_Hořovice;Středočeský kraj;h00;13;37
02-o2_01-ver_02-vis_03-lau2_07-day_05-300+_06-frt-1006_01-rep_00-n_00-n_00-n_00-n_00-n_00-n;1006;0;41724;0;N;532011;N;4;3026;0;R_PH_PL_2;20140326xWed;4_Zdice;Středočeský kraj;h00;32;85
02-o2_01-ver_02-vis_03-lau2_07-day_05-300+_06-frt-1006_01-rep_00-n_00-n_00-n_00-n_00-n_00-n;1006;0;41724;0;N;539856;N;2;3026;0;R_PH_PL_2;20140326xWed;2_Všenory;Středočeský kraj;h00;0;61
02-o2_01-ver_02-vis_03-lau2_07-day_05-300+_06-frt-1006_01-rep_00-n_00-n_00-n_00-n_00-n_00-n;1006;0;41724;0;N;554782;N;1;3018;0;R_PH_PL_2;20140326xWed;1_Praha;Hlavní město Praha;h00;669;0
02-o2_01-ver_02-vis_03-lau2_07-day_05-300+_06-frt-1006_01-rep_00-n_00-n_00-n_00-n_00-n_00-n;1006;0;41724;0;N;554791;N;8;3042;0;R_PH_PL_2;20140326xWed;8_Plzeň;Plzeňský kraj;h00;0;1106
02-o2_01-ver_02-vis_03-lau2_07-day_05-300+_06-frt-1006_01-rep_00-n_00-n_00-n_00-n_00-n_00-n;1006;0;41724;0;N;559717;N;7;3042;0;R_PH_PL_2;20140326xWed;7_Rokycany;Plzeňský kraj;h00;886;37
02-o2_01-ver_02-vis_03-lau2_07-day_05-300+_06-frt-1006_01-rep_00-n_00-n_00-n_00-n_00-n_00-n;1006;0;41724;0;N;559903;N;6;3042;0;R_PH_PL_2;20140326xWed;6_Kařez;Plzeňský kraj;h00;25;9
