02-o2_02-edg_04-pot_03-lau2_07-day_03-60_03-frt-1003_01-sng_00-n_00-n_00-n_00-n_00-n_00-n;1003;0;41715;0;N;554961;555398;1;3051;0;OS_KV-PO_2;20140317xMon;01_Karlovy Vary_Nová Role;Karlovarský kraj;h00;1417;N
02-o2_02-edg_04-pot_03-lau2_07-day_03-60_03-frt-1003_01-sng_00-n_00-n_00-n_00-n_00-n_00-n;1003;0;41715;0;N;555398;555380;2;3051;0;OS_KV-PO_2;20140317xMon;02_Nová Role_Nejdek;Karlovarský kraj;h00;623;N
02-o2_02-edg_04-pot_03-lau2_07-day_03-60_03-frt-1003_01-sng_00-n_00-n_00-n_00-n_00-n_00-n;1003;0;41715;0;N;555380;506494;3;3051;0;OS_KV-PO_2;20140317xMon;03_Nejdek_Nové Hamry;Karlovarský kraj;h00;209;N
02-o2_02-edg_04-pot_03-lau2_07-day_03-60_03-frt-1003_01-sng_00-n_00-n_00-n_00-n_00-n_00-n;1003;0;41715;0;N;506494;555452;4;3051;0;OS_KV-PO_2;20140317xMon;04_Nové Hamry_Pernink;Karlovarský kraj;h00;91;N
02-o2_02-edg_04-pot_03-lau2_07-day_03-60_03-frt-1003_01-sng_00-n_00-n_00-n_00-n_00-n_00-n;1003;0;41715;0;N;555452;555169;5;3051;0;OS_KV-PO_2;20140317xMon;05_Pernink_Horní Blatná;Karlovarský kraj;h00;95;N
02-o2_02-edg_04-pot_03-lau2_07-day_03-60_03-frt-1003_01-sng_00-n_00-n_00-n_00-n_00-n_00-n;1003;0;41715;0;N;555169;555479;6;3051;0;OS_KV-PO_2;20140317xMon;06_Horní Blatná_Potůčky;Karlovarský kraj;h00;79;N
02-o2_02-edg_04-pot_03-lau2_07-day_03-60_03-frt-1003_01-sng_00-n_00-n_00-n_00-n_00-n_00-n;1003;0;41720;0;N;554961;555398;1;3051;0;OS_KV-PO_2;20140322xSat;01_Karlovy Vary_Nová Role;Karlovarský kraj;h00;1077;N
02-o2_02-edg_04-pot_03-lau2_07-day_03-60_03-frt-1003_01-sng_00-n_00-n_00-n_00-n_00-n_00-n;1003;0;41720;0;N;555398;555380;2;3051;0;OS_KV-PO_2;20140322xSat;02_Nová Role_Nejdek;Karlovarský kraj;h00;489;N
02-o2_02-edg_04-pot_03-lau2_07-day_03-60_03-frt-1003_01-sng_00-n_00-n_00-n_00-n_00-n_00-n;1003;0;41720;0;N;555380;506494;3;3051;0;OS_KV-PO_2;20140322xSat;03_Nejdek_Nové Hamry;Karlovarský kraj;h00;205;N
02-o2_02-edg_04-pot_03-lau2_07-day_03-60_03-frt-1003_01-sng_00-n_00-n_00-n_00-n_00-n_00-n;1003;0;41720;0;N;506494;555452;4;3051;0;OS_KV-PO_2;20140322xSat;04_Nové Hamry_Pernink;Karlovarský kraj;h00;96;N
02-o2_02-edg_04-pot_03-lau2_07-day_03-60_03-frt-1003_01-sng_00-n_00-n_00-n_00-n_00-n_00-n;1003;0;41720;0;N;555452;555169;5;3051;0;OS_KV-PO_2;20140322xSat;05_Pernink_Horní Blatná;Karlovarský kraj;h00;107;N
02-o2_02-edg_04-pot_03-lau2_07-day_03-60_03-frt-1003_01-sng_00-n_00-n_00-n_00-n_00-n_00-n;1003;0;41720;0;N;555169;555479;6;3051;0;OS_KV-PO_2;20140322xSat;06_Horní Blatná_Potůčky;Karlovarský kraj;h00;105;N
02-o2_02-edg_04-pot_03-lau2_07-day_03-60_03-frt-1003_01-sng_00-n_00-n_00-n_00-n_00-n_00-n;1003;0;41718;0;N;554961;555398;1;3051;0;OS_KV-PO_2;20140320xThu;01_Karlovy Vary_Nová Role;Karlovarský kraj;h00;1779;N
02-o2_02-edg_04-pot_03-lau2_07-day_03-60_03-frt-1003_01-sng_00-n_00-n_00-n_00-n_00-n_00-n;1003;0;41718;0;N;555398;555380;2;3051;0;OS_KV-PO_2;20140320xThu;02_Nová Role_Nejdek;Karlovarský kraj;h00;802;N
02-o2_02-edg_04-pot_03-lau2_07-day_03-60_03-frt-1003_01-sng_00-n_00-n_00-n_00-n_00-n_00-n;1003;0;41718;0;N;555380;506494;3;3051;0;OS_KV-PO_2;20140320xThu;03_Nejdek_Nové Hamry;Karlovarský kraj;h00;295;N
02-o2_02-edg_04-pot_03-lau2_07-day_03-60_03-frt-1003_01-sng_00-n_00-n_00-n_00-n_00-n_00-n;1003;0;41718;0;N;506494;555452;4;3051;0;OS_KV-PO_2;20140320xThu;04_Nové Hamry_Pernink;Karlovarský kraj;h00;121;N
02-o2_02-edg_04-pot_03-lau2_07-day_03-60_03-frt-1003_01-sng_00-n_00-n_00-n_00-n_00-n_00-n;1003;0;41718;0;N;555452;555169;5;3051;0;OS_KV-PO_2;20140320xThu;05_Pernink_Horní Blatná;Karlovarský kraj;h00;141;N
02-o2_02-edg_04-pot_03-lau2_07-day_03-60_03-frt-1003_01-sng_00-n_00-n_00-n_00-n_00-n_00-n;1003;0;41718;0;N;555169;555479;6;3051;0;OS_KV-PO_2;20140320xThu;06_Horní Blatná_Potůčky;Karlovarský kraj;h00;133;N
02-o2_02-edg_04-pot_03-lau2_07-day_03-60_03-frt-1003_01-sng_00-n_00-n_00-n_00-n_00-n_00-n;1003;0;41714;0;N;554961;555398;1;3051;0;OS_KV-PO_2;20140316xSun;01_Karlovy Vary_Nová Role;Karlovarský kraj;h00;530;N
02-o2_02-edg_04-pot_03-lau2_07-day_03-60_03-frt-1003_01-sng_00-n_00-n_00-n_00-n_00-n_00-n;1003;0;41714;0;N;555398;555380;2;3051;0;OS_KV-PO_2;20140316xSun;02_Nová Role_Nejdek;Karlovarský kraj;h00;262;N
02-o2_02-edg_04-pot_03-lau2_07-day_03-60_03-frt-1003_01-sng_00-n_00-n_00-n_00-n_00-n_00-n;1003;0;41714;0;N;555380;506494;3;3051;0;OS_KV-PO_2;20140316xSun;03_Nejdek_Nové Hamry;Karlovarský kraj;h00;111;N
02-o2_02-edg_04-pot_03-lau2_07-day_03-60_03-frt-1003_01-sng_00-n_00-n_00-n_00-n_00-n_00-n;1003;0;41714;0;N;506494;555452;4;3051;0;OS_KV-PO_2;20140316xSun;04_Nové Hamry_Pernink;Karlovarský kraj;h00;69;N
02-o2_02-edg_04-pot_03-lau2_07-day_03-60_03-frt-1003_01-sng_00-n_00-n_00-n_00-n_00-n_00-n;1003;0;41714;0;N;555452;555169;5;3051;0;OS_KV-PO_2;20140316xSun;05_Pernink_Horní Blatná;Karlovarský kraj;h00;78;N
02-o2_02-edg_04-pot_03-lau2_07-day_03-60_03-frt-1003_01-sng_00-n_00-n_00-n_00-n_00-n_00-n;1003;0;41714;0;N;555169;555479;6;3051;0;OS_KV-PO_2;20140316xSun;06_Horní Blatná_Potůčky;Karlovarský kraj;h00;87;N
02-o2_02-edg_04-pot_03-lau2_07-day_03-60_03-frt-1003_01-sng_00-n_00-n_00-n_00-n_00-n_00-n;1003;0;41723;0;N;554961;555398;1;3051;0;OS_KV-PO_2;20140325xTue;01_Karlovy Vary_Nová Role;Karlovarský kraj;h00;1402;N
02-o2_02-edg_04-pot_03-lau2_07-day_03-60_03-frt-1003_01-sng_00-n_00-n_00-n_00-n_00-n_00-n;1003;0;41723;0;N;555398;555380;2;3051;0;OS_KV-PO_2;20140325xTue;02_Nová Role_Nejdek;Karlovarský kraj;h00;629;N
02-o2_02-edg_04-pot_03-lau2_07-day_03-60_03-frt-1003_01-sng_00-n_00-n_00-n_00-n_00-n_00-n;1003;0;41723;0;N;555380;506494;3;3051;0;OS_KV-PO_2;20140325xTue;03_Nejdek_Nové Hamry;Karlovarský kraj;h00;228;N
02-o2_02-edg_04-pot_03-lau2_07-day_03-60_03-frt-1003_01-sng_00-n_00-n_00-n_00-n_00-n_00-n;1003;0;41723;0;N;506494;555452;4;3051;0;OS_KV-PO_2;20140325xTue;04_Nové Hamry_Pernink;Karlovarský kraj;h00;97;N
02-o2_02-edg_04-pot_03-lau2_07-day_03-60_03-frt-1003_01-sng_00-n_00-n_00-n_00-n_00-n_00-n;1003;0;41723;0;N;555452;555169;5;3051;0;OS_KV-PO_2;20140325xTue;05_Pernink_Horní Blatná;Karlovarský kraj;h00;127;N
02-o2_02-edg_04-pot_03-lau2_07-day_03-60_03-frt-1003_01-sng_00-n_00-n_00-n_00-n_00-n_00-n;1003;0;41723;0;N;555169;555479;6;3051;0;OS_KV-PO_2;20140325xTue;06_Horní Blatná_Potůčky;Karlovarský kraj;h00;126;N
02-o2_02-edg_04-pot_03-lau2_07-day_03-60_03-frt-1003_01-sng_00-n_00-n_00-n_00-n_00-n_00-n;1003;0;41717;0;N;554961;555398;1;3051;0;OS_KV-PO_2;20140319xWed;01_Karlovy Vary_Nová Role;Karlovarský kraj;h00;1747;N
02-o2_02-edg_04-pot_03-lau2_07-day_03-60_03-frt-1003_01-sng_00-n_00-n_00-n_00-n_00-n_00-n;1003;0;41717;0;N;555398;555380;2;3051;0;OS_KV-PO_2;20140319xWed;02_Nová Role_Nejdek;Karlovarský kraj;h00;785;N
02-o2_02-edg_04-pot_03-lau2_07-day_03-60_03-frt-1003_01-sng_00-n_00-n_00-n_00-n_00-n_00-n;1003;0;41717;0;N;555380;506494;3;3051;0;OS_KV-PO_2;20140319xWed;03_Nejdek_Nové Hamry;Karlovarský kraj;h00;317;N
02-o2_02-edg_04-pot_03-lau2_07-day_03-60_03-frt-1003_01-sng_00-n_00-n_00-n_00-n_00-n_00-n;1003;0;41717;0;N;506494;555452;4;3051;0;OS_KV-PO_2;20140319xWed;04_Nové Hamry_Pernink;Karlovarský kraj;h00;131;N
02-o2_02-edg_04-pot_03-lau2_07-day_03-60_03-frt-1003_01-sng_00-n_00-n_00-n_00-n_00-n_00-n;1003;0;41717;0;N;555452;555169;5;3051;0;OS_KV-PO_2;20140319xWed;05_Pernink_Horní Blatná;Karlovarský kraj;h00;143;N
02-o2_02-edg_04-pot_03-lau2_07-day_03-60_03-frt-1003_01-sng_00-n_00-n_00-n_00-n_00-n_00-n;1003;0;41717;0;N;555169;555479;6;3051;0;OS_KV-PO_2;20140319xWed;06_Horní Blatná_Potůčky;Karlovarský kraj;h00;138;N
02-o2_02-edg_04-pot_03-lau2_07-day_03-60_03-frt-1003_01-sng_00-n_00-n_00-n_00-n_00-n_00-n;1003;0;41722;0;N;554961;555398;1;3051;0;OS_KV-PO_2;20140324xMon;01_Karlovy Vary_Nová Role;Karlovarský kraj;h00;1614;N
02-o2_02-edg_04-pot_03-lau2_07-day_03-60_03-frt-1003_01-sng_00-n_00-n_00-n_00-n_00-n_00-n;1003;0;41722;0;N;555398;555380;2;3051;0;OS_KV-PO_2;20140324xMon;02_Nová Role_Nejdek;Karlovarský kraj;h00;732;N
02-o2_02-edg_04-pot_03-lau2_07-day_03-60_03-frt-1003_01-sng_00-n_00-n_00-n_00-n_00-n_00-n;1003;0;41722;0;N;555380;506494;3;3051;0;OS_KV-PO_2;20140324xMon;03_Nejdek_Nové Hamry;Karlovarský kraj;h00;241;N
02-o2_02-edg_04-pot_03-lau2_07-day_03-60_03-frt-1003_01-sng_00-n_00-n_00-n_00-n_00-n_00-n;1003;0;41722;0;N;506494;555452;4;3051;0;OS_KV-PO_2;20140324xMon;04_Nové Hamry_Pernink;Karlovarský kraj;h00;112;N
02-o2_02-edg_04-pot_03-lau2_07-day_03-60_03-frt-1003_01-sng_00-n_00-n_00-n_00-n_00-n_00-n;1003;0;41722;0;N;555452;555169;5;3051;0;OS_KV-PO_2;20140324xMon;05_Pernink_Horní Blatná;Karlovarský kraj;h00;123;N
02-o2_02-edg_04-pot_03-lau2_07-day_03-60_03-frt-1003_01-sng_00-n_00-n_00-n_00-n_00-n_00-n;1003;0;41722;0;N;555169;555479;6;3051;0;OS_KV-PO_2;20140324xMon;06_Horní Blatná_Potůčky;Karlovarský kraj;h00;133;N
02-o2_02-edg_04-pot_03-lau2_07-day_03-60_03-frt-1003_01-sng_00-n_00-n_00-n_00-n_00-n_00-n;1003;0;41713;0;N;554961;555398;1;3051;0;OS_KV-PO_2;20140315xSat;01_Karlovy Vary_Nová Role;Karlovarský kraj;h00;985;N
02-o2_02-edg_04-pot_03-lau2_07-day_03-60_03-frt-1003_01-sng_00-n_00-n_00-n_00-n_00-n_00-n;1003;0;41713;0;N;555398;555380;2;3051;0;OS_KV-PO_2;20140315xSat;02_Nová Role_Nejdek;Karlovarský kraj;h00;480;N
02-o2_02-edg_04-pot_03-lau2_07-day_03-60_03-frt-1003_01-sng_00-n_00-n_00-n_00-n_00-n_00-n;1003;0;41713;0;N;555380;506494;3;3051;0;OS_KV-PO_2;20140315xSat;03_Nejdek_Nové Hamry;Karlovarský kraj;h00;181;N
02-o2_02-edg_04-pot_03-lau2_07-day_03-60_03-frt-1003_01-sng_00-n_00-n_00-n_00-n_00-n_00-n;1003;0;41713;0;N;506494;555452;4;3051;0;OS_KV-PO_2;20140315xSat;04_Nové Hamry_Pernink;Karlovarský kraj;h00;102;N
02-o2_02-edg_04-pot_03-lau2_07-day_03-60_03-frt-1003_01-sng_00-n_00-n_00-n_00-n_00-n_00-n;1003;0;41713;0;N;555452;555169;5;3051;0;OS_KV-PO_2;20140315xSat;05_Pernink_Horní Blatná;Karlovarský kraj;h00;107;N
02-o2_02-edg_04-pot_03-lau2_07-day_03-60_03-frt-1003_01-sng_00-n_00-n_00-n_00-n_00-n_00-n;1003;0;41713;0;N;555169;555479;6;3051;0;OS_KV-PO_2;20140315xSat;06_Horní Blatná_Potůčky;Karlovarský kraj;h00;105;N
02-o2_02-edg_04-pot_03-lau2_07-day_03-60_03-frt-1003_01-sng_00-n_00-n_00-n_00-n_00-n_00-n;1003;0;41711;0;N;554961;555398;1;3051;0;OS_KV-PO_2;20140313xThu;01_Karlovy Vary_Nová Role;Karlovarský kraj;h00;1247;N
02-o2_02-edg_04-pot_03-lau2_07-day_03-60_03-frt-1003_01-sng_00-n_00-n_00-n_00-n_00-n_00-n;1003;0;41711;0;N;555398;555380;2;3051;0;OS_KV-PO_2;20140313xThu;02_Nová Role_Nejdek;Karlovarský kraj;h00;608;N
02-o2_02-edg_04-pot_03-lau2_07-day_03-60_03-frt-1003_01-sng_00-n_00-n_00-n_00-n_00-n_00-n;1003;0;41711;0;N;555380;506494;3;3051;0;OS_KV-PO_2;20140313xThu;03_Nejdek_Nové Hamry;Karlovarský kraj;h00;248;N
02-o2_02-edg_04-pot_03-lau2_07-day_03-60_03-frt-1003_01-sng_00-n_00-n_00-n_00-n_00-n_00-n;1003;0;41711;0;N;506494;555452;4;3051;0;OS_KV-PO_2;20140313xThu;04_Nové Hamry_Pernink;Karlovarský kraj;h00;131;N
02-o2_02-edg_04-pot_03-lau2_07-day_03-60_03-frt-1003_01-sng_00-n_00-n_00-n_00-n_00-n_00-n;1003;0;41711;0;N;555452;555169;5;3051;0;OS_KV-PO_2;20140313xThu;05_Pernink_Horní Blatná;Karlovarský kraj;h00;127;N
02-o2_02-edg_04-pot_03-lau2_07-day_03-60_03-frt-1003_01-sng_00-n_00-n_00-n_00-n_00-n_00-n;1003;0;41711;0;N;555169;555479;6;3051;0;OS_KV-PO_2;20140313xThu;06_Horní Blatná_Potůčky;Karlovarský kraj;h00;103;N
02-o2_02-edg_04-pot_03-lau2_07-day_03-60_03-frt-1003_01-sng_00-n_00-n_00-n_00-n_00-n_00-n;1003;0;41716;0;N;554961;555398;1;3051;0;OS_KV-PO_2;20140318xTue;01_Karlovy Vary_Nová Role;Karlovarský kraj;h00;1537;N
02-o2_02-edg_04-pot_03-lau2_07-day_03-60_03-frt-1003_01-sng_00-n_00-n_00-n_00-n_00-n_00-n;1003;0;41716;0;N;555398;555380;2;3051;0;OS_KV-PO_2;20140318xTue;02_Nová Role_Nejdek;Karlovarský kraj;h00;690;N
02-o2_02-edg_04-pot_03-lau2_07-day_03-60_03-frt-1003_01-sng_00-n_00-n_00-n_00-n_00-n_00-n;1003;0;41716;0;N;555380;506494;3;3051;0;OS_KV-PO_2;20140318xTue;03_Nejdek_Nové Hamry;Karlovarský kraj;h00;247;N
02-o2_02-edg_04-pot_03-lau2_07-day_03-60_03-frt-1003_01-sng_00-n_00-n_00-n_00-n_00-n_00-n;1003;0;41716;0;N;506494;555452;4;3051;0;OS_KV-PO_2;20140318xTue;04_Nové Hamry_Pernink;Karlovarský kraj;h00;94;N
02-o2_02-edg_04-pot_03-lau2_07-day_03-60_03-frt-1003_01-sng_00-n_00-n_00-n_00-n_00-n_00-n;1003;0;41716;0;N;555452;555169;5;3051;0;OS_KV-PO_2;20140318xTue;05_Pernink_Horní Blatná;Karlovarský kraj;h00;118;N
02-o2_02-edg_04-pot_03-lau2_07-day_03-60_03-frt-1003_01-sng_00-n_00-n_00-n_00-n_00-n_00-n;1003;0;41716;0;N;555169;555479;6;3051;0;OS_KV-PO_2;20140318xTue;06_Horní Blatná_Potůčky;Karlovarský kraj;h00;106;N
02-o2_02-edg_04-pot_03-lau2_07-day_03-60_03-frt-1003_01-sng_00-n_00-n_00-n_00-n_00-n_00-n;1003;0;41712;0;N;554961;555398;1;3051;0;OS_KV-PO_2;20140314xFri;01_Karlovy Vary_Nová Role;Karlovarský kraj;h00;1646;N
02-o2_02-edg_04-pot_03-lau2_07-day_03-60_03-frt-1003_01-sng_00-n_00-n_00-n_00-n_00-n_00-n;1003;0;41712;0;N;555398;555380;2;3051;0;OS_KV-PO_2;20140314xFri;02_Nová Role_Nejdek;Karlovarský kraj;h00;756;N
02-o2_02-edg_04-pot_03-lau2_07-day_03-60_03-frt-1003_01-sng_00-n_00-n_00-n_00-n_00-n_00-n;1003;0;41712;0;N;555380;506494;3;3051;0;OS_KV-PO_2;20140314xFri;03_Nejdek_Nové Hamry;Karlovarský kraj;h00;367;N
02-o2_02-edg_04-pot_03-lau2_07-day_03-60_03-frt-1003_01-sng_00-n_00-n_00-n_00-n_00-n_00-n;1003;0;41712;0;N;506494;555452;4;3051;0;OS_KV-PO_2;20140314xFri;04_Nové Hamry_Pernink;Karlovarský kraj;h00;178;N
02-o2_02-edg_04-pot_03-lau2_07-day_03-60_03-frt-1003_01-sng_00-n_00-n_00-n_00-n_00-n_00-n;1003;0;41712;0;N;555452;555169;5;3051;0;OS_KV-PO_2;20140314xFri;05_Pernink_Horní Blatná;Karlovarský kraj;h00;167;N
02-o2_02-edg_04-pot_03-lau2_07-day_03-60_03-frt-1003_01-sng_00-n_00-n_00-n_00-n_00-n_00-n;1003;0;41712;0;N;555169;555479;6;3051;0;OS_KV-PO_2;20140314xFri;06_Horní Blatná_Potůčky;Karlovarský kraj;h00;147;N
02-o2_02-edg_04-pot_03-lau2_07-day_03-60_03-frt-1003_01-sng_00-n_00-n_00-n_00-n_00-n_00-n;1003;0;41721;0;N;554961;555398;1;3051;0;OS_KV-PO_2;20140323xSun;01_Karlovy Vary_Nová Role;Karlovarský kraj;h00;932;N
02-o2_02-edg_04-pot_03-lau2_07-day_03-60_03-frt-1003_01-sng_00-n_00-n_00-n_00-n_00-n_00-n;1003;0;41721;0;N;555398;555380;2;3051;0;OS_KV-PO_2;20140323xSun;02_Nová Role_Nejdek;Karlovarský kraj;h00;374;N
02-o2_02-edg_04-pot_03-lau2_07-day_03-60_03-frt-1003_01-sng_00-n_00-n_00-n_00-n_00-n_00-n;1003;0;41721;0;N;555380;506494;3;3051;0;OS_KV-PO_2;20140323xSun;03_Nejdek_Nové Hamry;Karlovarský kraj;h00;170;N
02-o2_02-edg_04-pot_03-lau2_07-day_03-60_03-frt-1003_01-sng_00-n_00-n_00-n_00-n_00-n_00-n;1003;0;41721;0;N;506494;555452;4;3051;0;OS_KV-PO_2;20140323xSun;04_Nové Hamry_Pernink;Karlovarský kraj;h00;82;N
02-o2_02-edg_04-pot_03-lau2_07-day_03-60_03-frt-1003_01-sng_00-n_00-n_00-n_00-n_00-n_00-n;1003;0;41721;0;N;555452;555169;5;3051;0;OS_KV-PO_2;20140323xSun;05_Pernink_Horní Blatná;Karlovarský kraj;h00;99;N
02-o2_02-edg_04-pot_03-lau2_07-day_03-60_03-frt-1003_01-sng_00-n_00-n_00-n_00-n_00-n_00-n;1003;0;41721;0;N;555169;555479;6;3051;0;OS_KV-PO_2;20140323xSun;06_Horní Blatná_Potůčky;Karlovarský kraj;h00;112;N
02-o2_02-edg_04-pot_03-lau2_07-day_03-60_03-frt-1003_01-sng_00-n_00-n_00-n_00-n_00-n_00-n;1003;0;41710;0;N;554961;555398;1;3051;0;OS_KV-PO_2;20140312xWed;01_Karlovy Vary_Nová Role;Karlovarský kraj;h00;872;N
02-o2_02-edg_04-pot_03-lau2_07-day_03-60_03-frt-1003_01-sng_00-n_00-n_00-n_00-n_00-n_00-n;1003;0;41710;0;N;555398;555380;2;3051;0;OS_KV-PO_2;20140312xWed;02_Nová Role_Nejdek;Karlovarský kraj;h00;400;N
02-o2_02-edg_04-pot_03-lau2_07-day_03-60_03-frt-1003_01-sng_00-n_00-n_00-n_00-n_00-n_00-n;1003;0;41710;0;N;555380;506494;3;3051;0;OS_KV-PO_2;20140312xWed;03_Nejdek_Nové Hamry;Karlovarský kraj;h00;146;N
02-o2_02-edg_04-pot_03-lau2_07-day_03-60_03-frt-1003_01-sng_00-n_00-n_00-n_00-n_00-n_00-n;1003;0;41710;0;N;506494;555452;4;3051;0;OS_KV-PO_2;20140312xWed;04_Nové Hamry_Pernink;Karlovarský kraj;h00;69;N
02-o2_02-edg_04-pot_03-lau2_07-day_03-60_03-frt-1003_01-sng_00-n_00-n_00-n_00-n_00-n_00-n;1003;0;41710;0;N;555452;555169;5;3051;0;OS_KV-PO_2;20140312xWed;05_Pernink_Horní Blatná;Karlovarský kraj;h00;74;N
02-o2_02-edg_04-pot_03-lau2_07-day_03-60_03-frt-1003_01-sng_00-n_00-n_00-n_00-n_00-n_00-n;1003;0;41710;0;N;555169;555479;6;3051;0;OS_KV-PO_2;20140312xWed;06_Horní Blatná_Potůčky;Karlovarský kraj;h00;70;N
02-o2_02-edg_04-pot_03-lau2_07-day_03-60_03-frt-1003_01-sng_00-n_00-n_00-n_00-n_00-n_00-n;1003;0;41719;0;N;554961;555398;1;3051;0;OS_KV-PO_2;20140321xFri;01_Karlovy Vary_Nová Role;Karlovarský kraj;h00;1165;N
02-o2_02-edg_04-pot_03-lau2_07-day_03-60_03-frt-1003_01-sng_00-n_00-n_00-n_00-n_00-n_00-n;1003;0;41719;0;N;555398;555380;2;3051;0;OS_KV-PO_2;20140321xFri;02_Nová Role_Nejdek;Karlovarský kraj;h00;588;N
02-o2_02-edg_04-pot_03-lau2_07-day_03-60_03-frt-1003_01-sng_00-n_00-n_00-n_00-n_00-n_00-n;1003;0;41719;0;N;555380;506494;3;3051;0;OS_KV-PO_2;20140321xFri;03_Nejdek_Nové Hamry;Karlovarský kraj;h00;209;N
02-o2_02-edg_04-pot_03-lau2_07-day_03-60_03-frt-1003_01-sng_00-n_00-n_00-n_00-n_00-n_00-n;1003;0;41719;0;N;506494;555452;4;3051;0;OS_KV-PO_2;20140321xFri;04_Nové Hamry_Pernink;Karlovarský kraj;h00;104;N
02-o2_02-edg_04-pot_03-lau2_07-day_03-60_03-frt-1003_01-sng_00-n_00-n_00-n_00-n_00-n_00-n;1003;0;41719;0;N;555452;555169;5;3051;0;OS_KV-PO_2;20140321xFri;05_Pernink_Horní Blatná;Karlovarský kraj;h00;109;N
02-o2_02-edg_04-pot_03-lau2_07-day_03-60_03-frt-1003_01-sng_00-n_00-n_00-n_00-n_00-n_00-n;1003;0;41719;0;N;555169;555479;6;3051;0;OS_KV-PO_2;20140321xFri;06_Horní Blatná_Potůčky;Karlovarský kraj;h00;104;N
02-o2_02-edg_04-pot_03-lau2_07-day_03-60_03-frt-1003_01-sng_00-n_00-n_00-n_00-n_00-n_00-n;1003;0;41724;0;N;554961;555398;1;3051;0;OS_KV-PO_2;20140326xWed;01_Karlovy Vary_Nová Role;Karlovarský kraj;h00;1566;N
02-o2_02-edg_04-pot_03-lau2_07-day_03-60_03-frt-1003_01-sng_00-n_00-n_00-n_00-n_00-n_00-n;1003;0;41724;0;N;555398;555380;2;3051;0;OS_KV-PO_2;20140326xWed;02_Nová Role_Nejdek;Karlovarský kraj;h00;717;N
02-o2_02-edg_04-pot_03-lau2_07-day_03-60_03-frt-1003_01-sng_00-n_00-n_00-n_00-n_00-n_00-n;1003;0;41724;0;N;555380;506494;3;3051;0;OS_KV-PO_2;20140326xWed;03_Nejdek_Nové Hamry;Karlovarský kraj;h00;211;N
02-o2_02-edg_04-pot_03-lau2_07-day_03-60_03-frt-1003_01-sng_00-n_00-n_00-n_00-n_00-n_00-n;1003;0;41724;0;N;506494;555452;4;3051;0;OS_KV-PO_2;20140326xWed;04_Nové Hamry_Pernink;Karlovarský kraj;h00;120;N
02-o2_02-edg_04-pot_03-lau2_07-day_03-60_03-frt-1003_01-sng_00-n_00-n_00-n_00-n_00-n_00-n;1003;0;41724;0;N;555452;555169;5;3051;0;OS_KV-PO_2;20140326xWed;05_Pernink_Horní Blatná;Karlovarský kraj;h00;141;N
02-o2_02-edg_04-pot_03-lau2_07-day_03-60_03-frt-1003_01-sng_00-n_00-n_00-n_00-n_00-n_00-n;1003;0;41724;0;N;555169;555479;6;3051;0;OS_KV-PO_2;20140326xWed;06_Horní Blatná_Potůčky;Karlovarský kraj;h00;130;N
