02-o2_01-ver_02-vis_03-lau2_07-day_03-60_05-frt-1005_01-sng_00-n_00-n_00-n_00-n_00-n_00-n;1005;0;41710;0;N;531057;N;7;3026;0;R_PL-PH_1;20140312xWed;7_Beroun;Středočeský kraj;h00;856;391
02-o2_01-ver_02-vis_03-lau2_07-day_03-60_05-frt-1005_01-sng_00-n_00-n_00-n_00-n_00-n_00-n;1005;0;41710;0;N;531189;N;5;3026;0;R_PL-PH_1;20140312xWed;5_Hořovice;Středočeský kraj;h00;130;20
02-o2_01-ver_02-vis_03-lau2_07-day_03-60_05-frt-1005_01-sng_00-n_00-n_00-n_00-n_00-n_00-n;1005;0;41710;0;N;532011;N;6;3026;0;R_PL-PH_1;20140312xWed;6_Zdice;Středočeský kraj;h00;204;41
02-o2_01-ver_02-vis_03-lau2_07-day_03-60_05-frt-1005_01-sng_00-n_00-n_00-n_00-n_00-n_00-n;1005;0;41710;0;N;554782;N;8;3018;0;R_PL-PH_1;20140312xWed;8_Praha;Hlavní město Praha;h00;0;1751
02-o2_01-ver_02-vis_03-lau2_07-day_03-60_05-frt-1005_01-sng_00-n_00-n_00-n_00-n_00-n_00-n;1005;0;41710;0;N;554791;N;1;3042;0;R_PL-PH_1;20140312xWed;1_Plzeň;Plzeňský kraj;h00;1379;0
02-o2_01-ver_02-vis_03-lau2_07-day_03-60_05-frt-1005_01-sng_00-n_00-n_00-n_00-n_00-n_00-n;1005;0;41710;0;N;558966;N;2;3042;0;R_PL-PH_1;20140312xWed;2_Chrást;Plzeňský kraj;h00;14;132
02-o2_01-ver_02-vis_03-lau2_07-day_03-60_05-frt-1005_01-sng_00-n_00-n_00-n_00-n_00-n_00-n;1005;0;41710;0;N;559717;N;3;3042;0;R_PL-PH_1;20140312xWed;3_Rokycany;Plzeňský kraj;h00;96;295
02-o2_01-ver_02-vis_03-lau2_07-day_03-60_05-frt-1005_01-sng_00-n_00-n_00-n_00-n_00-n_00-n;1005;0;41710;0;N;559903;N;4;3042;0;R_PL-PH_1;20140312xWed;4_Kařez;Plzeňský kraj;h00;20;69
02-o2_01-ver_02-vis_03-lau2_07-day_03-60_05-frt-1005_01-sng_00-n_00-n_00-n_00-n_00-n_00-n;1005;0;41711;0;N;531057;N;7;3026;0;R_PL-PH_1;20140313xThu;7_Beroun;Středočeský kraj;h00;979;409
02-o2_01-ver_02-vis_03-lau2_07-day_03-60_05-frt-1005_01-sng_00-n_00-n_00-n_00-n_00-n_00-n;1005;0;41711;0;N;531189;N;5;3026;0;R_PL-PH_1;20140313xThu;5_Hořovice;Středočeský kraj;h00;213;27
02-o2_01-ver_02-vis_03-lau2_07-day_03-60_05-frt-1005_01-sng_00-n_00-n_00-n_00-n_00-n_00-n;1005;0;41711;0;N;532011;N;6;3026;0;R_PL-PH_1;20140313xThu;6_Zdice;Středočeský kraj;h00;187;66
02-o2_01-ver_02-vis_03-lau2_07-day_03-60_05-frt-1005_01-sng_00-n_00-n_00-n_00-n_00-n_00-n;1005;0;41711;0;N;554782;N;8;3018;0;R_PL-PH_1;20140313xThu;8_Praha;Hlavní město Praha;h00;0;1979
02-o2_01-ver_02-vis_03-lau2_07-day_03-60_05-frt-1005_01-sng_00-n_00-n_00-n_00-n_00-n_00-n;1005;0;41711;0;N;554791;N;1;3042;0;R_PL-PH_1;20140313xThu;1_Plzeň;Plzeňský kraj;h00;1494;0
02-o2_01-ver_02-vis_03-lau2_07-day_03-60_05-frt-1005_01-sng_00-n_00-n_00-n_00-n_00-n_00-n;1005;0;41711;0;N;558966;N;2;3042;0;R_PL-PH_1;20140313xThu;2_Chrást;Plzeňský kraj;h00;11;136
02-o2_01-ver_02-vis_03-lau2_07-day_03-60_05-frt-1005_01-sng_00-n_00-n_00-n_00-n_00-n_00-n;1005;0;41711;0;N;559717;N;3;3042;0;R_PL-PH_1;20140313xThu;3_Rokycany;Plzeňský kraj;h00;119;334
02-o2_01-ver_02-vis_03-lau2_07-day_03-60_05-frt-1005_01-sng_00-n_00-n_00-n_00-n_00-n_00-n;1005;0;41711;0;N;559903;N;4;3042;0;R_PL-PH_1;20140313xThu;4_Kařez;Plzeňský kraj;h00;27;79
02-o2_01-ver_02-vis_03-lau2_07-day_03-60_05-frt-1005_01-sng_00-n_00-n_00-n_00-n_00-n_00-n;1005;0;41712;0;N;531057;N;7;3026;0;R_PL-PH_1;20140314xFri;7_Beroun;Středočeský kraj;h00;928;404
02-o2_01-ver_02-vis_03-lau2_07-day_03-60_05-frt-1005_01-sng_00-n_00-n_00-n_00-n_00-n_00-n;1005;0;41712;0;N;531189;N;5;3026;0;R_PL-PH_1;20140314xFri;5_Hořovice;Středočeský kraj;h00;168;18
02-o2_01-ver_02-vis_03-lau2_07-day_03-60_05-frt-1005_01-sng_00-n_00-n_00-n_00-n_00-n_00-n;1005;0;41712;0;N;532011;N;6;3026;0;R_PL-PH_1;20140314xFri;6_Zdice;Středočeský kraj;h00;335;39
02-o2_01-ver_02-vis_03-lau2_07-day_03-60_05-frt-1005_01-sng_00-n_00-n_00-n_00-n_00-n_00-n;1005;0;41712;0;N;554782;N;8;3018;0;R_PL-PH_1;20140314xFri;8_Praha;Hlavní město Praha;h00;0;1797
02-o2_01-ver_02-vis_03-lau2_07-day_03-60_05-frt-1005_01-sng_00-n_00-n_00-n_00-n_00-n_00-n;1005;0;41712;0;N;554791;N;1;3042;0;R_PL-PH_1;20140314xFri;1_Plzeň;Plzeňský kraj;h00;1197;0
02-o2_01-ver_02-vis_03-lau2_07-day_03-60_05-frt-1005_01-sng_00-n_00-n_00-n_00-n_00-n_00-n;1005;0;41712;0;N;558966;N;2;3042;0;R_PL-PH_1;20140314xFri;2_Chrást;Plzeňský kraj;h00;8;146
02-o2_01-ver_02-vis_03-lau2_07-day_03-60_05-frt-1005_01-sng_00-n_00-n_00-n_00-n_00-n_00-n;1005;0;41712;0;N;559717;N;3;3042;0;R_PL-PH_1;20140314xFri;3_Rokycany;Plzeňský kraj;h00;98;286
02-o2_01-ver_02-vis_03-lau2_07-day_03-60_05-frt-1005_01-sng_00-n_00-n_00-n_00-n_00-n_00-n;1005;0;41712;0;N;559903;N;4;3042;0;R_PL-PH_1;20140314xFri;4_Kařez;Plzeňský kraj;h00;31;75
02-o2_01-ver_02-vis_03-lau2_07-day_03-60_05-frt-1005_01-sng_00-n_00-n_00-n_00-n_00-n_00-n;1005;0;41713;0;N;531057;N;7;3026;0;R_PL-PH_1;20140315xSat;7_Beroun;Středočeský kraj;h00;510;191
02-o2_01-ver_02-vis_03-lau2_07-day_03-60_05-frt-1005_01-sng_00-n_00-n_00-n_00-n_00-n_00-n;1005;0;41713;0;N;531189;N;5;3026;0;R_PL-PH_1;20140315xSat;5_Hořovice;Středočeský kraj;h00;76;8
02-o2_01-ver_02-vis_03-lau2_07-day_03-60_05-frt-1005_01-sng_00-n_00-n_00-n_00-n_00-n_00-n;1005;0;41713;0;N;532011;N;6;3026;0;R_PL-PH_1;20140315xSat;6_Zdice;Středočeský kraj;h00;135;11
02-o2_01-ver_02-vis_03-lau2_07-day_03-60_05-frt-1005_01-sng_00-n_00-n_00-n_00-n_00-n_00-n;1005;0;41713;0;N;554782;N;8;3018;0;R_PL-PH_1;20140315xSat;8_Praha;Hlavní město Praha;h00;0;1070
02-o2_01-ver_02-vis_03-lau2_07-day_03-60_05-frt-1005_01-sng_00-n_00-n_00-n_00-n_00-n_00-n;1005;0;41713;0;N;554791;N;1;3042;0;R_PL-PH_1;20140315xSat;1_Plzeň;Plzeňský kraj;h00;779;0
02-o2_01-ver_02-vis_03-lau2_07-day_03-60_05-frt-1005_01-sng_00-n_00-n_00-n_00-n_00-n_00-n;1005;0;41713;0;N;558966;N;2;3042;0;R_PL-PH_1;20140315xSat;2_Chrást;Plzeňský kraj;h00;6;78
02-o2_01-ver_02-vis_03-lau2_07-day_03-60_05-frt-1005_01-sng_00-n_00-n_00-n_00-n_00-n_00-n;1005;0;41713;0;N;559717;N;3;3042;0;R_PL-PH_1;20140315xSat;3_Rokycany;Plzeňský kraj;h00;57;169
02-o2_01-ver_02-vis_03-lau2_07-day_03-60_05-frt-1005_01-sng_00-n_00-n_00-n_00-n_00-n_00-n;1005;0;41713;0;N;559903;N;4;3042;0;R_PL-PH_1;20140315xSat;4_Kařez;Plzeňský kraj;h00;9;45
02-o2_01-ver_02-vis_03-lau2_07-day_03-60_05-frt-1005_01-sng_00-n_00-n_00-n_00-n_00-n_00-n;1005;0;41714;0;N;531057;N;7;3026;0;R_PL-PH_1;20140316xSun;7_Beroun;Středočeský kraj;h00;324;82
02-o2_01-ver_02-vis_03-lau2_07-day_03-60_05-frt-1005_01-sng_00-n_00-n_00-n_00-n_00-n_00-n;1005;0;41714;0;N;531189;N;5;3026;0;R_PL-PH_1;20140316xSun;5_Hořovice;Středočeský kraj;h00;45;5
02-o2_01-ver_02-vis_03-lau2_07-day_03-60_05-frt-1005_01-sng_00-n_00-n_00-n_00-n_00-n_00-n;1005;0;41714;0;N;532011;N;6;3026;0;R_PL-PH_1;20140316xSun;6_Zdice;Středočeský kraj;h00;32;12
02-o2_01-ver_02-vis_03-lau2_07-day_03-60_05-frt-1005_01-sng_00-n_00-n_00-n_00-n_00-n_00-n;1005;0;41714;0;N;554782;N;8;3018;0;R_PL-PH_1;20140316xSun;8_Praha;Hlavní město Praha;h00;0;645
02-o2_01-ver_02-vis_03-lau2_07-day_03-60_05-frt-1005_01-sng_00-n_00-n_00-n_00-n_00-n_00-n;1005;0;41714;0;N;554791;N;1;3042;0;R_PL-PH_1;20140316xSun;1_Plzeň;Plzeňský kraj;h00;459;0
02-o2_01-ver_02-vis_03-lau2_07-day_03-60_05-frt-1005_01-sng_00-n_00-n_00-n_00-n_00-n_00-n;1005;0;41714;0;N;558966;N;2;3042;0;R_PL-PH_1;20140316xSun;2_Chrást;Plzeňský kraj;h00;0;32
02-o2_01-ver_02-vis_03-lau2_07-day_03-60_05-frt-1005_01-sng_00-n_00-n_00-n_00-n_00-n_00-n;1005;0;41714;0;N;559717;N;3;3042;0;R_PL-PH_1;20140316xSun;3_Rokycany;Plzeňský kraj;h00;37;109
02-o2_01-ver_02-vis_03-lau2_07-day_03-60_05-frt-1005_01-sng_00-n_00-n_00-n_00-n_00-n_00-n;1005;0;41714;0;N;559903;N;4;3042;0;R_PL-PH_1;20140316xSun;4_Kařez;Plzeňský kraj;h00;8;20
02-o2_01-ver_02-vis_03-lau2_07-day_03-60_05-frt-1005_01-sng_00-n_00-n_00-n_00-n_00-n_00-n;1005;0;41715;0;N;531057;N;7;3026;0;R_PL-PH_1;20140317xMon;7_Beroun;Středočeský kraj;h00;725;203
02-o2_01-ver_02-vis_03-lau2_07-day_03-60_05-frt-1005_01-sng_00-n_00-n_00-n_00-n_00-n_00-n;1005;0;41715;0;N;531189;N;5;3026;0;R_PL-PH_1;20140317xMon;5_Hořovice;Středočeský kraj;h00;64;21
02-o2_01-ver_02-vis_03-lau2_07-day_03-60_05-frt-1005_01-sng_00-n_00-n_00-n_00-n_00-n_00-n;1005;0;41715;0;N;532011;N;6;3026;0;R_PL-PH_1;20140317xMon;6_Zdice;Středočeský kraj;h00;146;31
02-o2_01-ver_02-vis_03-lau2_07-day_03-60_05-frt-1005_01-sng_00-n_00-n_00-n_00-n_00-n_00-n;1005;0;41715;0;N;554782;N;8;3018;0;R_PL-PH_1;20140317xMon;8_Praha;Hlavní město Praha;h00;0;1430
02-o2_01-ver_02-vis_03-lau2_07-day_03-60_05-frt-1005_01-sng_00-n_00-n_00-n_00-n_00-n_00-n;1005;0;41715;0;N;554791;N;1;3042;0;R_PL-PH_1;20140317xMon;1_Plzeň;Plzeňský kraj;h00;945;0
02-o2_01-ver_02-vis_03-lau2_07-day_03-60_05-frt-1005_01-sng_00-n_00-n_00-n_00-n_00-n_00-n;1005;0;41715;0;N;558966;N;2;3042;0;R_PL-PH_1;20140317xMon;2_Chrást;Plzeňský kraj;h00;5;65
02-o2_01-ver_02-vis_03-lau2_07-day_03-60_05-frt-1005_01-sng_00-n_00-n_00-n_00-n_00-n_00-n;1005;0;41715;0;N;559717;N;3;3042;0;R_PL-PH_1;20140317xMon;3_Rokycany;Plzeňský kraj;h00;88;200
02-o2_01-ver_02-vis_03-lau2_07-day_03-60_05-frt-1005_01-sng_00-n_00-n_00-n_00-n_00-n_00-n;1005;0;41715;0;N;559903;N;4;3042;0;R_PL-PH_1;20140317xMon;4_Kařez;Plzeňský kraj;h00;16;39
02-o2_01-ver_02-vis_03-lau2_07-day_03-60_05-frt-1005_01-sng_00-n_00-n_00-n_00-n_00-n_00-n;1005;0;41716;0;N;531057;N;7;3026;0;R_PL-PH_1;20140318xTue;7_Beroun;Středočeský kraj;h00;981;315
02-o2_01-ver_02-vis_03-lau2_07-day_03-60_05-frt-1005_01-sng_00-n_00-n_00-n_00-n_00-n_00-n;1005;0;41716;0;N;531189;N;5;3026;0;R_PL-PH_1;20140318xTue;5_Hořovice;Středočeský kraj;h00;147;24
02-o2_01-ver_02-vis_03-lau2_07-day_03-60_05-frt-1005_01-sng_00-n_00-n_00-n_00-n_00-n_00-n;1005;0;41716;0;N;532011;N;6;3026;0;R_PL-PH_1;20140318xTue;6_Zdice;Středočeský kraj;h00;222;44
02-o2_01-ver_02-vis_03-lau2_07-day_03-60_05-frt-1005_01-sng_00-n_00-n_00-n_00-n_00-n_00-n;1005;0;41716;0;N;554782;N;8;3018;0;R_PL-PH_1;20140318xTue;8_Praha;Hlavní město Praha;h00;0;2079
02-o2_01-ver_02-vis_03-lau2_07-day_03-60_05-frt-1005_01-sng_00-n_00-n_00-n_00-n_00-n_00-n;1005;0;41716;0;N;554791;N;1;3042;0;R_PL-PH_1;20140318xTue;1_Plzeň;Plzeňský kraj;h00;1489;0
02-o2_01-ver_02-vis_03-lau2_07-day_03-60_05-frt-1005_01-sng_00-n_00-n_00-n_00-n_00-n_00-n;1005;0;41716;0;N;558966;N;2;3042;0;R_PL-PH_1;20140318xTue;2_Chrást;Plzeňský kraj;h00;13;135
02-o2_01-ver_02-vis_03-lau2_07-day_03-60_05-frt-1005_01-sng_00-n_00-n_00-n_00-n_00-n_00-n;1005;0;41716;0;N;559717;N;3;3042;0;R_PL-PH_1;20140318xTue;3_Rokycany;Plzeňský kraj;h00;106;288
02-o2_01-ver_02-vis_03-lau2_07-day_03-60_05-frt-1005_01-sng_00-n_00-n_00-n_00-n_00-n_00-n;1005;0;41716;0;N;559903;N;4;3042;0;R_PL-PH_1;20140318xTue;4_Kařez;Plzeňský kraj;h00;18;91
02-o2_01-ver_02-vis_03-lau2_07-day_03-60_05-frt-1005_01-sng_00-n_00-n_00-n_00-n_00-n_00-n;1005;0;41717;0;N;531057;N;7;3026;0;R_PL-PH_1;20140319xWed;7_Beroun;Středočeský kraj;h00;1064;384
02-o2_01-ver_02-vis_03-lau2_07-day_03-60_05-frt-1005_01-sng_00-n_00-n_00-n_00-n_00-n_00-n;1005;0;41717;0;N;531189;N;5;3026;0;R_PL-PH_1;20140319xWed;5_Hořovice;Středočeský kraj;h00;183;38
02-o2_01-ver_02-vis_03-lau2_07-day_03-60_05-frt-1005_01-sng_00-n_00-n_00-n_00-n_00-n_00-n;1005;0;41717;0;N;532011;N;6;3026;0;R_PL-PH_1;20140319xWed;6_Zdice;Středočeský kraj;h00;284;63
02-o2_01-ver_02-vis_03-lau2_07-day_03-60_05-frt-1005_01-sng_00-n_00-n_00-n_00-n_00-n_00-n;1005;0;41717;0;N;554782;N;8;3018;0;R_PL-PH_1;20140319xWed;8_Praha;Hlavní město Praha;h00;0;2084
02-o2_01-ver_02-vis_03-lau2_07-day_03-60_05-frt-1005_01-sng_00-n_00-n_00-n_00-n_00-n_00-n;1005;0;41717;0;N;554791;N;1;3042;0;R_PL-PH_1;20140319xWed;1_Plzeň;Plzeňský kraj;h00;1389;0
02-o2_01-ver_02-vis_03-lau2_07-day_03-60_05-frt-1005_01-sng_00-n_00-n_00-n_00-n_00-n_00-n;1005;0;41717;0;N;558966;N;2;3042;0;R_PL-PH_1;20140319xWed;2_Chrást;Plzeňský kraj;h00;12;127
02-o2_01-ver_02-vis_03-lau2_07-day_03-60_05-frt-1005_01-sng_00-n_00-n_00-n_00-n_00-n_00-n;1005;0;41717;0;N;559717;N;3;3042;0;R_PL-PH_1;20140319xWed;3_Rokycany;Plzeňský kraj;h00;119;302
02-o2_01-ver_02-vis_03-lau2_07-day_03-60_05-frt-1005_01-sng_00-n_00-n_00-n_00-n_00-n_00-n;1005;0;41717;0;N;559903;N;4;3042;0;R_PL-PH_1;20140319xWed;4_Kařez;Plzeňský kraj;h00;37;90
02-o2_01-ver_02-vis_03-lau2_07-day_03-60_05-frt-1005_01-sng_00-n_00-n_00-n_00-n_00-n_00-n;1005;0;41718;0;N;531057;N;7;3026;0;R_PL-PH_1;20140320xThu;7_Beroun;Středočeský kraj;h00;950;411
02-o2_01-ver_02-vis_03-lau2_07-day_03-60_05-frt-1005_01-sng_00-n_00-n_00-n_00-n_00-n_00-n;1005;0;41718;0;N;531189;N;5;3026;0;R_PL-PH_1;20140320xThu;5_Hořovice;Středočeský kraj;h00;168;24
02-o2_01-ver_02-vis_03-lau2_07-day_03-60_05-frt-1005_01-sng_00-n_00-n_00-n_00-n_00-n_00-n;1005;0;41718;0;N;532011;N;6;3026;0;R_PL-PH_1;20140320xThu;6_Zdice;Středočeský kraj;h00;372;59
02-o2_01-ver_02-vis_03-lau2_07-day_03-60_05-frt-1005_01-sng_00-n_00-n_00-n_00-n_00-n_00-n;1005;0;41718;0;N;554782;N;8;3018;0;R_PL-PH_1;20140320xThu;8_Praha;Hlavní město Praha;h00;0;1976
02-o2_01-ver_02-vis_03-lau2_07-day_03-60_05-frt-1005_01-sng_00-n_00-n_00-n_00-n_00-n_00-n;1005;0;41718;0;N;554791;N;1;3042;0;R_PL-PH_1;20140320xThu;1_Plzeň;Plzeňský kraj;h00;1426;0
02-o2_01-ver_02-vis_03-lau2_07-day_03-60_05-frt-1005_01-sng_00-n_00-n_00-n_00-n_00-n_00-n;1005;0;41718;0;N;558966;N;2;3042;0;R_PL-PH_1;20140320xThu;2_Chrást;Plzeňský kraj;h00;18;168
02-o2_01-ver_02-vis_03-lau2_07-day_03-60_05-frt-1005_01-sng_00-n_00-n_00-n_00-n_00-n_00-n;1005;0;41718;0;N;559717;N;3;3042;0;R_PL-PH_1;20140320xThu;3_Rokycany;Plzeňský kraj;h00;110;318
02-o2_01-ver_02-vis_03-lau2_07-day_03-60_05-frt-1005_01-sng_00-n_00-n_00-n_00-n_00-n_00-n;1005;0;41718;0;N;559903;N;4;3042;0;R_PL-PH_1;20140320xThu;4_Kařez;Plzeňský kraj;h00;8;96
02-o2_01-ver_02-vis_03-lau2_07-day_03-60_05-frt-1005_01-sng_00-n_00-n_00-n_00-n_00-n_00-n;1005;0;41719;0;N;531057;N;7;3026;0;R_PL-PH_1;20140321xFri;7_Beroun;Středočeský kraj;h00;746;208
02-o2_01-ver_02-vis_03-lau2_07-day_03-60_05-frt-1005_01-sng_00-n_00-n_00-n_00-n_00-n_00-n;1005;0;41719;0;N;531189;N;5;3026;0;R_PL-PH_1;20140321xFri;5_Hořovice;Středočeský kraj;h00;90;13
02-o2_01-ver_02-vis_03-lau2_07-day_03-60_05-frt-1005_01-sng_00-n_00-n_00-n_00-n_00-n_00-n;1005;0;41719;0;N;532011;N;6;3026;0;R_PL-PH_1;20140321xFri;6_Zdice;Středočeský kraj;h00;90;30
02-o2_01-ver_02-vis_03-lau2_07-day_03-60_05-frt-1005_01-sng_00-n_00-n_00-n_00-n_00-n_00-n;1005;0;41719;0;N;554782;N;8;3018;0;R_PL-PH_1;20140321xFri;8_Praha;Hlavní město Praha;h00;0;1382
02-o2_01-ver_02-vis_03-lau2_07-day_03-60_05-frt-1005_01-sng_00-n_00-n_00-n_00-n_00-n_00-n;1005;0;41719;0;N;554791;N;1;3042;0;R_PL-PH_1;20140321xFri;1_Plzeň;Plzeňský kraj;h00;900;0
02-o2_01-ver_02-vis_03-lau2_07-day_03-60_05-frt-1005_01-sng_00-n_00-n_00-n_00-n_00-n_00-n;1005;0;41719;0;N;558966;N;2;3042;0;R_PL-PH_1;20140321xFri;2_Chrást;Plzeňský kraj;h00;9;55
02-o2_01-ver_02-vis_03-lau2_07-day_03-60_05-frt-1005_01-sng_00-n_00-n_00-n_00-n_00-n_00-n;1005;0;41719;0;N;559717;N;3;3042;0;R_PL-PH_1;20140321xFri;3_Rokycany;Plzeňský kraj;h00;82;193
02-o2_01-ver_02-vis_03-lau2_07-day_03-60_05-frt-1005_01-sng_00-n_00-n_00-n_00-n_00-n_00-n;1005;0;41719;0;N;559903;N;4;3042;0;R_PL-PH_1;20140321xFri;4_Kařez;Plzeňský kraj;h00;8;44
02-o2_01-ver_02-vis_03-lau2_07-day_03-60_05-frt-1005_01-sng_00-n_00-n_00-n_00-n_00-n_00-n;1005;0;41720;0;N;531057;N;7;3026;0;R_PL-PH_1;20140322xSat;7_Beroun;Středočeský kraj;h00;440;126
02-o2_01-ver_02-vis_03-lau2_07-day_03-60_05-frt-1005_01-sng_00-n_00-n_00-n_00-n_00-n_00-n;1005;0;41720;0;N;531189;N;5;3026;0;R_PL-PH_1;20140322xSat;5_Hořovice;Středočeský kraj;h00;45;12
02-o2_01-ver_02-vis_03-lau2_07-day_03-60_05-frt-1005_01-sng_00-n_00-n_00-n_00-n_00-n_00-n;1005;0;41720;0;N;532011;N;6;3026;0;R_PL-PH_1;20140322xSat;6_Zdice;Středočeský kraj;h00;56;13
02-o2_01-ver_02-vis_03-lau2_07-day_03-60_05-frt-1005_01-sng_00-n_00-n_00-n_00-n_00-n_00-n;1005;0;41720;0;N;554782;N;8;3018;0;R_PL-PH_1;20140322xSat;8_Praha;Hlavní město Praha;h00;0;888
02-o2_01-ver_02-vis_03-lau2_07-day_03-60_05-frt-1005_01-sng_00-n_00-n_00-n_00-n_00-n_00-n;1005;0;41720;0;N;554791;N;1;3042;0;R_PL-PH_1;20140322xSat;1_Plzeň;Plzeňský kraj;h00;703;0
02-o2_01-ver_02-vis_03-lau2_07-day_03-60_05-frt-1005_01-sng_00-n_00-n_00-n_00-n_00-n_00-n;1005;0;41720;0;N;558966;N;2;3042;0;R_PL-PH_1;20140322xSat;2_Chrást;Plzeňský kraj;h00;4;100
02-o2_01-ver_02-vis_03-lau2_07-day_03-60_05-frt-1005_01-sng_00-n_00-n_00-n_00-n_00-n_00-n;1005;0;41720;0;N;559717;N;3;3042;0;R_PL-PH_1;20140322xSat;3_Rokycany;Plzeňský kraj;h00;46;129
02-o2_01-ver_02-vis_03-lau2_07-day_03-60_05-frt-1005_01-sng_00-n_00-n_00-n_00-n_00-n_00-n;1005;0;41720;0;N;559903;N;4;3042;0;R_PL-PH_1;20140322xSat;4_Kařez;Plzeňský kraj;h00;6;32
02-o2_01-ver_02-vis_03-lau2_07-day_03-60_05-frt-1005_01-sng_00-n_00-n_00-n_00-n_00-n_00-n;1005;0;41721;0;N;531057;N;7;3026;0;R_PL-PH_1;20140323xSun;7_Beroun;Středočeský kraj;h00;383;166
02-o2_01-ver_02-vis_03-lau2_07-day_03-60_05-frt-1005_01-sng_00-n_00-n_00-n_00-n_00-n_00-n;1005;0;41721;0;N;531189;N;5;3026;0;R_PL-PH_1;20140323xSun;5_Hořovice;Středočeský kraj;h00;57;11
02-o2_01-ver_02-vis_03-lau2_07-day_03-60_05-frt-1005_01-sng_00-n_00-n_00-n_00-n_00-n_00-n;1005;0;41721;0;N;532011;N;6;3026;0;R_PL-PH_1;20140323xSun;6_Zdice;Středočeský kraj;h00;118;12
02-o2_01-ver_02-vis_03-lau2_07-day_03-60_05-frt-1005_01-sng_00-n_00-n_00-n_00-n_00-n_00-n;1005;0;41721;0;N;554782;N;8;3018;0;R_PL-PH_1;20140323xSun;8_Praha;Hlavní město Praha;h00;0;797
02-o2_01-ver_02-vis_03-lau2_07-day_03-60_05-frt-1005_01-sng_00-n_00-n_00-n_00-n_00-n_00-n;1005;0;41721;0;N;554791;N;1;3042;0;R_PL-PH_1;20140323xSun;1_Plzeň;Plzeňský kraj;h00;579;0
02-o2_01-ver_02-vis_03-lau2_07-day_03-60_05-frt-1005_01-sng_00-n_00-n_00-n_00-n_00-n_00-n;1005;0;41721;0;N;558966;N;2;3042;0;R_PL-PH_1;20140323xSun;2_Chrást;Plzeňský kraj;h00;5;69
02-o2_01-ver_02-vis_03-lau2_07-day_03-60_05-frt-1005_01-sng_00-n_00-n_00-n_00-n_00-n_00-n;1005;0;41721;0;N;559717;N;3;3042;0;R_PL-PH_1;20140323xSun;3_Rokycany;Plzeňský kraj;h00;48;110
02-o2_01-ver_02-vis_03-lau2_07-day_03-60_05-frt-1005_01-sng_00-n_00-n_00-n_00-n_00-n_00-n;1005;0;41721;0;N;559903;N;4;3042;0;R_PL-PH_1;20140323xSun;4_Kařez;Plzeňský kraj;h00;7;32
02-o2_01-ver_02-vis_03-lau2_07-day_03-60_05-frt-1005_01-sng_00-n_00-n_00-n_00-n_00-n_00-n;1005;0;41722;0;N;531057;N;7;3026;0;R_PL-PH_1;20140324xMon;7_Beroun;Středočeský kraj;h00;959;309
02-o2_01-ver_02-vis_03-lau2_07-day_03-60_05-frt-1005_01-sng_00-n_00-n_00-n_00-n_00-n_00-n;1005;0;41722;0;N;531189;N;5;3026;0;R_PL-PH_1;20140324xMon;5_Hořovice;Středočeský kraj;h00;176;25
02-o2_01-ver_02-vis_03-lau2_07-day_03-60_05-frt-1005_01-sng_00-n_00-n_00-n_00-n_00-n_00-n;1005;0;41722;0;N;532011;N;6;3026;0;R_PL-PH_1;20140324xMon;6_Zdice;Středočeský kraj;h00;183;59
02-o2_01-ver_02-vis_03-lau2_07-day_03-60_05-frt-1005_01-sng_00-n_00-n_00-n_00-n_00-n_00-n;1005;0;41722;0;N;554782;N;8;3018;0;R_PL-PH_1;20140324xMon;8_Praha;Hlavní město Praha;h00;0;1832
02-o2_01-ver_02-vis_03-lau2_07-day_03-60_05-frt-1005_01-sng_00-n_00-n_00-n_00-n_00-n_00-n;1005;0;41722;0;N;554791;N;1;3042;0;R_PL-PH_1;20140324xMon;1_Plzeň;Plzeňský kraj;h00;1166;0
02-o2_01-ver_02-vis_03-lau2_07-day_03-60_05-frt-1005_01-sng_00-n_00-n_00-n_00-n_00-n_00-n;1005;0;41722;0;N;558966;N;2;3042;0;R_PL-PH_1;20140324xMon;2_Chrást;Plzeňský kraj;h00;11;116
02-o2_01-ver_02-vis_03-lau2_07-day_03-60_05-frt-1005_01-sng_00-n_00-n_00-n_00-n_00-n_00-n;1005;0;41722;0;N;559717;N;3;3042;0;R_PL-PH_1;20140324xMon;3_Rokycany;Plzeňský kraj;h00;112;233
02-o2_01-ver_02-vis_03-lau2_07-day_03-60_05-frt-1005_01-sng_00-n_00-n_00-n_00-n_00-n_00-n;1005;0;41722;0;N;559903;N;4;3042;0;R_PL-PH_1;20140324xMon;4_Kařez;Plzeňský kraj;h00;39;72
02-o2_01-ver_02-vis_03-lau2_07-day_03-60_05-frt-1005_01-sng_00-n_00-n_00-n_00-n_00-n_00-n;1005;0;41723;0;N;531057;N;7;3026;0;R_PL-PH_1;20140325xTue;7_Beroun;Středočeský kraj;h00;990;333
02-o2_01-ver_02-vis_03-lau2_07-day_03-60_05-frt-1005_01-sng_00-n_00-n_00-n_00-n_00-n_00-n;1005;0;41723;0;N;531189;N;5;3026;0;R_PL-PH_1;20140325xTue;5_Hořovice;Středočeský kraj;h00;140;15
02-o2_01-ver_02-vis_03-lau2_07-day_03-60_05-frt-1005_01-sng_00-n_00-n_00-n_00-n_00-n_00-n;1005;0;41723;0;N;532011;N;6;3026;0;R_PL-PH_1;20140325xTue;6_Zdice;Středočeský kraj;h00;204;49
02-o2_01-ver_02-vis_03-lau2_07-day_03-60_05-frt-1005_01-sng_00-n_00-n_00-n_00-n_00-n_00-n;1005;0;41723;0;N;554782;N;8;3018;0;R_PL-PH_1;20140325xTue;8_Praha;Hlavní město Praha;h00;0;2010
02-o2_01-ver_02-vis_03-lau2_07-day_03-60_05-frt-1005_01-sng_00-n_00-n_00-n_00-n_00-n_00-n;1005;0;41723;0;N;554791;N;1;3042;0;R_PL-PH_1;20140325xTue;1_Plzeň;Plzeňský kraj;h00;1441;0
02-o2_01-ver_02-vis_03-lau2_07-day_03-60_05-frt-1005_01-sng_00-n_00-n_00-n_00-n_00-n_00-n;1005;0;41723;0;N;558966;N;2;3042;0;R_PL-PH_1;20140325xTue;2_Chrást;Plzeňský kraj;h00;12;111
02-o2_01-ver_02-vis_03-lau2_07-day_03-60_05-frt-1005_01-sng_00-n_00-n_00-n_00-n_00-n_00-n;1005;0;41723;0;N;559717;N;3;3042;0;R_PL-PH_1;20140325xTue;3_Rokycany;Plzeňský kraj;h00;125;314
02-o2_01-ver_02-vis_03-lau2_07-day_03-60_05-frt-1005_01-sng_00-n_00-n_00-n_00-n_00-n_00-n;1005;0;41723;0;N;559903;N;4;3042;0;R_PL-PH_1;20140325xTue;4_Kařez;Plzeňský kraj;h00;4;84
02-o2_01-ver_02-vis_03-lau2_07-day_03-60_05-frt-1005_01-sng_00-n_00-n_00-n_00-n_00-n_00-n;1005;0;41724;0;N;531057;N;7;3026;0;R_PL-PH_1;20140326xWed;7_Beroun;Středočeský kraj;h00;885;384
02-o2_01-ver_02-vis_03-lau2_07-day_03-60_05-frt-1005_01-sng_00-n_00-n_00-n_00-n_00-n_00-n;1005;0;41724;0;N;531189;N;5;3026;0;R_PL-PH_1;20140326xWed;5_Hořovice;Středočeský kraj;h00;129;21
02-o2_01-ver_02-vis_03-lau2_07-day_03-60_05-frt-1005_01-sng_00-n_00-n_00-n_00-n_00-n_00-n;1005;0;41724;0;N;532011;N;6;3026;0;R_PL-PH_1;20140326xWed;6_Zdice;Středočeský kraj;h00;308;37
02-o2_01-ver_02-vis_03-lau2_07-day_03-60_05-frt-1005_01-sng_00-n_00-n_00-n_00-n_00-n_00-n;1005;0;41724;0;N;554782;N;8;3018;0;R_PL-PH_1;20140326xWed;8_Praha;Hlavní město Praha;h00;0;1905
02-o2_01-ver_02-vis_03-lau2_07-day_03-60_05-frt-1005_01-sng_00-n_00-n_00-n_00-n_00-n_00-n;1005;0;41724;0;N;554791;N;1;3042;0;R_PL-PH_1;20140326xWed;1_Plzeň;Plzeňský kraj;h00;1391;0
02-o2_01-ver_02-vis_03-lau2_07-day_03-60_05-frt-1005_01-sng_00-n_00-n_00-n_00-n_00-n_00-n;1005;0;41724;0;N;558966;N;2;3042;0;R_PL-PH_1;20140326xWed;2_Chrást;Plzeňský kraj;h00;14;123
02-o2_01-ver_02-vis_03-lau2_07-day_03-60_05-frt-1005_01-sng_00-n_00-n_00-n_00-n_00-n_00-n;1005;0;41724;0;N;559717;N;3;3042;0;R_PL-PH_1;20140326xWed;3_Rokycany;Plzeňský kraj;h00;128;292
02-o2_01-ver_02-vis_03-lau2_07-day_03-60_05-frt-1005_01-sng_00-n_00-n_00-n_00-n_00-n_00-n;1005;0;41724;0;N;559903;N;4;3042;0;R_PL-PH_1;20140326xWed;4_Kařez;Plzeňský kraj;h00;8;101
