02-o2_01-ver_03-tour_03-lau2_07-day_05-300+_03-frt-1003_01-sng_00-n_00-n_00-n_00-n_00-n_00-n;1003;0;41710;0;N;506494;N;4;3051;0;OS_KV-PO_2;20140312xWed;4_Nové Hamry;Karlovarský kraj;h00;0;35
02-o2_01-ver_03-tour_03-lau2_07-day_05-300+_03-frt-1003_01-sng_00-n_00-n_00-n_00-n_00-n_00-n;1003;0;41710;0;N;554961;N;1;3051;0;OS_KV-PO_2;20140312xWed;1_Karlovy Vary;Karlovarský kraj;h00;125;0
02-o2_01-ver_03-tour_03-lau2_07-day_05-300+_03-frt-1003_01-sng_00-n_00-n_00-n_00-n_00-n_00-n;1003;0;41710;0;N;555169;N;6;3051;0;OS_KV-PO_2;20140312xWed;6_Horní Blatná;Karlovarský kraj;h00;8;3
02-o2_01-ver_03-tour_03-lau2_07-day_05-300+_03-frt-1003_01-sng_00-n_00-n_00-n_00-n_00-n_00-n;1003;0;41710;0;N;555380;N;3;3051;0;OS_KV-PO_2;20140312xWed;3_Nejdek;Karlovarský kraj;h00;38;79
02-o2_01-ver_03-tour_03-lau2_07-day_05-300+_03-frt-1003_01-sng_00-n_00-n_00-n_00-n_00-n_00-n;1003;0;41710;0;N;555398;N;2;3051;0;OS_KV-PO_2;20140312xWed;2_Nová Role;Karlovarský kraj;h00;23;48
02-o2_01-ver_03-tour_03-lau2_07-day_05-300+_03-frt-1003_01-sng_00-n_00-n_00-n_00-n_00-n_00-n;1003;0;41710;0;N;555452;N;5;3051;0;OS_KV-PO_2;20140312xWed;5_Pernink;Karlovarský kraj;h00;14;8
02-o2_01-ver_03-tour_03-lau2_07-day_05-300+_03-frt-1003_01-sng_00-n_00-n_00-n_00-n_00-n_00-n;1003;0;41710;0;N;555479;N;7;3051;0;OS_KV-PO_2;20140312xWed;7_Potůčky;Karlovarský kraj;h00;0;35
02-o2_01-ver_03-tour_03-lau2_07-day_05-300+_03-frt-1003_01-sng_00-n_00-n_00-n_00-n_00-n_00-n;1003;0;41711;0;N;506494;N;4;3051;0;OS_KV-PO_2;20140313xThu;4_Nové Hamry;Karlovarský kraj;h00;1;62
02-o2_01-ver_03-tour_03-lau2_07-day_05-300+_03-frt-1003_01-sng_00-n_00-n_00-n_00-n_00-n_00-n;1003;0;41711;0;N;554961;N;1;3051;0;OS_KV-PO_2;20140313xThu;1_Karlovy Vary;Karlovarský kraj;h00;248;0
02-o2_01-ver_03-tour_03-lau2_07-day_05-300+_03-frt-1003_01-sng_00-n_00-n_00-n_00-n_00-n_00-n;1003;0;41711;0;N;555169;N;6;3051;0;OS_KV-PO_2;20140313xThu;6_Horní Blatná;Karlovarský kraj;h00;12;18
02-o2_01-ver_03-tour_03-lau2_07-day_05-300+_03-frt-1003_01-sng_00-n_00-n_00-n_00-n_00-n_00-n;1003;0;41711;0;N;555380;N;3;3051;0;OS_KV-PO_2;20140313xThu;3_Nejdek;Karlovarský kraj;h00;56;118
02-o2_01-ver_03-tour_03-lau2_07-day_05-300+_03-frt-1003_01-sng_00-n_00-n_00-n_00-n_00-n_00-n;1003;0;41711;0;N;555398;N;2;3051;0;OS_KV-PO_2;20140313xThu;2_Nová Role;Karlovarský kraj;h00;46;114
02-o2_01-ver_03-tour_03-lau2_07-day_05-300+_03-frt-1003_01-sng_00-n_00-n_00-n_00-n_00-n_00-n;1003;0;41711;0;N;555452;N;5;3051;0;OS_KV-PO_2;20140313xThu;5_Pernink;Karlovarský kraj;h00;24;22
02-o2_01-ver_03-tour_03-lau2_07-day_05-300+_03-frt-1003_01-sng_00-n_00-n_00-n_00-n_00-n_00-n;1003;0;41711;0;N;555479;N;7;3051;0;OS_KV-PO_2;20140313xThu;7_Potůčky;Karlovarský kraj;h00;0;53
02-o2_01-ver_03-tour_03-lau2_07-day_05-300+_03-frt-1003_01-sng_00-n_00-n_00-n_00-n_00-n_00-n;1003;0;41712;0;N;506494;N;4;3051;0;OS_KV-PO_2;20140314xFri;4_Nové Hamry;Karlovarský kraj;h00;3;92
02-o2_01-ver_03-tour_03-lau2_07-day_05-300+_03-frt-1003_01-sng_00-n_00-n_00-n_00-n_00-n_00-n;1003;0;41712;0;N;554961;N;1;3051;0;OS_KV-PO_2;20140314xFri;1_Karlovy Vary;Karlovarský kraj;h00;272;0
02-o2_01-ver_03-tour_03-lau2_07-day_05-300+_03-frt-1003_01-sng_00-n_00-n_00-n_00-n_00-n_00-n;1003;0;41712;0;N;555169;N;6;3051;0;OS_KV-PO_2;20140314xFri;6_Horní Blatná;Karlovarský kraj;h00;28;18
02-o2_01-ver_03-tour_03-lau2_07-day_05-300+_03-frt-1003_01-sng_00-n_00-n_00-n_00-n_00-n_00-n;1003;0;41712;0;N;555380;N;3;3051;0;OS_KV-PO_2;20140314xFri;3_Nejdek;Karlovarský kraj;h00;94;130
02-o2_01-ver_03-tour_03-lau2_07-day_05-300+_03-frt-1003_01-sng_00-n_00-n_00-n_00-n_00-n_00-n;1003;0;41712;0;N;555398;N;2;3051;0;OS_KV-PO_2;20140314xFri;2_Nová Role;Karlovarský kraj;h00;76;151
02-o2_01-ver_03-tour_03-lau2_07-day_05-300+_03-frt-1003_01-sng_00-n_00-n_00-n_00-n_00-n_00-n;1003;0;41712;0;N;555452;N;5;3051;0;OS_KV-PO_2;20140314xFri;5_Pernink;Karlovarský kraj;h00;29;32
02-o2_01-ver_03-tour_03-lau2_07-day_05-300+_03-frt-1003_01-sng_00-n_00-n_00-n_00-n_00-n_00-n;1003;0;41712;0;N;555479;N;7;3051;0;OS_KV-PO_2;20140314xFri;7_Potůčky;Karlovarský kraj;h00;0;79
02-o2_01-ver_03-tour_03-lau2_07-day_05-300+_03-frt-1003_01-sng_00-n_00-n_00-n_00-n_00-n_00-n;1003;0;41713;0;N;506494;N;4;3051;0;OS_KV-PO_2;20140315xSat;4_Nové Hamry;Karlovarský kraj;h00;0;36
02-o2_01-ver_03-tour_03-lau2_07-day_05-300+_03-frt-1003_01-sng_00-n_00-n_00-n_00-n_00-n_00-n;1003;0;41713;0;N;554961;N;1;3051;0;OS_KV-PO_2;20140315xSat;1_Karlovy Vary;Karlovarský kraj;h00;172;0
02-o2_01-ver_03-tour_03-lau2_07-day_05-300+_03-frt-1003_01-sng_00-n_00-n_00-n_00-n_00-n_00-n;1003;0;41713;0;N;555169;N;6;3051;0;OS_KV-PO_2;20140315xSat;6_Horní Blatná;Karlovarský kraj;h00;26;9
02-o2_01-ver_03-tour_03-lau2_07-day_05-300+_03-frt-1003_01-sng_00-n_00-n_00-n_00-n_00-n_00-n;1003;0;41713;0;N;555380;N;3;3051;0;OS_KV-PO_2;20140315xSat;3_Nejdek;Karlovarský kraj;h00;44;97
02-o2_01-ver_03-tour_03-lau2_07-day_05-300+_03-frt-1003_01-sng_00-n_00-n_00-n_00-n_00-n_00-n;1003;0;41713;0;N;555398;N;2;3051;0;OS_KV-PO_2;20140315xSat;2_Nová Role;Karlovarský kraj;h00;35;78
02-o2_01-ver_03-tour_03-lau2_07-day_05-300+_03-frt-1003_01-sng_00-n_00-n_00-n_00-n_00-n_00-n;1003;0;41713;0;N;555452;N;5;3051;0;OS_KV-PO_2;20140315xSat;5_Pernink;Karlovarský kraj;h00;23;18
02-o2_01-ver_03-tour_03-lau2_07-day_05-300+_03-frt-1003_01-sng_00-n_00-n_00-n_00-n_00-n_00-n;1003;0;41713;0;N;555479;N;7;3051;0;OS_KV-PO_2;20140315xSat;7_Potůčky;Karlovarský kraj;h00;0;62
02-o2_01-ver_03-tour_03-lau2_07-day_05-300+_03-frt-1003_01-sng_00-n_00-n_00-n_00-n_00-n_00-n;1003;0;41714;0;N;506494;N;4;3051;0;OS_KV-PO_2;20140316xSun;4_Nové Hamry;Karlovarský kraj;h00;0;20
02-o2_01-ver_03-tour_03-lau2_07-day_05-300+_03-frt-1003_01-sng_00-n_00-n_00-n_00-n_00-n_00-n;1003;0;41714;0;N;554961;N;1;3051;0;OS_KV-PO_2;20140316xSun;1_Karlovy Vary;Karlovarský kraj;h00;104;0
02-o2_01-ver_03-tour_03-lau2_07-day_05-300+_03-frt-1003_01-sng_00-n_00-n_00-n_00-n_00-n_00-n;1003;0;41714;0;N;555169;N;6;3051;0;OS_KV-PO_2;20140316xSun;6_Horní Blatná;Karlovarský kraj;h00;15;4
02-o2_01-ver_03-tour_03-lau2_07-day_05-300+_03-frt-1003_01-sng_00-n_00-n_00-n_00-n_00-n_00-n;1003;0;41714;0;N;555380;N;3;3051;0;OS_KV-PO_2;20140316xSun;3_Nejdek;Karlovarský kraj;h00;22;45
02-o2_01-ver_03-tour_03-lau2_07-day_05-300+_03-frt-1003_01-sng_00-n_00-n_00-n_00-n_00-n_00-n;1003;0;41714;0;N;555398;N;2;3051;0;OS_KV-PO_2;20140316xSun;2_Nová Role;Karlovarský kraj;h00;18;49
02-o2_01-ver_03-tour_03-lau2_07-day_05-300+_03-frt-1003_01-sng_00-n_00-n_00-n_00-n_00-n_00-n;1003;0;41714;0;N;555452;N;5;3051;0;OS_KV-PO_2;20140316xSun;5_Pernink;Karlovarský kraj;h00;13;7
02-o2_01-ver_03-tour_03-lau2_07-day_05-300+_03-frt-1003_01-sng_00-n_00-n_00-n_00-n_00-n_00-n;1003;0;41714;0;N;555479;N;7;3051;0;OS_KV-PO_2;20140316xSun;7_Potůčky;Karlovarský kraj;h00;0;47
02-o2_01-ver_03-tour_03-lau2_07-day_05-300+_03-frt-1003_01-sng_00-n_00-n_00-n_00-n_00-n_00-n;1003;0;41715;0;N;506494;N;4;3051;0;OS_KV-PO_2;20140317xMon;4_Nové Hamry;Karlovarský kraj;h00;3;61
02-o2_01-ver_03-tour_03-lau2_07-day_05-300+_03-frt-1003_01-sng_00-n_00-n_00-n_00-n_00-n_00-n;1003;0;41715;0;N;554961;N;1;3051;0;OS_KV-PO_2;20140317xMon;1_Karlovy Vary;Karlovarský kraj;h00;253;0
02-o2_01-ver_03-tour_03-lau2_07-day_05-300+_03-frt-1003_01-sng_00-n_00-n_00-n_00-n_00-n_00-n;1003;0;41715;0;N;555169;N;6;3051;0;OS_KV-PO_2;20140317xMon;6_Horní Blatná;Karlovarský kraj;h00;10;11
02-o2_01-ver_03-tour_03-lau2_07-day_05-300+_03-frt-1003_01-sng_00-n_00-n_00-n_00-n_00-n_00-n;1003;0;41715;0;N;555380;N;3;3051;0;OS_KV-PO_2;20140317xMon;3_Nejdek;Karlovarský kraj;h00;61;146
02-o2_01-ver_03-tour_03-lau2_07-day_05-300+_03-frt-1003_01-sng_00-n_00-n_00-n_00-n_00-n_00-n;1003;0;41715;0;N;555398;N;2;3051;0;OS_KV-PO_2;20140317xMon;2_Nová Role;Karlovarský kraj;h00;64;137
02-o2_01-ver_03-tour_03-lau2_07-day_05-300+_03-frt-1003_01-sng_00-n_00-n_00-n_00-n_00-n_00-n;1003;0;41715;0;N;555452;N;5;3051;0;OS_KV-PO_2;20140317xMon;5_Pernink;Karlovarský kraj;h00;19;13
02-o2_01-ver_03-tour_03-lau2_07-day_05-300+_03-frt-1003_01-sng_00-n_00-n_00-n_00-n_00-n_00-n;1003;0;41715;0;N;555479;N;7;3051;0;OS_KV-PO_2;20140317xMon;7_Potůčky;Karlovarský kraj;h00;0;42
02-o2_01-ver_03-tour_03-lau2_07-day_05-300+_03-frt-1003_01-sng_00-n_00-n_00-n_00-n_00-n_00-n;1003;0;41716;0;N;506494;N;4;3051;0;OS_KV-PO_2;20140318xTue;4_Nové Hamry;Karlovarský kraj;h00;2;93
02-o2_01-ver_03-tour_03-lau2_07-day_05-300+_03-frt-1003_01-sng_00-n_00-n_00-n_00-n_00-n_00-n;1003;0;41716;0;N;554961;N;1;3051;0;OS_KV-PO_2;20140318xTue;1_Karlovy Vary;Karlovarský kraj;h00;268;0
02-o2_01-ver_03-tour_03-lau2_07-day_05-300+_03-frt-1003_01-sng_00-n_00-n_00-n_00-n_00-n_00-n;1003;0;41716;0;N;555169;N;6;3051;0;OS_KV-PO_2;20140318xTue;6_Horní Blatná;Karlovarský kraj;h00;24;17
02-o2_01-ver_03-tour_03-lau2_07-day_05-300+_03-frt-1003_01-sng_00-n_00-n_00-n_00-n_00-n_00-n;1003;0;41716;0;N;555380;N;3;3051;0;OS_KV-PO_2;20140318xTue;3_Nejdek;Karlovarský kraj;h00;99;156
02-o2_01-ver_03-tour_03-lau2_07-day_05-300+_03-frt-1003_01-sng_00-n_00-n_00-n_00-n_00-n_00-n;1003;0;41716;0;N;555398;N;2;3051;0;OS_KV-PO_2;20140318xTue;2_Nová Role;Karlovarský kraj;h00;85;168
02-o2_01-ver_03-tour_03-lau2_07-day_05-300+_03-frt-1003_01-sng_00-n_00-n_00-n_00-n_00-n_00-n;1003;0;41716;0;N;555452;N;5;3051;0;OS_KV-PO_2;20140318xTue;5_Pernink;Karlovarský kraj;h00;38;13
02-o2_01-ver_03-tour_03-lau2_07-day_05-300+_03-frt-1003_01-sng_00-n_00-n_00-n_00-n_00-n_00-n;1003;0;41716;0;N;555479;N;7;3051;0;OS_KV-PO_2;20140318xTue;7_Potůčky;Karlovarský kraj;h00;0;69
02-o2_01-ver_03-tour_03-lau2_07-day_05-300+_03-frt-1003_01-sng_00-n_00-n_00-n_00-n_00-n_00-n;1003;0;41717;0;N;506494;N;4;3051;0;OS_KV-PO_2;20140319xWed;4_Nové Hamry;Karlovarský kraj;h00;0;89
02-o2_01-ver_03-tour_03-lau2_07-day_05-300+_03-frt-1003_01-sng_00-n_00-n_00-n_00-n_00-n_00-n;1003;0;41717;0;N;554961;N;1;3051;0;OS_KV-PO_2;20140319xWed;1_Karlovy Vary;Karlovarský kraj;h00;321;0
02-o2_01-ver_03-tour_03-lau2_07-day_05-300+_03-frt-1003_01-sng_00-n_00-n_00-n_00-n_00-n_00-n;1003;0;41717;0;N;555169;N;6;3051;0;OS_KV-PO_2;20140319xWed;6_Horní Blatná;Karlovarský kraj;h00;29;18
02-o2_01-ver_03-tour_03-lau2_07-day_05-300+_03-frt-1003_01-sng_00-n_00-n_00-n_00-n_00-n_00-n;1003;0;41717;0;N;555380;N;3;3051;0;OS_KV-PO_2;20140319xWed;3_Nejdek;Karlovarský kraj;h00;96;182
02-o2_01-ver_03-tour_03-lau2_07-day_05-300+_03-frt-1003_01-sng_00-n_00-n_00-n_00-n_00-n_00-n;1003;0;41717;0;N;555398;N;2;3051;0;OS_KV-PO_2;20140319xWed;2_Nová Role;Karlovarský kraj;h00;99;188
02-o2_01-ver_03-tour_03-lau2_07-day_05-300+_03-frt-1003_01-sng_00-n_00-n_00-n_00-n_00-n_00-n;1003;0;41717;0;N;555452;N;5;3051;0;OS_KV-PO_2;20140319xWed;5_Pernink;Karlovarský kraj;h00;39;22
02-o2_01-ver_03-tour_03-lau2_07-day_05-300+_03-frt-1003_01-sng_00-n_00-n_00-n_00-n_00-n_00-n;1003;0;41717;0;N;555479;N;7;3051;0;OS_KV-PO_2;20140319xWed;7_Potůčky;Karlovarský kraj;h00;0;85
02-o2_01-ver_03-tour_03-lau2_07-day_05-300+_03-frt-1003_01-sng_00-n_00-n_00-n_00-n_00-n_00-n;1003;0;41718;0;N;506494;N;4;3051;0;OS_KV-PO_2;20140320xThu;4_Nové Hamry;Karlovarský kraj;h00;1;92
02-o2_01-ver_03-tour_03-lau2_07-day_05-300+_03-frt-1003_01-sng_00-n_00-n_00-n_00-n_00-n_00-n;1003;0;41718;0;N;554961;N;1;3051;0;OS_KV-PO_2;20140320xThu;1_Karlovy Vary;Karlovarský kraj;h00;292;0
02-o2_01-ver_03-tour_03-lau2_07-day_05-300+_03-frt-1003_01-sng_00-n_00-n_00-n_00-n_00-n_00-n;1003;0;41718;0;N;555169;N;6;3051;0;OS_KV-PO_2;20140320xThu;6_Horní Blatná;Karlovarský kraj;h00;33;15
02-o2_01-ver_03-tour_03-lau2_07-day_05-300+_03-frt-1003_01-sng_00-n_00-n_00-n_00-n_00-n_00-n;1003;0;41718;0;N;555380;N;3;3051;0;OS_KV-PO_2;20140320xThu;3_Nejdek;Karlovarský kraj;h00;103;198
02-o2_01-ver_03-tour_03-lau2_07-day_05-300+_03-frt-1003_01-sng_00-n_00-n_00-n_00-n_00-n_00-n;1003;0;41718;0;N;555398;N;2;3051;0;OS_KV-PO_2;20140320xThu;2_Nová Role;Karlovarský kraj;h00;112;169
02-o2_01-ver_03-tour_03-lau2_07-day_05-300+_03-frt-1003_01-sng_00-n_00-n_00-n_00-n_00-n_00-n;1003;0;41718;0;N;555452;N;5;3051;0;OS_KV-PO_2;20140320xThu;5_Pernink;Karlovarský kraj;h00;32;21
02-o2_01-ver_03-tour_03-lau2_07-day_05-300+_03-frt-1003_01-sng_00-n_00-n_00-n_00-n_00-n_00-n;1003;0;41718;0;N;555479;N;7;3051;0;OS_KV-PO_2;20140320xThu;7_Potůčky;Karlovarský kraj;h00;0;78
02-o2_01-ver_03-tour_03-lau2_07-day_05-300+_03-frt-1003_01-sng_00-n_00-n_00-n_00-n_00-n_00-n;1003;0;41719;0;N;506494;N;4;3051;0;OS_KV-PO_2;20140321xFri;4_Nové Hamry;Karlovarský kraj;h00;0;55
02-o2_01-ver_03-tour_03-lau2_07-day_05-300+_03-frt-1003_01-sng_00-n_00-n_00-n_00-n_00-n_00-n;1003;0;41719;0;N;554961;N;1;3051;0;OS_KV-PO_2;20140321xFri;1_Karlovy Vary;Karlovarský kraj;h00;168;0
02-o2_01-ver_03-tour_03-lau2_07-day_05-300+_03-frt-1003_01-sng_00-n_00-n_00-n_00-n_00-n_00-n;1003;0;41719;0;N;555169;N;6;3051;0;OS_KV-PO_2;20140321xFri;6_Horní Blatná;Karlovarský kraj;h00;22;12
02-o2_01-ver_03-tour_03-lau2_07-day_05-300+_03-frt-1003_01-sng_00-n_00-n_00-n_00-n_00-n_00-n;1003;0;41719;0;N;555380;N;3;3051;0;OS_KV-PO_2;20140321xFri;3_Nejdek;Karlovarský kraj;h00;56;95
02-o2_01-ver_03-tour_03-lau2_07-day_05-300+_03-frt-1003_01-sng_00-n_00-n_00-n_00-n_00-n_00-n;1003;0;41719;0;N;555398;N;2;3051;0;OS_KV-PO_2;20140321xFri;2_Nová Role;Karlovarský kraj;h00;38;74
02-o2_01-ver_03-tour_03-lau2_07-day_05-300+_03-frt-1003_01-sng_00-n_00-n_00-n_00-n_00-n_00-n;1003;0;41719;0;N;555452;N;5;3051;0;OS_KV-PO_2;20140321xFri;5_Pernink;Karlovarský kraj;h00;20;12
02-o2_01-ver_03-tour_03-lau2_07-day_05-300+_03-frt-1003_01-sng_00-n_00-n_00-n_00-n_00-n_00-n;1003;0;41719;0;N;555479;N;7;3051;0;OS_KV-PO_2;20140321xFri;7_Potůčky;Karlovarský kraj;h00;0;56
02-o2_01-ver_03-tour_03-lau2_07-day_05-300+_03-frt-1003_01-sng_00-n_00-n_00-n_00-n_00-n_00-n;1003;0;41720;0;N;506494;N;4;3051;0;OS_KV-PO_2;20140322xSat;4_Nové Hamry;Karlovarský kraj;h00;1;61
02-o2_01-ver_03-tour_03-lau2_07-day_05-300+_03-frt-1003_01-sng_00-n_00-n_00-n_00-n_00-n_00-n;1003;0;41720;0;N;554961;N;1;3051;0;OS_KV-PO_2;20140322xSat;1_Karlovy Vary;Karlovarský kraj;h00;172;0
02-o2_01-ver_03-tour_03-lau2_07-day_05-300+_03-frt-1003_01-sng_00-n_00-n_00-n_00-n_00-n_00-n;1003;0;41720;0;N;555169;N;6;3051;0;OS_KV-PO_2;20140322xSat;6_Horní Blatná;Karlovarský kraj;h00;21;12
02-o2_01-ver_03-tour_03-lau2_07-day_05-300+_03-frt-1003_01-sng_00-n_00-n_00-n_00-n_00-n_00-n;1003;0;41720;0;N;555380;N;3;3051;0;OS_KV-PO_2;20140322xSat;3_Nejdek;Karlovarský kraj;h00;60;94
02-o2_01-ver_03-tour_03-lau2_07-day_05-300+_03-frt-1003_01-sng_00-n_00-n_00-n_00-n_00-n_00-n;1003;0;41720;0;N;555398;N;2;3051;0;OS_KV-PO_2;20140322xSat;2_Nová Role;Karlovarský kraj;h00;49;92
02-o2_01-ver_03-tour_03-lau2_07-day_05-300+_03-frt-1003_01-sng_00-n_00-n_00-n_00-n_00-n_00-n;1003;0;41720;0;N;555452;N;5;3051;0;OS_KV-PO_2;20140322xSat;5_Pernink;Karlovarský kraj;h00;21;12
02-o2_01-ver_03-tour_03-lau2_07-day_05-300+_03-frt-1003_01-sng_00-n_00-n_00-n_00-n_00-n_00-n;1003;0;41720;0;N;555479;N;7;3051;0;OS_KV-PO_2;20140322xSat;7_Potůčky;Karlovarský kraj;h00;0;53
02-o2_01-ver_03-tour_03-lau2_07-day_05-300+_03-frt-1003_01-sng_00-n_00-n_00-n_00-n_00-n_00-n;1003;0;41721;0;N;506494;N;4;3051;0;OS_KV-PO_2;20140323xSun;4_Nové Hamry;Karlovarský kraj;h00;1;41
02-o2_01-ver_03-tour_03-lau2_07-day_05-300+_03-frt-1003_01-sng_00-n_00-n_00-n_00-n_00-n_00-n;1003;0;41721;0;N;554961;N;1;3051;0;OS_KV-PO_2;20140323xSun;1_Karlovy Vary;Karlovarský kraj;h00;158;0
02-o2_01-ver_03-tour_03-lau2_07-day_05-300+_03-frt-1003_01-sng_00-n_00-n_00-n_00-n_00-n_00-n;1003;0;41721;0;N;555169;N;6;3051;0;OS_KV-PO_2;20140323xSun;6_Horní Blatná;Karlovarský kraj;h00;22;8
02-o2_01-ver_03-tour_03-lau2_07-day_05-300+_03-frt-1003_01-sng_00-n_00-n_00-n_00-n_00-n_00-n;1003;0;41721;0;N;555380;N;3;3051;0;OS_KV-PO_2;20140323xSun;3_Nejdek;Karlovarský kraj;h00;50;68
02-o2_01-ver_03-tour_03-lau2_07-day_05-300+_03-frt-1003_01-sng_00-n_00-n_00-n_00-n_00-n_00-n;1003;0;41721;0;N;555398;N;2;3051;0;OS_KV-PO_2;20140323xSun;2_Nová Role;Karlovarský kraj;h00;41;103
02-o2_01-ver_03-tour_03-lau2_07-day_05-300+_03-frt-1003_01-sng_00-n_00-n_00-n_00-n_00-n_00-n;1003;0;41721;0;N;555452;N;5;3051;0;OS_KV-PO_2;20140323xSun;5_Pernink;Karlovarský kraj;h00;22;9
02-o2_01-ver_03-tour_03-lau2_07-day_05-300+_03-frt-1003_01-sng_00-n_00-n_00-n_00-n_00-n_00-n;1003;0;41721;0;N;555479;N;7;3051;0;OS_KV-PO_2;20140323xSun;7_Potůčky;Karlovarský kraj;h00;0;65
02-o2_01-ver_03-tour_03-lau2_07-day_05-300+_03-frt-1003_01-sng_00-n_00-n_00-n_00-n_00-n_00-n;1003;0;41722;0;N;506494;N;4;3051;0;OS_KV-PO_2;20140324xMon;4_Nové Hamry;Karlovarský kraj;h00;1;70
02-o2_01-ver_03-tour_03-lau2_07-day_05-300+_03-frt-1003_01-sng_00-n_00-n_00-n_00-n_00-n_00-n;1003;0;41722;0;N;554961;N;1;3051;0;OS_KV-PO_2;20140324xMon;1_Karlovy Vary;Karlovarský kraj;h00;287;0
02-o2_01-ver_03-tour_03-lau2_07-day_05-300+_03-frt-1003_01-sng_00-n_00-n_00-n_00-n_00-n_00-n;1003;0;41722;0;N;555169;N;6;3051;0;OS_KV-PO_2;20140324xMon;6_Horní Blatná;Karlovarský kraj;h00;25;14
02-o2_01-ver_03-tour_03-lau2_07-day_05-300+_03-frt-1003_01-sng_00-n_00-n_00-n_00-n_00-n_00-n;1003;0;41722;0;N;555380;N;3;3051;0;OS_KV-PO_2;20140324xMon;3_Nejdek;Karlovarský kraj;h00;82;169
02-o2_01-ver_03-tour_03-lau2_07-day_05-300+_03-frt-1003_01-sng_00-n_00-n_00-n_00-n_00-n_00-n;1003;0;41722;0;N;555398;N;2;3051;0;OS_KV-PO_2;20140324xMon;2_Nová Role;Karlovarský kraj;h00;100;176
02-o2_01-ver_03-tour_03-lau2_07-day_05-300+_03-frt-1003_01-sng_00-n_00-n_00-n_00-n_00-n_00-n;1003;0;41722;0;N;555452;N;5;3051;0;OS_KV-PO_2;20140324xMon;5_Pernink;Karlovarský kraj;h00;29;19
02-o2_01-ver_03-tour_03-lau2_07-day_05-300+_03-frt-1003_01-sng_00-n_00-n_00-n_00-n_00-n_00-n;1003;0;41722;0;N;555479;N;7;3051;0;OS_KV-PO_2;20140324xMon;7_Potůčky;Karlovarský kraj;h00;0;76
02-o2_01-ver_03-tour_03-lau2_07-day_05-300+_03-frt-1003_01-sng_00-n_00-n_00-n_00-n_00-n_00-n;1003;0;41723;0;N;506494;N;4;3051;0;OS_KV-PO_2;20140325xTue;4_Nové Hamry;Karlovarský kraj;h00;0;62
02-o2_01-ver_03-tour_03-lau2_07-day_05-300+_03-frt-1003_01-sng_00-n_00-n_00-n_00-n_00-n_00-n;1003;0;41723;0;N;554961;N;1;3051;0;OS_KV-PO_2;20140325xTue;1_Karlovy Vary;Karlovarský kraj;h00;248;0
02-o2_01-ver_03-tour_03-lau2_07-day_05-300+_03-frt-1003_01-sng_00-n_00-n_00-n_00-n_00-n_00-n;1003;0;41723;0;N;555169;N;6;3051;0;OS_KV-PO_2;20140325xTue;6_Horní Blatná;Karlovarský kraj;h00;31;14
02-o2_01-ver_03-tour_03-lau2_07-day_05-300+_03-frt-1003_01-sng_00-n_00-n_00-n_00-n_00-n_00-n;1003;0;41723;0;N;555380;N;3;3051;0;OS_KV-PO_2;20140325xTue;3_Nejdek;Karlovarský kraj;h00;61;146
02-o2_01-ver_03-tour_03-lau2_07-day_05-300+_03-frt-1003_01-sng_00-n_00-n_00-n_00-n_00-n_00-n;1003;0;41723;0;N;555398;N;2;3051;0;OS_KV-PO_2;20140325xTue;2_Nová Role;Karlovarský kraj;h00;83;142
02-o2_01-ver_03-tour_03-lau2_07-day_05-300+_03-frt-1003_01-sng_00-n_00-n_00-n_00-n_00-n_00-n;1003;0;41723;0;N;555452;N;5;3051;0;OS_KV-PO_2;20140325xTue;5_Pernink;Karlovarský kraj;h00;36;19
02-o2_01-ver_03-tour_03-lau2_07-day_05-300+_03-frt-1003_01-sng_00-n_00-n_00-n_00-n_00-n_00-n;1003;0;41723;0;N;555479;N;7;3051;0;OS_KV-PO_2;20140325xTue;7_Potůčky;Karlovarský kraj;h00;0;76
02-o2_01-ver_03-tour_03-lau2_07-day_05-300+_03-frt-1003_01-sng_00-n_00-n_00-n_00-n_00-n_00-n;1003;0;41724;0;N;506494;N;4;3051;0;OS_KV-PO_2;20140326xWed;4_Nové Hamry;Karlovarský kraj;h00;1;47
02-o2_01-ver_03-tour_03-lau2_07-day_05-300+_03-frt-1003_01-sng_00-n_00-n_00-n_00-n_00-n_00-n;1003;0;41724;0;N;554961;N;1;3051;0;OS_KV-PO_2;20140326xWed;1_Karlovy Vary;Karlovarský kraj;h00;242;0
02-o2_01-ver_03-tour_03-lau2_07-day_05-300+_03-frt-1003_01-sng_00-n_00-n_00-n_00-n_00-n_00-n;1003;0;41724;0;N;555169;N;6;3051;0;OS_KV-PO_2;20140326xWed;6_Horní Blatná;Karlovarský kraj;h00;33;25
02-o2_01-ver_03-tour_03-lau2_07-day_05-300+_03-frt-1003_01-sng_00-n_00-n_00-n_00-n_00-n_00-n;1003;0;41724;0;N;555380;N;3;3051;0;OS_KV-PO_2;20140326xWed;3_Nejdek;Karlovarský kraj;h00;56;138
02-o2_01-ver_03-tour_03-lau2_07-day_05-300+_03-frt-1003_01-sng_00-n_00-n_00-n_00-n_00-n_00-n;1003;0;41724;0;N;555398;N;2;3051;0;OS_KV-PO_2;20140326xWed;2_Nová Role;Karlovarský kraj;h00;94;152
02-o2_01-ver_03-tour_03-lau2_07-day_05-300+_03-frt-1003_01-sng_00-n_00-n_00-n_00-n_00-n_00-n;1003;0;41724;0;N;555452;N;5;3051;0;OS_KV-PO_2;20140326xWed;5_Pernink;Karlovarský kraj;h00;45;22
02-o2_01-ver_03-tour_03-lau2_07-day_05-300+_03-frt-1003_01-sng_00-n_00-n_00-n_00-n_00-n_00-n;1003;0;41724;0;N;555479;N;7;3051;0;OS_KV-PO_2;20140326xWed;7_Potůčky;Karlovarský kraj;h00;0;87
