02-o2_02-edg_04-pot_03-lau2_07-day_05-300+_07-frt-1007_01-sng_00-n_00-n_00-n_00-n_00-n_00-n;1007;0;41718;0;N;531057;531758;1;3026;0;PM_BE-PH_1;20140320xThu;01_Beroun_Srbsko;Středočeský kraj;h00;586;N
02-o2_02-edg_04-pot_03-lau2_07-day_05-300+_07-frt-1007_01-sng_00-n_00-n_00-n_00-n_00-n_00-n;1007;0;41718;0;N;531758;531316;2;3026;0;PM_BE-PH_1;20140320xThu;02_Srbsko_Karlštejn;Středočeský kraj;h00;590;N
02-o2_02-edg_04-pot_03-lau2_07-day_05-300+_07-frt-1007_01-sng_00-n_00-n_00-n_00-n_00-n_00-n;1007;0;41718;0;N;531316;531979;3;3026;0;PM_BE-PH_1;20140320xThu;03_Karlštejn_Zadní Třebaň;Středočeský kraj;h00;567;N
02-o2_02-edg_04-pot_03-lau2_07-day_05-300+_07-frt-1007_01-sng_00-n_00-n_00-n_00-n_00-n_00-n;1007;0;41718;0;N;531979;539643;4;3026;0;PM_BE-PH_1;20140320xThu;04_Zadní Třebaň_Řevnice;Středočeský kraj;h00;589;N
02-o2_02-edg_04-pot_03-lau2_07-day_05-300+_07-frt-1007_01-sng_00-n_00-n_00-n_00-n_00-n_00-n;1007;0;41718;0;N;539643;539198;5;3026;0;PM_BE-PH_1;20140320xThu;05_Řevnice_Dobřichovice;Středočeský kraj;h00;575;N
02-o2_02-edg_04-pot_03-lau2_07-day_05-300+_07-frt-1007_01-sng_00-n_00-n_00-n_00-n_00-n_00-n;1007;0;41718;0;N;539198;539856;6;3026;0;PM_BE-PH_1;20140320xThu;06_Dobřichovice_Všenory;Středočeský kraj;h00;696;N
02-o2_02-edg_04-pot_03-lau2_07-day_05-300+_07-frt-1007_01-sng_00-n_00-n_00-n_00-n_00-n_00-n;1007;0;41718;0;N;539856;539139;7;3026;0;PM_BE-PH_1;20140320xThu;07_Všenory_Černošice;Středočeský kraj;h00;735;N
02-o2_02-edg_04-pot_03-lau2_07-day_05-300+_07-frt-1007_01-sng_00-n_00-n_00-n_00-n_00-n_00-n;1007;0;41718;0;N;539139;554782;8;3026;0;PM_BE-PH_1;20140320xThu;08_Černošice_Praha;Středočeský kraj;h00;889;N
02-o2_02-edg_04-pot_03-lau2_07-day_05-300+_07-frt-1007_01-sng_00-n_00-n_00-n_00-n_00-n_00-n;1007;0;41711;0;N;531057;531758;1;3026;0;PM_BE-PH_1;20140313xThu;01_Beroun_Srbsko;Středočeský kraj;h00;747;N
02-o2_02-edg_04-pot_03-lau2_07-day_05-300+_07-frt-1007_01-sng_00-n_00-n_00-n_00-n_00-n_00-n;1007;0;41711;0;N;531758;531316;2;3026;0;PM_BE-PH_1;20140313xThu;02_Srbsko_Karlštejn;Středočeský kraj;h00;749;N
02-o2_02-edg_04-pot_03-lau2_07-day_05-300+_07-frt-1007_01-sng_00-n_00-n_00-n_00-n_00-n_00-n;1007;0;41711;0;N;531316;531979;3;3026;0;PM_BE-PH_1;20140313xThu;03_Karlštejn_Zadní Třebaň;Středočeský kraj;h00;718;N
02-o2_02-edg_04-pot_03-lau2_07-day_05-300+_07-frt-1007_01-sng_00-n_00-n_00-n_00-n_00-n_00-n;1007;0;41711;0;N;531979;539643;4;3026;0;PM_BE-PH_1;20140313xThu;04_Zadní Třebaň_Řevnice;Středočeský kraj;h00;742;N
02-o2_02-edg_04-pot_03-lau2_07-day_05-300+_07-frt-1007_01-sng_00-n_00-n_00-n_00-n_00-n_00-n;1007;0;41711;0;N;539643;539198;5;3026;0;PM_BE-PH_1;20140313xThu;05_Řevnice_Dobřichovice;Středočeský kraj;h00;736;N
02-o2_02-edg_04-pot_03-lau2_07-day_05-300+_07-frt-1007_01-sng_00-n_00-n_00-n_00-n_00-n_00-n;1007;0;41711;0;N;539198;539856;6;3026;0;PM_BE-PH_1;20140313xThu;06_Dobřichovice_Všenory;Středočeský kraj;h00;832;N
02-o2_02-edg_04-pot_03-lau2_07-day_05-300+_07-frt-1007_01-sng_00-n_00-n_00-n_00-n_00-n_00-n;1007;0;41711;0;N;539856;539139;7;3026;0;PM_BE-PH_1;20140313xThu;07_Všenory_Černošice;Středočeský kraj;h00;872;N
02-o2_02-edg_04-pot_03-lau2_07-day_05-300+_07-frt-1007_01-sng_00-n_00-n_00-n_00-n_00-n_00-n;1007;0;41711;0;N;539139;554782;8;3026;0;PM_BE-PH_1;20140313xThu;08_Černošice_Praha;Středočeský kraj;h00;1049;N
02-o2_02-edg_04-pot_03-lau2_07-day_05-300+_07-frt-1007_01-sng_00-n_00-n_00-n_00-n_00-n_00-n;1007;0;41720;0;N;531057;531758;1;3026;0;PM_BE-PH_1;20140322xSat;01_Beroun_Srbsko;Středočeský kraj;h00;384;N
02-o2_02-edg_04-pot_03-lau2_07-day_05-300+_07-frt-1007_01-sng_00-n_00-n_00-n_00-n_00-n_00-n;1007;0;41720;0;N;531758;531316;2;3026;0;PM_BE-PH_1;20140322xSat;02_Srbsko_Karlštejn;Středočeský kraj;h00;387;N
02-o2_02-edg_04-pot_03-lau2_07-day_05-300+_07-frt-1007_01-sng_00-n_00-n_00-n_00-n_00-n_00-n;1007;0;41720;0;N;531316;531979;3;3026;0;PM_BE-PH_1;20140322xSat;03_Karlštejn_Zadní Třebaň;Středočeský kraj;h00;383;N
02-o2_02-edg_04-pot_03-lau2_07-day_05-300+_07-frt-1007_01-sng_00-n_00-n_00-n_00-n_00-n_00-n;1007;0;41720;0;N;531979;539643;4;3026;0;PM_BE-PH_1;20140322xSat;04_Zadní Třebaň_Řevnice;Středočeský kraj;h00;398;N
02-o2_02-edg_04-pot_03-lau2_07-day_05-300+_07-frt-1007_01-sng_00-n_00-n_00-n_00-n_00-n_00-n;1007;0;41720;0;N;539643;539198;5;3026;0;PM_BE-PH_1;20140322xSat;05_Řevnice_Dobřichovice;Středočeský kraj;h00;382;N
02-o2_02-edg_04-pot_03-lau2_07-day_05-300+_07-frt-1007_01-sng_00-n_00-n_00-n_00-n_00-n_00-n;1007;0;41720;0;N;539198;539856;6;3026;0;PM_BE-PH_1;20140322xSat;06_Dobřichovice_Všenory;Středočeský kraj;h00;503;N
02-o2_02-edg_04-pot_03-lau2_07-day_05-300+_07-frt-1007_01-sng_00-n_00-n_00-n_00-n_00-n_00-n;1007;0;41720;0;N;539856;539139;7;3026;0;PM_BE-PH_1;20140322xSat;07_Všenory_Černošice;Středočeský kraj;h00;502;N
02-o2_02-edg_04-pot_03-lau2_07-day_05-300+_07-frt-1007_01-sng_00-n_00-n_00-n_00-n_00-n_00-n;1007;0;41720;0;N;539139;554782;8;3026;0;PM_BE-PH_1;20140322xSat;08_Černošice_Praha;Středočeský kraj;h00;599;N
02-o2_02-edg_04-pot_03-lau2_07-day_05-300+_07-frt-1007_01-sng_00-n_00-n_00-n_00-n_00-n_00-n;1007;0;41713;0;N;531057;531758;1;3026;0;PM_BE-PH_1;20140315xSat;01_Beroun_Srbsko;Středočeský kraj;h00;366;N
02-o2_02-edg_04-pot_03-lau2_07-day_05-300+_07-frt-1007_01-sng_00-n_00-n_00-n_00-n_00-n_00-n;1007;0;41713;0;N;531758;531316;2;3026;0;PM_BE-PH_1;20140315xSat;02_Srbsko_Karlštejn;Středočeský kraj;h00;367;N
02-o2_02-edg_04-pot_03-lau2_07-day_05-300+_07-frt-1007_01-sng_00-n_00-n_00-n_00-n_00-n_00-n;1007;0;41713;0;N;531316;531979;3;3026;0;PM_BE-PH_1;20140315xSat;03_Karlštejn_Zadní Třebaň;Středočeský kraj;h00;364;N
02-o2_02-edg_04-pot_03-lau2_07-day_05-300+_07-frt-1007_01-sng_00-n_00-n_00-n_00-n_00-n_00-n;1007;0;41713;0;N;531979;539643;4;3026;0;PM_BE-PH_1;20140315xSat;04_Zadní Třebaň_Řevnice;Středočeský kraj;h00;388;N
02-o2_02-edg_04-pot_03-lau2_07-day_05-300+_07-frt-1007_01-sng_00-n_00-n_00-n_00-n_00-n_00-n;1007;0;41713;0;N;539643;539198;5;3026;0;PM_BE-PH_1;20140315xSat;05_Řevnice_Dobřichovice;Středočeský kraj;h00;371;N
02-o2_02-edg_04-pot_03-lau2_07-day_05-300+_07-frt-1007_01-sng_00-n_00-n_00-n_00-n_00-n_00-n;1007;0;41713;0;N;539198;539856;6;3026;0;PM_BE-PH_1;20140315xSat;06_Dobřichovice_Všenory;Středočeský kraj;h00;460;N
02-o2_02-edg_04-pot_03-lau2_07-day_05-300+_07-frt-1007_01-sng_00-n_00-n_00-n_00-n_00-n_00-n;1007;0;41713;0;N;539856;539139;7;3026;0;PM_BE-PH_1;20140315xSat;07_Všenory_Černošice;Středočeský kraj;h00;466;N
02-o2_02-edg_04-pot_03-lau2_07-day_05-300+_07-frt-1007_01-sng_00-n_00-n_00-n_00-n_00-n_00-n;1007;0;41713;0;N;539139;554782;8;3026;0;PM_BE-PH_1;20140315xSat;08_Černošice_Praha;Středočeský kraj;h00;564;N
02-o2_02-edg_04-pot_03-lau2_07-day_05-300+_07-frt-1007_01-sng_00-n_00-n_00-n_00-n_00-n_00-n;1007;0;41710;0;N;531057;531758;1;3026;0;PM_BE-PH_1;20140312xWed;01_Beroun_Srbsko;Středočeský kraj;h00;744;N
02-o2_02-edg_04-pot_03-lau2_07-day_05-300+_07-frt-1007_01-sng_00-n_00-n_00-n_00-n_00-n_00-n;1007;0;41710;0;N;531758;531316;2;3026;0;PM_BE-PH_1;20140312xWed;02_Srbsko_Karlštejn;Středočeský kraj;h00;739;N
02-o2_02-edg_04-pot_03-lau2_07-day_05-300+_07-frt-1007_01-sng_00-n_00-n_00-n_00-n_00-n_00-n;1007;0;41710;0;N;531316;531979;3;3026;0;PM_BE-PH_1;20140312xWed;03_Karlštejn_Zadní Třebaň;Středočeský kraj;h00;721;N
02-o2_02-edg_04-pot_03-lau2_07-day_05-300+_07-frt-1007_01-sng_00-n_00-n_00-n_00-n_00-n_00-n;1007;0;41710;0;N;531979;539643;4;3026;0;PM_BE-PH_1;20140312xWed;04_Zadní Třebaň_Řevnice;Středočeský kraj;h00;742;N
02-o2_02-edg_04-pot_03-lau2_07-day_05-300+_07-frt-1007_01-sng_00-n_00-n_00-n_00-n_00-n_00-n;1007;0;41710;0;N;539643;539198;5;3026;0;PM_BE-PH_1;20140312xWed;05_Řevnice_Dobřichovice;Středočeský kraj;h00;807;N
02-o2_02-edg_04-pot_03-lau2_07-day_05-300+_07-frt-1007_01-sng_00-n_00-n_00-n_00-n_00-n_00-n;1007;0;41710;0;N;539198;539856;6;3026;0;PM_BE-PH_1;20140312xWed;06_Dobřichovice_Všenory;Středočeský kraj;h00;906;N
02-o2_02-edg_04-pot_03-lau2_07-day_05-300+_07-frt-1007_01-sng_00-n_00-n_00-n_00-n_00-n_00-n;1007;0;41710;0;N;539856;539139;7;3026;0;PM_BE-PH_1;20140312xWed;07_Všenory_Černošice;Středočeský kraj;h00;913;N
02-o2_02-edg_04-pot_03-lau2_07-day_05-300+_07-frt-1007_01-sng_00-n_00-n_00-n_00-n_00-n_00-n;1007;0;41710;0;N;539139;554782;8;3026;0;PM_BE-PH_1;20140312xWed;08_Černošice_Praha;Středočeský kraj;h00;1068;N
02-o2_02-edg_04-pot_03-lau2_07-day_05-300+_07-frt-1007_01-sng_00-n_00-n_00-n_00-n_00-n_00-n;1007;0;41724;0;N;531057;531758;1;3026;0;PM_BE-PH_1;20140326xWed;01_Beroun_Srbsko;Středočeský kraj;h00;638;N
02-o2_02-edg_04-pot_03-lau2_07-day_05-300+_07-frt-1007_01-sng_00-n_00-n_00-n_00-n_00-n_00-n;1007;0;41724;0;N;531758;531316;2;3026;0;PM_BE-PH_1;20140326xWed;02_Srbsko_Karlštejn;Středočeský kraj;h00;633;N
02-o2_02-edg_04-pot_03-lau2_07-day_05-300+_07-frt-1007_01-sng_00-n_00-n_00-n_00-n_00-n_00-n;1007;0;41724;0;N;531316;531979;3;3026;0;PM_BE-PH_1;20140326xWed;03_Karlštejn_Zadní Třebaň;Středočeský kraj;h00;604;N
02-o2_02-edg_04-pot_03-lau2_07-day_05-300+_07-frt-1007_01-sng_00-n_00-n_00-n_00-n_00-n_00-n;1007;0;41724;0;N;531979;539643;4;3026;0;PM_BE-PH_1;20140326xWed;04_Zadní Třebaň_Řevnice;Středočeský kraj;h00;634;N
02-o2_02-edg_04-pot_03-lau2_07-day_05-300+_07-frt-1007_01-sng_00-n_00-n_00-n_00-n_00-n_00-n;1007;0;41724;0;N;539643;539198;5;3026;0;PM_BE-PH_1;20140326xWed;05_Řevnice_Dobřichovice;Středočeský kraj;h00;623;N
02-o2_02-edg_04-pot_03-lau2_07-day_05-300+_07-frt-1007_01-sng_00-n_00-n_00-n_00-n_00-n_00-n;1007;0;41724;0;N;539198;539856;6;3026;0;PM_BE-PH_1;20140326xWed;06_Dobřichovice_Všenory;Středočeský kraj;h00;734;N
02-o2_02-edg_04-pot_03-lau2_07-day_05-300+_07-frt-1007_01-sng_00-n_00-n_00-n_00-n_00-n_00-n;1007;0;41724;0;N;539856;539139;7;3026;0;PM_BE-PH_1;20140326xWed;07_Všenory_Černošice;Středočeský kraj;h00;782;N
02-o2_02-edg_04-pot_03-lau2_07-day_05-300+_07-frt-1007_01-sng_00-n_00-n_00-n_00-n_00-n_00-n;1007;0;41724;0;N;539139;554782;8;3026;0;PM_BE-PH_1;20140326xWed;08_Černošice_Praha;Středočeský kraj;h00;929;N
02-o2_02-edg_04-pot_03-lau2_07-day_05-300+_07-frt-1007_01-sng_00-n_00-n_00-n_00-n_00-n_00-n;1007;0;41717;0;N;531057;531758;1;3026;0;PM_BE-PH_1;20140319xWed;01_Beroun_Srbsko;Středočeský kraj;h00;613;N
02-o2_02-edg_04-pot_03-lau2_07-day_05-300+_07-frt-1007_01-sng_00-n_00-n_00-n_00-n_00-n_00-n;1007;0;41717;0;N;531758;531316;2;3026;0;PM_BE-PH_1;20140319xWed;02_Srbsko_Karlštejn;Středočeský kraj;h00;613;N
02-o2_02-edg_04-pot_03-lau2_07-day_05-300+_07-frt-1007_01-sng_00-n_00-n_00-n_00-n_00-n_00-n;1007;0;41717;0;N;531316;531979;3;3026;0;PM_BE-PH_1;20140319xWed;03_Karlštejn_Zadní Třebaň;Středočeský kraj;h00;598;N
02-o2_02-edg_04-pot_03-lau2_07-day_05-300+_07-frt-1007_01-sng_00-n_00-n_00-n_00-n_00-n_00-n;1007;0;41717;0;N;531979;539643;4;3026;0;PM_BE-PH_1;20140319xWed;04_Zadní Třebaň_Řevnice;Středočeský kraj;h00;635;N
02-o2_02-edg_04-pot_03-lau2_07-day_05-300+_07-frt-1007_01-sng_00-n_00-n_00-n_00-n_00-n_00-n;1007;0;41717;0;N;539643;539198;5;3026;0;PM_BE-PH_1;20140319xWed;05_Řevnice_Dobřichovice;Středočeský kraj;h00;685;N
02-o2_02-edg_04-pot_03-lau2_07-day_05-300+_07-frt-1007_01-sng_00-n_00-n_00-n_00-n_00-n_00-n;1007;0;41717;0;N;539198;539856;6;3026;0;PM_BE-PH_1;20140319xWed;06_Dobřichovice_Všenory;Středočeský kraj;h00;785;N
02-o2_02-edg_04-pot_03-lau2_07-day_05-300+_07-frt-1007_01-sng_00-n_00-n_00-n_00-n_00-n_00-n;1007;0;41717;0;N;539856;539139;7;3026;0;PM_BE-PH_1;20140319xWed;07_Všenory_Černošice;Středočeský kraj;h00;799;N
02-o2_02-edg_04-pot_03-lau2_07-day_05-300+_07-frt-1007_01-sng_00-n_00-n_00-n_00-n_00-n_00-n;1007;0;41717;0;N;539139;554782;8;3026;0;PM_BE-PH_1;20140319xWed;08_Černošice_Praha;Středočeský kraj;h00;960;N
02-o2_02-edg_04-pot_03-lau2_07-day_05-300+_07-frt-1007_01-sng_00-n_00-n_00-n_00-n_00-n_00-n;1007;0;41723;0;N;531057;531758;1;3026;0;PM_BE-PH_1;20140325xTue;01_Beroun_Srbsko;Středočeský kraj;h00;571;N
02-o2_02-edg_04-pot_03-lau2_07-day_05-300+_07-frt-1007_01-sng_00-n_00-n_00-n_00-n_00-n_00-n;1007;0;41723;0;N;531758;531316;2;3026;0;PM_BE-PH_1;20140325xTue;02_Srbsko_Karlštejn;Středočeský kraj;h00;573;N
02-o2_02-edg_04-pot_03-lau2_07-day_05-300+_07-frt-1007_01-sng_00-n_00-n_00-n_00-n_00-n_00-n;1007;0;41723;0;N;531316;531979;3;3026;0;PM_BE-PH_1;20140325xTue;03_Karlštejn_Zadní Třebaň;Středočeský kraj;h00;538;N
02-o2_02-edg_04-pot_03-lau2_07-day_05-300+_07-frt-1007_01-sng_00-n_00-n_00-n_00-n_00-n_00-n;1007;0;41723;0;N;531979;539643;4;3026;0;PM_BE-PH_1;20140325xTue;04_Zadní Třebaň_Řevnice;Středočeský kraj;h00;569;N
02-o2_02-edg_04-pot_03-lau2_07-day_05-300+_07-frt-1007_01-sng_00-n_00-n_00-n_00-n_00-n_00-n;1007;0;41723;0;N;539643;539198;5;3026;0;PM_BE-PH_1;20140325xTue;05_Řevnice_Dobřichovice;Středočeský kraj;h00;549;N
02-o2_02-edg_04-pot_03-lau2_07-day_05-300+_07-frt-1007_01-sng_00-n_00-n_00-n_00-n_00-n_00-n;1007;0;41723;0;N;539198;539856;6;3026;0;PM_BE-PH_1;20140325xTue;06_Dobřichovice_Všenory;Středočeský kraj;h00;660;N
02-o2_02-edg_04-pot_03-lau2_07-day_05-300+_07-frt-1007_01-sng_00-n_00-n_00-n_00-n_00-n_00-n;1007;0;41723;0;N;539856;539139;7;3026;0;PM_BE-PH_1;20140325xTue;07_Všenory_Černošice;Středočeský kraj;h00;687;N
02-o2_02-edg_04-pot_03-lau2_07-day_05-300+_07-frt-1007_01-sng_00-n_00-n_00-n_00-n_00-n_00-n;1007;0;41723;0;N;539139;554782;8;3026;0;PM_BE-PH_1;20140325xTue;08_Černošice_Praha;Středočeský kraj;h00;838;N
02-o2_02-edg_04-pot_03-lau2_07-day_05-300+_07-frt-1007_01-sng_00-n_00-n_00-n_00-n_00-n_00-n;1007;0;41712;0;N;531057;531758;1;3026;0;PM_BE-PH_1;20140314xFri;01_Beroun_Srbsko;Středočeský kraj;h00;612;N
02-o2_02-edg_04-pot_03-lau2_07-day_05-300+_07-frt-1007_01-sng_00-n_00-n_00-n_00-n_00-n_00-n;1007;0;41712;0;N;531758;531316;2;3026;0;PM_BE-PH_1;20140314xFri;02_Srbsko_Karlštejn;Středočeský kraj;h00;609;N
02-o2_02-edg_04-pot_03-lau2_07-day_05-300+_07-frt-1007_01-sng_00-n_00-n_00-n_00-n_00-n_00-n;1007;0;41712;0;N;531316;531979;3;3026;0;PM_BE-PH_1;20140314xFri;03_Karlštejn_Zadní Třebaň;Středočeský kraj;h00;591;N
02-o2_02-edg_04-pot_03-lau2_07-day_05-300+_07-frt-1007_01-sng_00-n_00-n_00-n_00-n_00-n_00-n;1007;0;41712;0;N;531979;539643;4;3026;0;PM_BE-PH_1;20140314xFri;04_Zadní Třebaň_Řevnice;Středočeský kraj;h00;622;N
02-o2_02-edg_04-pot_03-lau2_07-day_05-300+_07-frt-1007_01-sng_00-n_00-n_00-n_00-n_00-n_00-n;1007;0;41712;0;N;539643;539198;5;3026;0;PM_BE-PH_1;20140314xFri;05_Řevnice_Dobřichovice;Středočeský kraj;h00;602;N
02-o2_02-edg_04-pot_03-lau2_07-day_05-300+_07-frt-1007_01-sng_00-n_00-n_00-n_00-n_00-n_00-n;1007;0;41712;0;N;539198;539856;6;3026;0;PM_BE-PH_1;20140314xFri;06_Dobřichovice_Všenory;Středočeský kraj;h00;730;N
02-o2_02-edg_04-pot_03-lau2_07-day_05-300+_07-frt-1007_01-sng_00-n_00-n_00-n_00-n_00-n_00-n;1007;0;41712;0;N;539856;539139;7;3026;0;PM_BE-PH_1;20140314xFri;07_Všenory_Černošice;Středočeský kraj;h00;770;N
02-o2_02-edg_04-pot_03-lau2_07-day_05-300+_07-frt-1007_01-sng_00-n_00-n_00-n_00-n_00-n_00-n;1007;0;41712;0;N;539139;554782;8;3026;0;PM_BE-PH_1;20140314xFri;08_Černošice_Praha;Středočeský kraj;h00;882;N
02-o2_02-edg_04-pot_03-lau2_07-day_05-300+_07-frt-1007_01-sng_00-n_00-n_00-n_00-n_00-n_00-n;1007;0;41716;0;N;531057;531758;1;3026;0;PM_BE-PH_1;20140318xTue;01_Beroun_Srbsko;Středočeský kraj;h00;580;N
02-o2_02-edg_04-pot_03-lau2_07-day_05-300+_07-frt-1007_01-sng_00-n_00-n_00-n_00-n_00-n_00-n;1007;0;41716;0;N;531758;531316;2;3026;0;PM_BE-PH_1;20140318xTue;02_Srbsko_Karlštejn;Středočeský kraj;h00;582;N
02-o2_02-edg_04-pot_03-lau2_07-day_05-300+_07-frt-1007_01-sng_00-n_00-n_00-n_00-n_00-n_00-n;1007;0;41716;0;N;531316;531979;3;3026;0;PM_BE-PH_1;20140318xTue;03_Karlštejn_Zadní Třebaň;Středočeský kraj;h00;558;N
02-o2_02-edg_04-pot_03-lau2_07-day_05-300+_07-frt-1007_01-sng_00-n_00-n_00-n_00-n_00-n_00-n;1007;0;41716;0;N;531979;539643;4;3026;0;PM_BE-PH_1;20140318xTue;04_Zadní Třebaň_Řevnice;Středočeský kraj;h00;576;N
02-o2_02-edg_04-pot_03-lau2_07-day_05-300+_07-frt-1007_01-sng_00-n_00-n_00-n_00-n_00-n_00-n;1007;0;41716;0;N;539643;539198;5;3026;0;PM_BE-PH_1;20140318xTue;05_Řevnice_Dobřichovice;Středočeský kraj;h00;551;N
02-o2_02-edg_04-pot_03-lau2_07-day_05-300+_07-frt-1007_01-sng_00-n_00-n_00-n_00-n_00-n_00-n;1007;0;41716;0;N;539198;539856;6;3026;0;PM_BE-PH_1;20140318xTue;06_Dobřichovice_Všenory;Středočeský kraj;h00;659;N
02-o2_02-edg_04-pot_03-lau2_07-day_05-300+_07-frt-1007_01-sng_00-n_00-n_00-n_00-n_00-n_00-n;1007;0;41716;0;N;539856;539139;7;3026;0;PM_BE-PH_1;20140318xTue;07_Všenory_Černošice;Středočeský kraj;h00;695;N
02-o2_02-edg_04-pot_03-lau2_07-day_05-300+_07-frt-1007_01-sng_00-n_00-n_00-n_00-n_00-n_00-n;1007;0;41716;0;N;539139;554782;8;3026;0;PM_BE-PH_1;20140318xTue;08_Černošice_Praha;Středočeský kraj;h00;866;N
02-o2_02-edg_04-pot_03-lau2_07-day_05-300+_07-frt-1007_01-sng_00-n_00-n_00-n_00-n_00-n_00-n;1007;0;41722;0;N;531057;531758;1;3026;0;PM_BE-PH_1;20140324xMon;01_Beroun_Srbsko;Středočeský kraj;h00;526;N
02-o2_02-edg_04-pot_03-lau2_07-day_05-300+_07-frt-1007_01-sng_00-n_00-n_00-n_00-n_00-n_00-n;1007;0;41722;0;N;531758;531316;2;3026;0;PM_BE-PH_1;20140324xMon;02_Srbsko_Karlštejn;Středočeský kraj;h00;525;N
02-o2_02-edg_04-pot_03-lau2_07-day_05-300+_07-frt-1007_01-sng_00-n_00-n_00-n_00-n_00-n_00-n;1007;0;41722;0;N;531316;531979;3;3026;0;PM_BE-PH_1;20140324xMon;03_Karlštejn_Zadní Třebaň;Středočeský kraj;h00;500;N
02-o2_02-edg_04-pot_03-lau2_07-day_05-300+_07-frt-1007_01-sng_00-n_00-n_00-n_00-n_00-n_00-n;1007;0;41722;0;N;531979;539643;4;3026;0;PM_BE-PH_1;20140324xMon;04_Zadní Třebaň_Řevnice;Středočeský kraj;h00;527;N
02-o2_02-edg_04-pot_03-lau2_07-day_05-300+_07-frt-1007_01-sng_00-n_00-n_00-n_00-n_00-n_00-n;1007;0;41722;0;N;539643;539198;5;3026;0;PM_BE-PH_1;20140324xMon;05_Řevnice_Dobřichovice;Středočeský kraj;h00;512;N
02-o2_02-edg_04-pot_03-lau2_07-day_05-300+_07-frt-1007_01-sng_00-n_00-n_00-n_00-n_00-n_00-n;1007;0;41722;0;N;539198;539856;6;3026;0;PM_BE-PH_1;20140324xMon;06_Dobřichovice_Všenory;Středočeský kraj;h00;634;N
02-o2_02-edg_04-pot_03-lau2_07-day_05-300+_07-frt-1007_01-sng_00-n_00-n_00-n_00-n_00-n_00-n;1007;0;41722;0;N;539856;539139;7;3026;0;PM_BE-PH_1;20140324xMon;07_Všenory_Černošice;Středočeský kraj;h00;663;N
02-o2_02-edg_04-pot_03-lau2_07-day_05-300+_07-frt-1007_01-sng_00-n_00-n_00-n_00-n_00-n_00-n;1007;0;41722;0;N;539139;554782;8;3026;0;PM_BE-PH_1;20140324xMon;08_Černošice_Praha;Středočeský kraj;h00;806;N
02-o2_02-edg_04-pot_03-lau2_07-day_05-300+_07-frt-1007_01-sng_00-n_00-n_00-n_00-n_00-n_00-n;1007;0;41715;0;N;531057;531758;1;3026;0;PM_BE-PH_1;20140317xMon;01_Beroun_Srbsko;Středočeský kraj;h00;451;N
02-o2_02-edg_04-pot_03-lau2_07-day_05-300+_07-frt-1007_01-sng_00-n_00-n_00-n_00-n_00-n_00-n;1007;0;41715;0;N;531758;531316;2;3026;0;PM_BE-PH_1;20140317xMon;02_Srbsko_Karlštejn;Středočeský kraj;h00;450;N
02-o2_02-edg_04-pot_03-lau2_07-day_05-300+_07-frt-1007_01-sng_00-n_00-n_00-n_00-n_00-n_00-n;1007;0;41715;0;N;531316;531979;3;3026;0;PM_BE-PH_1;20140317xMon;03_Karlštejn_Zadní Třebaň;Středočeský kraj;h00;425;N
02-o2_02-edg_04-pot_03-lau2_07-day_05-300+_07-frt-1007_01-sng_00-n_00-n_00-n_00-n_00-n_00-n;1007;0;41715;0;N;531979;539643;4;3026;0;PM_BE-PH_1;20140317xMon;04_Zadní Třebaň_Řevnice;Středočeský kraj;h00;440;N
02-o2_02-edg_04-pot_03-lau2_07-day_05-300+_07-frt-1007_01-sng_00-n_00-n_00-n_00-n_00-n_00-n;1007;0;41715;0;N;539643;539198;5;3026;0;PM_BE-PH_1;20140317xMon;05_Řevnice_Dobřichovice;Středočeský kraj;h00;434;N
02-o2_02-edg_04-pot_03-lau2_07-day_05-300+_07-frt-1007_01-sng_00-n_00-n_00-n_00-n_00-n_00-n;1007;0;41715;0;N;539198;539856;6;3026;0;PM_BE-PH_1;20140317xMon;06_Dobřichovice_Všenory;Středočeský kraj;h00;530;N
02-o2_02-edg_04-pot_03-lau2_07-day_05-300+_07-frt-1007_01-sng_00-n_00-n_00-n_00-n_00-n_00-n;1007;0;41715;0;N;539856;539139;7;3026;0;PM_BE-PH_1;20140317xMon;07_Všenory_Černošice;Středočeský kraj;h00;550;N
02-o2_02-edg_04-pot_03-lau2_07-day_05-300+_07-frt-1007_01-sng_00-n_00-n_00-n_00-n_00-n_00-n;1007;0;41715;0;N;539139;554782;8;3026;0;PM_BE-PH_1;20140317xMon;08_Černošice_Praha;Středočeský kraj;h00;655;N
02-o2_02-edg_04-pot_03-lau2_07-day_05-300+_07-frt-1007_01-sng_00-n_00-n_00-n_00-n_00-n_00-n;1007;0;41719;0;N;531057;531758;1;3026;0;PM_BE-PH_1;20140321xFri;01_Beroun_Srbsko;Středočeský kraj;h00;558;N
02-o2_02-edg_04-pot_03-lau2_07-day_05-300+_07-frt-1007_01-sng_00-n_00-n_00-n_00-n_00-n_00-n;1007;0;41719;0;N;531758;531316;2;3026;0;PM_BE-PH_1;20140321xFri;02_Srbsko_Karlštejn;Středočeský kraj;h00;563;N
02-o2_02-edg_04-pot_03-lau2_07-day_05-300+_07-frt-1007_01-sng_00-n_00-n_00-n_00-n_00-n_00-n;1007;0;41719;0;N;531316;531979;3;3026;0;PM_BE-PH_1;20140321xFri;03_Karlštejn_Zadní Třebaň;Středočeský kraj;h00;544;N
02-o2_02-edg_04-pot_03-lau2_07-day_05-300+_07-frt-1007_01-sng_00-n_00-n_00-n_00-n_00-n_00-n;1007;0;41719;0;N;531979;539643;4;3026;0;PM_BE-PH_1;20140321xFri;04_Zadní Třebaň_Řevnice;Středočeský kraj;h00;557;N
02-o2_02-edg_04-pot_03-lau2_07-day_05-300+_07-frt-1007_01-sng_00-n_00-n_00-n_00-n_00-n_00-n;1007;0;41719;0;N;539643;539198;5;3026;0;PM_BE-PH_1;20140321xFri;05_Řevnice_Dobřichovice;Středočeský kraj;h00;558;N
02-o2_02-edg_04-pot_03-lau2_07-day_05-300+_07-frt-1007_01-sng_00-n_00-n_00-n_00-n_00-n_00-n;1007;0;41719;0;N;539198;539856;6;3026;0;PM_BE-PH_1;20140321xFri;06_Dobřichovice_Všenory;Středočeský kraj;h00;617;N
02-o2_02-edg_04-pot_03-lau2_07-day_05-300+_07-frt-1007_01-sng_00-n_00-n_00-n_00-n_00-n_00-n;1007;0;41719;0;N;539856;539139;7;3026;0;PM_BE-PH_1;20140321xFri;07_Všenory_Černošice;Středočeský kraj;h00;633;N
02-o2_02-edg_04-pot_03-lau2_07-day_05-300+_07-frt-1007_01-sng_00-n_00-n_00-n_00-n_00-n_00-n;1007;0;41719;0;N;539139;554782;8;3026;0;PM_BE-PH_1;20140321xFri;08_Černošice_Praha;Středočeský kraj;h00;730;N
02-o2_02-edg_04-pot_03-lau2_07-day_05-300+_07-frt-1007_01-sng_00-n_00-n_00-n_00-n_00-n_00-n;1007;0;41714;0;N;531057;531758;1;3026;0;PM_BE-PH_1;20140316xSun;01_Beroun_Srbsko;Středočeský kraj;h00;326;N
02-o2_02-edg_04-pot_03-lau2_07-day_05-300+_07-frt-1007_01-sng_00-n_00-n_00-n_00-n_00-n_00-n;1007;0;41714;0;N;531758;531316;2;3026;0;PM_BE-PH_1;20140316xSun;02_Srbsko_Karlštejn;Středočeský kraj;h00;330;N
02-o2_02-edg_04-pot_03-lau2_07-day_05-300+_07-frt-1007_01-sng_00-n_00-n_00-n_00-n_00-n_00-n;1007;0;41714;0;N;531316;531979;3;3026;0;PM_BE-PH_1;20140316xSun;03_Karlštejn_Zadní Třebaň;Středočeský kraj;h00;323;N
02-o2_02-edg_04-pot_03-lau2_07-day_05-300+_07-frt-1007_01-sng_00-n_00-n_00-n_00-n_00-n_00-n;1007;0;41714;0;N;531979;539643;4;3026;0;PM_BE-PH_1;20140316xSun;04_Zadní Třebaň_Řevnice;Středočeský kraj;h00;338;N
02-o2_02-edg_04-pot_03-lau2_07-day_05-300+_07-frt-1007_01-sng_00-n_00-n_00-n_00-n_00-n_00-n;1007;0;41714;0;N;539643;539198;5;3026;0;PM_BE-PH_1;20140316xSun;05_Řevnice_Dobřichovice;Středočeský kraj;h00;334;N
02-o2_02-edg_04-pot_03-lau2_07-day_05-300+_07-frt-1007_01-sng_00-n_00-n_00-n_00-n_00-n_00-n;1007;0;41714;0;N;539198;539856;6;3026;0;PM_BE-PH_1;20140316xSun;06_Dobřichovice_Všenory;Středočeský kraj;h00;390;N
02-o2_02-edg_04-pot_03-lau2_07-day_05-300+_07-frt-1007_01-sng_00-n_00-n_00-n_00-n_00-n_00-n;1007;0;41714;0;N;539856;539139;7;3026;0;PM_BE-PH_1;20140316xSun;07_Všenory_Černošice;Středočeský kraj;h00;403;N
02-o2_02-edg_04-pot_03-lau2_07-day_05-300+_07-frt-1007_01-sng_00-n_00-n_00-n_00-n_00-n_00-n;1007;0;41714;0;N;539139;554782;8;3026;0;PM_BE-PH_1;20140316xSun;08_Černošice_Praha;Středočeský kraj;h00;436;N
02-o2_02-edg_04-pot_03-lau2_07-day_05-300+_07-frt-1007_01-sng_00-n_00-n_00-n_00-n_00-n_00-n;1007;0;41721;0;N;531057;531758;1;3026;0;PM_BE-PH_1;20140323xSun;01_Beroun_Srbsko;Středočeský kraj;h00;335;N
02-o2_02-edg_04-pot_03-lau2_07-day_05-300+_07-frt-1007_01-sng_00-n_00-n_00-n_00-n_00-n_00-n;1007;0;41721;0;N;531758;531316;2;3026;0;PM_BE-PH_1;20140323xSun;02_Srbsko_Karlštejn;Středočeský kraj;h00;342;N
02-o2_02-edg_04-pot_03-lau2_07-day_05-300+_07-frt-1007_01-sng_00-n_00-n_00-n_00-n_00-n_00-n;1007;0;41721;0;N;531316;531979;3;3026;0;PM_BE-PH_1;20140323xSun;03_Karlštejn_Zadní Třebaň;Středočeský kraj;h00;330;N
02-o2_02-edg_04-pot_03-lau2_07-day_05-300+_07-frt-1007_01-sng_00-n_00-n_00-n_00-n_00-n_00-n;1007;0;41721;0;N;531979;539643;4;3026;0;PM_BE-PH_1;20140323xSun;04_Zadní Třebaň_Řevnice;Středočeský kraj;h00;347;N
02-o2_02-edg_04-pot_03-lau2_07-day_05-300+_07-frt-1007_01-sng_00-n_00-n_00-n_00-n_00-n_00-n;1007;0;41721;0;N;539643;539198;5;3026;0;PM_BE-PH_1;20140323xSun;05_Řevnice_Dobřichovice;Středočeský kraj;h00;337;N
02-o2_02-edg_04-pot_03-lau2_07-day_05-300+_07-frt-1007_01-sng_00-n_00-n_00-n_00-n_00-n_00-n;1007;0;41721;0;N;539198;539856;6;3026;0;PM_BE-PH_1;20140323xSun;06_Dobřichovice_Všenory;Středočeský kraj;h00;426;N
02-o2_02-edg_04-pot_03-lau2_07-day_05-300+_07-frt-1007_01-sng_00-n_00-n_00-n_00-n_00-n_00-n;1007;0;41721;0;N;539856;539139;7;3026;0;PM_BE-PH_1;20140323xSun;07_Všenory_Černošice;Středočeský kraj;h00;445;N
02-o2_02-edg_04-pot_03-lau2_07-day_05-300+_07-frt-1007_01-sng_00-n_00-n_00-n_00-n_00-n_00-n;1007;0;41721;0;N;539139;554782;8;3026;0;PM_BE-PH_1;20140323xSun;08_Černošice_Praha;Středočeský kraj;h00;534;N
