02-o2_01-ver_02-vis_03-lau2_07-day_03-60_07-frt-1007_01-sng_00-n_00-n_00-n_00-n_00-n_00-n;1007;0;41710;0;N;531057;N;1;3026;0;PM_BE-PH_1;20140312xWed;1_Beroun;Středočeský kraj;h00;945;0
02-o2_01-ver_02-vis_03-lau2_07-day_03-60_07-frt-1007_01-sng_00-n_00-n_00-n_00-n_00-n_00-n;1007;0;41710;0;N;531316;N;3;3026;0;PM_BE-PH_1;20140312xWed;3_Karlštejn;Středočeský kraj;h00;64;69
02-o2_01-ver_02-vis_03-lau2_07-day_03-60_07-frt-1007_01-sng_00-n_00-n_00-n_00-n_00-n_00-n;1007;0;41710;0;N;531758;N;2;3026;0;PM_BE-PH_1;20140312xWed;2_Srbsko;Středočeský kraj;h00;54;6
02-o2_01-ver_02-vis_03-lau2_07-day_03-60_07-frt-1007_01-sng_00-n_00-n_00-n_00-n_00-n_00-n;1007;0;41710;0;N;531979;N;4;3026;0;PM_BE-PH_1;20140312xWed;4_Zadní Třebaň;Středočeský kraj;h00;90;13
02-o2_01-ver_02-vis_03-lau2_07-day_03-60_07-frt-1007_01-sng_00-n_00-n_00-n_00-n_00-n_00-n;1007;0;41710;0;N;539139;N;8;3026;0;PM_BE-PH_1;20140312xWed;8_Černošice;Středočeský kraj;h00;741;197
02-o2_01-ver_02-vis_03-lau2_07-day_03-60_07-frt-1007_01-sng_00-n_00-n_00-n_00-n_00-n_00-n;1007;0;41710;0;N;539198;N;6;3026;0;PM_BE-PH_1;20140312xWed;6_Dobřichovice;Středočeský kraj;h00;498;98
02-o2_01-ver_02-vis_03-lau2_07-day_03-60_07-frt-1007_01-sng_00-n_00-n_00-n_00-n_00-n_00-n;1007;0;41710;0;N;539643;N;5;3026;0;PM_BE-PH_1;20140312xWed;5_Řevnice;Středočeský kraj;h00;226;71
02-o2_01-ver_02-vis_03-lau2_07-day_03-60_07-frt-1007_01-sng_00-n_00-n_00-n_00-n_00-n_00-n;1007;0;41710;0;N;539856;N;7;3026;0;PM_BE-PH_1;20140312xWed;7_Všenory;Středočeský kraj;h00;281;272
02-o2_01-ver_02-vis_03-lau2_07-day_03-60_07-frt-1007_01-sng_00-n_00-n_00-n_00-n_00-n_00-n;1007;0;41710;0;N;554782;N;9;3018;0;PM_BE-PH_1;20140312xWed;9_Praha;Hlavní město Praha;h00;0;2173
02-o2_01-ver_02-vis_03-lau2_07-day_03-60_07-frt-1007_01-sng_00-n_00-n_00-n_00-n_00-n_00-n;1007;0;41711;0;N;531057;N;1;3026;0;PM_BE-PH_1;20140313xThu;1_Beroun;Středočeský kraj;h00;1130;0
02-o2_01-ver_02-vis_03-lau2_07-day_03-60_07-frt-1007_01-sng_00-n_00-n_00-n_00-n_00-n_00-n;1007;0;41711;0;N;531316;N;3;3026;0;PM_BE-PH_1;20140313xThu;3_Karlštejn;Středočeský kraj;h00;41;127
02-o2_01-ver_02-vis_03-lau2_07-day_03-60_07-frt-1007_01-sng_00-n_00-n_00-n_00-n_00-n_00-n;1007;0;41711;0;N;531758;N;2;3026;0;PM_BE-PH_1;20140313xThu;2_Srbsko;Středočeský kraj;h00;47;4
02-o2_01-ver_02-vis_03-lau2_07-day_03-60_07-frt-1007_01-sng_00-n_00-n_00-n_00-n_00-n_00-n;1007;0;41711;0;N;531979;N;4;3026;0;PM_BE-PH_1;20140313xThu;4_Zadní Třebaň;Středočeský kraj;h00;98;7
02-o2_01-ver_02-vis_03-lau2_07-day_03-60_07-frt-1007_01-sng_00-n_00-n_00-n_00-n_00-n_00-n;1007;0;41711;0;N;539139;N;8;3026;0;PM_BE-PH_1;20140313xThu;8_Černošice;Středočeský kraj;h00;650;145
02-o2_01-ver_02-vis_03-lau2_07-day_03-60_07-frt-1007_01-sng_00-n_00-n_00-n_00-n_00-n_00-n;1007;0;41711;0;N;539198;N;6;3026;0;PM_BE-PH_1;20140313xThu;6_Dobřichovice;Středočeský kraj;h00;488;57
02-o2_01-ver_02-vis_03-lau2_07-day_03-60_07-frt-1007_01-sng_00-n_00-n_00-n_00-n_00-n_00-n;1007;0;41711;0;N;539643;N;5;3026;0;PM_BE-PH_1;20140313xThu;5_Řevnice;Středočeský kraj;h00;115;55
02-o2_01-ver_02-vis_03-lau2_07-day_03-60_07-frt-1007_01-sng_00-n_00-n_00-n_00-n_00-n_00-n;1007;0;41711;0;N;539856;N;7;3026;0;PM_BE-PH_1;20140313xThu;7_Všenory;Středočeský kraj;h00;244;187
02-o2_01-ver_02-vis_03-lau2_07-day_03-60_07-frt-1007_01-sng_00-n_00-n_00-n_00-n_00-n_00-n;1007;0;41711;0;N;554782;N;9;3018;0;PM_BE-PH_1;20140313xThu;9_Praha;Hlavní město Praha;h00;0;2231
02-o2_01-ver_02-vis_03-lau2_07-day_03-60_07-frt-1007_01-sng_00-n_00-n_00-n_00-n_00-n_00-n;1007;0;41712;0;N;531057;N;1;3026;0;PM_BE-PH_1;20140314xFri;1_Beroun;Středočeský kraj;h00;1030;0
02-o2_01-ver_02-vis_03-lau2_07-day_03-60_07-frt-1007_01-sng_00-n_00-n_00-n_00-n_00-n_00-n;1007;0;41712;0;N;531316;N;3;3026;0;PM_BE-PH_1;20140314xFri;3_Karlštejn;Středočeský kraj;h00;56;80
02-o2_01-ver_02-vis_03-lau2_07-day_03-60_07-frt-1007_01-sng_00-n_00-n_00-n_00-n_00-n_00-n;1007;0;41712;0;N;531758;N;2;3026;0;PM_BE-PH_1;20140314xFri;2_Srbsko;Středočeský kraj;h00;33;12
02-o2_01-ver_02-vis_03-lau2_07-day_03-60_07-frt-1007_01-sng_00-n_00-n_00-n_00-n_00-n_00-n;1007;0;41712;0;N;531979;N;4;3026;0;PM_BE-PH_1;20140314xFri;4_Zadní Třebaň;Středočeský kraj;h00;151;6
02-o2_01-ver_02-vis_03-lau2_07-day_03-60_07-frt-1007_01-sng_00-n_00-n_00-n_00-n_00-n_00-n;1007;0;41712;0;N;539139;N;8;3026;0;PM_BE-PH_1;20140314xFri;8_Černošice;Středočeský kraj;h00;671;194
02-o2_01-ver_02-vis_03-lau2_07-day_03-60_07-frt-1007_01-sng_00-n_00-n_00-n_00-n_00-n_00-n;1007;0;41712;0;N;539198;N;6;3026;0;PM_BE-PH_1;20140314xFri;6_Dobřichovice;Středočeský kraj;h00;665;74
02-o2_01-ver_02-vis_03-lau2_07-day_03-60_07-frt-1007_01-sng_00-n_00-n_00-n_00-n_00-n_00-n;1007;0;41712;0;N;539643;N;5;3026;0;PM_BE-PH_1;20140314xFri;5_Řevnice;Středočeský kraj;h00;100;98
02-o2_01-ver_02-vis_03-lau2_07-day_03-60_07-frt-1007_01-sng_00-n_00-n_00-n_00-n_00-n_00-n;1007;0;41712;0;N;539856;N;7;3026;0;PM_BE-PH_1;20140314xFri;7_Všenory;Středočeský kraj;h00;260;317
02-o2_01-ver_02-vis_03-lau2_07-day_03-60_07-frt-1007_01-sng_00-n_00-n_00-n_00-n_00-n_00-n;1007;0;41712;0;N;554782;N;9;3018;0;PM_BE-PH_1;20140314xFri;9_Praha;Hlavní město Praha;h00;0;2185
02-o2_01-ver_02-vis_03-lau2_07-day_03-60_07-frt-1007_01-sng_00-n_00-n_00-n_00-n_00-n_00-n;1007;0;41713;0;N;531057;N;1;3026;0;PM_BE-PH_1;20140315xSat;1_Beroun;Středočeský kraj;h00;577;0
02-o2_01-ver_02-vis_03-lau2_07-day_03-60_07-frt-1007_01-sng_00-n_00-n_00-n_00-n_00-n_00-n;1007;0;41713;0;N;531316;N;3;3026;0;PM_BE-PH_1;20140315xSat;3_Karlštejn;Středočeský kraj;h00;29;62
02-o2_01-ver_02-vis_03-lau2_07-day_03-60_07-frt-1007_01-sng_00-n_00-n_00-n_00-n_00-n_00-n;1007;0;41713;0;N;531758;N;2;3026;0;PM_BE-PH_1;20140315xSat;2_Srbsko;Středočeský kraj;h00;21;4
02-o2_01-ver_02-vis_03-lau2_07-day_03-60_07-frt-1007_01-sng_00-n_00-n_00-n_00-n_00-n_00-n;1007;0;41713;0;N;531979;N;4;3026;0;PM_BE-PH_1;20140315xSat;4_Zadní Třebaň;Středočeský kraj;h00;29;6
02-o2_01-ver_02-vis_03-lau2_07-day_03-60_07-frt-1007_01-sng_00-n_00-n_00-n_00-n_00-n_00-n;1007;0;41713;0;N;539139;N;8;3026;0;PM_BE-PH_1;20140315xSat;8_Černošice;Středočeský kraj;h00;261;177
02-o2_01-ver_02-vis_03-lau2_07-day_03-60_07-frt-1007_01-sng_00-n_00-n_00-n_00-n_00-n_00-n;1007;0;41713;0;N;539198;N;6;3026;0;PM_BE-PH_1;20140315xSat;6_Dobřichovice;Středočeský kraj;h00;429;38
02-o2_01-ver_02-vis_03-lau2_07-day_03-60_07-frt-1007_01-sng_00-n_00-n_00-n_00-n_00-n_00-n;1007;0;41713;0;N;539643;N;5;3026;0;PM_BE-PH_1;20140315xSat;5_Řevnice;Středočeský kraj;h00;58;25
02-o2_01-ver_02-vis_03-lau2_07-day_03-60_07-frt-1007_01-sng_00-n_00-n_00-n_00-n_00-n_00-n;1007;0;41713;0;N;539856;N;7;3026;0;PM_BE-PH_1;20140315xSat;7_Všenory;Středočeský kraj;h00;205;268
02-o2_01-ver_02-vis_03-lau2_07-day_03-60_07-frt-1007_01-sng_00-n_00-n_00-n_00-n_00-n_00-n;1007;0;41713;0;N;554782;N;9;3018;0;PM_BE-PH_1;20140315xSat;9_Praha;Hlavní město Praha;h00;0;1029
02-o2_01-ver_02-vis_03-lau2_07-day_03-60_07-frt-1007_01-sng_00-n_00-n_00-n_00-n_00-n_00-n;1007;0;41714;0;N;531057;N;1;3026;0;PM_BE-PH_1;20140316xSun;1_Beroun;Středočeský kraj;h00;388;0
02-o2_01-ver_02-vis_03-lau2_07-day_03-60_07-frt-1007_01-sng_00-n_00-n_00-n_00-n_00-n_00-n;1007;0;41714;0;N;531316;N;3;3026;0;PM_BE-PH_1;20140316xSun;3_Karlštejn;Středočeský kraj;h00;5;54
02-o2_01-ver_02-vis_03-lau2_07-day_03-60_07-frt-1007_01-sng_00-n_00-n_00-n_00-n_00-n_00-n;1007;0;41714;0;N;531758;N;2;3026;0;PM_BE-PH_1;20140316xSun;2_Srbsko;Středočeský kraj;h00;2;2
02-o2_01-ver_02-vis_03-lau2_07-day_03-60_07-frt-1007_01-sng_00-n_00-n_00-n_00-n_00-n_00-n;1007;0;41714;0;N;531979;N;4;3026;0;PM_BE-PH_1;20140316xSun;4_Zadní Třebaň;Středočeský kraj;h00;27;0
02-o2_01-ver_02-vis_03-lau2_07-day_03-60_07-frt-1007_01-sng_00-n_00-n_00-n_00-n_00-n_00-n;1007;0;41714;0;N;539139;N;8;3026;0;PM_BE-PH_1;20140316xSun;8_Černošice;Středočeský kraj;h00;245;136
02-o2_01-ver_02-vis_03-lau2_07-day_03-60_07-frt-1007_01-sng_00-n_00-n_00-n_00-n_00-n_00-n;1007;0;41714;0;N;539198;N;6;3026;0;PM_BE-PH_1;20140316xSun;6_Dobřichovice;Středočeský kraj;h00;270;15
02-o2_01-ver_02-vis_03-lau2_07-day_03-60_07-frt-1007_01-sng_00-n_00-n_00-n_00-n_00-n_00-n;1007;0;41714;0;N;539643;N;5;3026;0;PM_BE-PH_1;20140316xSun;5_Řevnice;Středočeský kraj;h00;25;19
02-o2_01-ver_02-vis_03-lau2_07-day_03-60_07-frt-1007_01-sng_00-n_00-n_00-n_00-n_00-n_00-n;1007;0;41714;0;N;539856;N;7;3026;0;PM_BE-PH_1;20140316xSun;7_Všenory;Středočeský kraj;h00;178;167
02-o2_01-ver_02-vis_03-lau2_07-day_03-60_07-frt-1007_01-sng_00-n_00-n_00-n_00-n_00-n_00-n;1007;0;41714;0;N;554782;N;9;3018;0;PM_BE-PH_1;20140316xSun;9_Praha;Hlavní město Praha;h00;0;747
02-o2_01-ver_02-vis_03-lau2_07-day_03-60_07-frt-1007_01-sng_00-n_00-n_00-n_00-n_00-n_00-n;1007;0;41715;0;N;531057;N;1;3026;0;PM_BE-PH_1;20140317xMon;1_Beroun;Středočeský kraj;h00;771;0
02-o2_01-ver_02-vis_03-lau2_07-day_03-60_07-frt-1007_01-sng_00-n_00-n_00-n_00-n_00-n_00-n;1007;0;41715;0;N;531316;N;3;3026;0;PM_BE-PH_1;20140317xMon;3_Karlštejn;Středočeský kraj;h00;33;39
02-o2_01-ver_02-vis_03-lau2_07-day_03-60_07-frt-1007_01-sng_00-n_00-n_00-n_00-n_00-n_00-n;1007;0;41715;0;N;531758;N;2;3026;0;PM_BE-PH_1;20140317xMon;2_Srbsko;Středočeský kraj;h00;24;5
02-o2_01-ver_02-vis_03-lau2_07-day_03-60_07-frt-1007_01-sng_00-n_00-n_00-n_00-n_00-n_00-n;1007;0;41715;0;N;531979;N;4;3026;0;PM_BE-PH_1;20140317xMon;4_Zadní Třebaň;Středočeský kraj;h00;24;2
02-o2_01-ver_02-vis_03-lau2_07-day_03-60_07-frt-1007_01-sng_00-n_00-n_00-n_00-n_00-n_00-n;1007;0;41715;0;N;539139;N;8;3026;0;PM_BE-PH_1;20140317xMon;8_Černošice;Středočeský kraj;h00;412;115
02-o2_01-ver_02-vis_03-lau2_07-day_03-60_07-frt-1007_01-sng_00-n_00-n_00-n_00-n_00-n_00-n;1007;0;41715;0;N;539198;N;6;3026;0;PM_BE-PH_1;20140317xMon;6_Dobřichovice;Středočeský kraj;h00;575;41
02-o2_01-ver_02-vis_03-lau2_07-day_03-60_07-frt-1007_01-sng_00-n_00-n_00-n_00-n_00-n_00-n;1007;0;41715;0;N;539643;N;5;3026;0;PM_BE-PH_1;20140317xMon;5_Řevnice;Středočeský kraj;h00;125;8
02-o2_01-ver_02-vis_03-lau2_07-day_03-60_07-frt-1007_01-sng_00-n_00-n_00-n_00-n_00-n_00-n;1007;0;41715;0;N;539856;N;7;3026;0;PM_BE-PH_1;20140317xMon;7_Všenory;Středočeský kraj;h00;166;276
02-o2_01-ver_02-vis_03-lau2_07-day_03-60_07-frt-1007_01-sng_00-n_00-n_00-n_00-n_00-n_00-n;1007;0;41715;0;N;554782;N;9;3018;0;PM_BE-PH_1;20140317xMon;9_Praha;Hlavní město Praha;h00;0;1644
02-o2_01-ver_02-vis_03-lau2_07-day_03-60_07-frt-1007_01-sng_00-n_00-n_00-n_00-n_00-n_00-n;1007;0;41716;0;N;531057;N;1;3026;0;PM_BE-PH_1;20140318xTue;1_Beroun;Středočeský kraj;h00;1092;0
02-o2_01-ver_02-vis_03-lau2_07-day_03-60_07-frt-1007_01-sng_00-n_00-n_00-n_00-n_00-n_00-n;1007;0;41716;0;N;531316;N;3;3026;0;PM_BE-PH_1;20140318xTue;3_Karlštejn;Středočeský kraj;h00;76;89
02-o2_01-ver_02-vis_03-lau2_07-day_03-60_07-frt-1007_01-sng_00-n_00-n_00-n_00-n_00-n_00-n;1007;0;41716;0;N;531758;N;2;3026;0;PM_BE-PH_1;20140318xTue;2_Srbsko;Středočeský kraj;h00;63;8
02-o2_01-ver_02-vis_03-lau2_07-day_03-60_07-frt-1007_01-sng_00-n_00-n_00-n_00-n_00-n_00-n;1007;0;41716;0;N;531979;N;4;3026;0;PM_BE-PH_1;20140318xTue;4_Zadní Třebaň;Středočeský kraj;h00;229;11
02-o2_01-ver_02-vis_03-lau2_07-day_03-60_07-frt-1007_01-sng_00-n_00-n_00-n_00-n_00-n_00-n;1007;0;41716;0;N;539139;N;8;3026;0;PM_BE-PH_1;20140318xTue;8_Černošice;Středočeský kraj;h00;769;163
02-o2_01-ver_02-vis_03-lau2_07-day_03-60_07-frt-1007_01-sng_00-n_00-n_00-n_00-n_00-n_00-n;1007;0;41716;0;N;539198;N;6;3026;0;PM_BE-PH_1;20140318xTue;6_Dobřichovice;Středočeský kraj;h00;724;64
02-o2_01-ver_02-vis_03-lau2_07-day_03-60_07-frt-1007_01-sng_00-n_00-n_00-n_00-n_00-n_00-n;1007;0;41716;0;N;539643;N;5;3026;0;PM_BE-PH_1;20140318xTue;5_Řevnice;Středočeský kraj;h00;101;145
02-o2_01-ver_02-vis_03-lau2_07-day_03-60_07-frt-1007_01-sng_00-n_00-n_00-n_00-n_00-n_00-n;1007;0;41716;0;N;539856;N;7;3026;0;PM_BE-PH_1;20140318xTue;7_Všenory;Středočeský kraj;h00;253;286
02-o2_01-ver_02-vis_03-lau2_07-day_03-60_07-frt-1007_01-sng_00-n_00-n_00-n_00-n_00-n_00-n;1007;0;41716;0;N;554782;N;9;3018;0;PM_BE-PH_1;20140318xTue;9_Praha;Hlavní město Praha;h00;0;2541
02-o2_01-ver_02-vis_03-lau2_07-day_03-60_07-frt-1007_01-sng_00-n_00-n_00-n_00-n_00-n_00-n;1007;0;41717;0;N;531057;N;1;3026;0;PM_BE-PH_1;20140319xWed;1_Beroun;Středočeský kraj;h00;1203;0
02-o2_01-ver_02-vis_03-lau2_07-day_03-60_07-frt-1007_01-sng_00-n_00-n_00-n_00-n_00-n_00-n;1007;0;41717;0;N;531316;N;3;3026;0;PM_BE-PH_1;20140319xWed;3_Karlštejn;Středočeský kraj;h00;90;95
02-o2_01-ver_02-vis_03-lau2_07-day_03-60_07-frt-1007_01-sng_00-n_00-n_00-n_00-n_00-n_00-n;1007;0;41717;0;N;531758;N;2;3026;0;PM_BE-PH_1;20140319xWed;2_Srbsko;Středočeský kraj;h00;55;23
02-o2_01-ver_02-vis_03-lau2_07-day_03-60_07-frt-1007_01-sng_00-n_00-n_00-n_00-n_00-n_00-n;1007;0;41717;0;N;531979;N;4;3026;0;PM_BE-PH_1;20140319xWed;4_Zadní Třebaň;Středočeský kraj;h00;290;10
02-o2_01-ver_02-vis_03-lau2_07-day_03-60_07-frt-1007_01-sng_00-n_00-n_00-n_00-n_00-n_00-n;1007;0;41717;0;N;539139;N;8;3026;0;PM_BE-PH_1;20140319xWed;8_Černošice;Středočeský kraj;h00;915;220
02-o2_01-ver_02-vis_03-lau2_07-day_03-60_07-frt-1007_01-sng_00-n_00-n_00-n_00-n_00-n_00-n;1007;0;41717;0;N;539198;N;6;3026;0;PM_BE-PH_1;20140319xWed;6_Dobřichovice;Středočeský kraj;h00;870;169
02-o2_01-ver_02-vis_03-lau2_07-day_03-60_07-frt-1007_01-sng_00-n_00-n_00-n_00-n_00-n_00-n;1007;0;41717;0;N;539643;N;5;3026;0;PM_BE-PH_1;20140319xWed;5_Řevnice;Středočeský kraj;h00;304;175
02-o2_01-ver_02-vis_03-lau2_07-day_03-60_07-frt-1007_01-sng_00-n_00-n_00-n_00-n_00-n_00-n;1007;0;41717;0;N;539856;N;7;3026;0;PM_BE-PH_1;20140319xWed;7_Všenory;Středočeský kraj;h00;209;439
02-o2_01-ver_02-vis_03-lau2_07-day_03-60_07-frt-1007_01-sng_00-n_00-n_00-n_00-n_00-n_00-n;1007;0;41717;0;N;554782;N;9;3018;0;PM_BE-PH_1;20140319xWed;9_Praha;Hlavní město Praha;h00;0;2805
02-o2_01-ver_02-vis_03-lau2_07-day_03-60_07-frt-1007_01-sng_00-n_00-n_00-n_00-n_00-n_00-n;1007;0;41718;0;N;531057;N;1;3026;0;PM_BE-PH_1;20140320xThu;1_Beroun;Středočeský kraj;h00;1053;0
02-o2_01-ver_02-vis_03-lau2_07-day_03-60_07-frt-1007_01-sng_00-n_00-n_00-n_00-n_00-n_00-n;1007;0;41718;0;N;531316;N;3;3026;0;PM_BE-PH_1;20140320xThu;3_Karlštejn;Středočeský kraj;h00;62;90
02-o2_01-ver_02-vis_03-lau2_07-day_03-60_07-frt-1007_01-sng_00-n_00-n_00-n_00-n_00-n_00-n;1007;0;41718;0;N;531758;N;2;3026;0;PM_BE-PH_1;20140320xThu;2_Srbsko;Středočeský kraj;h00;66;5
02-o2_01-ver_02-vis_03-lau2_07-day_03-60_07-frt-1007_01-sng_00-n_00-n_00-n_00-n_00-n_00-n;1007;0;41718;0;N;531979;N;4;3026;0;PM_BE-PH_1;20140320xThu;4_Zadní Třebaň;Středočeský kraj;h00;151;10
02-o2_01-ver_02-vis_03-lau2_07-day_03-60_07-frt-1007_01-sng_00-n_00-n_00-n_00-n_00-n_00-n;1007;0;41718;0;N;539139;N;8;3026;0;PM_BE-PH_1;20140320xThu;8_Černošice;Středočeský kraj;h00;772;247
02-o2_01-ver_02-vis_03-lau2_07-day_03-60_07-frt-1007_01-sng_00-n_00-n_00-n_00-n_00-n_00-n;1007;0;41718;0;N;539198;N;6;3026;0;PM_BE-PH_1;20140320xThu;6_Dobřichovice;Středočeský kraj;h00;856;111
02-o2_01-ver_02-vis_03-lau2_07-day_03-60_07-frt-1007_01-sng_00-n_00-n_00-n_00-n_00-n_00-n;1007;0;41718;0;N;539643;N;5;3026;0;PM_BE-PH_1;20140320xThu;5_Řevnice;Středočeský kraj;h00;286;89
02-o2_01-ver_02-vis_03-lau2_07-day_03-60_07-frt-1007_01-sng_00-n_00-n_00-n_00-n_00-n_00-n;1007;0;41718;0;N;539856;N;7;3026;0;PM_BE-PH_1;20140320xThu;7_Všenory;Středočeský kraj;h00;333;385
02-o2_01-ver_02-vis_03-lau2_07-day_03-60_07-frt-1007_01-sng_00-n_00-n_00-n_00-n_00-n_00-n;1007;0;41718;0;N;554782;N;9;3018;0;PM_BE-PH_1;20140320xThu;9_Praha;Hlavní město Praha;h00;0;2642
02-o2_01-ver_02-vis_03-lau2_07-day_03-60_07-frt-1007_01-sng_00-n_00-n_00-n_00-n_00-n_00-n;1007;0;41719;0;N;531057;N;1;3026;0;PM_BE-PH_1;20140321xFri;1_Beroun;Středočeský kraj;h00;804;0
02-o2_01-ver_02-vis_03-lau2_07-day_03-60_07-frt-1007_01-sng_00-n_00-n_00-n_00-n_00-n_00-n;1007;0;41719;0;N;531316;N;3;3026;0;PM_BE-PH_1;20140321xFri;3_Karlštejn;Středočeský kraj;h00;27;36
02-o2_01-ver_02-vis_03-lau2_07-day_03-60_07-frt-1007_01-sng_00-n_00-n_00-n_00-n_00-n_00-n;1007;0;41719;0;N;531758;N;2;3026;0;PM_BE-PH_1;20140321xFri;2_Srbsko;Středočeský kraj;h00;26;8
02-o2_01-ver_02-vis_03-lau2_07-day_03-60_07-frt-1007_01-sng_00-n_00-n_00-n_00-n_00-n_00-n;1007;0;41719;0;N;531979;N;4;3026;0;PM_BE-PH_1;20140321xFri;4_Zadní Třebaň;Středočeský kraj;h00;33;2
02-o2_01-ver_02-vis_03-lau2_07-day_03-60_07-frt-1007_01-sng_00-n_00-n_00-n_00-n_00-n_00-n;1007;0;41719;0;N;539139;N;8;3026;0;PM_BE-PH_1;20140321xFri;8_Černošice;Středočeský kraj;h00;428;115
02-o2_01-ver_02-vis_03-lau2_07-day_03-60_07-frt-1007_01-sng_00-n_00-n_00-n_00-n_00-n_00-n;1007;0;41719;0;N;539198;N;6;3026;0;PM_BE-PH_1;20140321xFri;6_Dobřichovice;Středočeský kraj;h00;612;30
02-o2_01-ver_02-vis_03-lau2_07-day_03-60_07-frt-1007_01-sng_00-n_00-n_00-n_00-n_00-n_00-n;1007;0;41719;0;N;539643;N;5;3026;0;PM_BE-PH_1;20140321xFri;5_Řevnice;Středočeský kraj;h00;58;22
02-o2_01-ver_02-vis_03-lau2_07-day_03-60_07-frt-1007_01-sng_00-n_00-n_00-n_00-n_00-n_00-n;1007;0;41719;0;N;539856;N;7;3026;0;PM_BE-PH_1;20140321xFri;7_Všenory;Středočeský kraj;h00;142;285
02-o2_01-ver_02-vis_03-lau2_07-day_03-60_07-frt-1007_01-sng_00-n_00-n_00-n_00-n_00-n_00-n;1007;0;41719;0;N;554782;N;9;3018;0;PM_BE-PH_1;20140321xFri;9_Praha;Hlavní město Praha;h00;0;1632
02-o2_01-ver_02-vis_03-lau2_07-day_03-60_07-frt-1007_01-sng_00-n_00-n_00-n_00-n_00-n_00-n;1007;0;41720;0;N;531057;N;1;3026;0;PM_BE-PH_1;20140322xSat;1_Beroun;Středočeský kraj;h00;510;0
02-o2_01-ver_02-vis_03-lau2_07-day_03-60_07-frt-1007_01-sng_00-n_00-n_00-n_00-n_00-n_00-n;1007;0;41720;0;N;531316;N;3;3026;0;PM_BE-PH_1;20140322xSat;3_Karlštejn;Středočeský kraj;h00;31;48
02-o2_01-ver_02-vis_03-lau2_07-day_03-60_07-frt-1007_01-sng_00-n_00-n_00-n_00-n_00-n_00-n;1007;0;41720;0;N;531758;N;2;3026;0;PM_BE-PH_1;20140322xSat;2_Srbsko;Středočeský kraj;h00;13;14
02-o2_01-ver_02-vis_03-lau2_07-day_03-60_07-frt-1007_01-sng_00-n_00-n_00-n_00-n_00-n_00-n;1007;0;41720;0;N;531979;N;4;3026;0;PM_BE-PH_1;20140322xSat;4_Zadní Třebaň;Středočeský kraj;h00;18;8
02-o2_01-ver_02-vis_03-lau2_07-day_03-60_07-frt-1007_01-sng_00-n_00-n_00-n_00-n_00-n_00-n;1007;0;41720;0;N;539139;N;8;3026;0;PM_BE-PH_1;20140322xSat;8_Černošice;Středočeský kraj;h00;308;157
02-o2_01-ver_02-vis_03-lau2_07-day_03-60_07-frt-1007_01-sng_00-n_00-n_00-n_00-n_00-n_00-n;1007;0;41720;0;N;539198;N;6;3026;0;PM_BE-PH_1;20140322xSat;6_Dobřichovice;Středočeský kraj;h00;324;51
02-o2_01-ver_02-vis_03-lau2_07-day_03-60_07-frt-1007_01-sng_00-n_00-n_00-n_00-n_00-n_00-n;1007;0;41720;0;N;539643;N;5;3026;0;PM_BE-PH_1;20140322xSat;5_Řevnice;Středočeský kraj;h00;88;20
02-o2_01-ver_02-vis_03-lau2_07-day_03-60_07-frt-1007_01-sng_00-n_00-n_00-n_00-n_00-n_00-n;1007;0;41720;0;N;539856;N;7;3026;0;PM_BE-PH_1;20140322xSat;7_Všenory;Středočeský kraj;h00;181;212
02-o2_01-ver_02-vis_03-lau2_07-day_03-60_07-frt-1007_01-sng_00-n_00-n_00-n_00-n_00-n_00-n;1007;0;41720;0;N;554782;N;9;3018;0;PM_BE-PH_1;20140322xSat;9_Praha;Hlavní město Praha;h00;0;963
02-o2_01-ver_02-vis_03-lau2_07-day_03-60_07-frt-1007_01-sng_00-n_00-n_00-n_00-n_00-n_00-n;1007;0;41721;0;N;531057;N;1;3026;0;PM_BE-PH_1;20140323xSun;1_Beroun;Středočeský kraj;h00;442;0
02-o2_01-ver_02-vis_03-lau2_07-day_03-60_07-frt-1007_01-sng_00-n_00-n_00-n_00-n_00-n_00-n;1007;0;41721;0;N;531316;N;3;3026;0;PM_BE-PH_1;20140323xSun;3_Karlštejn;Středočeský kraj;h00;29;55
02-o2_01-ver_02-vis_03-lau2_07-day_03-60_07-frt-1007_01-sng_00-n_00-n_00-n_00-n_00-n_00-n;1007;0;41721;0;N;531758;N;2;3026;0;PM_BE-PH_1;20140323xSun;2_Srbsko;Středočeský kraj;h00;17;1
02-o2_01-ver_02-vis_03-lau2_07-day_03-60_07-frt-1007_01-sng_00-n_00-n_00-n_00-n_00-n_00-n;1007;0;41721;0;N;531979;N;4;3026;0;PM_BE-PH_1;20140323xSun;4_Zadní Třebaň;Středočeský kraj;h00;154;7
02-o2_01-ver_02-vis_03-lau2_07-day_03-60_07-frt-1007_01-sng_00-n_00-n_00-n_00-n_00-n_00-n;1007;0;41721;0;N;539139;N;8;3026;0;PM_BE-PH_1;20140323xSun;8_Černošice;Středočeský kraj;h00;423;178
02-o2_01-ver_02-vis_03-lau2_07-day_03-60_07-frt-1007_01-sng_00-n_00-n_00-n_00-n_00-n_00-n;1007;0;41721;0;N;539198;N;6;3026;0;PM_BE-PH_1;20140323xSun;6_Dobřichovice;Středočeský kraj;h00;381;55
02-o2_01-ver_02-vis_03-lau2_07-day_03-60_07-frt-1007_01-sng_00-n_00-n_00-n_00-n_00-n_00-n;1007;0;41721;0;N;539643;N;5;3026;0;PM_BE-PH_1;20140323xSun;5_Řevnice;Středočeský kraj;h00;88;127
02-o2_01-ver_02-vis_03-lau2_07-day_03-60_07-frt-1007_01-sng_00-n_00-n_00-n_00-n_00-n_00-n;1007;0;41721;0;N;539856;N;7;3026;0;PM_BE-PH_1;20140323xSun;7_Všenory;Středočeský kraj;h00;230;259
02-o2_01-ver_02-vis_03-lau2_07-day_03-60_07-frt-1007_01-sng_00-n_00-n_00-n_00-n_00-n_00-n;1007;0;41721;0;N;554782;N;9;3018;0;PM_BE-PH_1;20140323xSun;9_Praha;Hlavní město Praha;h00;0;1082
02-o2_01-ver_02-vis_03-lau2_07-day_03-60_07-frt-1007_01-sng_00-n_00-n_00-n_00-n_00-n_00-n;1007;0;41722;0;N;531057;N;1;3026;0;PM_BE-PH_1;20140324xMon;1_Beroun;Středočeský kraj;h00;1049;0
02-o2_01-ver_02-vis_03-lau2_07-day_03-60_07-frt-1007_01-sng_00-n_00-n_00-n_00-n_00-n_00-n;1007;0;41722;0;N;531316;N;3;3026;0;PM_BE-PH_1;20140324xMon;3_Karlštejn;Středočeský kraj;h00;76;81
02-o2_01-ver_02-vis_03-lau2_07-day_03-60_07-frt-1007_01-sng_00-n_00-n_00-n_00-n_00-n_00-n;1007;0;41722;0;N;531758;N;2;3026;0;PM_BE-PH_1;20140324xMon;2_Srbsko;Středočeský kraj;h00;51;0
02-o2_01-ver_02-vis_03-lau2_07-day_03-60_07-frt-1007_01-sng_00-n_00-n_00-n_00-n_00-n_00-n;1007;0;41722;0;N;531979;N;4;3026;0;PM_BE-PH_1;20140324xMon;4_Zadní Třebaň;Středočeský kraj;h00;236;2
02-o2_01-ver_02-vis_03-lau2_07-day_03-60_07-frt-1007_01-sng_00-n_00-n_00-n_00-n_00-n_00-n;1007;0;41722;0;N;539139;N;8;3026;0;PM_BE-PH_1;20140324xMon;8_Černošice;Středočeský kraj;h00;746;160
02-o2_01-ver_02-vis_03-lau2_07-day_03-60_07-frt-1007_01-sng_00-n_00-n_00-n_00-n_00-n_00-n;1007;0;41722;0;N;539198;N;6;3026;0;PM_BE-PH_1;20140324xMon;6_Dobřichovice;Středočeský kraj;h00;651;70
02-o2_01-ver_02-vis_03-lau2_07-day_03-60_07-frt-1007_01-sng_00-n_00-n_00-n_00-n_00-n_00-n;1007;0;41722;0;N;539643;N;5;3026;0;PM_BE-PH_1;20140324xMon;5_Řevnice;Středočeský kraj;h00;114;152
02-o2_01-ver_02-vis_03-lau2_07-day_03-60_07-frt-1007_01-sng_00-n_00-n_00-n_00-n_00-n_00-n;1007;0;41722;0;N;539856;N;7;3026;0;PM_BE-PH_1;20140324xMon;7_Všenory;Středočeský kraj;h00;263;320
02-o2_01-ver_02-vis_03-lau2_07-day_03-60_07-frt-1007_01-sng_00-n_00-n_00-n_00-n_00-n_00-n;1007;0;41722;0;N;554782;N;9;3018;0;PM_BE-PH_1;20140324xMon;9_Praha;Hlavní město Praha;h00;0;2401
02-o2_01-ver_02-vis_03-lau2_07-day_03-60_07-frt-1007_01-sng_00-n_00-n_00-n_00-n_00-n_00-n;1007;0;41723;0;N;531057;N;1;3026;0;PM_BE-PH_1;20140325xTue;1_Beroun;Středočeský kraj;h00;1114;0
02-o2_01-ver_02-vis_03-lau2_07-day_03-60_07-frt-1007_01-sng_00-n_00-n_00-n_00-n_00-n_00-n;1007;0;41723;0;N;531316;N;3;3026;0;PM_BE-PH_1;20140325xTue;3_Karlštejn;Středočeský kraj;h00;60;137
02-o2_01-ver_02-vis_03-lau2_07-day_03-60_07-frt-1007_01-sng_00-n_00-n_00-n_00-n_00-n_00-n;1007;0;41723;0;N;531758;N;2;3026;0;PM_BE-PH_1;20140325xTue;2_Srbsko;Středočeský kraj;h00;96;5
02-o2_01-ver_02-vis_03-lau2_07-day_03-60_07-frt-1007_01-sng_00-n_00-n_00-n_00-n_00-n_00-n;1007;0;41723;0;N;531979;N;4;3026;0;PM_BE-PH_1;20140325xTue;4_Zadní Třebaň;Středočeský kraj;h00;84;8
02-o2_01-ver_02-vis_03-lau2_07-day_03-60_07-frt-1007_01-sng_00-n_00-n_00-n_00-n_00-n_00-n;1007;0;41723;0;N;539139;N;8;3026;0;PM_BE-PH_1;20140325xTue;8_Černošice;Středočeský kraj;h00;759;154
02-o2_01-ver_02-vis_03-lau2_07-day_03-60_07-frt-1007_01-sng_00-n_00-n_00-n_00-n_00-n_00-n;1007;0;41723;0;N;539198;N;6;3026;0;PM_BE-PH_1;20140325xTue;6_Dobřichovice;Středočeský kraj;h00;799;94
02-o2_01-ver_02-vis_03-lau2_07-day_03-60_07-frt-1007_01-sng_00-n_00-n_00-n_00-n_00-n_00-n;1007;0;41723;0;N;539643;N;5;3026;0;PM_BE-PH_1;20140325xTue;5_Řevnice;Středočeský kraj;h00;230;57
02-o2_01-ver_02-vis_03-lau2_07-day_03-60_07-frt-1007_01-sng_00-n_00-n_00-n_00-n_00-n_00-n;1007;0;41723;0;N;539856;N;7;3026;0;PM_BE-PH_1;20140325xTue;7_Všenory;Středočeský kraj;h00;187;381
02-o2_01-ver_02-vis_03-lau2_07-day_03-60_07-frt-1007_01-sng_00-n_00-n_00-n_00-n_00-n_00-n;1007;0;41723;0;N;554782;N;9;3018;0;PM_BE-PH_1;20140325xTue;9_Praha;Hlavní město Praha;h00;0;2493
02-o2_01-ver_02-vis_03-lau2_07-day_03-60_07-frt-1007_01-sng_00-n_00-n_00-n_00-n_00-n_00-n;1007;0;41724;0;N;531057;N;1;3026;0;PM_BE-PH_1;20140326xWed;1_Beroun;Středočeský kraj;h00;988;0
02-o2_01-ver_02-vis_03-lau2_07-day_03-60_07-frt-1007_01-sng_00-n_00-n_00-n_00-n_00-n_00-n;1007;0;41724;0;N;531316;N;3;3026;0;PM_BE-PH_1;20140326xWed;3_Karlštejn;Středočeský kraj;h00;61;93
02-o2_01-ver_02-vis_03-lau2_07-day_03-60_07-frt-1007_01-sng_00-n_00-n_00-n_00-n_00-n_00-n;1007;0;41724;0;N;531758;N;2;3026;0;PM_BE-PH_1;20140326xWed;2_Srbsko;Středočeský kraj;h00;60;4
02-o2_01-ver_02-vis_03-lau2_07-day_03-60_07-frt-1007_01-sng_00-n_00-n_00-n_00-n_00-n_00-n;1007;0;41724;0;N;531979;N;4;3026;0;PM_BE-PH_1;20140326xWed;4_Zadní Třebaň;Středočeský kraj;h00;76;7
02-o2_01-ver_02-vis_03-lau2_07-day_03-60_07-frt-1007_01-sng_00-n_00-n_00-n_00-n_00-n_00-n;1007;0;41724;0;N;539139;N;8;3026;0;PM_BE-PH_1;20140326xWed;8_Černošice;Středočeský kraj;h00;742;219
02-o2_01-ver_02-vis_03-lau2_07-day_03-60_07-frt-1007_01-sng_00-n_00-n_00-n_00-n_00-n_00-n;1007;0;41724;0;N;539198;N;6;3026;0;PM_BE-PH_1;20140326xWed;6_Dobřichovice;Středočeský kraj;h00;669;115
02-o2_01-ver_02-vis_03-lau2_07-day_03-60_07-frt-1007_01-sng_00-n_00-n_00-n_00-n_00-n_00-n;1007;0;41724;0;N;539643;N;5;3026;0;PM_BE-PH_1;20140326xWed;5_Řevnice;Středočeský kraj;h00;277;53
02-o2_01-ver_02-vis_03-lau2_07-day_03-60_07-frt-1007_01-sng_00-n_00-n_00-n_00-n_00-n_00-n;1007;0;41724;0;N;539856;N;7;3026;0;PM_BE-PH_1;20140326xWed;7_Všenory;Středočeský kraj;h00;326;332
02-o2_01-ver_02-vis_03-lau2_07-day_03-60_07-frt-1007_01-sng_00-n_00-n_00-n_00-n_00-n_00-n;1007;0;41724;0;N;554782;N;9;3018;0;PM_BE-PH_1;20140326xWed;9_Praha;Hlavní město Praha;h00;0;2376
