02-o2_01-ver_02-vis_03-lau2_07-day_03-60_02-frt-1002_01-sng_00-n_00-n_00-n_00-n_00-n_00-n;1002;0;41710;0;N;533165;N;2;3026;0;EC_PH-BR_1;20140312xWed;2_Kolín;Středočeský kraj;h00;85;66
02-o2_01-ver_02-vis_03-lau2_07-day_03-60_02-frt-1002_01-sng_00-n_00-n_00-n_00-n_00-n_00-n;1002;0;41710;0;N;554782;N;1;3018;0;EC_PH-BR_1;20140312xWed;1_Praha;Hlavní město Praha;h00;442;0
02-o2_01-ver_02-vis_03-lau2_07-day_03-60_02-frt-1002_01-sng_00-n_00-n_00-n_00-n_00-n_00-n;1002;0;41710;0;N;555134;N;3;3093;0;EC_PH-BR_1;20140312xWed;3_Pardubice;Pardubický kraj;h00;30;156
02-o2_01-ver_02-vis_03-lau2_07-day_03-60_02-frt-1002_01-sng_00-n_00-n_00-n_00-n_00-n_00-n;1002;0;41710;0;N;580031;N;4;3093;0;EC_PH-BR_1;20140312xWed;4_Česká Třebová;Pardubický kraj;h00;5;11
02-o2_01-ver_02-vis_03-lau2_07-day_03-60_02-frt-1002_01-sng_00-n_00-n_00-n_00-n_00-n_00-n;1002;0;41710;0;N;582786;N;5;3115;0;EC_PH-BR_1;20140312xWed;5_Brno;Jihomoravský kraj;h00;0;329
02-o2_01-ver_02-vis_03-lau2_07-day_03-60_02-frt-1002_01-sng_00-n_00-n_00-n_00-n_00-n_00-n;1002;0;41711;0;N;533165;N;2;3026;0;EC_PH-BR_1;20140313xThu;2_Kolín;Středočeský kraj;h00;71;79
02-o2_01-ver_02-vis_03-lau2_07-day_03-60_02-frt-1002_01-sng_00-n_00-n_00-n_00-n_00-n_00-n;1002;0;41711;0;N;554782;N;1;3018;0;EC_PH-BR_1;20140313xThu;1_Praha;Hlavní město Praha;h00;504;0
02-o2_01-ver_02-vis_03-lau2_07-day_03-60_02-frt-1002_01-sng_00-n_00-n_00-n_00-n_00-n_00-n;1002;0;41711;0;N;555134;N;3;3093;0;EC_PH-BR_1;20140313xThu;3_Pardubice;Pardubický kraj;h00;41;138
02-o2_01-ver_02-vis_03-lau2_07-day_03-60_02-frt-1002_01-sng_00-n_00-n_00-n_00-n_00-n_00-n;1002;0;41711;0;N;580031;N;4;3093;0;EC_PH-BR_1;20140313xThu;4_Česká Třebová;Pardubický kraj;h00;11;21
02-o2_01-ver_02-vis_03-lau2_07-day_03-60_02-frt-1002_01-sng_00-n_00-n_00-n_00-n_00-n_00-n;1002;0;41711;0;N;582786;N;5;3115;0;EC_PH-BR_1;20140313xThu;5_Brno;Jihomoravský kraj;h00;0;389
02-o2_01-ver_02-vis_03-lau2_07-day_03-60_02-frt-1002_01-sng_00-n_00-n_00-n_00-n_00-n_00-n;1002;0;41712;0;N;533165;N;2;3026;0;EC_PH-BR_1;20140314xFri;2_Kolín;Středočeský kraj;h00;78;65
02-o2_01-ver_02-vis_03-lau2_07-day_03-60_02-frt-1002_01-sng_00-n_00-n_00-n_00-n_00-n_00-n;1002;0;41712;0;N;554782;N;1;3018;0;EC_PH-BR_1;20140314xFri;1_Praha;Hlavní město Praha;h00;434;0
02-o2_01-ver_02-vis_03-lau2_07-day_03-60_02-frt-1002_01-sng_00-n_00-n_00-n_00-n_00-n_00-n;1002;0;41712;0;N;555134;N;3;3093;0;EC_PH-BR_1;20140314xFri;3_Pardubice;Pardubický kraj;h00;36;138
02-o2_01-ver_02-vis_03-lau2_07-day_03-60_02-frt-1002_01-sng_00-n_00-n_00-n_00-n_00-n_00-n;1002;0;41712;0;N;580031;N;4;3093;0;EC_PH-BR_1;20140314xFri;4_Česká Třebová;Pardubický kraj;h00;13;20
02-o2_01-ver_02-vis_03-lau2_07-day_03-60_02-frt-1002_01-sng_00-n_00-n_00-n_00-n_00-n_00-n;1002;0;41712;0;N;582786;N;5;3115;0;EC_PH-BR_1;20140314xFri;5_Brno;Jihomoravský kraj;h00;0;338
02-o2_01-ver_02-vis_03-lau2_07-day_03-60_02-frt-1002_01-sng_00-n_00-n_00-n_00-n_00-n_00-n;1002;0;41713;0;N;533165;N;2;3026;0;EC_PH-BR_1;20140315xSat;2_Kolín;Středočeský kraj;h00;33;61
02-o2_01-ver_02-vis_03-lau2_07-day_03-60_02-frt-1002_01-sng_00-n_00-n_00-n_00-n_00-n_00-n;1002;0;41713;0;N;554782;N;1;3018;0;EC_PH-BR_1;20140315xSat;1_Praha;Hlavní město Praha;h00;289;0
02-o2_01-ver_02-vis_03-lau2_07-day_03-60_02-frt-1002_01-sng_00-n_00-n_00-n_00-n_00-n_00-n;1002;0;41713;0;N;555134;N;3;3093;0;EC_PH-BR_1;20140315xSat;3_Pardubice;Pardubický kraj;h00;33;74
02-o2_01-ver_02-vis_03-lau2_07-day_03-60_02-frt-1002_01-sng_00-n_00-n_00-n_00-n_00-n_00-n;1002;0;41713;0;N;580031;N;4;3093;0;EC_PH-BR_1;20140315xSat;4_Česká Třebová;Pardubický kraj;h00;14;22
02-o2_01-ver_02-vis_03-lau2_07-day_03-60_02-frt-1002_01-sng_00-n_00-n_00-n_00-n_00-n_00-n;1002;0;41713;0;N;582786;N;5;3115;0;EC_PH-BR_1;20140315xSat;5_Brno;Jihomoravský kraj;h00;0;212
02-o2_01-ver_02-vis_03-lau2_07-day_03-60_02-frt-1002_01-sng_00-n_00-n_00-n_00-n_00-n_00-n;1002;0;41714;0;N;533165;N;2;3026;0;EC_PH-BR_1;20140316xSun;2_Kolín;Středočeský kraj;h00;23;37
02-o2_01-ver_02-vis_03-lau2_07-day_03-60_02-frt-1002_01-sng_00-n_00-n_00-n_00-n_00-n_00-n;1002;0;41714;0;N;554782;N;1;3018;0;EC_PH-BR_1;20140316xSun;1_Praha;Hlavní město Praha;h00;207;0
02-o2_01-ver_02-vis_03-lau2_07-day_03-60_02-frt-1002_01-sng_00-n_00-n_00-n_00-n_00-n_00-n;1002;0;41714;0;N;555134;N;3;3093;0;EC_PH-BR_1;20140316xSun;3_Pardubice;Pardubický kraj;h00;12;99
02-o2_01-ver_02-vis_03-lau2_07-day_03-60_02-frt-1002_01-sng_00-n_00-n_00-n_00-n_00-n_00-n;1002;0;41714;0;N;580031;N;4;3093;0;EC_PH-BR_1;20140316xSun;4_Česká Třebová;Pardubický kraj;h00;13;15
02-o2_01-ver_02-vis_03-lau2_07-day_03-60_02-frt-1002_01-sng_00-n_00-n_00-n_00-n_00-n_00-n;1002;0;41714;0;N;582786;N;5;3115;0;EC_PH-BR_1;20140316xSun;5_Brno;Jihomoravský kraj;h00;0;104
02-o2_01-ver_02-vis_03-lau2_07-day_03-60_02-frt-1002_01-sng_00-n_00-n_00-n_00-n_00-n_00-n;1002;0;41715;0;N;533165;N;2;3026;0;EC_PH-BR_1;20140317xMon;2_Kolín;Středočeský kraj;h00;76;91
02-o2_01-ver_02-vis_03-lau2_07-day_03-60_02-frt-1002_01-sng_00-n_00-n_00-n_00-n_00-n_00-n;1002;0;41715;0;N;554782;N;1;3018;0;EC_PH-BR_1;20140317xMon;1_Praha;Hlavní město Praha;h00;437;0
02-o2_01-ver_02-vis_03-lau2_07-day_03-60_02-frt-1002_01-sng_00-n_00-n_00-n_00-n_00-n_00-n;1002;0;41715;0;N;555134;N;3;3093;0;EC_PH-BR_1;20140317xMon;3_Pardubice;Pardubický kraj;h00;34;137
02-o2_01-ver_02-vis_03-lau2_07-day_03-60_02-frt-1002_01-sng_00-n_00-n_00-n_00-n_00-n_00-n;1002;0;41715;0;N;580031;N;4;3093;0;EC_PH-BR_1;20140317xMon;4_Česká Třebová;Pardubický kraj;h00;9;20
02-o2_01-ver_02-vis_03-lau2_07-day_03-60_02-frt-1002_01-sng_00-n_00-n_00-n_00-n_00-n_00-n;1002;0;41715;0;N;582786;N;5;3115;0;EC_PH-BR_1;20140317xMon;5_Brno;Jihomoravský kraj;h00;0;308
02-o2_01-ver_02-vis_03-lau2_07-day_03-60_02-frt-1002_01-sng_00-n_00-n_00-n_00-n_00-n_00-n;1002;0;41716;0;N;533165;N;2;3026;0;EC_PH-BR_1;20140318xTue;2_Kolín;Středočeský kraj;h00;100;123
02-o2_01-ver_02-vis_03-lau2_07-day_03-60_02-frt-1002_01-sng_00-n_00-n_00-n_00-n_00-n_00-n;1002;0;41716;0;N;554782;N;1;3018;0;EC_PH-BR_1;20140318xTue;1_Praha;Hlavní město Praha;h00;741;0
02-o2_01-ver_02-vis_03-lau2_07-day_03-60_02-frt-1002_01-sng_00-n_00-n_00-n_00-n_00-n_00-n;1002;0;41716;0;N;555134;N;3;3093;0;EC_PH-BR_1;20140318xTue;3_Pardubice;Pardubický kraj;h00;54;172
02-o2_01-ver_02-vis_03-lau2_07-day_03-60_02-frt-1002_01-sng_00-n_00-n_00-n_00-n_00-n_00-n;1002;0;41716;0;N;580031;N;4;3093;0;EC_PH-BR_1;20140318xTue;4_Česká Třebová;Pardubický kraj;h00;18;21
02-o2_01-ver_02-vis_03-lau2_07-day_03-60_02-frt-1002_01-sng_00-n_00-n_00-n_00-n_00-n_00-n;1002;0;41716;0;N;582786;N;5;3115;0;EC_PH-BR_1;20140318xTue;5_Brno;Jihomoravský kraj;h00;0;597
02-o2_01-ver_02-vis_03-lau2_07-day_03-60_02-frt-1002_01-sng_00-n_00-n_00-n_00-n_00-n_00-n;1002;0;41717;0;N;533165;N;2;3026;0;EC_PH-BR_1;20140319xWed;2_Kolín;Středočeský kraj;h00;92;127
02-o2_01-ver_02-vis_03-lau2_07-day_03-60_02-frt-1002_01-sng_00-n_00-n_00-n_00-n_00-n_00-n;1002;0;41717;0;N;554782;N;1;3018;0;EC_PH-BR_1;20140319xWed;1_Praha;Hlavní město Praha;h00;832;0
02-o2_01-ver_02-vis_03-lau2_07-day_03-60_02-frt-1002_01-sng_00-n_00-n_00-n_00-n_00-n_00-n;1002;0;41717;0;N;555134;N;3;3093;0;EC_PH-BR_1;20140319xWed;3_Pardubice;Pardubický kraj;h00;52;209
02-o2_01-ver_02-vis_03-lau2_07-day_03-60_02-frt-1002_01-sng_00-n_00-n_00-n_00-n_00-n_00-n;1002;0;41717;0;N;580031;N;4;3093;0;EC_PH-BR_1;20140319xWed;4_Česká Třebová;Pardubický kraj;h00;21;11
02-o2_01-ver_02-vis_03-lau2_07-day_03-60_02-frt-1002_01-sng_00-n_00-n_00-n_00-n_00-n_00-n;1002;0;41717;0;N;582786;N;5;3115;0;EC_PH-BR_1;20140319xWed;5_Brno;Jihomoravský kraj;h00;0;650
02-o2_01-ver_02-vis_03-lau2_07-day_03-60_02-frt-1002_01-sng_00-n_00-n_00-n_00-n_00-n_00-n;1002;0;41718;0;N;533165;N;2;3026;0;EC_PH-BR_1;20140320xThu;2_Kolín;Středočeský kraj;h00;110;111
02-o2_01-ver_02-vis_03-lau2_07-day_03-60_02-frt-1002_01-sng_00-n_00-n_00-n_00-n_00-n_00-n;1002;0;41718;0;N;554782;N;1;3018;0;EC_PH-BR_1;20140320xThu;1_Praha;Hlavní město Praha;h00;726;0
02-o2_01-ver_02-vis_03-lau2_07-day_03-60_02-frt-1002_01-sng_00-n_00-n_00-n_00-n_00-n_00-n;1002;0;41718;0;N;555134;N;3;3093;0;EC_PH-BR_1;20140320xThu;3_Pardubice;Pardubický kraj;h00;57;193
02-o2_01-ver_02-vis_03-lau2_07-day_03-60_02-frt-1002_01-sng_00-n_00-n_00-n_00-n_00-n_00-n;1002;0;41718;0;N;580031;N;4;3093;0;EC_PH-BR_1;20140320xThu;4_Česká Třebová;Pardubický kraj;h00;15;24
02-o2_01-ver_02-vis_03-lau2_07-day_03-60_02-frt-1002_01-sng_00-n_00-n_00-n_00-n_00-n_00-n;1002;0;41718;0;N;582786;N;5;3115;0;EC_PH-BR_1;20140320xThu;5_Brno;Jihomoravský kraj;h00;0;580
02-o2_01-ver_02-vis_03-lau2_07-day_03-60_02-frt-1002_01-sng_00-n_00-n_00-n_00-n_00-n_00-n;1002;0;41719;0;N;533165;N;2;3026;0;EC_PH-BR_1;20140321xFri;2_Kolín;Středočeský kraj;h00;56;98
02-o2_01-ver_02-vis_03-lau2_07-day_03-60_02-frt-1002_01-sng_00-n_00-n_00-n_00-n_00-n_00-n;1002;0;41719;0;N;554782;N;1;3018;0;EC_PH-BR_1;20140321xFri;1_Praha;Hlavní město Praha;h00;429;0
02-o2_01-ver_02-vis_03-lau2_07-day_03-60_02-frt-1002_01-sng_00-n_00-n_00-n_00-n_00-n_00-n;1002;0;41719;0;N;555134;N;3;3093;0;EC_PH-BR_1;20140321xFri;3_Pardubice;Pardubický kraj;h00;35;95
02-o2_01-ver_02-vis_03-lau2_07-day_03-60_02-frt-1002_01-sng_00-n_00-n_00-n_00-n_00-n_00-n;1002;0;41719;0;N;580031;N;4;3093;0;EC_PH-BR_1;20140321xFri;4_Česká Třebová;Pardubický kraj;h00;12;17
02-o2_01-ver_02-vis_03-lau2_07-day_03-60_02-frt-1002_01-sng_00-n_00-n_00-n_00-n_00-n_00-n;1002;0;41719;0;N;582786;N;5;3115;0;EC_PH-BR_1;20140321xFri;5_Brno;Jihomoravský kraj;h00;0;322
02-o2_01-ver_02-vis_03-lau2_07-day_03-60_02-frt-1002_01-sng_00-n_00-n_00-n_00-n_00-n_00-n;1002;0;41720;0;N;533165;N;2;3026;0;EC_PH-BR_1;20140322xSat;2_Kolín;Středočeský kraj;h00;56;82
02-o2_01-ver_02-vis_03-lau2_07-day_03-60_02-frt-1002_01-sng_00-n_00-n_00-n_00-n_00-n_00-n;1002;0;41720;0;N;554782;N;1;3018;0;EC_PH-BR_1;20140322xSat;1_Praha;Hlavní město Praha;h00;295;0
02-o2_01-ver_02-vis_03-lau2_07-day_03-60_02-frt-1002_01-sng_00-n_00-n_00-n_00-n_00-n_00-n;1002;0;41720;0;N;555134;N;3;3093;0;EC_PH-BR_1;20140322xSat;3_Pardubice;Pardubický kraj;h00;22;110
02-o2_01-ver_02-vis_03-lau2_07-day_03-60_02-frt-1002_01-sng_00-n_00-n_00-n_00-n_00-n_00-n;1002;0;41720;0;N;580031;N;4;3093;0;EC_PH-BR_1;20140322xSat;4_Česká Třebová;Pardubický kraj;h00;17;7
02-o2_01-ver_02-vis_03-lau2_07-day_03-60_02-frt-1002_01-sng_00-n_00-n_00-n_00-n_00-n_00-n;1002;0;41720;0;N;582786;N;5;3115;0;EC_PH-BR_1;20140322xSat;5_Brno;Jihomoravský kraj;h00;0;191
02-o2_01-ver_02-vis_03-lau2_07-day_03-60_02-frt-1002_01-sng_00-n_00-n_00-n_00-n_00-n_00-n;1002;0;41721;0;N;533165;N;2;3026;0;EC_PH-BR_1;20140323xSun;2_Kolín;Středočeský kraj;h00;32;46
02-o2_01-ver_02-vis_03-lau2_07-day_03-60_02-frt-1002_01-sng_00-n_00-n_00-n_00-n_00-n_00-n;1002;0;41721;0;N;554782;N;1;3018;0;EC_PH-BR_1;20140323xSun;1_Praha;Hlavní město Praha;h00;193;0
02-o2_01-ver_02-vis_03-lau2_07-day_03-60_02-frt-1002_01-sng_00-n_00-n_00-n_00-n_00-n_00-n;1002;0;41721;0;N;555134;N;3;3093;0;EC_PH-BR_1;20140323xSun;3_Pardubice;Pardubický kraj;h00;14;82
02-o2_01-ver_02-vis_03-lau2_07-day_03-60_02-frt-1002_01-sng_00-n_00-n_00-n_00-n_00-n_00-n;1002;0;41721;0;N;580031;N;4;3093;0;EC_PH-BR_1;20140323xSun;4_Česká Třebová;Pardubický kraj;h00;9;8
02-o2_01-ver_02-vis_03-lau2_07-day_03-60_02-frt-1002_01-sng_00-n_00-n_00-n_00-n_00-n_00-n;1002;0;41721;0;N;582786;N;5;3115;0;EC_PH-BR_1;20140323xSun;5_Brno;Jihomoravský kraj;h00;0;112
02-o2_01-ver_02-vis_03-lau2_07-day_03-60_02-frt-1002_01-sng_00-n_00-n_00-n_00-n_00-n_00-n;1002;0;41722;0;N;533165;N;2;3026;0;EC_PH-BR_1;20140324xMon;2_Kolín;Středočeský kraj;h00;87;92
02-o2_01-ver_02-vis_03-lau2_07-day_03-60_02-frt-1002_01-sng_00-n_00-n_00-n_00-n_00-n_00-n;1002;0;41722;0;N;554782;N;1;3018;0;EC_PH-BR_1;20140324xMon;1_Praha;Hlavní město Praha;h00;455;0
02-o2_01-ver_02-vis_03-lau2_07-day_03-60_02-frt-1002_01-sng_00-n_00-n_00-n_00-n_00-n_00-n;1002;0;41722;0;N;555134;N;3;3093;0;EC_PH-BR_1;20140324xMon;3_Pardubice;Pardubický kraj;h00;31;164
02-o2_01-ver_02-vis_03-lau2_07-day_03-60_02-frt-1002_01-sng_00-n_00-n_00-n_00-n_00-n_00-n;1002;0;41722;0;N;580031;N;4;3093;0;EC_PH-BR_1;20140324xMon;4_Česká Třebová;Pardubický kraj;h00;15;16
02-o2_01-ver_02-vis_03-lau2_07-day_03-60_02-frt-1002_01-sng_00-n_00-n_00-n_00-n_00-n_00-n;1002;0;41722;0;N;582786;N;5;3115;0;EC_PH-BR_1;20140324xMon;5_Brno;Jihomoravský kraj;h00;0;316
02-o2_01-ver_02-vis_03-lau2_07-day_03-60_02-frt-1002_01-sng_00-n_00-n_00-n_00-n_00-n_00-n;1002;0;41723;0;N;533165;N;2;3026;0;EC_PH-BR_1;20140325xTue;2_Kolín;Středočeský kraj;h00;97;116
02-o2_01-ver_02-vis_03-lau2_07-day_03-60_02-frt-1002_01-sng_00-n_00-n_00-n_00-n_00-n_00-n;1002;0;41723;0;N;554782;N;1;3018;0;EC_PH-BR_1;20140325xTue;1_Praha;Hlavní město Praha;h00;502;0
02-o2_01-ver_02-vis_03-lau2_07-day_03-60_02-frt-1002_01-sng_00-n_00-n_00-n_00-n_00-n_00-n;1002;0;41723;0;N;555134;N;3;3093;0;EC_PH-BR_1;20140325xTue;3_Pardubice;Pardubický kraj;h00;36;176
02-o2_01-ver_02-vis_03-lau2_07-day_03-60_02-frt-1002_01-sng_00-n_00-n_00-n_00-n_00-n_00-n;1002;0;41723;0;N;580031;N;4;3093;0;EC_PH-BR_1;20140325xTue;4_Česká Třebová;Pardubický kraj;h00;14;20
02-o2_01-ver_02-vis_03-lau2_07-day_03-60_02-frt-1002_01-sng_00-n_00-n_00-n_00-n_00-n_00-n;1002;0;41723;0;N;582786;N;5;3115;0;EC_PH-BR_1;20140325xTue;5_Brno;Jihomoravský kraj;h00;0;337
02-o2_01-ver_02-vis_03-lau2_07-day_03-60_02-frt-1002_01-sng_00-n_00-n_00-n_00-n_00-n_00-n;1002;0;41724;0;N;533165;N;2;3026;0;EC_PH-BR_1;20140326xWed;2_Kolín;Středočeský kraj;h00;95;94
02-o2_01-ver_02-vis_03-lau2_07-day_03-60_02-frt-1002_01-sng_00-n_00-n_00-n_00-n_00-n_00-n;1002;0;41724;0;N;554782;N;1;3018;0;EC_PH-BR_1;20140326xWed;1_Praha;Hlavní město Praha;h00;635;0
02-o2_01-ver_02-vis_03-lau2_07-day_03-60_02-frt-1002_01-sng_00-n_00-n_00-n_00-n_00-n_00-n;1002;0;41724;0;N;555134;N;3;3093;0;EC_PH-BR_1;20140326xWed;3_Pardubice;Pardubický kraj;h00;51;203
02-o2_01-ver_02-vis_03-lau2_07-day_03-60_02-frt-1002_01-sng_00-n_00-n_00-n_00-n_00-n_00-n;1002;0;41724;0;N;580031;N;4;3093;0;EC_PH-BR_1;20140326xWed;4_Česká Třebová;Pardubický kraj;h00;15;23
02-o2_01-ver_02-vis_03-lau2_07-day_03-60_02-frt-1002_01-sng_00-n_00-n_00-n_00-n_00-n_00-n;1002;0;41724;0;N;582786;N;5;3115;0;EC_PH-BR_1;20140326xWed;5_Brno;Jihomoravský kraj;h00;0;476
