02-o2_02-edg_04-pot_03-lau2_07-day_03-60_02-frt-1002_01-sng_00-n_00-n_00-n_00-n_00-n_00-n;1002;0;41724;0;N;554782;533165;1;3018;0;EC_PH-BR_1;20140326xWed;01_Praha_Kolín;Hlavní město Praha;h00;1776;N
02-o2_02-edg_04-pot_03-lau2_07-day_03-60_02-frt-1002_01-sng_00-n_00-n_00-n_00-n_00-n_00-n;1002;0;41724;0;N;533165;555134;2;3026;0;EC_PH-BR_1;20140326xWed;02_Kolín_Pardubice;Středočeský kraj;h00;1137;N
02-o2_02-edg_04-pot_03-lau2_07-day_03-60_02-frt-1002_01-sng_00-n_00-n_00-n_00-n_00-n_00-n;1002;0;41724;0;N;555134;580031;3;3093;0;EC_PH-BR_1;20140326xWed;03_Pardubice_Česká Třebová;Pardubický kraj;h00;625;N
02-o2_02-edg_04-pot_03-lau2_07-day_03-60_02-frt-1002_01-sng_00-n_00-n_00-n_00-n_00-n_00-n;1002;0;41724;0;N;580031;582786;4;3093;0;EC_PH-BR_1;20140326xWed;04_Česká Třebová_Brno;Pardubický kraj;h00;547;N
02-o2_02-edg_04-pot_03-lau2_07-day_03-60_02-frt-1002_01-sng_00-n_00-n_00-n_00-n_00-n_00-n;1002;0;41719;0;N;554782;533165;1;3018;0;EC_PH-BR_1;20140321xFri;01_Praha_Kolín;Hlavní město Praha;h00;2012;N
02-o2_02-edg_04-pot_03-lau2_07-day_03-60_02-frt-1002_01-sng_00-n_00-n_00-n_00-n_00-n_00-n;1002;0;41719;0;N;533165;555134;2;3026;0;EC_PH-BR_1;20140321xFri;02_Kolín_Pardubice;Středočeský kraj;h00;1315;N
02-o2_02-edg_04-pot_03-lau2_07-day_03-60_02-frt-1002_01-sng_00-n_00-n_00-n_00-n_00-n_00-n;1002;0;41719;0;N;555134;580031;3;3093;0;EC_PH-BR_1;20140321xFri;03_Pardubice_Česká Třebová;Pardubický kraj;h00;807;N
02-o2_02-edg_04-pot_03-lau2_07-day_03-60_02-frt-1002_01-sng_00-n_00-n_00-n_00-n_00-n_00-n;1002;0;41719;0;N;580031;582786;4;3093;0;EC_PH-BR_1;20140321xFri;04_Česká Třebová_Brno;Pardubický kraj;h00;720;N
02-o2_02-edg_04-pot_03-lau2_07-day_03-60_02-frt-1002_01-sng_00-n_00-n_00-n_00-n_00-n_00-n;1002;0;41710;0;N;554782;533165;1;3018;0;EC_PH-BR_1;20140312xWed;01_Praha_Kolín;Hlavní město Praha;h00;1648;N
02-o2_02-edg_04-pot_03-lau2_07-day_03-60_02-frt-1002_01-sng_00-n_00-n_00-n_00-n_00-n_00-n;1002;0;41710;0;N;533165;555134;2;3026;0;EC_PH-BR_1;20140312xWed;02_Kolín_Pardubice;Středočeský kraj;h00;1067;N
02-o2_02-edg_04-pot_03-lau2_07-day_03-60_02-frt-1002_01-sng_00-n_00-n_00-n_00-n_00-n_00-n;1002;0;41710;0;N;555134;580031;3;3093;0;EC_PH-BR_1;20140312xWed;03_Pardubice_Česká Třebová;Pardubický kraj;h00;525;N
02-o2_02-edg_04-pot_03-lau2_07-day_03-60_02-frt-1002_01-sng_00-n_00-n_00-n_00-n_00-n_00-n;1002;0;41710;0;N;580031;582786;4;3093;0;EC_PH-BR_1;20140312xWed;04_Česká Třebová_Brno;Pardubický kraj;h00;473;N
02-o2_02-edg_04-pot_03-lau2_07-day_03-60_02-frt-1002_01-sng_00-n_00-n_00-n_00-n_00-n_00-n;1002;0;41721;0;N;554782;533165;1;3018;0;EC_PH-BR_1;20140323xSun;01_Praha_Kolín;Hlavní město Praha;h00;890;N
02-o2_02-edg_04-pot_03-lau2_07-day_03-60_02-frt-1002_01-sng_00-n_00-n_00-n_00-n_00-n_00-n;1002;0;41721;0;N;533165;555134;2;3026;0;EC_PH-BR_1;20140323xSun;02_Kolín_Pardubice;Středočeský kraj;h00;631;N
02-o2_02-edg_04-pot_03-lau2_07-day_03-60_02-frt-1002_01-sng_00-n_00-n_00-n_00-n_00-n_00-n;1002;0;41721;0;N;555134;580031;3;3093;0;EC_PH-BR_1;20140323xSun;03_Pardubice_Česká Třebová;Pardubický kraj;h00;394;N
02-o2_02-edg_04-pot_03-lau2_07-day_03-60_02-frt-1002_01-sng_00-n_00-n_00-n_00-n_00-n_00-n;1002;0;41721;0;N;580031;582786;4;3093;0;EC_PH-BR_1;20140323xSun;04_Česká Třebová_Brno;Pardubický kraj;h00;389;N
02-o2_02-edg_04-pot_03-lau2_07-day_03-60_02-frt-1002_01-sng_00-n_00-n_00-n_00-n_00-n_00-n;1002;0;41712;0;N;554782;533165;1;3018;0;EC_PH-BR_1;20140314xFri;01_Praha_Kolín;Hlavní město Praha;h00;2043;N
02-o2_02-edg_04-pot_03-lau2_07-day_03-60_02-frt-1002_01-sng_00-n_00-n_00-n_00-n_00-n_00-n;1002;0;41712;0;N;533165;555134;2;3026;0;EC_PH-BR_1;20140314xFri;02_Kolín_Pardubice;Středočeský kraj;h00;1414;N
02-o2_02-edg_04-pot_03-lau2_07-day_03-60_02-frt-1002_01-sng_00-n_00-n_00-n_00-n_00-n_00-n;1002;0;41712;0;N;555134;580031;3;3093;0;EC_PH-BR_1;20140314xFri;03_Pardubice_Česká Třebová;Pardubický kraj;h00;789;N
02-o2_02-edg_04-pot_03-lau2_07-day_03-60_02-frt-1002_01-sng_00-n_00-n_00-n_00-n_00-n_00-n;1002;0;41712;0;N;580031;582786;4;3093;0;EC_PH-BR_1;20140314xFri;04_Česká Třebová_Brno;Pardubický kraj;h00;719;N
02-o2_02-edg_04-pot_03-lau2_07-day_03-60_02-frt-1002_01-sng_00-n_00-n_00-n_00-n_00-n_00-n;1002;0;41716;0;N;554782;533165;1;3018;0;EC_PH-BR_1;20140318xTue;01_Praha_Kolín;Hlavní město Praha;h00;1911;N
02-o2_02-edg_04-pot_03-lau2_07-day_03-60_02-frt-1002_01-sng_00-n_00-n_00-n_00-n_00-n_00-n;1002;0;41716;0;N;533165;555134;2;3026;0;EC_PH-BR_1;20140318xTue;02_Kolín_Pardubice;Středočeský kraj;h00;1256;N
02-o2_02-edg_04-pot_03-lau2_07-day_03-60_02-frt-1002_01-sng_00-n_00-n_00-n_00-n_00-n_00-n;1002;0;41716;0;N;555134;580031;3;3093;0;EC_PH-BR_1;20140318xTue;03_Pardubice_Česká Třebová;Pardubický kraj;h00;769;N
02-o2_02-edg_04-pot_03-lau2_07-day_03-60_02-frt-1002_01-sng_00-n_00-n_00-n_00-n_00-n_00-n;1002;0;41716;0;N;580031;582786;4;3093;0;EC_PH-BR_1;20140318xTue;04_Česká Třebová_Brno;Pardubický kraj;h00;727;N
02-o2_02-edg_04-pot_03-lau2_07-day_03-60_02-frt-1002_01-sng_00-n_00-n_00-n_00-n_00-n_00-n;1002;0;41711;0;N;554782;533165;1;3018;0;EC_PH-BR_1;20140313xThu;01_Praha_Kolín;Hlavní město Praha;h00;1815;N
02-o2_02-edg_04-pot_03-lau2_07-day_03-60_02-frt-1002_01-sng_00-n_00-n_00-n_00-n_00-n_00-n;1002;0;41711;0;N;533165;555134;2;3026;0;EC_PH-BR_1;20140313xThu;02_Kolín_Pardubice;Středočeský kraj;h00;1224;N
02-o2_02-edg_04-pot_03-lau2_07-day_03-60_02-frt-1002_01-sng_00-n_00-n_00-n_00-n_00-n_00-n;1002;0;41711;0;N;555134;580031;3;3093;0;EC_PH-BR_1;20140313xThu;03_Pardubice_Česká Třebová;Pardubický kraj;h00;656;N
02-o2_02-edg_04-pot_03-lau2_07-day_03-60_02-frt-1002_01-sng_00-n_00-n_00-n_00-n_00-n_00-n;1002;0;41711;0;N;580031;582786;4;3093;0;EC_PH-BR_1;20140313xThu;04_Česká Třebová_Brno;Pardubický kraj;h00;582;N
02-o2_02-edg_04-pot_03-lau2_07-day_03-60_02-frt-1002_01-sng_00-n_00-n_00-n_00-n_00-n_00-n;1002;0;41713;0;N;554782;533165;1;3018;0;EC_PH-BR_1;20140315xSat;01_Praha_Kolín;Hlavní město Praha;h00;1201;N
02-o2_02-edg_04-pot_03-lau2_07-day_03-60_02-frt-1002_01-sng_00-n_00-n_00-n_00-n_00-n_00-n;1002;0;41713;0;N;533165;555134;2;3026;0;EC_PH-BR_1;20140315xSat;02_Kolín_Pardubice;Středočeský kraj;h00;809;N
02-o2_02-edg_04-pot_03-lau2_07-day_03-60_02-frt-1002_01-sng_00-n_00-n_00-n_00-n_00-n_00-n;1002;0;41713;0;N;555134;580031;3;3093;0;EC_PH-BR_1;20140315xSat;03_Pardubice_Česká Třebová;Pardubický kraj;h00;430;N
02-o2_02-edg_04-pot_03-lau2_07-day_03-60_02-frt-1002_01-sng_00-n_00-n_00-n_00-n_00-n_00-n;1002;0;41713;0;N;580031;582786;4;3093;0;EC_PH-BR_1;20140315xSat;04_Česká Třebová_Brno;Pardubický kraj;h00;396;N
02-o2_02-edg_04-pot_03-lau2_07-day_03-60_02-frt-1002_01-sng_00-n_00-n_00-n_00-n_00-n_00-n;1002;0;41722;0;N;554782;533165;1;3018;0;EC_PH-BR_1;20140324xMon;01_Praha_Kolín;Hlavní město Praha;h00;1491;N
02-o2_02-edg_04-pot_03-lau2_07-day_03-60_02-frt-1002_01-sng_00-n_00-n_00-n_00-n_00-n_00-n;1002;0;41722;0;N;533165;555134;2;3026;0;EC_PH-BR_1;20140324xMon;02_Kolín_Pardubice;Středočeský kraj;h00;966;N
02-o2_02-edg_04-pot_03-lau2_07-day_03-60_02-frt-1002_01-sng_00-n_00-n_00-n_00-n_00-n_00-n;1002;0;41722;0;N;555134;580031;3;3093;0;EC_PH-BR_1;20140324xMon;03_Pardubice_Česká Třebová;Pardubický kraj;h00;545;N
02-o2_02-edg_04-pot_03-lau2_07-day_03-60_02-frt-1002_01-sng_00-n_00-n_00-n_00-n_00-n_00-n;1002;0;41722;0;N;580031;582786;4;3093;0;EC_PH-BR_1;20140324xMon;04_Česká Třebová_Brno;Pardubický kraj;h00;520;N
02-o2_02-edg_04-pot_03-lau2_07-day_03-60_02-frt-1002_01-sng_00-n_00-n_00-n_00-n_00-n_00-n;1002;0;41717;0;N;554782;533165;1;3018;0;EC_PH-BR_1;20140319xWed;01_Praha_Kolín;Hlavní město Praha;h00;1970;N
02-o2_02-edg_04-pot_03-lau2_07-day_03-60_02-frt-1002_01-sng_00-n_00-n_00-n_00-n_00-n_00-n;1002;0;41717;0;N;533165;555134;2;3026;0;EC_PH-BR_1;20140319xWed;02_Kolín_Pardubice;Středočeský kraj;h00;1298;N
02-o2_02-edg_04-pot_03-lau2_07-day_03-60_02-frt-1002_01-sng_00-n_00-n_00-n_00-n_00-n_00-n;1002;0;41717;0;N;555134;580031;3;3093;0;EC_PH-BR_1;20140319xWed;03_Pardubice_Česká Třebová;Pardubický kraj;h00;778;N
02-o2_02-edg_04-pot_03-lau2_07-day_03-60_02-frt-1002_01-sng_00-n_00-n_00-n_00-n_00-n_00-n;1002;0;41717;0;N;580031;582786;4;3093;0;EC_PH-BR_1;20140319xWed;04_Česká Třebová_Brno;Pardubický kraj;h00;754;N
02-o2_02-edg_04-pot_03-lau2_07-day_03-60_02-frt-1002_01-sng_00-n_00-n_00-n_00-n_00-n_00-n;1002;0;41723;0;N;554782;533165;1;3018;0;EC_PH-BR_1;20140325xTue;01_Praha_Kolín;Hlavní město Praha;h00;1648;N
02-o2_02-edg_04-pot_03-lau2_07-day_03-60_02-frt-1002_01-sng_00-n_00-n_00-n_00-n_00-n_00-n;1002;0;41723;0;N;533165;555134;2;3026;0;EC_PH-BR_1;20140325xTue;02_Kolín_Pardubice;Středočeský kraj;h00;1064;N
02-o2_02-edg_04-pot_03-lau2_07-day_03-60_02-frt-1002_01-sng_00-n_00-n_00-n_00-n_00-n_00-n;1002;0;41723;0;N;555134;580031;3;3093;0;EC_PH-BR_1;20140325xTue;03_Pardubice_Česká Třebová;Pardubický kraj;h00;544;N
02-o2_02-edg_04-pot_03-lau2_07-day_03-60_02-frt-1002_01-sng_00-n_00-n_00-n_00-n_00-n_00-n;1002;0;41723;0;N;580031;582786;4;3093;0;EC_PH-BR_1;20140325xTue;04_Česká Třebová_Brno;Pardubický kraj;h00;457;N
02-o2_02-edg_04-pot_03-lau2_07-day_03-60_02-frt-1002_01-sng_00-n_00-n_00-n_00-n_00-n_00-n;1002;0;41714;0;N;554782;533165;1;3018;0;EC_PH-BR_1;20140316xSun;01_Praha_Kolín;Hlavní město Praha;h00;1020;N
02-o2_02-edg_04-pot_03-lau2_07-day_03-60_02-frt-1002_01-sng_00-n_00-n_00-n_00-n_00-n_00-n;1002;0;41714;0;N;533165;555134;2;3026;0;EC_PH-BR_1;20140316xSun;02_Kolín_Pardubice;Středočeský kraj;h00;754;N
02-o2_02-edg_04-pot_03-lau2_07-day_03-60_02-frt-1002_01-sng_00-n_00-n_00-n_00-n_00-n_00-n;1002;0;41714;0;N;555134;580031;3;3093;0;EC_PH-BR_1;20140316xSun;03_Pardubice_Česká Třebová;Pardubický kraj;h00;462;N
02-o2_02-edg_04-pot_03-lau2_07-day_03-60_02-frt-1002_01-sng_00-n_00-n_00-n_00-n_00-n_00-n;1002;0;41714;0;N;580031;582786;4;3093;0;EC_PH-BR_1;20140316xSun;04_Česká Třebová_Brno;Pardubický kraj;h00;472;N
02-o2_02-edg_04-pot_03-lau2_07-day_03-60_02-frt-1002_01-sng_00-n_00-n_00-n_00-n_00-n_00-n;1002;0;41718;0;N;554782;533165;1;3018;0;EC_PH-BR_1;20140320xThu;01_Praha_Kolín;Hlavní město Praha;h00;1798;N
02-o2_02-edg_04-pot_03-lau2_07-day_03-60_02-frt-1002_01-sng_00-n_00-n_00-n_00-n_00-n_00-n;1002;0;41718;0;N;533165;555134;2;3026;0;EC_PH-BR_1;20140320xThu;02_Kolín_Pardubice;Středočeský kraj;h00;1231;N
02-o2_02-edg_04-pot_03-lau2_07-day_03-60_02-frt-1002_01-sng_00-n_00-n_00-n_00-n_00-n_00-n;1002;0;41718;0;N;555134;580031;3;3093;0;EC_PH-BR_1;20140320xThu;03_Pardubice_Česká Třebová;Pardubický kraj;h00;680;N
02-o2_02-edg_04-pot_03-lau2_07-day_03-60_02-frt-1002_01-sng_00-n_00-n_00-n_00-n_00-n_00-n;1002;0;41718;0;N;580031;582786;4;3093;0;EC_PH-BR_1;20140320xThu;04_Česká Třebová_Brno;Pardubický kraj;h00;648;N
02-o2_02-edg_04-pot_03-lau2_07-day_03-60_02-frt-1002_01-sng_00-n_00-n_00-n_00-n_00-n_00-n;1002;0;41720;0;N;554782;533165;1;3018;0;EC_PH-BR_1;20140322xSat;01_Praha_Kolín;Hlavní město Praha;h00;1165;N
02-o2_02-edg_04-pot_03-lau2_07-day_03-60_02-frt-1002_01-sng_00-n_00-n_00-n_00-n_00-n_00-n;1002;0;41720;0;N;533165;555134;2;3026;0;EC_PH-BR_1;20140322xSat;02_Kolín_Pardubice;Středočeský kraj;h00;813;N
02-o2_02-edg_04-pot_03-lau2_07-day_03-60_02-frt-1002_01-sng_00-n_00-n_00-n_00-n_00-n_00-n;1002;0;41720;0;N;555134;580031;3;3093;0;EC_PH-BR_1;20140322xSat;03_Pardubice_Česká Třebová;Pardubický kraj;h00;393;N
02-o2_02-edg_04-pot_03-lau2_07-day_03-60_02-frt-1002_01-sng_00-n_00-n_00-n_00-n_00-n_00-n;1002;0;41720;0;N;580031;582786;4;3093;0;EC_PH-BR_1;20140322xSat;04_Česká Třebová_Brno;Pardubický kraj;h00;353;N
02-o2_02-edg_04-pot_03-lau2_07-day_03-60_02-frt-1002_01-sng_00-n_00-n_00-n_00-n_00-n_00-n;1002;0;41715;0;N;554782;533165;1;3018;0;EC_PH-BR_1;20140317xMon;01_Praha_Kolín;Hlavní město Praha;h00;1614;N
02-o2_02-edg_04-pot_03-lau2_07-day_03-60_02-frt-1002_01-sng_00-n_00-n_00-n_00-n_00-n_00-n;1002;0;41715;0;N;533165;555134;2;3026;0;EC_PH-BR_1;20140317xMon;02_Kolín_Pardubice;Středočeský kraj;h00;991;N
02-o2_02-edg_04-pot_03-lau2_07-day_03-60_02-frt-1002_01-sng_00-n_00-n_00-n_00-n_00-n_00-n;1002;0;41715;0;N;555134;580031;3;3093;0;EC_PH-BR_1;20140317xMon;03_Pardubice_Česká Třebová;Pardubický kraj;h00;603;N
02-o2_02-edg_04-pot_03-lau2_07-day_03-60_02-frt-1002_01-sng_00-n_00-n_00-n_00-n_00-n_00-n;1002;0;41715;0;N;580031;582786;4;3093;0;EC_PH-BR_1;20140317xMon;04_Česká Třebová_Brno;Pardubický kraj;h00;603;N
