02-o2_02-edg_03-tour_03-lau2_07-day_05-300+_07-frt-1007_01-sng_00-n_00-n_00-n_00-n_00-n_00-n;1007;0;41719;0;N;531979;554782;4;3026;0;PM_BE-PH_1;20140321xFri;04_Zadní Třebaň_Praha;Středočeský kraj;h00;2;N
02-o2_02-edg_03-tour_03-lau2_07-day_05-300+_07-frt-1007_01-sng_00-n_00-n_00-n_00-n_00-n_00-n;1007;0;41724;0;N;531979;554782;4;3026;0;PM_BE-PH_1;20140326xWed;04_Zadní Třebaň_Praha;Středočeský kraj;h00;3;N
02-o2_02-edg_03-tour_03-lau2_07-day_05-300+_07-frt-1007_01-sng_00-n_00-n_00-n_00-n_00-n_00-n;1007;0;41720;0;N;531979;554782;4;3026;0;PM_BE-PH_1;20140322xSat;04_Zadní Třebaň_Praha;Středočeský kraj;h00;2;N
02-o2_02-edg_03-tour_03-lau2_07-day_05-300+_07-frt-1007_01-sng_00-n_00-n_00-n_00-n_00-n_00-n;1007;0;41721;0;N;531979;554782;4;3026;0;PM_BE-PH_1;20140323xSun;04_Zadní Třebaň_Praha;Středočeský kraj;h00;2;N
02-o2_02-edg_03-tour_03-lau2_07-day_05-300+_07-frt-1007_01-sng_00-n_00-n_00-n_00-n_00-n_00-n;1007;0;41714;0;N;531979;554782;4;3026;0;PM_BE-PH_1;20140316xSun;04_Zadní Třebaň_Praha;Středočeský kraj;h00;2;N
02-o2_02-edg_03-tour_03-lau2_07-day_05-300+_07-frt-1007_01-sng_00-n_00-n_00-n_00-n_00-n_00-n;1007;0;41718;0;N;531979;554782;4;3026;0;PM_BE-PH_1;20140320xThu;04_Zadní Třebaň_Praha;Středočeský kraj;h00;4;N
02-o2_02-edg_03-tour_03-lau2_07-day_05-300+_07-frt-1007_01-sng_00-n_00-n_00-n_00-n_00-n_00-n;1007;0;41723;0;N;531979;554782;4;3026;0;PM_BE-PH_1;20140325xTue;04_Zadní Třebaň_Praha;Středočeský kraj;h00;3;N
02-o2_02-edg_03-tour_03-lau2_07-day_05-300+_07-frt-1007_01-sng_00-n_00-n_00-n_00-n_00-n_00-n;1007;0;41711;0;N;531979;539856;4;3026;0;PM_BE-PH_1;20140313xThu;04_Zadní Třebaň_Všenory;Středočeský kraj;h00;2;N
02-o2_02-edg_03-tour_03-lau2_07-day_05-300+_07-frt-1007_01-sng_00-n_00-n_00-n_00-n_00-n_00-n;1007;0;41718;0;N;531979;539856;4;3026;0;PM_BE-PH_1;20140320xThu;04_Zadní Třebaň_Všenory;Středočeský kraj;h00;1;N
02-o2_02-edg_03-tour_03-lau2_07-day_05-300+_07-frt-1007_01-sng_00-n_00-n_00-n_00-n_00-n_00-n;1007;0;41713;0;N;531979;539643;4;3026;0;PM_BE-PH_1;20140315xSat;04_Zadní Třebaň_Řevnice;Středočeský kraj;h00;34;N
02-o2_02-edg_03-tour_03-lau2_07-day_05-300+_07-frt-1007_01-sng_00-n_00-n_00-n_00-n_00-n_00-n;1007;0;41719;0;N;531979;539643;4;3026;0;PM_BE-PH_1;20140321xFri;04_Zadní Třebaň_Řevnice;Středočeský kraj;h00;12;N
02-o2_02-edg_03-tour_03-lau2_07-day_05-300+_07-frt-1007_01-sng_00-n_00-n_00-n_00-n_00-n_00-n;1007;0;41715;0;N;531979;539643;4;3026;0;PM_BE-PH_1;20140317xMon;04_Zadní Třebaň_Řevnice;Středočeský kraj;h00;15;N
02-o2_02-edg_03-tour_03-lau2_07-day_05-300+_07-frt-1007_01-sng_00-n_00-n_00-n_00-n_00-n_00-n;1007;0;41718;0;N;531979;539643;4;3026;0;PM_BE-PH_1;20140320xThu;04_Zadní Třebaň_Řevnice;Středočeský kraj;h00;26;N
02-o2_02-edg_03-tour_03-lau2_07-day_05-300+_07-frt-1007_01-sng_00-n_00-n_00-n_00-n_00-n_00-n;1007;0;41714;0;N;531979;539643;4;3026;0;PM_BE-PH_1;20140316xSun;04_Zadní Třebaň_Řevnice;Středočeský kraj;h00;15;N
02-o2_02-edg_03-tour_03-lau2_07-day_05-300+_07-frt-1007_01-sng_00-n_00-n_00-n_00-n_00-n_00-n;1007;0;41712;0;N;531979;539643;4;3026;0;PM_BE-PH_1;20140314xFri;04_Zadní Třebaň_Řevnice;Středočeský kraj;h00;33;N
02-o2_02-edg_03-tour_03-lau2_07-day_05-300+_07-frt-1007_01-sng_00-n_00-n_00-n_00-n_00-n_00-n;1007;0;41723;0;N;531979;539643;4;3026;0;PM_BE-PH_1;20140325xTue;04_Zadní Třebaň_Řevnice;Středočeský kraj;h00;37;N
02-o2_02-edg_03-tour_03-lau2_07-day_05-300+_07-frt-1007_01-sng_00-n_00-n_00-n_00-n_00-n_00-n;1007;0;41721;0;N;531979;539643;4;3026;0;PM_BE-PH_1;20140323xSun;04_Zadní Třebaň_Řevnice;Středočeský kraj;h00;25;N
02-o2_02-edg_03-tour_03-lau2_07-day_05-300+_07-frt-1007_01-sng_00-n_00-n_00-n_00-n_00-n_00-n;1007;0;41717;0;N;531979;539643;4;3026;0;PM_BE-PH_1;20140319xWed;04_Zadní Třebaň_Řevnice;Středočeský kraj;h00;40;N
02-o2_02-edg_03-tour_03-lau2_07-day_05-300+_07-frt-1007_01-sng_00-n_00-n_00-n_00-n_00-n_00-n;1007;0;41720;0;N;531979;539643;4;3026;0;PM_BE-PH_1;20140322xSat;04_Zadní Třebaň_Řevnice;Středočeský kraj;h00;25;N
02-o2_02-edg_03-tour_03-lau2_07-day_05-300+_07-frt-1007_01-sng_00-n_00-n_00-n_00-n_00-n_00-n;1007;0;41710;0;N;531979;539643;4;3026;0;PM_BE-PH_1;20140312xWed;04_Zadní Třebaň_Řevnice;Středočeský kraj;h00;28;N
02-o2_02-edg_03-tour_03-lau2_07-day_05-300+_07-frt-1007_01-sng_00-n_00-n_00-n_00-n_00-n_00-n;1007;0;41722;0;N;531979;539643;4;3026;0;PM_BE-PH_1;20140324xMon;04_Zadní Třebaň_Řevnice;Středočeský kraj;h00;24;N
02-o2_02-edg_03-tour_03-lau2_07-day_05-300+_07-frt-1007_01-sng_00-n_00-n_00-n_00-n_00-n_00-n;1007;0;41724;0;N;531979;539643;4;3026;0;PM_BE-PH_1;20140326xWed;04_Zadní Třebaň_Řevnice;Středočeský kraj;h00;30;N
02-o2_02-edg_03-tour_03-lau2_07-day_05-300+_07-frt-1007_01-sng_00-n_00-n_00-n_00-n_00-n_00-n;1007;0;41716;0;N;531979;539643;4;3026;0;PM_BE-PH_1;20140318xTue;04_Zadní Třebaň_Řevnice;Středočeský kraj;h00;28;N
02-o2_02-edg_03-tour_03-lau2_07-day_05-300+_07-frt-1007_01-sng_00-n_00-n_00-n_00-n_00-n_00-n;1007;0;41711;0;N;531979;539643;4;3026;0;PM_BE-PH_1;20140313xThu;04_Zadní Třebaň_Řevnice;Středočeský kraj;h00;26;N
02-o2_02-edg_03-tour_03-lau2_07-day_05-300+_07-frt-1007_01-sng_00-n_00-n_00-n_00-n_00-n_00-n;1007;0;41717;0;N;531979;539198;4;3026;0;PM_BE-PH_1;20140319xWed;04_Zadní Třebaň_Dobřichovice;Středočeský kraj;h00;4;N
02-o2_02-edg_03-tour_03-lau2_07-day_05-300+_07-frt-1007_01-sng_00-n_00-n_00-n_00-n_00-n_00-n;1007;0;41719;0;N;531979;539198;4;3026;0;PM_BE-PH_1;20140321xFri;04_Zadní Třebaň_Dobřichovice;Středočeský kraj;h00;1;N
02-o2_02-edg_03-tour_03-lau2_07-day_05-300+_07-frt-1007_01-sng_00-n_00-n_00-n_00-n_00-n_00-n;1007;0;41715;0;N;531979;539198;4;3026;0;PM_BE-PH_1;20140317xMon;04_Zadní Třebaň_Dobřichovice;Středočeský kraj;h00;1;N
02-o2_02-edg_03-tour_03-lau2_07-day_05-300+_07-frt-1007_01-sng_00-n_00-n_00-n_00-n_00-n_00-n;1007;0;41722;0;N;531979;539198;4;3026;0;PM_BE-PH_1;20140324xMon;04_Zadní Třebaň_Dobřichovice;Středočeský kraj;h00;1;N
02-o2_02-edg_03-tour_03-lau2_07-day_05-300+_07-frt-1007_01-sng_00-n_00-n_00-n_00-n_00-n_00-n;1007;0;41724;0;N;531979;539198;4;3026;0;PM_BE-PH_1;20140326xWed;04_Zadní Třebaň_Dobřichovice;Středočeský kraj;h00;1;N
02-o2_02-edg_03-tour_03-lau2_07-day_05-300+_07-frt-1007_01-sng_00-n_00-n_00-n_00-n_00-n_00-n;1007;0;41720;0;N;531979;539198;4;3026;0;PM_BE-PH_1;20140322xSat;04_Zadní Třebaň_Dobřichovice;Středočeský kraj;h00;1;N
02-o2_02-edg_03-tour_03-lau2_07-day_05-300+_07-frt-1007_01-sng_00-n_00-n_00-n_00-n_00-n_00-n;1007;0;41710;0;N;531979;539139;4;3026;0;PM_BE-PH_1;20140312xWed;04_Zadní Třebaň_Černošice;Středočeský kraj;h00;1;N
02-o2_02-edg_03-tour_03-lau2_07-day_05-300+_07-frt-1007_01-sng_00-n_00-n_00-n_00-n_00-n_00-n;1007;0;41710;0;N;531758;554782;2;3026;0;PM_BE-PH_1;20140312xWed;02_Srbsko_Praha;Středočeský kraj;h00;9;N
02-o2_02-edg_03-tour_03-lau2_07-day_05-300+_07-frt-1007_01-sng_00-n_00-n_00-n_00-n_00-n_00-n;1007;0;41722;0;N;531758;554782;2;3026;0;PM_BE-PH_1;20140324xMon;02_Srbsko_Praha;Středočeský kraj;h00;3;N
02-o2_02-edg_03-tour_03-lau2_07-day_05-300+_07-frt-1007_01-sng_00-n_00-n_00-n_00-n_00-n_00-n;1007;0;41718;0;N;531758;554782;2;3026;0;PM_BE-PH_1;20140320xThu;02_Srbsko_Praha;Středočeský kraj;h00;3;N
02-o2_02-edg_03-tour_03-lau2_07-day_05-300+_07-frt-1007_01-sng_00-n_00-n_00-n_00-n_00-n_00-n;1007;0;41717;0;N;531758;554782;2;3026;0;PM_BE-PH_1;20140319xWed;02_Srbsko_Praha;Středočeský kraj;h00;2;N
02-o2_02-edg_03-tour_03-lau2_07-day_05-300+_07-frt-1007_01-sng_00-n_00-n_00-n_00-n_00-n_00-n;1007;0;41719;0;N;531758;554782;2;3026;0;PM_BE-PH_1;20140321xFri;02_Srbsko_Praha;Středočeský kraj;h00;3;N
02-o2_02-edg_03-tour_03-lau2_07-day_05-300+_07-frt-1007_01-sng_00-n_00-n_00-n_00-n_00-n_00-n;1007;0;41713;0;N;531758;554782;2;3026;0;PM_BE-PH_1;20140315xSat;02_Srbsko_Praha;Středočeský kraj;h00;2;N
02-o2_02-edg_03-tour_03-lau2_07-day_05-300+_07-frt-1007_01-sng_00-n_00-n_00-n_00-n_00-n_00-n;1007;0;41714;0;N;531758;554782;2;3026;0;PM_BE-PH_1;20140316xSun;02_Srbsko_Praha;Středočeský kraj;h00;2;N
02-o2_02-edg_03-tour_03-lau2_07-day_05-300+_07-frt-1007_01-sng_00-n_00-n_00-n_00-n_00-n_00-n;1007;0;41712;0;N;531758;554782;2;3026;0;PM_BE-PH_1;20140314xFri;02_Srbsko_Praha;Středočeský kraj;h00;4;N
02-o2_02-edg_03-tour_03-lau2_07-day_05-300+_07-frt-1007_01-sng_00-n_00-n_00-n_00-n_00-n_00-n;1007;0;41716;0;N;531758;554782;2;3026;0;PM_BE-PH_1;20140318xTue;02_Srbsko_Praha;Středočeský kraj;h00;4;N
02-o2_02-edg_03-tour_03-lau2_07-day_05-300+_07-frt-1007_01-sng_00-n_00-n_00-n_00-n_00-n_00-n;1007;0;41724;0;N;531758;554782;2;3026;0;PM_BE-PH_1;20140326xWed;02_Srbsko_Praha;Středočeský kraj;h00;4;N
02-o2_02-edg_03-tour_03-lau2_07-day_05-300+_07-frt-1007_01-sng_00-n_00-n_00-n_00-n_00-n_00-n;1007;0;41711;0;N;531758;554782;2;3026;0;PM_BE-PH_1;20140313xThu;02_Srbsko_Praha;Středočeský kraj;h00;5;N
02-o2_02-edg_03-tour_03-lau2_07-day_05-300+_07-frt-1007_01-sng_00-n_00-n_00-n_00-n_00-n_00-n;1007;0;41721;0;N;531758;554782;2;3026;0;PM_BE-PH_1;20140323xSun;02_Srbsko_Praha;Středočeský kraj;h00;1;N
02-o2_02-edg_03-tour_03-lau2_07-day_05-300+_07-frt-1007_01-sng_00-n_00-n_00-n_00-n_00-n_00-n;1007;0;41720;0;N;531758;554782;2;3026;0;PM_BE-PH_1;20140322xSat;02_Srbsko_Praha;Středočeský kraj;h00;2;N
02-o2_02-edg_03-tour_03-lau2_07-day_05-300+_07-frt-1007_01-sng_00-n_00-n_00-n_00-n_00-n_00-n;1007;0;41717;0;N;531758;539643;2;3026;0;PM_BE-PH_1;20140319xWed;02_Srbsko_Řevnice;Středočeský kraj;h00;2;N
02-o2_02-edg_03-tour_03-lau2_07-day_05-300+_07-frt-1007_01-sng_00-n_00-n_00-n_00-n_00-n_00-n;1007;0;41710;0;N;531758;539643;2;3026;0;PM_BE-PH_1;20140312xWed;02_Srbsko_Řevnice;Středočeský kraj;h00;1;N
02-o2_02-edg_03-tour_03-lau2_07-day_05-300+_07-frt-1007_01-sng_00-n_00-n_00-n_00-n_00-n_00-n;1007;0;41722;0;N;531758;539643;2;3026;0;PM_BE-PH_1;20140324xMon;02_Srbsko_Řevnice;Středočeský kraj;h00;1;N
02-o2_02-edg_03-tour_03-lau2_07-day_05-300+_07-frt-1007_01-sng_00-n_00-n_00-n_00-n_00-n_00-n;1007;0;41723;0;N;531758;539643;2;3026;0;PM_BE-PH_1;20140325xTue;02_Srbsko_Řevnice;Středočeský kraj;h00;1;N
02-o2_02-edg_03-tour_03-lau2_07-day_05-300+_07-frt-1007_01-sng_00-n_00-n_00-n_00-n_00-n_00-n;1007;0;41720;0;N;531758;539198;2;3026;0;PM_BE-PH_1;20140322xSat;02_Srbsko_Dobřichovice;Středočeský kraj;h00;1;N
02-o2_02-edg_03-tour_03-lau2_07-day_05-300+_07-frt-1007_01-sng_00-n_00-n_00-n_00-n_00-n_00-n;1007;0;41711;0;N;531758;539139;2;3026;0;PM_BE-PH_1;20140313xThu;02_Srbsko_Černošice;Středočeský kraj;h00;1;N
02-o2_02-edg_03-tour_03-lau2_07-day_05-300+_07-frt-1007_01-sng_00-n_00-n_00-n_00-n_00-n_00-n;1007;0;41720;0;N;531758;531979;2;3026;0;PM_BE-PH_1;20140322xSat;02_Srbsko_Zadní Třebaň;Středočeský kraj;h00;1;N
02-o2_02-edg_03-tour_03-lau2_07-day_05-300+_07-frt-1007_01-sng_00-n_00-n_00-n_00-n_00-n_00-n;1007;0;41714;0;N;531758;531316;2;3026;0;PM_BE-PH_1;20140316xSun;02_Srbsko_Karlštejn;Středočeský kraj;h00;3;N
02-o2_02-edg_03-tour_03-lau2_07-day_05-300+_07-frt-1007_01-sng_00-n_00-n_00-n_00-n_00-n_00-n;1007;0;41721;0;N;531758;531316;2;3026;0;PM_BE-PH_1;20140323xSun;02_Srbsko_Karlštejn;Středočeský kraj;h00;8;N
02-o2_02-edg_03-tour_03-lau2_07-day_05-300+_07-frt-1007_01-sng_00-n_00-n_00-n_00-n_00-n_00-n;1007;0;41712;0;N;531758;531316;2;3026;0;PM_BE-PH_1;20140314xFri;02_Srbsko_Karlštejn;Středočeský kraj;h00;2;N
02-o2_02-edg_03-tour_03-lau2_07-day_05-300+_07-frt-1007_01-sng_00-n_00-n_00-n_00-n_00-n_00-n;1007;0;41713;0;N;531758;531316;2;3026;0;PM_BE-PH_1;20140315xSat;02_Srbsko_Karlštejn;Středočeský kraj;h00;4;N
02-o2_02-edg_03-tour_03-lau2_07-day_05-300+_07-frt-1007_01-sng_00-n_00-n_00-n_00-n_00-n_00-n;1007;0;41716;0;N;531758;531316;2;3026;0;PM_BE-PH_1;20140318xTue;02_Srbsko_Karlštejn;Středočeský kraj;h00;9;N
02-o2_02-edg_03-tour_03-lau2_07-day_05-300+_07-frt-1007_01-sng_00-n_00-n_00-n_00-n_00-n_00-n;1007;0;41715;0;N;531758;531316;2;3026;0;PM_BE-PH_1;20140317xMon;02_Srbsko_Karlštejn;Středočeský kraj;h00;6;N
02-o2_02-edg_03-tour_03-lau2_07-day_05-300+_07-frt-1007_01-sng_00-n_00-n_00-n_00-n_00-n_00-n;1007;0;41720;0;N;531758;531316;2;3026;0;PM_BE-PH_1;20140322xSat;02_Srbsko_Karlštejn;Středočeský kraj;h00;7;N
02-o2_02-edg_03-tour_03-lau2_07-day_05-300+_07-frt-1007_01-sng_00-n_00-n_00-n_00-n_00-n_00-n;1007;0;41724;0;N;531758;531316;2;3026;0;PM_BE-PH_1;20140326xWed;02_Srbsko_Karlštejn;Středočeský kraj;h00;3;N
02-o2_02-edg_03-tour_03-lau2_07-day_05-300+_07-frt-1007_01-sng_00-n_00-n_00-n_00-n_00-n_00-n;1007;0;41719;0;N;531758;531316;2;3026;0;PM_BE-PH_1;20140321xFri;02_Srbsko_Karlštejn;Středočeský kraj;h00;7;N
02-o2_02-edg_03-tour_03-lau2_07-day_05-300+_07-frt-1007_01-sng_00-n_00-n_00-n_00-n_00-n_00-n;1007;0;41711;0;N;531758;531316;2;3026;0;PM_BE-PH_1;20140313xThu;02_Srbsko_Karlštejn;Středočeský kraj;h00;5;N
02-o2_02-edg_03-tour_03-lau2_07-day_05-300+_07-frt-1007_01-sng_00-n_00-n_00-n_00-n_00-n_00-n;1007;0;41717;0;N;531758;531316;2;3026;0;PM_BE-PH_1;20140319xWed;02_Srbsko_Karlštejn;Středočeský kraj;h00;6;N
02-o2_02-edg_03-tour_03-lau2_07-day_05-300+_07-frt-1007_01-sng_00-n_00-n_00-n_00-n_00-n_00-n;1007;0;41723;0;N;531758;531316;2;3026;0;PM_BE-PH_1;20140325xTue;02_Srbsko_Karlštejn;Středočeský kraj;h00;8;N
02-o2_02-edg_03-tour_03-lau2_07-day_05-300+_07-frt-1007_01-sng_00-n_00-n_00-n_00-n_00-n_00-n;1007;0;41710;0;N;531758;531316;2;3026;0;PM_BE-PH_1;20140312xWed;02_Srbsko_Karlštejn;Středočeský kraj;h00;2;N
02-o2_02-edg_03-tour_03-lau2_07-day_05-300+_07-frt-1007_01-sng_00-n_00-n_00-n_00-n_00-n_00-n;1007;0;41718;0;N;531758;531316;2;3026;0;PM_BE-PH_1;20140320xThu;02_Srbsko_Karlštejn;Středočeský kraj;h00;8;N
02-o2_02-edg_03-tour_03-lau2_07-day_05-300+_07-frt-1007_01-sng_00-n_00-n_00-n_00-n_00-n_00-n;1007;0;41722;0;N;531758;531316;2;3026;0;PM_BE-PH_1;20140324xMon;02_Srbsko_Karlštejn;Středočeský kraj;h00;4;N
02-o2_02-edg_03-tour_03-lau2_07-day_05-300+_07-frt-1007_01-sng_00-n_00-n_00-n_00-n_00-n_00-n;1007;0;41721;0;N;531316;554782;3;3026;0;PM_BE-PH_1;20140323xSun;03_Karlštejn_Praha;Středočeský kraj;h00;8;N
02-o2_02-edg_03-tour_03-lau2_07-day_05-300+_07-frt-1007_01-sng_00-n_00-n_00-n_00-n_00-n_00-n;1007;0;41718;0;N;531316;554782;3;3026;0;PM_BE-PH_1;20140320xThu;03_Karlštejn_Praha;Středočeský kraj;h00;4;N
02-o2_02-edg_03-tour_03-lau2_07-day_05-300+_07-frt-1007_01-sng_00-n_00-n_00-n_00-n_00-n_00-n;1007;0;41714;0;N;531316;554782;3;3026;0;PM_BE-PH_1;20140316xSun;03_Karlštejn_Praha;Středočeský kraj;h00;6;N
02-o2_02-edg_03-tour_03-lau2_07-day_05-300+_07-frt-1007_01-sng_00-n_00-n_00-n_00-n_00-n_00-n;1007;0;41719;0;N;531316;554782;3;3026;0;PM_BE-PH_1;20140321xFri;03_Karlštejn_Praha;Středočeský kraj;h00;1;N
02-o2_02-edg_03-tour_03-lau2_07-day_05-300+_07-frt-1007_01-sng_00-n_00-n_00-n_00-n_00-n_00-n;1007;0;41710;0;N;531316;554782;3;3026;0;PM_BE-PH_1;20140312xWed;03_Karlštejn_Praha;Středočeský kraj;h00;5;N
02-o2_02-edg_03-tour_03-lau2_07-day_05-300+_07-frt-1007_01-sng_00-n_00-n_00-n_00-n_00-n_00-n;1007;0;41717;0;N;531316;554782;3;3026;0;PM_BE-PH_1;20140319xWed;03_Karlštejn_Praha;Středočeský kraj;h00;4;N
02-o2_02-edg_03-tour_03-lau2_07-day_05-300+_07-frt-1007_01-sng_00-n_00-n_00-n_00-n_00-n_00-n;1007;0;41713;0;N;531316;554782;3;3026;0;PM_BE-PH_1;20140315xSat;03_Karlštejn_Praha;Středočeský kraj;h00;5;N
02-o2_02-edg_03-tour_03-lau2_07-day_05-300+_07-frt-1007_01-sng_00-n_00-n_00-n_00-n_00-n_00-n;1007;0;41723;0;N;531316;554782;3;3026;0;PM_BE-PH_1;20140325xTue;03_Karlštejn_Praha;Středočeský kraj;h00;5;N
02-o2_02-edg_03-tour_03-lau2_07-day_05-300+_07-frt-1007_01-sng_00-n_00-n_00-n_00-n_00-n_00-n;1007;0;41711;0;N;531316;554782;3;3026;0;PM_BE-PH_1;20140313xThu;03_Karlštejn_Praha;Středočeský kraj;h00;2;N
02-o2_02-edg_03-tour_03-lau2_07-day_05-300+_07-frt-1007_01-sng_00-n_00-n_00-n_00-n_00-n_00-n;1007;0;41724;0;N;531316;554782;3;3026;0;PM_BE-PH_1;20140326xWed;03_Karlštejn_Praha;Středočeský kraj;h00;5;N
02-o2_02-edg_03-tour_03-lau2_07-day_05-300+_07-frt-1007_01-sng_00-n_00-n_00-n_00-n_00-n_00-n;1007;0;41712;0;N;531316;554782;3;3026;0;PM_BE-PH_1;20140314xFri;03_Karlštejn_Praha;Středočeský kraj;h00;4;N
02-o2_02-edg_03-tour_03-lau2_07-day_05-300+_07-frt-1007_01-sng_00-n_00-n_00-n_00-n_00-n_00-n;1007;0;41722;0;N;531316;554782;3;3026;0;PM_BE-PH_1;20140324xMon;03_Karlštejn_Praha;Středočeský kraj;h00;3;N
02-o2_02-edg_03-tour_03-lau2_07-day_05-300+_07-frt-1007_01-sng_00-n_00-n_00-n_00-n_00-n_00-n;1007;0;41716;0;N;531316;554782;3;3026;0;PM_BE-PH_1;20140318xTue;03_Karlštejn_Praha;Středočeský kraj;h00;7;N
02-o2_02-edg_03-tour_03-lau2_07-day_05-300+_07-frt-1007_01-sng_00-n_00-n_00-n_00-n_00-n_00-n;1007;0;41720;0;N;531316;554782;3;3026;0;PM_BE-PH_1;20140322xSat;03_Karlštejn_Praha;Středočeský kraj;h00;12;N
02-o2_02-edg_03-tour_03-lau2_07-day_05-300+_07-frt-1007_01-sng_00-n_00-n_00-n_00-n_00-n_00-n;1007;0;41715;0;N;531316;554782;3;3026;0;PM_BE-PH_1;20140317xMon;03_Karlštejn_Praha;Středočeský kraj;h00;2;N
02-o2_02-edg_03-tour_03-lau2_07-day_05-300+_07-frt-1007_01-sng_00-n_00-n_00-n_00-n_00-n_00-n;1007;0;41717;0;N;531316;539856;3;3026;0;PM_BE-PH_1;20140319xWed;03_Karlštejn_Všenory;Středočeský kraj;h00;9;N
02-o2_02-edg_03-tour_03-lau2_07-day_05-300+_07-frt-1007_01-sng_00-n_00-n_00-n_00-n_00-n_00-n;1007;0;41723;0;N;531316;539856;3;3026;0;PM_BE-PH_1;20140325xTue;03_Karlštejn_Všenory;Středočeský kraj;h00;1;N
02-o2_02-edg_03-tour_03-lau2_07-day_05-300+_07-frt-1007_01-sng_00-n_00-n_00-n_00-n_00-n_00-n;1007;0;41711;0;N;531316;539856;3;3026;0;PM_BE-PH_1;20140313xThu;03_Karlštejn_Všenory;Středočeský kraj;h00;1;N
02-o2_02-edg_03-tour_03-lau2_07-day_05-300+_07-frt-1007_01-sng_00-n_00-n_00-n_00-n_00-n_00-n;1007;0;41722;0;N;531316;539856;3;3026;0;PM_BE-PH_1;20140324xMon;03_Karlštejn_Všenory;Středočeský kraj;h00;1;N
02-o2_02-edg_03-tour_03-lau2_07-day_05-300+_07-frt-1007_01-sng_00-n_00-n_00-n_00-n_00-n_00-n;1007;0;41710;0;N;531316;539856;3;3026;0;PM_BE-PH_1;20140312xWed;03_Karlštejn_Všenory;Středočeský kraj;h00;5;N
02-o2_02-edg_03-tour_03-lau2_07-day_05-300+_07-frt-1007_01-sng_00-n_00-n_00-n_00-n_00-n_00-n;1007;0;41713;0;N;531316;539856;3;3026;0;PM_BE-PH_1;20140315xSat;03_Karlštejn_Všenory;Středočeský kraj;h00;1;N
02-o2_02-edg_03-tour_03-lau2_07-day_05-300+_07-frt-1007_01-sng_00-n_00-n_00-n_00-n_00-n_00-n;1007;0;41714;0;N;531316;539856;3;3026;0;PM_BE-PH_1;20140316xSun;03_Karlštejn_Všenory;Středočeský kraj;h00;1;N
02-o2_02-edg_03-tour_03-lau2_07-day_05-300+_07-frt-1007_01-sng_00-n_00-n_00-n_00-n_00-n_00-n;1007;0;41721;0;N;531316;539856;3;3026;0;PM_BE-PH_1;20140323xSun;03_Karlštejn_Všenory;Středočeský kraj;h00;1;N
02-o2_02-edg_03-tour_03-lau2_07-day_05-300+_07-frt-1007_01-sng_00-n_00-n_00-n_00-n_00-n_00-n;1007;0;41718;0;N;531316;539643;3;3026;0;PM_BE-PH_1;20140320xThu;03_Karlštejn_Řevnice;Středočeský kraj;h00;5;N
02-o2_02-edg_03-tour_03-lau2_07-day_05-300+_07-frt-1007_01-sng_00-n_00-n_00-n_00-n_00-n_00-n;1007;0;41711;0;N;531316;539643;3;3026;0;PM_BE-PH_1;20140313xThu;03_Karlštejn_Řevnice;Středočeský kraj;h00;4;N
02-o2_02-edg_03-tour_03-lau2_07-day_05-300+_07-frt-1007_01-sng_00-n_00-n_00-n_00-n_00-n_00-n;1007;0;41722;0;N;531316;539643;3;3026;0;PM_BE-PH_1;20140324xMon;03_Karlštejn_Řevnice;Středočeský kraj;h00;2;N
02-o2_02-edg_03-tour_03-lau2_07-day_05-300+_07-frt-1007_01-sng_00-n_00-n_00-n_00-n_00-n_00-n;1007;0;41724;0;N;531316;539643;3;3026;0;PM_BE-PH_1;20140326xWed;03_Karlštejn_Řevnice;Středočeský kraj;h00;2;N
02-o2_02-edg_03-tour_03-lau2_07-day_05-300+_07-frt-1007_01-sng_00-n_00-n_00-n_00-n_00-n_00-n;1007;0;41710;0;N;531316;539643;3;3026;0;PM_BE-PH_1;20140312xWed;03_Karlštejn_Řevnice;Středočeský kraj;h00;4;N
02-o2_02-edg_03-tour_03-lau2_07-day_05-300+_07-frt-1007_01-sng_00-n_00-n_00-n_00-n_00-n_00-n;1007;0;41720;0;N;531316;539643;3;3026;0;PM_BE-PH_1;20140322xSat;03_Karlštejn_Řevnice;Středočeský kraj;h00;6;N
02-o2_02-edg_03-tour_03-lau2_07-day_05-300+_07-frt-1007_01-sng_00-n_00-n_00-n_00-n_00-n_00-n;1007;0;41716;0;N;531316;539643;3;3026;0;PM_BE-PH_1;20140318xTue;03_Karlštejn_Řevnice;Středočeský kraj;h00;4;N
02-o2_02-edg_03-tour_03-lau2_07-day_05-300+_07-frt-1007_01-sng_00-n_00-n_00-n_00-n_00-n_00-n;1007;0;41713;0;N;531316;539643;3;3026;0;PM_BE-PH_1;20140315xSat;03_Karlštejn_Řevnice;Středočeský kraj;h00;2;N
02-o2_02-edg_03-tour_03-lau2_07-day_05-300+_07-frt-1007_01-sng_00-n_00-n_00-n_00-n_00-n_00-n;1007;0;41723;0;N;531316;539643;3;3026;0;PM_BE-PH_1;20140325xTue;03_Karlštejn_Řevnice;Středočeský kraj;h00;1;N
02-o2_02-edg_03-tour_03-lau2_07-day_05-300+_07-frt-1007_01-sng_00-n_00-n_00-n_00-n_00-n_00-n;1007;0;41712;0;N;531316;539643;3;3026;0;PM_BE-PH_1;20140314xFri;03_Karlštejn_Řevnice;Středočeský kraj;h00;5;N
02-o2_02-edg_03-tour_03-lau2_07-day_05-300+_07-frt-1007_01-sng_00-n_00-n_00-n_00-n_00-n_00-n;1007;0;41717;0;N;531316;539643;3;3026;0;PM_BE-PH_1;20140319xWed;03_Karlštejn_Řevnice;Středočeský kraj;h00;4;N
02-o2_02-edg_03-tour_03-lau2_07-day_05-300+_07-frt-1007_01-sng_00-n_00-n_00-n_00-n_00-n_00-n;1007;0;41715;0;N;531316;539643;3;3026;0;PM_BE-PH_1;20140317xMon;03_Karlštejn_Řevnice;Středočeský kraj;h00;2;N
02-o2_02-edg_03-tour_03-lau2_07-day_05-300+_07-frt-1007_01-sng_00-n_00-n_00-n_00-n_00-n_00-n;1007;0;41722;0;N;531316;539198;3;3026;0;PM_BE-PH_1;20140324xMon;03_Karlštejn_Dobřichovice;Středočeský kraj;h00;1;N
02-o2_02-edg_03-tour_03-lau2_07-day_05-300+_07-frt-1007_01-sng_00-n_00-n_00-n_00-n_00-n_00-n;1007;0;41724;0;N;531316;539198;3;3026;0;PM_BE-PH_1;20140326xWed;03_Karlštejn_Dobřichovice;Středočeský kraj;h00;1;N
02-o2_02-edg_03-tour_03-lau2_07-day_05-300+_07-frt-1007_01-sng_00-n_00-n_00-n_00-n_00-n_00-n;1007;0;41716;0;N;531316;539198;3;3026;0;PM_BE-PH_1;20140318xTue;03_Karlštejn_Dobřichovice;Středočeský kraj;h00;2;N
02-o2_02-edg_03-tour_03-lau2_07-day_05-300+_07-frt-1007_01-sng_00-n_00-n_00-n_00-n_00-n_00-n;1007;0;41717;0;N;531316;539198;3;3026;0;PM_BE-PH_1;20140319xWed;03_Karlštejn_Dobřichovice;Středočeský kraj;h00;14;N
02-o2_02-edg_03-tour_03-lau2_07-day_05-300+_07-frt-1007_01-sng_00-n_00-n_00-n_00-n_00-n_00-n;1007;0;41710;0;N;531316;539198;3;3026;0;PM_BE-PH_1;20140312xWed;03_Karlštejn_Dobřichovice;Středočeský kraj;h00;7;N
02-o2_02-edg_03-tour_03-lau2_07-day_05-300+_07-frt-1007_01-sng_00-n_00-n_00-n_00-n_00-n_00-n;1007;0;41718;0;N;531316;539198;3;3026;0;PM_BE-PH_1;20140320xThu;03_Karlštejn_Dobřichovice;Středočeský kraj;h00;1;N
02-o2_02-edg_03-tour_03-lau2_07-day_05-300+_07-frt-1007_01-sng_00-n_00-n_00-n_00-n_00-n_00-n;1007;0;41719;0;N;531316;539198;3;3026;0;PM_BE-PH_1;20140321xFri;03_Karlštejn_Dobřichovice;Středočeský kraj;h00;3;N
02-o2_02-edg_03-tour_03-lau2_07-day_05-300+_07-frt-1007_01-sng_00-n_00-n_00-n_00-n_00-n_00-n;1007;0;41720;0;N;531316;539198;3;3026;0;PM_BE-PH_1;20140322xSat;03_Karlštejn_Dobřichovice;Středočeský kraj;h00;1;N
02-o2_02-edg_03-tour_03-lau2_07-day_05-300+_07-frt-1007_01-sng_00-n_00-n_00-n_00-n_00-n_00-n;1007;0;41721;0;N;531316;539198;3;3026;0;PM_BE-PH_1;20140323xSun;03_Karlštejn_Dobřichovice;Středočeský kraj;h00;1;N
02-o2_02-edg_03-tour_03-lau2_07-day_05-300+_07-frt-1007_01-sng_00-n_00-n_00-n_00-n_00-n_00-n;1007;0;41722;0;N;531316;539139;3;3026;0;PM_BE-PH_1;20140324xMon;03_Karlštejn_Černošice;Středočeský kraj;h00;1;N
02-o2_02-edg_03-tour_03-lau2_07-day_05-300+_07-frt-1007_01-sng_00-n_00-n_00-n_00-n_00-n_00-n;1007;0;41710;0;N;531316;539139;3;3026;0;PM_BE-PH_1;20140312xWed;03_Karlštejn_Černošice;Středočeský kraj;h00;1;N
02-o2_02-edg_03-tour_03-lau2_07-day_05-300+_07-frt-1007_01-sng_00-n_00-n_00-n_00-n_00-n_00-n;1007;0;41711;0;N;531316;539139;3;3026;0;PM_BE-PH_1;20140313xThu;03_Karlštejn_Černošice;Středočeský kraj;h00;1;N
02-o2_02-edg_03-tour_03-lau2_07-day_05-300+_07-frt-1007_01-sng_00-n_00-n_00-n_00-n_00-n_00-n;1007;0;41724;0;N;531316;539139;3;3026;0;PM_BE-PH_1;20140326xWed;03_Karlštejn_Černošice;Středočeský kraj;h00;1;N
02-o2_02-edg_03-tour_03-lau2_07-day_05-300+_07-frt-1007_01-sng_00-n_00-n_00-n_00-n_00-n_00-n;1007;0;41718;0;N;531316;539139;3;3026;0;PM_BE-PH_1;20140320xThu;03_Karlštejn_Černošice;Středočeský kraj;h00;1;N
02-o2_02-edg_03-tour_03-lau2_07-day_05-300+_07-frt-1007_01-sng_00-n_00-n_00-n_00-n_00-n_00-n;1007;0;41717;0;N;531316;539139;3;3026;0;PM_BE-PH_1;20140319xWed;03_Karlštejn_Černošice;Středočeský kraj;h00;6;N
02-o2_02-edg_03-tour_03-lau2_07-day_05-300+_07-frt-1007_01-sng_00-n_00-n_00-n_00-n_00-n_00-n;1007;0;41720;0;N;531316;531979;3;3026;0;PM_BE-PH_1;20140322xSat;03_Karlštejn_Zadní Třebaň;Středočeský kraj;h00;12;N
02-o2_02-edg_03-tour_03-lau2_07-day_05-300+_07-frt-1007_01-sng_00-n_00-n_00-n_00-n_00-n_00-n;1007;0;41713;0;N;531316;531979;3;3026;0;PM_BE-PH_1;20140315xSat;03_Karlštejn_Zadní Třebaň;Středočeský kraj;h00;8;N
02-o2_02-edg_03-tour_03-lau2_07-day_05-300+_07-frt-1007_01-sng_00-n_00-n_00-n_00-n_00-n_00-n;1007;0;41714;0;N;531316;531979;3;3026;0;PM_BE-PH_1;20140316xSun;03_Karlštejn_Zadní Třebaň;Středočeský kraj;h00;2;N
02-o2_02-edg_03-tour_03-lau2_07-day_05-300+_07-frt-1007_01-sng_00-n_00-n_00-n_00-n_00-n_00-n;1007;0;41716;0;N;531316;531979;3;3026;0;PM_BE-PH_1;20140318xTue;03_Karlštejn_Zadní Třebaň;Středočeský kraj;h00;7;N
02-o2_02-edg_03-tour_03-lau2_07-day_05-300+_07-frt-1007_01-sng_00-n_00-n_00-n_00-n_00-n_00-n;1007;0;41717;0;N;531316;531979;3;3026;0;PM_BE-PH_1;20140319xWed;03_Karlštejn_Zadní Třebaň;Středočeský kraj;h00;6;N
02-o2_02-edg_03-tour_03-lau2_07-day_05-300+_07-frt-1007_01-sng_00-n_00-n_00-n_00-n_00-n_00-n;1007;0;41710;0;N;531316;531979;3;3026;0;PM_BE-PH_1;20140312xWed;03_Karlštejn_Zadní Třebaň;Středočeský kraj;h00;6;N
02-o2_02-edg_03-tour_03-lau2_07-day_05-300+_07-frt-1007_01-sng_00-n_00-n_00-n_00-n_00-n_00-n;1007;0;41712;0;N;531316;531979;3;3026;0;PM_BE-PH_1;20140314xFri;03_Karlštejn_Zadní Třebaň;Středočeský kraj;h00;7;N
02-o2_02-edg_03-tour_03-lau2_07-day_05-300+_07-frt-1007_01-sng_00-n_00-n_00-n_00-n_00-n_00-n;1007;0;41724;0;N;531316;531979;3;3026;0;PM_BE-PH_1;20140326xWed;03_Karlštejn_Zadní Třebaň;Středočeský kraj;h00;2;N
02-o2_02-edg_03-tour_03-lau2_07-day_05-300+_07-frt-1007_01-sng_00-n_00-n_00-n_00-n_00-n_00-n;1007;0;41722;0;N;531316;531979;3;3026;0;PM_BE-PH_1;20140324xMon;03_Karlštejn_Zadní Třebaň;Středočeský kraj;h00;2;N
02-o2_02-edg_03-tour_03-lau2_07-day_05-300+_07-frt-1007_01-sng_00-n_00-n_00-n_00-n_00-n_00-n;1007;0;41718;0;N;531316;531979;3;3026;0;PM_BE-PH_1;20140320xThu;03_Karlštejn_Zadní Třebaň;Středočeský kraj;h00;8;N
02-o2_02-edg_03-tour_03-lau2_07-day_05-300+_07-frt-1007_01-sng_00-n_00-n_00-n_00-n_00-n_00-n;1007;0;41715;0;N;531316;531979;3;3026;0;PM_BE-PH_1;20140317xMon;03_Karlštejn_Zadní Třebaň;Středočeský kraj;h00;2;N
02-o2_02-edg_03-tour_03-lau2_07-day_05-300+_07-frt-1007_01-sng_00-n_00-n_00-n_00-n_00-n_00-n;1007;0;41721;0;N;531316;531979;3;3026;0;PM_BE-PH_1;20140323xSun;03_Karlštejn_Zadní Třebaň;Středočeský kraj;h00;9;N
02-o2_02-edg_03-tour_03-lau2_07-day_05-300+_07-frt-1007_01-sng_00-n_00-n_00-n_00-n_00-n_00-n;1007;0;41711;0;N;531316;531979;3;3026;0;PM_BE-PH_1;20140313xThu;03_Karlštejn_Zadní Třebaň;Středočeský kraj;h00;7;N
02-o2_02-edg_03-tour_03-lau2_07-day_05-300+_07-frt-1007_01-sng_00-n_00-n_00-n_00-n_00-n_00-n;1007;0;41719;0;N;531316;531979;3;3026;0;PM_BE-PH_1;20140321xFri;03_Karlštejn_Zadní Třebaň;Středočeský kraj;h00;2;N
02-o2_02-edg_03-tour_03-lau2_07-day_05-300+_07-frt-1007_01-sng_00-n_00-n_00-n_00-n_00-n_00-n;1007;0;41723;0;N;531316;531979;3;3026;0;PM_BE-PH_1;20140325xTue;03_Karlštejn_Zadní Třebaň;Středočeský kraj;h00;5;N
02-o2_02-edg_03-tour_03-lau2_07-day_05-300+_07-frt-1007_01-sng_00-n_00-n_00-n_00-n_00-n_00-n;1007;0;41722;0;N;531057;554782;1;3026;0;PM_BE-PH_1;20140324xMon;01_Beroun_Praha;Středočeský kraj;h00;484;N
02-o2_02-edg_03-tour_03-lau2_07-day_05-300+_07-frt-1007_01-sng_00-n_00-n_00-n_00-n_00-n_00-n;1007;0;41718;0;N;531057;554782;1;3026;0;PM_BE-PH_1;20140320xThu;01_Beroun_Praha;Středočeský kraj;h00;540;N
02-o2_02-edg_03-tour_03-lau2_07-day_05-300+_07-frt-1007_01-sng_00-n_00-n_00-n_00-n_00-n_00-n;1007;0;41712;0;N;531057;554782;1;3026;0;PM_BE-PH_1;20140314xFri;01_Beroun_Praha;Středočeský kraj;h00;565;N
02-o2_02-edg_03-tour_03-lau2_07-day_05-300+_07-frt-1007_01-sng_00-n_00-n_00-n_00-n_00-n_00-n;1007;0;41723;0;N;531057;554782;1;3026;0;PM_BE-PH_1;20140325xTue;01_Beroun_Praha;Středočeský kraj;h00;519;N
02-o2_02-edg_03-tour_03-lau2_07-day_05-300+_07-frt-1007_01-sng_00-n_00-n_00-n_00-n_00-n_00-n;1007;0;41715;0;N;531057;554782;1;3026;0;PM_BE-PH_1;20140317xMon;01_Beroun_Praha;Středočeský kraj;h00;418;N
02-o2_02-edg_03-tour_03-lau2_07-day_05-300+_07-frt-1007_01-sng_00-n_00-n_00-n_00-n_00-n_00-n;1007;0;41721;0;N;531057;554782;1;3026;0;PM_BE-PH_1;20140323xSun;01_Beroun_Praha;Středočeský kraj;h00;309;N
02-o2_02-edg_03-tour_03-lau2_07-day_05-300+_07-frt-1007_01-sng_00-n_00-n_00-n_00-n_00-n_00-n;1007;0;41714;0;N;531057;554782;1;3026;0;PM_BE-PH_1;20140316xSun;01_Beroun_Praha;Středočeský kraj;h00;310;N
02-o2_02-edg_03-tour_03-lau2_07-day_05-300+_07-frt-1007_01-sng_00-n_00-n_00-n_00-n_00-n_00-n;1007;0;41710;0;N;531057;554782;1;3026;0;PM_BE-PH_1;20140312xWed;01_Beroun_Praha;Středočeský kraj;h00;677;N
02-o2_02-edg_03-tour_03-lau2_07-day_05-300+_07-frt-1007_01-sng_00-n_00-n_00-n_00-n_00-n_00-n;1007;0;41724;0;N;531057;554782;1;3026;0;PM_BE-PH_1;20140326xWed;01_Beroun_Praha;Středočeský kraj;h00;586;N
02-o2_02-edg_03-tour_03-lau2_07-day_05-300+_07-frt-1007_01-sng_00-n_00-n_00-n_00-n_00-n_00-n;1007;0;41716;0;N;531057;554782;1;3026;0;PM_BE-PH_1;20140318xTue;01_Beroun_Praha;Středočeský kraj;h00;527;N
02-o2_02-edg_03-tour_03-lau2_07-day_05-300+_07-frt-1007_01-sng_00-n_00-n_00-n_00-n_00-n_00-n;1007;0;41719;0;N;531057;554782;1;3026;0;PM_BE-PH_1;20140321xFri;01_Beroun_Praha;Středočeský kraj;h00;533;N
02-o2_02-edg_03-tour_03-lau2_07-day_05-300+_07-frt-1007_01-sng_00-n_00-n_00-n_00-n_00-n_00-n;1007;0;41713;0;N;531057;554782;1;3026;0;PM_BE-PH_1;20140315xSat;01_Beroun_Praha;Středočeský kraj;h00;341;N
02-o2_02-edg_03-tour_03-lau2_07-day_05-300+_07-frt-1007_01-sng_00-n_00-n_00-n_00-n_00-n_00-n;1007;0;41711;0;N;531057;554782;1;3026;0;PM_BE-PH_1;20140313xThu;01_Beroun_Praha;Středočeský kraj;h00;695;N
02-o2_02-edg_03-tour_03-lau2_07-day_05-300+_07-frt-1007_01-sng_00-n_00-n_00-n_00-n_00-n_00-n;1007;0;41717;0;N;531057;554782;1;3026;0;PM_BE-PH_1;20140319xWed;01_Beroun_Praha;Středočeský kraj;h00;546;N
02-o2_02-edg_03-tour_03-lau2_07-day_05-300+_07-frt-1007_01-sng_00-n_00-n_00-n_00-n_00-n_00-n;1007;0;41720;0;N;531057;554782;1;3026;0;PM_BE-PH_1;20140322xSat;01_Beroun_Praha;Středočeský kraj;h00;348;N
02-o2_02-edg_03-tour_03-lau2_07-day_05-300+_07-frt-1007_01-sng_00-n_00-n_00-n_00-n_00-n_00-n;1007;0;41716;0;N;531057;539856;1;3026;0;PM_BE-PH_1;20140318xTue;01_Beroun_Všenory;Středočeský kraj;h00;1;N
02-o2_02-edg_03-tour_03-lau2_07-day_05-300+_07-frt-1007_01-sng_00-n_00-n_00-n_00-n_00-n_00-n;1007;0;41710;0;N;531057;539856;1;3026;0;PM_BE-PH_1;20140312xWed;01_Beroun_Všenory;Středočeský kraj;h00;2;N
02-o2_02-edg_03-tour_03-lau2_07-day_05-300+_07-frt-1007_01-sng_00-n_00-n_00-n_00-n_00-n_00-n;1007;0;41723;0;N;531057;539856;1;3026;0;PM_BE-PH_1;20140325xTue;01_Beroun_Všenory;Středočeský kraj;h00;2;N
02-o2_02-edg_03-tour_03-lau2_07-day_05-300+_07-frt-1007_01-sng_00-n_00-n_00-n_00-n_00-n_00-n;1007;0;41712;0;N;531057;539856;1;3026;0;PM_BE-PH_1;20140314xFri;01_Beroun_Všenory;Středočeský kraj;h00;1;N
02-o2_02-edg_03-tour_03-lau2_07-day_05-300+_07-frt-1007_01-sng_00-n_00-n_00-n_00-n_00-n_00-n;1007;0;41714;0;N;531057;539643;1;3026;0;PM_BE-PH_1;20140316xSun;01_Beroun_Řevnice;Středočeský kraj;h00;1;N
02-o2_02-edg_03-tour_03-lau2_07-day_05-300+_07-frt-1007_01-sng_00-n_00-n_00-n_00-n_00-n_00-n;1007;0;41712;0;N;531057;539643;1;3026;0;PM_BE-PH_1;20140314xFri;01_Beroun_Řevnice;Středočeský kraj;h00;2;N
02-o2_02-edg_03-tour_03-lau2_07-day_05-300+_07-frt-1007_01-sng_00-n_00-n_00-n_00-n_00-n_00-n;1007;0;41717;0;N;531057;539643;1;3026;0;PM_BE-PH_1;20140319xWed;01_Beroun_Řevnice;Středočeský kraj;h00;3;N
02-o2_02-edg_03-tour_03-lau2_07-day_05-300+_07-frt-1007_01-sng_00-n_00-n_00-n_00-n_00-n_00-n;1007;0;41711;0;N;531057;539198;1;3026;0;PM_BE-PH_1;20140313xThu;01_Beroun_Dobřichovice;Středočeský kraj;h00;2;N
02-o2_02-edg_03-tour_03-lau2_07-day_05-300+_07-frt-1007_01-sng_00-n_00-n_00-n_00-n_00-n_00-n;1007;0;41716;0;N;531057;539198;1;3026;0;PM_BE-PH_1;20140318xTue;01_Beroun_Dobřichovice;Středočeský kraj;h00;3;N
02-o2_02-edg_03-tour_03-lau2_07-day_05-300+_07-frt-1007_01-sng_00-n_00-n_00-n_00-n_00-n_00-n;1007;0;41717;0;N;531057;539198;1;3026;0;PM_BE-PH_1;20140319xWed;01_Beroun_Dobřichovice;Středočeský kraj;h00;1;N
02-o2_02-edg_03-tour_03-lau2_07-day_05-300+_07-frt-1007_01-sng_00-n_00-n_00-n_00-n_00-n_00-n;1007;0;41710;0;N;531057;539198;1;3026;0;PM_BE-PH_1;20140312xWed;01_Beroun_Dobřichovice;Středočeský kraj;h00;1;N
02-o2_02-edg_03-tour_03-lau2_07-day_05-300+_07-frt-1007_01-sng_00-n_00-n_00-n_00-n_00-n_00-n;1007;0;41719;0;N;531057;539198;1;3026;0;PM_BE-PH_1;20140321xFri;01_Beroun_Dobřichovice;Středočeský kraj;h00;2;N
02-o2_02-edg_03-tour_03-lau2_07-day_05-300+_07-frt-1007_01-sng_00-n_00-n_00-n_00-n_00-n_00-n;1007;0;41718;0;N;531057;539198;1;3026;0;PM_BE-PH_1;20140320xThu;01_Beroun_Dobřichovice;Středočeský kraj;h00;3;N
02-o2_02-edg_03-tour_03-lau2_07-day_05-300+_07-frt-1007_01-sng_00-n_00-n_00-n_00-n_00-n_00-n;1007;0;41713;0;N;531057;539198;1;3026;0;PM_BE-PH_1;20140315xSat;01_Beroun_Dobřichovice;Středočeský kraj;h00;2;N
02-o2_02-edg_03-tour_03-lau2_07-day_05-300+_07-frt-1007_01-sng_00-n_00-n_00-n_00-n_00-n_00-n;1007;0;41713;0;N;531057;539139;1;3026;0;PM_BE-PH_1;20140315xSat;01_Beroun_Černošice;Středočeský kraj;h00;1;N
02-o2_02-edg_03-tour_03-lau2_07-day_05-300+_07-frt-1007_01-sng_00-n_00-n_00-n_00-n_00-n_00-n;1007;0;41718;0;N;531057;539139;1;3026;0;PM_BE-PH_1;20140320xThu;01_Beroun_Černošice;Středočeský kraj;h00;1;N
02-o2_02-edg_03-tour_03-lau2_07-day_05-300+_07-frt-1007_01-sng_00-n_00-n_00-n_00-n_00-n_00-n;1007;0;41715;0;N;531057;539139;1;3026;0;PM_BE-PH_1;20140317xMon;01_Beroun_Černošice;Středočeský kraj;h00;1;N
02-o2_02-edg_03-tour_03-lau2_07-day_05-300+_07-frt-1007_01-sng_00-n_00-n_00-n_00-n_00-n_00-n;1007;0;41714;0;N;531057;539139;1;3026;0;PM_BE-PH_1;20140316xSun;01_Beroun_Černošice;Středočeský kraj;h00;1;N
02-o2_02-edg_03-tour_03-lau2_07-day_05-300+_07-frt-1007_01-sng_00-n_00-n_00-n_00-n_00-n_00-n;1007;0;41722;0;N;531057;539139;1;3026;0;PM_BE-PH_1;20140324xMon;01_Beroun_Černošice;Středočeský kraj;h00;1;N
02-o2_02-edg_03-tour_03-lau2_07-day_05-300+_07-frt-1007_01-sng_00-n_00-n_00-n_00-n_00-n_00-n;1007;0;41724;0;N;531057;539139;1;3026;0;PM_BE-PH_1;20140326xWed;01_Beroun_Černošice;Středočeský kraj;h00;1;N
02-o2_02-edg_03-tour_03-lau2_07-day_05-300+_07-frt-1007_01-sng_00-n_00-n_00-n_00-n_00-n_00-n;1007;0;41712;0;N;531057;539139;1;3026;0;PM_BE-PH_1;20140314xFri;01_Beroun_Černošice;Středočeský kraj;h00;1;N
02-o2_02-edg_03-tour_03-lau2_07-day_05-300+_07-frt-1007_01-sng_00-n_00-n_00-n_00-n_00-n_00-n;1007;0;41712;0;N;531057;531979;1;3026;0;PM_BE-PH_1;20140314xFri;01_Beroun_Zadní Třebaň;Středočeský kraj;h00;2;N
02-o2_02-edg_03-tour_03-lau2_07-day_05-300+_07-frt-1007_01-sng_00-n_00-n_00-n_00-n_00-n_00-n;1007;0;41716;0;N;531057;531979;1;3026;0;PM_BE-PH_1;20140318xTue;01_Beroun_Zadní Třebaň;Středočeský kraj;h00;3;N
02-o2_02-edg_03-tour_03-lau2_07-day_05-300+_07-frt-1007_01-sng_00-n_00-n_00-n_00-n_00-n_00-n;1007;0;41718;0;N;531057;531979;1;3026;0;PM_BE-PH_1;20140320xThu;01_Beroun_Zadní Třebaň;Středočeský kraj;h00;1;N
02-o2_02-edg_03-tour_03-lau2_07-day_05-300+_07-frt-1007_01-sng_00-n_00-n_00-n_00-n_00-n_00-n;1007;0;41724;0;N;531057;531979;1;3026;0;PM_BE-PH_1;20140326xWed;01_Beroun_Zadní Třebaň;Středočeský kraj;h00;2;N
02-o2_02-edg_03-tour_03-lau2_07-day_05-300+_07-frt-1007_01-sng_00-n_00-n_00-n_00-n_00-n_00-n;1007;0;41721;0;N;531057;531979;1;3026;0;PM_BE-PH_1;20140323xSun;01_Beroun_Zadní Třebaň;Středočeský kraj;h00;1;N
02-o2_02-edg_03-tour_03-lau2_07-day_05-300+_07-frt-1007_01-sng_00-n_00-n_00-n_00-n_00-n_00-n;1007;0;41723;0;N;531057;531979;1;3026;0;PM_BE-PH_1;20140325xTue;01_Beroun_Zadní Třebaň;Středočeský kraj;h00;4;N
02-o2_02-edg_03-tour_03-lau2_07-day_05-300+_07-frt-1007_01-sng_00-n_00-n_00-n_00-n_00-n_00-n;1007;0;41710;0;N;531057;531979;1;3026;0;PM_BE-PH_1;20140312xWed;01_Beroun_Zadní Třebaň;Středočeský kraj;h00;3;N
02-o2_02-edg_03-tour_03-lau2_07-day_05-300+_07-frt-1007_01-sng_00-n_00-n_00-n_00-n_00-n_00-n;1007;0;41722;0;N;531057;531979;1;3026;0;PM_BE-PH_1;20140324xMon;01_Beroun_Zadní Třebaň;Středočeský kraj;h00;1;N
02-o2_02-edg_03-tour_03-lau2_07-day_05-300+_07-frt-1007_01-sng_00-n_00-n_00-n_00-n_00-n_00-n;1007;0;41713;0;N;531057;531979;1;3026;0;PM_BE-PH_1;20140315xSat;01_Beroun_Zadní Třebaň;Středočeský kraj;h00;2;N
02-o2_02-edg_03-tour_03-lau2_07-day_05-300+_07-frt-1007_01-sng_00-n_00-n_00-n_00-n_00-n_00-n;1007;0;41717;0;N;531057;531979;1;3026;0;PM_BE-PH_1;20140319xWed;01_Beroun_Zadní Třebaň;Středočeský kraj;h00;1;N
02-o2_02-edg_03-tour_03-lau2_07-day_05-300+_07-frt-1007_01-sng_00-n_00-n_00-n_00-n_00-n_00-n;1007;0;41713;0;N;531057;531758;1;3026;0;PM_BE-PH_1;20140315xSat;01_Beroun_Srbsko;Středočeský kraj;h00;5;N
02-o2_02-edg_03-tour_03-lau2_07-day_05-300+_07-frt-1007_01-sng_00-n_00-n_00-n_00-n_00-n_00-n;1007;0;41710;0;N;531057;531758;1;3026;0;PM_BE-PH_1;20140312xWed;01_Beroun_Srbsko;Středočeský kraj;h00;17;N
02-o2_02-edg_03-tour_03-lau2_07-day_05-300+_07-frt-1007_01-sng_00-n_00-n_00-n_00-n_00-n_00-n;1007;0;41720;0;N;531057;531758;1;3026;0;PM_BE-PH_1;20140322xSat;01_Beroun_Srbsko;Středočeský kraj;h00;8;N
02-o2_02-edg_03-tour_03-lau2_07-day_05-300+_07-frt-1007_01-sng_00-n_00-n_00-n_00-n_00-n_00-n;1007;0;41711;0;N;531057;531758;1;3026;0;PM_BE-PH_1;20140313xThu;01_Beroun_Srbsko;Středočeský kraj;h00;9;N
02-o2_02-edg_03-tour_03-lau2_07-day_05-300+_07-frt-1007_01-sng_00-n_00-n_00-n_00-n_00-n_00-n;1007;0;41712;0;N;531057;531758;1;3026;0;PM_BE-PH_1;20140314xFri;01_Beroun_Srbsko;Středočeský kraj;h00;9;N
02-o2_02-edg_03-tour_03-lau2_07-day_05-300+_07-frt-1007_01-sng_00-n_00-n_00-n_00-n_00-n_00-n;1007;0;41722;0;N;531057;531758;1;3026;0;PM_BE-PH_1;20140324xMon;01_Beroun_Srbsko;Středočeský kraj;h00;9;N
02-o2_02-edg_03-tour_03-lau2_07-day_05-300+_07-frt-1007_01-sng_00-n_00-n_00-n_00-n_00-n_00-n;1007;0;41717;0;N;531057;531758;1;3026;0;PM_BE-PH_1;20140319xWed;01_Beroun_Srbsko;Středočeský kraj;h00;10;N
02-o2_02-edg_03-tour_03-lau2_07-day_05-300+_07-frt-1007_01-sng_00-n_00-n_00-n_00-n_00-n_00-n;1007;0;41723;0;N;531057;531758;1;3026;0;PM_BE-PH_1;20140325xTue;01_Beroun_Srbsko;Středočeský kraj;h00;7;N
02-o2_02-edg_03-tour_03-lau2_07-day_05-300+_07-frt-1007_01-sng_00-n_00-n_00-n_00-n_00-n_00-n;1007;0;41714;0;N;531057;531758;1;3026;0;PM_BE-PH_1;20140316xSun;01_Beroun_Srbsko;Středočeský kraj;h00;1;N
02-o2_02-edg_03-tour_03-lau2_07-day_05-300+_07-frt-1007_01-sng_00-n_00-n_00-n_00-n_00-n_00-n;1007;0;41719;0;N;531057;531758;1;3026;0;PM_BE-PH_1;20140321xFri;01_Beroun_Srbsko;Středočeský kraj;h00;5;N
02-o2_02-edg_03-tour_03-lau2_07-day_05-300+_07-frt-1007_01-sng_00-n_00-n_00-n_00-n_00-n_00-n;1007;0;41721;0;N;531057;531758;1;3026;0;PM_BE-PH_1;20140323xSun;01_Beroun_Srbsko;Středočeský kraj;h00;2;N
02-o2_02-edg_03-tour_03-lau2_07-day_05-300+_07-frt-1007_01-sng_00-n_00-n_00-n_00-n_00-n_00-n;1007;0;41724;0;N;531057;531758;1;3026;0;PM_BE-PH_1;20140326xWed;01_Beroun_Srbsko;Středočeský kraj;h00;12;N
02-o2_02-edg_03-tour_03-lau2_07-day_05-300+_07-frt-1007_01-sng_00-n_00-n_00-n_00-n_00-n_00-n;1007;0;41716;0;N;531057;531758;1;3026;0;PM_BE-PH_1;20140318xTue;01_Beroun_Srbsko;Středočeský kraj;h00;11;N
02-o2_02-edg_03-tour_03-lau2_07-day_05-300+_07-frt-1007_01-sng_00-n_00-n_00-n_00-n_00-n_00-n;1007;0;41718;0;N;531057;531758;1;3026;0;PM_BE-PH_1;20140320xThu;01_Beroun_Srbsko;Středočeský kraj;h00;7;N
02-o2_02-edg_03-tour_03-lau2_07-day_05-300+_07-frt-1007_01-sng_00-n_00-n_00-n_00-n_00-n_00-n;1007;0;41715;0;N;531057;531758;1;3026;0;PM_BE-PH_1;20140317xMon;01_Beroun_Srbsko;Středočeský kraj;h00;7;N
02-o2_02-edg_03-tour_03-lau2_07-day_05-300+_07-frt-1007_01-sng_00-n_00-n_00-n_00-n_00-n_00-n;1007;0;41723;0;N;531057;531316;1;3026;0;PM_BE-PH_1;20140325xTue;01_Beroun_Karlštejn;Středočeský kraj;h00;39;N
02-o2_02-edg_03-tour_03-lau2_07-day_05-300+_07-frt-1007_01-sng_00-n_00-n_00-n_00-n_00-n_00-n;1007;0;41714;0;N;531057;531316;1;3026;0;PM_BE-PH_1;20140316xSun;01_Beroun_Karlštejn;Středočeský kraj;h00;13;N
02-o2_02-edg_03-tour_03-lau2_07-day_05-300+_07-frt-1007_01-sng_00-n_00-n_00-n_00-n_00-n_00-n;1007;0;41724;0;N;531057;531316;1;3026;0;PM_BE-PH_1;20140326xWed;01_Beroun_Karlštejn;Středočeský kraj;h00;37;N
02-o2_02-edg_03-tour_03-lau2_07-day_05-300+_07-frt-1007_01-sng_00-n_00-n_00-n_00-n_00-n_00-n;1007;0;41718;0;N;531057;531316;1;3026;0;PM_BE-PH_1;20140320xThu;01_Beroun_Karlštejn;Středočeský kraj;h00;34;N
02-o2_02-edg_03-tour_03-lau2_07-day_05-300+_07-frt-1007_01-sng_00-n_00-n_00-n_00-n_00-n_00-n;1007;0;41717;0;N;531057;531316;1;3026;0;PM_BE-PH_1;20140319xWed;01_Beroun_Karlštejn;Středočeský kraj;h00;52;N
02-o2_02-edg_03-tour_03-lau2_07-day_05-300+_07-frt-1007_01-sng_00-n_00-n_00-n_00-n_00-n_00-n;1007;0;41719;0;N;531057;531316;1;3026;0;PM_BE-PH_1;20140321xFri;01_Beroun_Karlštejn;Středočeský kraj;h00;18;N
02-o2_02-edg_03-tour_03-lau2_07-day_05-300+_07-frt-1007_01-sng_00-n_00-n_00-n_00-n_00-n_00-n;1007;0;41711;0;N;531057;531316;1;3026;0;PM_BE-PH_1;20140313xThu;01_Beroun_Karlštejn;Středočeský kraj;h00;41;N
02-o2_02-edg_03-tour_03-lau2_07-day_05-300+_07-frt-1007_01-sng_00-n_00-n_00-n_00-n_00-n_00-n;1007;0;41722;0;N;531057;531316;1;3026;0;PM_BE-PH_1;20140324xMon;01_Beroun_Karlštejn;Středočeský kraj;h00;31;N
02-o2_02-edg_03-tour_03-lau2_07-day_05-300+_07-frt-1007_01-sng_00-n_00-n_00-n_00-n_00-n_00-n;1007;0;41716;0;N;531057;531316;1;3026;0;PM_BE-PH_1;20140318xTue;01_Beroun_Karlštejn;Středočeský kraj;h00;35;N
02-o2_02-edg_03-tour_03-lau2_07-day_05-300+_07-frt-1007_01-sng_00-n_00-n_00-n_00-n_00-n_00-n;1007;0;41713;0;N;531057;531316;1;3026;0;PM_BE-PH_1;20140315xSat;01_Beroun_Karlštejn;Středočeský kraj;h00;15;N
02-o2_02-edg_03-tour_03-lau2_07-day_05-300+_07-frt-1007_01-sng_00-n_00-n_00-n_00-n_00-n_00-n;1007;0;41710;0;N;531057;531316;1;3026;0;PM_BE-PH_1;20140312xWed;01_Beroun_Karlštejn;Středočeský kraj;h00;44;N
02-o2_02-edg_03-tour_03-lau2_07-day_05-300+_07-frt-1007_01-sng_00-n_00-n_00-n_00-n_00-n_00-n;1007;0;41715;0;N;531057;531316;1;3026;0;PM_BE-PH_1;20140317xMon;01_Beroun_Karlštejn;Středočeský kraj;h00;25;N
02-o2_02-edg_03-tour_03-lau2_07-day_05-300+_07-frt-1007_01-sng_00-n_00-n_00-n_00-n_00-n_00-n;1007;0;41721;0;N;531057;531316;1;3026;0;PM_BE-PH_1;20140323xSun;01_Beroun_Karlštejn;Středočeský kraj;h00;23;N
02-o2_02-edg_03-tour_03-lau2_07-day_05-300+_07-frt-1007_01-sng_00-n_00-n_00-n_00-n_00-n_00-n;1007;0;41720;0;N;531057;531316;1;3026;0;PM_BE-PH_1;20140322xSat;01_Beroun_Karlštejn;Středočeský kraj;h00;28;N
02-o2_02-edg_03-tour_03-lau2_07-day_05-300+_07-frt-1007_01-sng_00-n_00-n_00-n_00-n_00-n_00-n;1007;0;41712;0;N;531057;531316;1;3026;0;PM_BE-PH_1;20140314xFri;01_Beroun_Karlštejn;Středočeský kraj;h00;32;N
02-o2_02-edg_03-tour_03-lau2_07-day_05-300+_07-frt-1007_01-sng_00-n_00-n_00-n_00-n_00-n_00-n;1007;0;41716;0;N;539856;554782;7;3026;0;PM_BE-PH_1;20140318xTue;07_Všenory_Praha;Středočeský kraj;h00;35;N
02-o2_02-edg_03-tour_03-lau2_07-day_05-300+_07-frt-1007_01-sng_00-n_00-n_00-n_00-n_00-n_00-n;1007;0;41719;0;N;539856;554782;7;3026;0;PM_BE-PH_1;20140321xFri;07_Všenory_Praha;Středočeský kraj;h00;27;N
02-o2_02-edg_03-tour_03-lau2_07-day_05-300+_07-frt-1007_01-sng_00-n_00-n_00-n_00-n_00-n_00-n;1007;0;41724;0;N;539856;554782;7;3026;0;PM_BE-PH_1;20140326xWed;07_Všenory_Praha;Středočeský kraj;h00;27;N
02-o2_02-edg_03-tour_03-lau2_07-day_05-300+_07-frt-1007_01-sng_00-n_00-n_00-n_00-n_00-n_00-n;1007;0;41711;0;N;539856;554782;7;3026;0;PM_BE-PH_1;20140313xThu;07_Všenory_Praha;Středočeský kraj;h00;40;N
02-o2_02-edg_03-tour_03-lau2_07-day_05-300+_07-frt-1007_01-sng_00-n_00-n_00-n_00-n_00-n_00-n;1007;0;41715;0;N;539856;554782;7;3026;0;PM_BE-PH_1;20140317xMon;07_Všenory_Praha;Středočeský kraj;h00;27;N
02-o2_02-edg_03-tour_03-lau2_07-day_05-300+_07-frt-1007_01-sng_00-n_00-n_00-n_00-n_00-n_00-n;1007;0;41717;0;N;539856;554782;7;3026;0;PM_BE-PH_1;20140319xWed;07_Všenory_Praha;Středočeský kraj;h00;31;N
02-o2_02-edg_03-tour_03-lau2_07-day_05-300+_07-frt-1007_01-sng_00-n_00-n_00-n_00-n_00-n_00-n;1007;0;41722;0;N;539856;554782;7;3026;0;PM_BE-PH_1;20140324xMon;07_Všenory_Praha;Středočeský kraj;h00;33;N
02-o2_02-edg_03-tour_03-lau2_07-day_05-300+_07-frt-1007_01-sng_00-n_00-n_00-n_00-n_00-n_00-n;1007;0;41714;0;N;539856;554782;7;3026;0;PM_BE-PH_1;20140316xSun;07_Všenory_Praha;Středočeský kraj;h00;13;N
02-o2_02-edg_03-tour_03-lau2_07-day_05-300+_07-frt-1007_01-sng_00-n_00-n_00-n_00-n_00-n_00-n;1007;0;41718;0;N;539856;554782;7;3026;0;PM_BE-PH_1;20140320xThu;07_Všenory_Praha;Středočeský kraj;h00;42;N
02-o2_02-edg_03-tour_03-lau2_07-day_05-300+_07-frt-1007_01-sng_00-n_00-n_00-n_00-n_00-n_00-n;1007;0;41723;0;N;539856;554782;7;3026;0;PM_BE-PH_1;20140325xTue;07_Všenory_Praha;Středočeský kraj;h00;32;N
02-o2_02-edg_03-tour_03-lau2_07-day_05-300+_07-frt-1007_01-sng_00-n_00-n_00-n_00-n_00-n_00-n;1007;0;41712;0;N;539856;554782;7;3026;0;PM_BE-PH_1;20140314xFri;07_Všenory_Praha;Středočeský kraj;h00;44;N
02-o2_02-edg_03-tour_03-lau2_07-day_05-300+_07-frt-1007_01-sng_00-n_00-n_00-n_00-n_00-n_00-n;1007;0;41713;0;N;539856;554782;7;3026;0;PM_BE-PH_1;20140315xSat;07_Všenory_Praha;Středočeský kraj;h00;15;N
02-o2_02-edg_03-tour_03-lau2_07-day_05-300+_07-frt-1007_01-sng_00-n_00-n_00-n_00-n_00-n_00-n;1007;0;41720;0;N;539856;554782;7;3026;0;PM_BE-PH_1;20140322xSat;07_Všenory_Praha;Středočeský kraj;h00;25;N
02-o2_02-edg_03-tour_03-lau2_07-day_05-300+_07-frt-1007_01-sng_00-n_00-n_00-n_00-n_00-n_00-n;1007;0;41721;0;N;539856;554782;7;3026;0;PM_BE-PH_1;20140323xSun;07_Všenory_Praha;Středočeský kraj;h00;18;N
02-o2_02-edg_03-tour_03-lau2_07-day_05-300+_07-frt-1007_01-sng_00-n_00-n_00-n_00-n_00-n_00-n;1007;0;41710;0;N;539856;554782;7;3026;0;PM_BE-PH_1;20140312xWed;07_Všenory_Praha;Středočeský kraj;h00;36;N
02-o2_02-edg_03-tour_03-lau2_07-day_05-300+_07-frt-1007_01-sng_00-n_00-n_00-n_00-n_00-n_00-n;1007;0;41714;0;N;539856;539139;7;3026;0;PM_BE-PH_1;20140316xSun;07_Všenory_Černošice;Středočeský kraj;h00;40;N
02-o2_02-edg_03-tour_03-lau2_07-day_05-300+_07-frt-1007_01-sng_00-n_00-n_00-n_00-n_00-n_00-n;1007;0;41724;0;N;539856;539139;7;3026;0;PM_BE-PH_1;20140326xWed;07_Všenory_Černošice;Středočeský kraj;h00;54;N
02-o2_02-edg_03-tour_03-lau2_07-day_05-300+_07-frt-1007_01-sng_00-n_00-n_00-n_00-n_00-n_00-n;1007;0;41723;0;N;539856;539139;7;3026;0;PM_BE-PH_1;20140325xTue;07_Všenory_Černošice;Středočeský kraj;h00;44;N
02-o2_02-edg_03-tour_03-lau2_07-day_05-300+_07-frt-1007_01-sng_00-n_00-n_00-n_00-n_00-n_00-n;1007;0;41722;0;N;539856;539139;7;3026;0;PM_BE-PH_1;20140324xMon;07_Všenory_Černošice;Středočeský kraj;h00;42;N
02-o2_02-edg_03-tour_03-lau2_07-day_05-300+_07-frt-1007_01-sng_00-n_00-n_00-n_00-n_00-n_00-n;1007;0;41716;0;N;539856;539139;7;3026;0;PM_BE-PH_1;20140318xTue;07_Všenory_Černošice;Středočeský kraj;h00;35;N
02-o2_02-edg_03-tour_03-lau2_07-day_05-300+_07-frt-1007_01-sng_00-n_00-n_00-n_00-n_00-n_00-n;1007;0;41717;0;N;539856;539139;7;3026;0;PM_BE-PH_1;20140319xWed;07_Všenory_Černošice;Středočeský kraj;h00;65;N
02-o2_02-edg_03-tour_03-lau2_07-day_05-300+_07-frt-1007_01-sng_00-n_00-n_00-n_00-n_00-n_00-n;1007;0;41711;0;N;539856;539139;7;3026;0;PM_BE-PH_1;20140313xThu;07_Všenory_Černošice;Středočeský kraj;h00;45;N
02-o2_02-edg_03-tour_03-lau2_07-day_05-300+_07-frt-1007_01-sng_00-n_00-n_00-n_00-n_00-n_00-n;1007;0;41718;0;N;539856;539139;7;3026;0;PM_BE-PH_1;20140320xThu;07_Všenory_Černošice;Středočeský kraj;h00;41;N
02-o2_02-edg_03-tour_03-lau2_07-day_05-300+_07-frt-1007_01-sng_00-n_00-n_00-n_00-n_00-n_00-n;1007;0;41713;0;N;539856;539139;7;3026;0;PM_BE-PH_1;20140315xSat;07_Všenory_Černošice;Středočeský kraj;h00;46;N
02-o2_02-edg_03-tour_03-lau2_07-day_05-300+_07-frt-1007_01-sng_00-n_00-n_00-n_00-n_00-n_00-n;1007;0;41710;0;N;539856;539139;7;3026;0;PM_BE-PH_1;20140312xWed;07_Všenory_Černošice;Středočeský kraj;h00;48;N
02-o2_02-edg_03-tour_03-lau2_07-day_05-300+_07-frt-1007_01-sng_00-n_00-n_00-n_00-n_00-n_00-n;1007;0;41720;0;N;539856;539139;7;3026;0;PM_BE-PH_1;20140322xSat;07_Všenory_Černošice;Středočeský kraj;h00;45;N
02-o2_02-edg_03-tour_03-lau2_07-day_05-300+_07-frt-1007_01-sng_00-n_00-n_00-n_00-n_00-n_00-n;1007;0;41712;0;N;539856;539139;7;3026;0;PM_BE-PH_1;20140314xFri;07_Všenory_Černošice;Středočeský kraj;h00;52;N
02-o2_02-edg_03-tour_03-lau2_07-day_05-300+_07-frt-1007_01-sng_00-n_00-n_00-n_00-n_00-n_00-n;1007;0;41715;0;N;539856;539139;7;3026;0;PM_BE-PH_1;20140317xMon;07_Všenory_Černošice;Středočeský kraj;h00;30;N
02-o2_02-edg_03-tour_03-lau2_07-day_05-300+_07-frt-1007_01-sng_00-n_00-n_00-n_00-n_00-n_00-n;1007;0;41719;0;N;539856;539139;7;3026;0;PM_BE-PH_1;20140321xFri;07_Všenory_Černošice;Středočeský kraj;h00;27;N
02-o2_02-edg_03-tour_03-lau2_07-day_05-300+_07-frt-1007_01-sng_00-n_00-n_00-n_00-n_00-n_00-n;1007;0;41721;0;N;539856;539139;7;3026;0;PM_BE-PH_1;20140323xSun;07_Všenory_Černošice;Středočeský kraj;h00;58;N
02-o2_02-edg_03-tour_03-lau2_07-day_05-300+_07-frt-1007_01-sng_00-n_00-n_00-n_00-n_00-n_00-n;1007;0;41710;0;N;539643;554782;5;3026;0;PM_BE-PH_1;20140312xWed;05_Řevnice_Praha;Středočeský kraj;h00;17;N
02-o2_02-edg_03-tour_03-lau2_07-day_05-300+_07-frt-1007_01-sng_00-n_00-n_00-n_00-n_00-n_00-n;1007;0;41713;0;N;539643;554782;5;3026;0;PM_BE-PH_1;20140315xSat;05_Řevnice_Praha;Středočeský kraj;h00;5;N
02-o2_02-edg_03-tour_03-lau2_07-day_05-300+_07-frt-1007_01-sng_00-n_00-n_00-n_00-n_00-n_00-n;1007;0;41715;0;N;539643;554782;5;3026;0;PM_BE-PH_1;20140317xMon;05_Řevnice_Praha;Středočeský kraj;h00;4;N
02-o2_02-edg_03-tour_03-lau2_07-day_05-300+_07-frt-1007_01-sng_00-n_00-n_00-n_00-n_00-n_00-n;1007;0;41721;0;N;539643;554782;5;3026;0;PM_BE-PH_1;20140323xSun;05_Řevnice_Praha;Středočeský kraj;h00;4;N
02-o2_02-edg_03-tour_03-lau2_07-day_05-300+_07-frt-1007_01-sng_00-n_00-n_00-n_00-n_00-n_00-n;1007;0;41716;0;N;539643;554782;5;3026;0;PM_BE-PH_1;20140318xTue;05_Řevnice_Praha;Středočeský kraj;h00;1;N
02-o2_02-edg_03-tour_03-lau2_07-day_05-300+_07-frt-1007_01-sng_00-n_00-n_00-n_00-n_00-n_00-n;1007;0;41717;0;N;539643;554782;5;3026;0;PM_BE-PH_1;20140319xWed;05_Řevnice_Praha;Středočeský kraj;h00;21;N
02-o2_02-edg_03-tour_03-lau2_07-day_05-300+_07-frt-1007_01-sng_00-n_00-n_00-n_00-n_00-n_00-n;1007;0;41720;0;N;539643;554782;5;3026;0;PM_BE-PH_1;20140322xSat;05_Řevnice_Praha;Středočeský kraj;h00;6;N
02-o2_02-edg_03-tour_03-lau2_07-day_05-300+_07-frt-1007_01-sng_00-n_00-n_00-n_00-n_00-n_00-n;1007;0;41711;0;N;539643;554782;5;3026;0;PM_BE-PH_1;20140313xThu;05_Řevnice_Praha;Středočeský kraj;h00;6;N
02-o2_02-edg_03-tour_03-lau2_07-day_05-300+_07-frt-1007_01-sng_00-n_00-n_00-n_00-n_00-n_00-n;1007;0;41712;0;N;539643;554782;5;3026;0;PM_BE-PH_1;20140314xFri;05_Řevnice_Praha;Středočeský kraj;h00;4;N
02-o2_02-edg_03-tour_03-lau2_07-day_05-300+_07-frt-1007_01-sng_00-n_00-n_00-n_00-n_00-n_00-n;1007;0;41724;0;N;539643;554782;5;3026;0;PM_BE-PH_1;20140326xWed;05_Řevnice_Praha;Středočeský kraj;h00;5;N
02-o2_02-edg_03-tour_03-lau2_07-day_05-300+_07-frt-1007_01-sng_00-n_00-n_00-n_00-n_00-n_00-n;1007;0;41722;0;N;539643;554782;5;3026;0;PM_BE-PH_1;20140324xMon;05_Řevnice_Praha;Středočeský kraj;h00;3;N
02-o2_02-edg_03-tour_03-lau2_07-day_05-300+_07-frt-1007_01-sng_00-n_00-n_00-n_00-n_00-n_00-n;1007;0;41714;0;N;539643;554782;5;3026;0;PM_BE-PH_1;20140316xSun;05_Řevnice_Praha;Středočeský kraj;h00;4;N
02-o2_02-edg_03-tour_03-lau2_07-day_05-300+_07-frt-1007_01-sng_00-n_00-n_00-n_00-n_00-n_00-n;1007;0;41719;0;N;539643;554782;5;3026;0;PM_BE-PH_1;20140321xFri;05_Řevnice_Praha;Středočeský kraj;h00;3;N
02-o2_02-edg_03-tour_03-lau2_07-day_05-300+_07-frt-1007_01-sng_00-n_00-n_00-n_00-n_00-n_00-n;1007;0;41718;0;N;539643;554782;5;3026;0;PM_BE-PH_1;20140320xThu;05_Řevnice_Praha;Středočeský kraj;h00;6;N
02-o2_02-edg_03-tour_03-lau2_07-day_05-300+_07-frt-1007_01-sng_00-n_00-n_00-n_00-n_00-n_00-n;1007;0;41723;0;N;539643;554782;5;3026;0;PM_BE-PH_1;20140325xTue;05_Řevnice_Praha;Středočeský kraj;h00;5;N
02-o2_02-edg_03-tour_03-lau2_07-day_05-300+_07-frt-1007_01-sng_00-n_00-n_00-n_00-n_00-n_00-n;1007;0;41722;0;N;539643;539856;5;3026;0;PM_BE-PH_1;20140324xMon;05_Řevnice_Všenory;Středočeský kraj;h00;2;N
02-o2_02-edg_03-tour_03-lau2_07-day_05-300+_07-frt-1007_01-sng_00-n_00-n_00-n_00-n_00-n_00-n;1007;0;41719;0;N;539643;539856;5;3026;0;PM_BE-PH_1;20140321xFri;05_Řevnice_Všenory;Středočeský kraj;h00;1;N
02-o2_02-edg_03-tour_03-lau2_07-day_05-300+_07-frt-1007_01-sng_00-n_00-n_00-n_00-n_00-n_00-n;1007;0;41717;0;N;539643;539856;5;3026;0;PM_BE-PH_1;20140319xWed;05_Řevnice_Všenory;Středočeský kraj;h00;15;N
02-o2_02-edg_03-tour_03-lau2_07-day_05-300+_07-frt-1007_01-sng_00-n_00-n_00-n_00-n_00-n_00-n;1007;0;41720;0;N;539643;539856;5;3026;0;PM_BE-PH_1;20140322xSat;05_Řevnice_Všenory;Středočeský kraj;h00;1;N
02-o2_02-edg_03-tour_03-lau2_07-day_05-300+_07-frt-1007_01-sng_00-n_00-n_00-n_00-n_00-n_00-n;1007;0;41710;0;N;539643;539856;5;3026;0;PM_BE-PH_1;20140312xWed;05_Řevnice_Všenory;Středočeský kraj;h00;18;N
02-o2_02-edg_03-tour_03-lau2_07-day_05-300+_07-frt-1007_01-sng_00-n_00-n_00-n_00-n_00-n_00-n;1007;0;41711;0;N;539643;539856;5;3026;0;PM_BE-PH_1;20140313xThu;05_Řevnice_Všenory;Středočeský kraj;h00;1;N
02-o2_02-edg_03-tour_03-lau2_07-day_05-300+_07-frt-1007_01-sng_00-n_00-n_00-n_00-n_00-n_00-n;1007;0;41723;0;N;539643;539856;5;3026;0;PM_BE-PH_1;20140325xTue;05_Řevnice_Všenory;Středočeský kraj;h00;1;N
02-o2_02-edg_03-tour_03-lau2_07-day_05-300+_07-frt-1007_01-sng_00-n_00-n_00-n_00-n_00-n_00-n;1007;0;41718;0;N;539643;539856;5;3026;0;PM_BE-PH_1;20140320xThu;05_Řevnice_Všenory;Středočeský kraj;h00;1;N
02-o2_02-edg_03-tour_03-lau2_07-day_05-300+_07-frt-1007_01-sng_00-n_00-n_00-n_00-n_00-n_00-n;1007;0;41713;0;N;539643;539856;5;3026;0;PM_BE-PH_1;20140315xSat;05_Řevnice_Všenory;Středočeský kraj;h00;3;N
02-o2_02-edg_03-tour_03-lau2_07-day_05-300+_07-frt-1007_01-sng_00-n_00-n_00-n_00-n_00-n_00-n;1007;0;41712;0;N;539643;539856;5;3026;0;PM_BE-PH_1;20140314xFri;05_Řevnice_Všenory;Středočeský kraj;h00;2;N
02-o2_02-edg_03-tour_03-lau2_07-day_05-300+_07-frt-1007_01-sng_00-n_00-n_00-n_00-n_00-n_00-n;1007;0;41720;0;N;539643;539198;5;3026;0;PM_BE-PH_1;20140322xSat;05_Řevnice_Dobřichovice;Středočeský kraj;h00;8;N
02-o2_02-edg_03-tour_03-lau2_07-day_05-300+_07-frt-1007_01-sng_00-n_00-n_00-n_00-n_00-n_00-n;1007;0;41722;0;N;539643;539198;5;3026;0;PM_BE-PH_1;20140324xMon;05_Řevnice_Dobřichovice;Středočeský kraj;h00;7;N
02-o2_02-edg_03-tour_03-lau2_07-day_05-300+_07-frt-1007_01-sng_00-n_00-n_00-n_00-n_00-n_00-n;1007;0;41724;0;N;539643;539198;5;3026;0;PM_BE-PH_1;20140326xWed;05_Řevnice_Dobřichovice;Středočeský kraj;h00;16;N
02-o2_02-edg_03-tour_03-lau2_07-day_05-300+_07-frt-1007_01-sng_00-n_00-n_00-n_00-n_00-n_00-n;1007;0;41723;0;N;539643;539198;5;3026;0;PM_BE-PH_1;20140325xTue;05_Řevnice_Dobřichovice;Středočeský kraj;h00;12;N
02-o2_02-edg_03-tour_03-lau2_07-day_05-300+_07-frt-1007_01-sng_00-n_00-n_00-n_00-n_00-n_00-n;1007;0;41716;0;N;539643;539198;5;3026;0;PM_BE-PH_1;20140318xTue;05_Řevnice_Dobřichovice;Středočeský kraj;h00;6;N
02-o2_02-edg_03-tour_03-lau2_07-day_05-300+_07-frt-1007_01-sng_00-n_00-n_00-n_00-n_00-n_00-n;1007;0;41717;0;N;539643;539198;5;3026;0;PM_BE-PH_1;20140319xWed;05_Řevnice_Dobřichovice;Středočeský kraj;h00;47;N
02-o2_02-edg_03-tour_03-lau2_07-day_05-300+_07-frt-1007_01-sng_00-n_00-n_00-n_00-n_00-n_00-n;1007;0;41714;0;N;539643;539198;5;3026;0;PM_BE-PH_1;20140316xSun;05_Řevnice_Dobřichovice;Středočeský kraj;h00;5;N
02-o2_02-edg_03-tour_03-lau2_07-day_05-300+_07-frt-1007_01-sng_00-n_00-n_00-n_00-n_00-n_00-n;1007;0;41711;0;N;539643;539198;5;3026;0;PM_BE-PH_1;20140313xThu;05_Řevnice_Dobřichovice;Středočeský kraj;h00;16;N
02-o2_02-edg_03-tour_03-lau2_07-day_05-300+_07-frt-1007_01-sng_00-n_00-n_00-n_00-n_00-n_00-n;1007;0;41712;0;N;539643;539198;5;3026;0;PM_BE-PH_1;20140314xFri;05_Řevnice_Dobřichovice;Středočeský kraj;h00;13;N
02-o2_02-edg_03-tour_03-lau2_07-day_05-300+_07-frt-1007_01-sng_00-n_00-n_00-n_00-n_00-n_00-n;1007;0;41715;0;N;539643;539198;5;3026;0;PM_BE-PH_1;20140317xMon;05_Řevnice_Dobřichovice;Středočeský kraj;h00;6;N
02-o2_02-edg_03-tour_03-lau2_07-day_05-300+_07-frt-1007_01-sng_00-n_00-n_00-n_00-n_00-n_00-n;1007;0;41710;0;N;539643;539198;5;3026;0;PM_BE-PH_1;20140312xWed;05_Řevnice_Dobřichovice;Středočeský kraj;h00;47;N
02-o2_02-edg_03-tour_03-lau2_07-day_05-300+_07-frt-1007_01-sng_00-n_00-n_00-n_00-n_00-n_00-n;1007;0;41718;0;N;539643;539198;5;3026;0;PM_BE-PH_1;20140320xThu;05_Řevnice_Dobřichovice;Středočeský kraj;h00;8;N
02-o2_02-edg_03-tour_03-lau2_07-day_05-300+_07-frt-1007_01-sng_00-n_00-n_00-n_00-n_00-n_00-n;1007;0;41713;0;N;539643;539198;5;3026;0;PM_BE-PH_1;20140315xSat;05_Řevnice_Dobřichovice;Středočeský kraj;h00;10;N
02-o2_02-edg_03-tour_03-lau2_07-day_05-300+_07-frt-1007_01-sng_00-n_00-n_00-n_00-n_00-n_00-n;1007;0;41719;0;N;539643;539198;5;3026;0;PM_BE-PH_1;20140321xFri;05_Řevnice_Dobřichovice;Středočeský kraj;h00;9;N
02-o2_02-edg_03-tour_03-lau2_07-day_05-300+_07-frt-1007_01-sng_00-n_00-n_00-n_00-n_00-n_00-n;1007;0;41721;0;N;539643;539198;5;3026;0;PM_BE-PH_1;20140323xSun;05_Řevnice_Dobřichovice;Středočeský kraj;h00;11;N
02-o2_02-edg_03-tour_03-lau2_07-day_05-300+_07-frt-1007_01-sng_00-n_00-n_00-n_00-n_00-n_00-n;1007;0;41714;0;N;539643;539139;5;3026;0;PM_BE-PH_1;20140316xSun;05_Řevnice_Černošice;Středočeský kraj;h00;3;N
02-o2_02-edg_03-tour_03-lau2_07-day_05-300+_07-frt-1007_01-sng_00-n_00-n_00-n_00-n_00-n_00-n;1007;0;41712;0;N;539643;539139;5;3026;0;PM_BE-PH_1;20140314xFri;05_Řevnice_Černošice;Středočeský kraj;h00;1;N
02-o2_02-edg_03-tour_03-lau2_07-day_05-300+_07-frt-1007_01-sng_00-n_00-n_00-n_00-n_00-n_00-n;1007;0;41723;0;N;539643;539139;5;3026;0;PM_BE-PH_1;20140325xTue;05_Řevnice_Černošice;Středočeský kraj;h00;1;N
02-o2_02-edg_03-tour_03-lau2_07-day_05-300+_07-frt-1007_01-sng_00-n_00-n_00-n_00-n_00-n_00-n;1007;0;41711;0;N;539643;539139;5;3026;0;PM_BE-PH_1;20140313xThu;05_Řevnice_Černošice;Středočeský kraj;h00;1;N
02-o2_02-edg_03-tour_03-lau2_07-day_05-300+_07-frt-1007_01-sng_00-n_00-n_00-n_00-n_00-n_00-n;1007;0;41713;0;N;539643;539139;5;3026;0;PM_BE-PH_1;20140315xSat;05_Řevnice_Černošice;Středočeský kraj;h00;1;N
02-o2_02-edg_03-tour_03-lau2_07-day_05-300+_07-frt-1007_01-sng_00-n_00-n_00-n_00-n_00-n_00-n;1007;0;41710;0;N;539643;539139;5;3026;0;PM_BE-PH_1;20140312xWed;05_Řevnice_Černošice;Středočeský kraj;h00;16;N
02-o2_02-edg_03-tour_03-lau2_07-day_05-300+_07-frt-1007_01-sng_00-n_00-n_00-n_00-n_00-n_00-n;1007;0;41715;0;N;539643;539139;5;3026;0;PM_BE-PH_1;20140317xMon;05_Řevnice_Černošice;Středočeský kraj;h00;1;N
02-o2_02-edg_03-tour_03-lau2_07-day_05-300+_07-frt-1007_01-sng_00-n_00-n_00-n_00-n_00-n_00-n;1007;0;41717;0;N;539643;539139;5;3026;0;PM_BE-PH_1;20140319xWed;05_Řevnice_Černošice;Středočeský kraj;h00;16;N
02-o2_02-edg_03-tour_03-lau2_07-day_05-300+_07-frt-1007_01-sng_00-n_00-n_00-n_00-n_00-n_00-n;1007;0;41718;0;N;539643;539139;5;3026;0;PM_BE-PH_1;20140320xThu;05_Řevnice_Černošice;Středočeský kraj;h00;2;N
02-o2_02-edg_03-tour_03-lau2_07-day_05-300+_07-frt-1007_01-sng_00-n_00-n_00-n_00-n_00-n_00-n;1007;0;41715;0;N;539198;554782;6;3026;0;PM_BE-PH_1;20140317xMon;06_Dobřichovice_Praha;Středočeský kraj;h00;44;N
02-o2_02-edg_03-tour_03-lau2_07-day_05-300+_07-frt-1007_01-sng_00-n_00-n_00-n_00-n_00-n_00-n;1007;0;41722;0;N;539198;554782;6;3026;0;PM_BE-PH_1;20140324xMon;06_Dobřichovice_Praha;Středočeský kraj;h00;65;N
02-o2_02-edg_03-tour_03-lau2_07-day_05-300+_07-frt-1007_01-sng_00-n_00-n_00-n_00-n_00-n_00-n;1007;0;41720;0;N;539198;554782;6;3026;0;PM_BE-PH_1;20140322xSat;06_Dobřichovice_Praha;Středočeský kraj;h00;38;N
02-o2_02-edg_03-tour_03-lau2_07-day_05-300+_07-frt-1007_01-sng_00-n_00-n_00-n_00-n_00-n_00-n;1007;0;41723;0;N;539198;554782;6;3026;0;PM_BE-PH_1;20140325xTue;06_Dobřichovice_Praha;Středočeský kraj;h00;53;N
02-o2_02-edg_03-tour_03-lau2_07-day_05-300+_07-frt-1007_01-sng_00-n_00-n_00-n_00-n_00-n_00-n;1007;0;41710;0;N;539198;554782;6;3026;0;PM_BE-PH_1;20140312xWed;06_Dobřichovice_Praha;Středočeský kraj;h00;66;N
02-o2_02-edg_03-tour_03-lau2_07-day_05-300+_07-frt-1007_01-sng_00-n_00-n_00-n_00-n_00-n_00-n;1007;0;41718;0;N;539198;554782;6;3026;0;PM_BE-PH_1;20140320xThu;06_Dobřichovice_Praha;Středočeský kraj;h00;59;N
02-o2_02-edg_03-tour_03-lau2_07-day_05-300+_07-frt-1007_01-sng_00-n_00-n_00-n_00-n_00-n_00-n;1007;0;41717;0;N;539198;554782;6;3026;0;PM_BE-PH_1;20140319xWed;06_Dobřichovice_Praha;Středočeský kraj;h00;76;N
02-o2_02-edg_03-tour_03-lau2_07-day_05-300+_07-frt-1007_01-sng_00-n_00-n_00-n_00-n_00-n_00-n;1007;0;41712;0;N;539198;554782;6;3026;0;PM_BE-PH_1;20140314xFri;06_Dobřichovice_Praha;Středočeský kraj;h00;51;N
02-o2_02-edg_03-tour_03-lau2_07-day_05-300+_07-frt-1007_01-sng_00-n_00-n_00-n_00-n_00-n_00-n;1007;0;41713;0;N;539198;554782;6;3026;0;PM_BE-PH_1;20140315xSat;06_Dobřichovice_Praha;Středočeský kraj;h00;32;N
02-o2_02-edg_03-tour_03-lau2_07-day_05-300+_07-frt-1007_01-sng_00-n_00-n_00-n_00-n_00-n_00-n;1007;0;41714;0;N;539198;554782;6;3026;0;PM_BE-PH_1;20140316xSun;06_Dobřichovice_Praha;Středočeský kraj;h00;11;N
02-o2_02-edg_03-tour_03-lau2_07-day_05-300+_07-frt-1007_01-sng_00-n_00-n_00-n_00-n_00-n_00-n;1007;0;41719;0;N;539198;554782;6;3026;0;PM_BE-PH_1;20140321xFri;06_Dobřichovice_Praha;Středočeský kraj;h00;31;N
02-o2_02-edg_03-tour_03-lau2_07-day_05-300+_07-frt-1007_01-sng_00-n_00-n_00-n_00-n_00-n_00-n;1007;0;41721;0;N;539198;554782;6;3026;0;PM_BE-PH_1;20140323xSun;06_Dobřichovice_Praha;Středočeský kraj;h00;31;N
02-o2_02-edg_03-tour_03-lau2_07-day_05-300+_07-frt-1007_01-sng_00-n_00-n_00-n_00-n_00-n_00-n;1007;0;41716;0;N;539198;554782;6;3026;0;PM_BE-PH_1;20140318xTue;06_Dobřichovice_Praha;Středočeský kraj;h00;62;N
02-o2_02-edg_03-tour_03-lau2_07-day_05-300+_07-frt-1007_01-sng_00-n_00-n_00-n_00-n_00-n_00-n;1007;0;41711;0;N;539198;554782;6;3026;0;PM_BE-PH_1;20140313xThu;06_Dobřichovice_Praha;Středočeský kraj;h00;52;N
02-o2_02-edg_03-tour_03-lau2_07-day_05-300+_07-frt-1007_01-sng_00-n_00-n_00-n_00-n_00-n_00-n;1007;0;41724;0;N;539198;554782;6;3026;0;PM_BE-PH_1;20140326xWed;06_Dobřichovice_Praha;Středočeský kraj;h00;63;N
02-o2_02-edg_03-tour_03-lau2_07-day_05-300+_07-frt-1007_01-sng_00-n_00-n_00-n_00-n_00-n_00-n;1007;0;41720;0;N;539198;539856;6;3026;0;PM_BE-PH_1;20140322xSat;06_Dobřichovice_Všenory;Středočeský kraj;h00;70;N
02-o2_02-edg_03-tour_03-lau2_07-day_05-300+_07-frt-1007_01-sng_00-n_00-n_00-n_00-n_00-n_00-n;1007;0;41717;0;N;539198;539856;6;3026;0;PM_BE-PH_1;20140319xWed;06_Dobřichovice_Všenory;Středočeský kraj;h00;58;N
02-o2_02-edg_03-tour_03-lau2_07-day_05-300+_07-frt-1007_01-sng_00-n_00-n_00-n_00-n_00-n_00-n;1007;0;41715;0;N;539198;539856;6;3026;0;PM_BE-PH_1;20140317xMon;06_Dobřichovice_Všenory;Středočeský kraj;h00;37;N
02-o2_02-edg_03-tour_03-lau2_07-day_05-300+_07-frt-1007_01-sng_00-n_00-n_00-n_00-n_00-n_00-n;1007;0;41711;0;N;539198;539856;6;3026;0;PM_BE-PH_1;20140313xThu;06_Dobřichovice_Všenory;Středočeský kraj;h00;41;N
02-o2_02-edg_03-tour_03-lau2_07-day_05-300+_07-frt-1007_01-sng_00-n_00-n_00-n_00-n_00-n_00-n;1007;0;41719;0;N;539198;539856;6;3026;0;PM_BE-PH_1;20140321xFri;06_Dobřichovice_Všenory;Středočeský kraj;h00;37;N
02-o2_02-edg_03-tour_03-lau2_07-day_05-300+_07-frt-1007_01-sng_00-n_00-n_00-n_00-n_00-n_00-n;1007;0;41721;0;N;539198;539856;6;3026;0;PM_BE-PH_1;20140323xSun;06_Dobřichovice_Všenory;Středočeský kraj;h00;56;N
02-o2_02-edg_03-tour_03-lau2_07-day_05-300+_07-frt-1007_01-sng_00-n_00-n_00-n_00-n_00-n_00-n;1007;0;41712;0;N;539198;539856;6;3026;0;PM_BE-PH_1;20140314xFri;06_Dobřichovice_Všenory;Středočeský kraj;h00;53;N
02-o2_02-edg_03-tour_03-lau2_07-day_05-300+_07-frt-1007_01-sng_00-n_00-n_00-n_00-n_00-n_00-n;1007;0;41713;0;N;539198;539856;6;3026;0;PM_BE-PH_1;20140315xSat;06_Dobřichovice_Všenory;Středočeský kraj;h00;51;N
02-o2_02-edg_03-tour_03-lau2_07-day_05-300+_07-frt-1007_01-sng_00-n_00-n_00-n_00-n_00-n_00-n;1007;0;41718;0;N;539198;539856;6;3026;0;PM_BE-PH_1;20140320xThu;06_Dobřichovice_Všenory;Středočeský kraj;h00;42;N
02-o2_02-edg_03-tour_03-lau2_07-day_05-300+_07-frt-1007_01-sng_00-n_00-n_00-n_00-n_00-n_00-n;1007;0;41723;0;N;539198;539856;6;3026;0;PM_BE-PH_1;20140325xTue;06_Dobřichovice_Všenory;Středočeský kraj;h00;45;N
02-o2_02-edg_03-tour_03-lau2_07-day_05-300+_07-frt-1007_01-sng_00-n_00-n_00-n_00-n_00-n_00-n;1007;0;41716;0;N;539198;539856;6;3026;0;PM_BE-PH_1;20140318xTue;06_Dobřichovice_Všenory;Středočeský kraj;h00;33;N
02-o2_02-edg_03-tour_03-lau2_07-day_05-300+_07-frt-1007_01-sng_00-n_00-n_00-n_00-n_00-n_00-n;1007;0;41724;0;N;539198;539856;6;3026;0;PM_BE-PH_1;20140326xWed;06_Dobřichovice_Všenory;Středočeský kraj;h00;33;N
02-o2_02-edg_03-tour_03-lau2_07-day_05-300+_07-frt-1007_01-sng_00-n_00-n_00-n_00-n_00-n_00-n;1007;0;41722;0;N;539198;539856;6;3026;0;PM_BE-PH_1;20140324xMon;06_Dobřichovice_Všenory;Středočeský kraj;h00;43;N
02-o2_02-edg_03-tour_03-lau2_07-day_05-300+_07-frt-1007_01-sng_00-n_00-n_00-n_00-n_00-n_00-n;1007;0;41714;0;N;539198;539856;6;3026;0;PM_BE-PH_1;20140316xSun;06_Dobřichovice_Všenory;Středočeský kraj;h00;39;N
02-o2_02-edg_03-tour_03-lau2_07-day_05-300+_07-frt-1007_01-sng_00-n_00-n_00-n_00-n_00-n_00-n;1007;0;41710;0;N;539198;539856;6;3026;0;PM_BE-PH_1;20140312xWed;06_Dobřichovice_Všenory;Středočeský kraj;h00;52;N
02-o2_02-edg_03-tour_03-lau2_07-day_05-300+_07-frt-1007_01-sng_00-n_00-n_00-n_00-n_00-n_00-n;1007;0;41722;0;N;539198;539139;6;3026;0;PM_BE-PH_1;20140324xMon;06_Dobřichovice_Černošice;Středočeský kraj;h00;23;N
02-o2_02-edg_03-tour_03-lau2_07-day_05-300+_07-frt-1007_01-sng_00-n_00-n_00-n_00-n_00-n_00-n;1007;0;41716;0;N;539198;539139;6;3026;0;PM_BE-PH_1;20140318xTue;06_Dobřichovice_Černošice;Středočeský kraj;h00;24;N
02-o2_02-edg_03-tour_03-lau2_07-day_05-300+_07-frt-1007_01-sng_00-n_00-n_00-n_00-n_00-n_00-n;1007;0;41711;0;N;539198;539139;6;3026;0;PM_BE-PH_1;20140313xThu;06_Dobřichovice_Černošice;Středočeský kraj;h00;21;N
02-o2_02-edg_03-tour_03-lau2_07-day_05-300+_07-frt-1007_01-sng_00-n_00-n_00-n_00-n_00-n_00-n;1007;0;41714;0;N;539198;539139;6;3026;0;PM_BE-PH_1;20140316xSun;06_Dobřichovice_Černošice;Středočeský kraj;h00;11;N
02-o2_02-edg_03-tour_03-lau2_07-day_05-300+_07-frt-1007_01-sng_00-n_00-n_00-n_00-n_00-n_00-n;1007;0;41720;0;N;539198;539139;6;3026;0;PM_BE-PH_1;20140322xSat;06_Dobřichovice_Černošice;Středočeský kraj;h00;24;N
02-o2_02-edg_03-tour_03-lau2_07-day_05-300+_07-frt-1007_01-sng_00-n_00-n_00-n_00-n_00-n_00-n;1007;0;41715;0;N;539198;539139;6;3026;0;PM_BE-PH_1;20140317xMon;06_Dobřichovice_Černošice;Středočeský kraj;h00;22;N
02-o2_02-edg_03-tour_03-lau2_07-day_05-300+_07-frt-1007_01-sng_00-n_00-n_00-n_00-n_00-n_00-n;1007;0;41712;0;N;539198;539139;6;3026;0;PM_BE-PH_1;20140314xFri;06_Dobřichovice_Černošice;Středočeský kraj;h00;37;N
02-o2_02-edg_03-tour_03-lau2_07-day_05-300+_07-frt-1007_01-sng_00-n_00-n_00-n_00-n_00-n_00-n;1007;0;41724;0;N;539198;539139;6;3026;0;PM_BE-PH_1;20140326xWed;06_Dobřichovice_Černošice;Středočeský kraj;h00;33;N
02-o2_02-edg_03-tour_03-lau2_07-day_05-300+_07-frt-1007_01-sng_00-n_00-n_00-n_00-n_00-n_00-n;1007;0;41723;0;N;539198;539139;6;3026;0;PM_BE-PH_1;20140325xTue;06_Dobřichovice_Černošice;Středočeský kraj;h00;25;N
02-o2_02-edg_03-tour_03-lau2_07-day_05-300+_07-frt-1007_01-sng_00-n_00-n_00-n_00-n_00-n_00-n;1007;0;41710;0;N;539198;539139;6;3026;0;PM_BE-PH_1;20140312xWed;06_Dobřichovice_Černošice;Středočeský kraj;h00;36;N
02-o2_02-edg_03-tour_03-lau2_07-day_05-300+_07-frt-1007_01-sng_00-n_00-n_00-n_00-n_00-n_00-n;1007;0;41718;0;N;539198;539139;6;3026;0;PM_BE-PH_1;20140320xThu;06_Dobřichovice_Černošice;Středočeský kraj;h00;32;N
02-o2_02-edg_03-tour_03-lau2_07-day_05-300+_07-frt-1007_01-sng_00-n_00-n_00-n_00-n_00-n_00-n;1007;0;41717;0;N;539198;539139;6;3026;0;PM_BE-PH_1;20140319xWed;06_Dobřichovice_Černošice;Středočeský kraj;h00;32;N
02-o2_02-edg_03-tour_03-lau2_07-day_05-300+_07-frt-1007_01-sng_00-n_00-n_00-n_00-n_00-n_00-n;1007;0;41721;0;N;539198;539139;6;3026;0;PM_BE-PH_1;20140323xSun;06_Dobřichovice_Černošice;Středočeský kraj;h00;14;N
02-o2_02-edg_03-tour_03-lau2_07-day_05-300+_07-frt-1007_01-sng_00-n_00-n_00-n_00-n_00-n_00-n;1007;0;41719;0;N;539198;539139;6;3026;0;PM_BE-PH_1;20140321xFri;06_Dobřichovice_Černošice;Středočeský kraj;h00;6;N
02-o2_02-edg_03-tour_03-lau2_07-day_05-300+_07-frt-1007_01-sng_00-n_00-n_00-n_00-n_00-n_00-n;1007;0;41713;0;N;539198;539139;6;3026;0;PM_BE-PH_1;20140315xSat;06_Dobřichovice_Černošice;Středočeský kraj;h00;18;N
02-o2_02-edg_03-tour_03-lau2_07-day_05-300+_07-frt-1007_01-sng_00-n_00-n_00-n_00-n_00-n_00-n;1007;0;41712;0;N;539139;554782;8;3026;0;PM_BE-PH_1;20140314xFri;08_Černošice_Praha;Středočeský kraj;h00;203;N
02-o2_02-edg_03-tour_03-lau2_07-day_05-300+_07-frt-1007_01-sng_00-n_00-n_00-n_00-n_00-n_00-n;1007;0;41713;0;N;539139;554782;8;3026;0;PM_BE-PH_1;20140315xSat;08_Černošice_Praha;Středočeský kraj;h00;164;N
02-o2_02-edg_03-tour_03-lau2_07-day_05-300+_07-frt-1007_01-sng_00-n_00-n_00-n_00-n_00-n_00-n;1007;0;41716;0;N;539139;554782;8;3026;0;PM_BE-PH_1;20140318xTue;08_Černošice_Praha;Středočeský kraj;h00;230;N
02-o2_02-edg_03-tour_03-lau2_07-day_05-300+_07-frt-1007_01-sng_00-n_00-n_00-n_00-n_00-n_00-n;1007;0;41717;0;N;539139;554782;8;3026;0;PM_BE-PH_1;20140319xWed;08_Černošice_Praha;Středočeský kraj;h00;280;N
02-o2_02-edg_03-tour_03-lau2_07-day_05-300+_07-frt-1007_01-sng_00-n_00-n_00-n_00-n_00-n_00-n;1007;0;41722;0;N;539139;554782;8;3026;0;PM_BE-PH_1;20140324xMon;08_Černošice_Praha;Středočeský kraj;h00;210;N
02-o2_02-edg_03-tour_03-lau2_07-day_05-300+_07-frt-1007_01-sng_00-n_00-n_00-n_00-n_00-n_00-n;1007;0;41720;0;N;539139;554782;8;3026;0;PM_BE-PH_1;20140322xSat;08_Černošice_Praha;Středočeský kraj;h00;166;N
02-o2_02-edg_03-tour_03-lau2_07-day_05-300+_07-frt-1007_01-sng_00-n_00-n_00-n_00-n_00-n_00-n;1007;0;41718;0;N;539139;554782;8;3026;0;PM_BE-PH_1;20140320xThu;08_Černošice_Praha;Středočeský kraj;h00;231;N
02-o2_02-edg_03-tour_03-lau2_07-day_05-300+_07-frt-1007_01-sng_00-n_00-n_00-n_00-n_00-n_00-n;1007;0;41723;0;N;539139;554782;8;3026;0;PM_BE-PH_1;20140325xTue;08_Černošice_Praha;Středočeský kraj;h00;221;N
02-o2_02-edg_03-tour_03-lau2_07-day_05-300+_07-frt-1007_01-sng_00-n_00-n_00-n_00-n_00-n_00-n;1007;0;41711;0;N;539139;554782;8;3026;0;PM_BE-PH_1;20140313xThu;08_Černošice_Praha;Středočeský kraj;h00;246;N
02-o2_02-edg_03-tour_03-lau2_07-day_05-300+_07-frt-1007_01-sng_00-n_00-n_00-n_00-n_00-n_00-n;1007;0;41714;0;N;539139;554782;8;3026;0;PM_BE-PH_1;20140316xSun;08_Černošice_Praha;Středočeský kraj;h00;88;N
02-o2_02-edg_03-tour_03-lau2_07-day_05-300+_07-frt-1007_01-sng_00-n_00-n_00-n_00-n_00-n_00-n;1007;0;41719;0;N;539139;554782;8;3026;0;PM_BE-PH_1;20140321xFri;08_Černošice_Praha;Středočeský kraj;h00;130;N
02-o2_02-edg_03-tour_03-lau2_07-day_05-300+_07-frt-1007_01-sng_00-n_00-n_00-n_00-n_00-n_00-n;1007;0;41710;0;N;539139;554782;8;3026;0;PM_BE-PH_1;20140312xWed;08_Černošice_Praha;Středočeský kraj;h00;257;N
02-o2_02-edg_03-tour_03-lau2_07-day_05-300+_07-frt-1007_01-sng_00-n_00-n_00-n_00-n_00-n_00-n;1007;0;41724;0;N;539139;554782;8;3026;0;PM_BE-PH_1;20140326xWed;08_Černošice_Praha;Středočeský kraj;h00;236;N
02-o2_02-edg_03-tour_03-lau2_07-day_05-300+_07-frt-1007_01-sng_00-n_00-n_00-n_00-n_00-n_00-n;1007;0;41721;0;N;539139;554782;8;3026;0;PM_BE-PH_1;20140323xSun;08_Černošice_Praha;Středočeský kraj;h00;161;N
02-o2_02-edg_03-tour_03-lau2_07-day_05-300+_07-frt-1007_01-sng_00-n_00-n_00-n_00-n_00-n_00-n;1007;0;41715;0;N;539139;554782;8;3026;0;PM_BE-PH_1;20140317xMon;08_Černošice_Praha;Středočeský kraj;h00;159;N
02-o2_02-edg_03-tour_03-lau2_07-day_05-300+_07-frt-1007_01-sng_00-n_00-n_00-n_00-n_00-n_00-n;1007;0;41715;0;N;531979;554782;4;3026;0;PM_BE-PH_1;20140317xMon;04_Zadní Třebaň_Praha;Středočeský kraj;h00;1;N
02-o2_02-edg_03-tour_03-lau2_07-day_05-300+_07-frt-1007_01-sng_00-n_00-n_00-n_00-n_00-n_00-n;1007;0;41711;0;N;531979;554782;4;3026;0;PM_BE-PH_1;20140313xThu;04_Zadní Třebaň_Praha;Středočeský kraj;h00;3;N
02-o2_02-edg_03-tour_03-lau2_07-day_05-300+_07-frt-1007_01-sng_00-n_00-n_00-n_00-n_00-n_00-n;1007;0;41710;0;N;531979;554782;4;3026;0;PM_BE-PH_1;20140312xWed;04_Zadní Třebaň_Praha;Středočeský kraj;h00;1;N
02-o2_02-edg_03-tour_03-lau2_07-day_05-300+_07-frt-1007_01-sng_00-n_00-n_00-n_00-n_00-n_00-n;1007;0;41722;0;N;531979;554782;4;3026;0;PM_BE-PH_1;20140324xMon;04_Zadní Třebaň_Praha;Středočeský kraj;h00;5;N
02-o2_02-edg_03-tour_03-lau2_07-day_05-300+_07-frt-1007_01-sng_00-n_00-n_00-n_00-n_00-n_00-n;1007;0;41712;0;N;531979;554782;4;3026;0;PM_BE-PH_1;20140314xFri;04_Zadní Třebaň_Praha;Středočeský kraj;h00;7;N
