02-o2_02-edg_03-tour_03-lau2_07-day_05-300+_03-frt-1003_01-sng_00-n_00-n_00-n_00-n_00-n_00-n;1003;0;41718;0;N;506494;555169;4;3051;0;OS_KV-PO_2;20140320xThu;04_Nové Hamry_Horní Blatná;Karlovarský kraj;h00;1;N
02-o2_02-edg_03-tour_03-lau2_07-day_05-300+_03-frt-1003_01-sng_00-n_00-n_00-n_00-n_00-n_00-n;1003;0;41715;0;N;506494;555169;4;3051;0;OS_KV-PO_2;20140317xMon;04_Nové Hamry_Horní Blatná;Karlovarský kraj;h00;2;N
02-o2_02-edg_03-tour_03-lau2_07-day_05-300+_03-frt-1003_01-sng_00-n_00-n_00-n_00-n_00-n_00-n;1003;0;41720;0;N;506494;555169;4;3051;0;OS_KV-PO_2;20140322xSat;04_Nové Hamry_Horní Blatná;Karlovarský kraj;h00;1;N
02-o2_02-edg_03-tour_03-lau2_07-day_05-300+_03-frt-1003_01-sng_00-n_00-n_00-n_00-n_00-n_00-n;1003;0;41724;0;N;506494;555169;4;3051;0;OS_KV-PO_2;20140326xWed;04_Nové Hamry_Horní Blatná;Karlovarský kraj;h00;1;N
02-o2_02-edg_03-tour_03-lau2_07-day_05-300+_03-frt-1003_01-sng_00-n_00-n_00-n_00-n_00-n_00-n;1003;0;41716;0;N;506494;555169;4;3051;0;OS_KV-PO_2;20140318xTue;04_Nové Hamry_Horní Blatná;Karlovarský kraj;h00;1;N
02-o2_02-edg_03-tour_03-lau2_07-day_05-300+_03-frt-1003_01-sng_00-n_00-n_00-n_00-n_00-n_00-n;1003;0;41710;0;N;555452;555479;5;3051;0;OS_KV-PO_2;20140312xWed;05_Pernink_Potůčky;Karlovarský kraj;h00;14;N
02-o2_02-edg_03-tour_03-lau2_07-day_05-300+_03-frt-1003_01-sng_00-n_00-n_00-n_00-n_00-n_00-n;1003;0;41720;0;N;555452;555479;5;3051;0;OS_KV-PO_2;20140322xSat;05_Pernink_Potůčky;Karlovarský kraj;h00;16;N
02-o2_02-edg_03-tour_03-lau2_07-day_05-300+_03-frt-1003_01-sng_00-n_00-n_00-n_00-n_00-n_00-n;1003;0;41724;0;N;555452;555479;5;3051;0;OS_KV-PO_2;20140326xWed;05_Pernink_Potůčky;Karlovarský kraj;h00;30;N
02-o2_02-edg_03-tour_03-lau2_07-day_05-300+_03-frt-1003_01-sng_00-n_00-n_00-n_00-n_00-n_00-n;1003;0;41723;0;N;555452;555479;5;3051;0;OS_KV-PO_2;20140325xTue;05_Pernink_Potůčky;Karlovarský kraj;h00;23;N
02-o2_02-edg_03-tour_03-lau2_07-day_05-300+_03-frt-1003_01-sng_00-n_00-n_00-n_00-n_00-n_00-n;1003;0;41719;0;N;555452;555479;5;3051;0;OS_KV-PO_2;20140321xFri;05_Pernink_Potůčky;Karlovarský kraj;h00;16;N
02-o2_02-edg_03-tour_03-lau2_07-day_05-300+_03-frt-1003_01-sng_00-n_00-n_00-n_00-n_00-n_00-n;1003;0;41715;0;N;555452;555479;5;3051;0;OS_KV-PO_2;20140317xMon;05_Pernink_Potůčky;Karlovarský kraj;h00;13;N
02-o2_02-edg_03-tour_03-lau2_07-day_05-300+_03-frt-1003_01-sng_00-n_00-n_00-n_00-n_00-n_00-n;1003;0;41716;0;N;555452;555479;5;3051;0;OS_KV-PO_2;20140318xTue;05_Pernink_Potůčky;Karlovarský kraj;h00;26;N
02-o2_02-edg_03-tour_03-lau2_07-day_05-300+_03-frt-1003_01-sng_00-n_00-n_00-n_00-n_00-n_00-n;1003;0;41717;0;N;555452;555479;5;3051;0;OS_KV-PO_2;20140319xWed;05_Pernink_Potůčky;Karlovarský kraj;h00;25;N
02-o2_02-edg_03-tour_03-lau2_07-day_05-300+_03-frt-1003_01-sng_00-n_00-n_00-n_00-n_00-n_00-n;1003;0;41718;0;N;555452;555479;5;3051;0;OS_KV-PO_2;20140320xThu;05_Pernink_Potůčky;Karlovarský kraj;h00;24;N
02-o2_02-edg_03-tour_03-lau2_07-day_05-300+_03-frt-1003_01-sng_00-n_00-n_00-n_00-n_00-n_00-n;1003;0;41711;0;N;555452;555479;5;3051;0;OS_KV-PO_2;20140313xThu;05_Pernink_Potůčky;Karlovarský kraj;h00;15;N
02-o2_02-edg_03-tour_03-lau2_07-day_05-300+_03-frt-1003_01-sng_00-n_00-n_00-n_00-n_00-n_00-n;1003;0;41722;0;N;555452;555479;5;3051;0;OS_KV-PO_2;20140324xMon;05_Pernink_Potůčky;Karlovarský kraj;h00;22;N
02-o2_02-edg_03-tour_03-lau2_07-day_05-300+_03-frt-1003_01-sng_00-n_00-n_00-n_00-n_00-n_00-n;1003;0;41714;0;N;555452;555479;5;3051;0;OS_KV-PO_2;20140316xSun;05_Pernink_Potůčky;Karlovarský kraj;h00;13;N
02-o2_02-edg_03-tour_03-lau2_07-day_05-300+_03-frt-1003_01-sng_00-n_00-n_00-n_00-n_00-n_00-n;1003;0;41712;0;N;555452;555479;5;3051;0;OS_KV-PO_2;20140314xFri;05_Pernink_Potůčky;Karlovarský kraj;h00;18;N
02-o2_02-edg_03-tour_03-lau2_07-day_05-300+_03-frt-1003_01-sng_00-n_00-n_00-n_00-n_00-n_00-n;1003;0;41721;0;N;555452;555479;5;3051;0;OS_KV-PO_2;20140323xSun;05_Pernink_Potůčky;Karlovarský kraj;h00;18;N
02-o2_02-edg_03-tour_03-lau2_07-day_05-300+_03-frt-1003_01-sng_00-n_00-n_00-n_00-n_00-n_00-n;1003;0;41713;0;N;555452;555479;5;3051;0;OS_KV-PO_2;20140315xSat;05_Pernink_Potůčky;Karlovarský kraj;h00;20;N
02-o2_02-edg_03-tour_03-lau2_07-day_05-300+_03-frt-1003_01-sng_00-n_00-n_00-n_00-n_00-n_00-n;1003;0;41721;0;N;555452;555169;5;3051;0;OS_KV-PO_2;20140323xSun;05_Pernink_Horní Blatná;Karlovarský kraj;h00;4;N
02-o2_02-edg_03-tour_03-lau2_07-day_05-300+_03-frt-1003_01-sng_00-n_00-n_00-n_00-n_00-n_00-n;1003;0;41716;0;N;555452;555169;5;3051;0;OS_KV-PO_2;20140318xTue;05_Pernink_Horní Blatná;Karlovarský kraj;h00;12;N
02-o2_02-edg_03-tour_03-lau2_07-day_05-300+_03-frt-1003_01-sng_00-n_00-n_00-n_00-n_00-n_00-n;1003;0;41718;0;N;555452;555169;5;3051;0;OS_KV-PO_2;20140320xThu;05_Pernink_Horní Blatná;Karlovarský kraj;h00;8;N
02-o2_02-edg_03-tour_03-lau2_07-day_05-300+_03-frt-1003_01-sng_00-n_00-n_00-n_00-n_00-n_00-n;1003;0;41711;0;N;555452;555169;5;3051;0;OS_KV-PO_2;20140313xThu;05_Pernink_Horní Blatná;Karlovarský kraj;h00;9;N
02-o2_02-edg_03-tour_03-lau2_07-day_05-300+_03-frt-1003_01-sng_00-n_00-n_00-n_00-n_00-n_00-n;1003;0;41713;0;N;555452;555169;5;3051;0;OS_KV-PO_2;20140315xSat;05_Pernink_Horní Blatná;Karlovarský kraj;h00;3;N
02-o2_02-edg_03-tour_03-lau2_07-day_05-300+_03-frt-1003_01-sng_00-n_00-n_00-n_00-n_00-n_00-n;1003;0;41719;0;N;555452;555169;5;3051;0;OS_KV-PO_2;20140321xFri;05_Pernink_Horní Blatná;Karlovarský kraj;h00;4;N
02-o2_02-edg_03-tour_03-lau2_07-day_05-300+_03-frt-1003_01-sng_00-n_00-n_00-n_00-n_00-n_00-n;1003;0;41724;0;N;555452;555169;5;3051;0;OS_KV-PO_2;20140326xWed;05_Pernink_Horní Blatná;Karlovarský kraj;h00;15;N
02-o2_02-edg_03-tour_03-lau2_07-day_05-300+_03-frt-1003_01-sng_00-n_00-n_00-n_00-n_00-n_00-n;1003;0;41712;0;N;555452;555169;5;3051;0;OS_KV-PO_2;20140314xFri;05_Pernink_Horní Blatná;Karlovarský kraj;h00;11;N
02-o2_02-edg_03-tour_03-lau2_07-day_05-300+_03-frt-1003_01-sng_00-n_00-n_00-n_00-n_00-n_00-n;1003;0;41722;0;N;555452;555169;5;3051;0;OS_KV-PO_2;20140324xMon;05_Pernink_Horní Blatná;Karlovarský kraj;h00;7;N
02-o2_02-edg_03-tour_03-lau2_07-day_05-300+_03-frt-1003_01-sng_00-n_00-n_00-n_00-n_00-n_00-n;1003;0;41715;0;N;555452;555169;5;3051;0;OS_KV-PO_2;20140317xMon;05_Pernink_Horní Blatná;Karlovarský kraj;h00;6;N
02-o2_02-edg_03-tour_03-lau2_07-day_05-300+_03-frt-1003_01-sng_00-n_00-n_00-n_00-n_00-n_00-n;1003;0;41723;0;N;555452;555169;5;3051;0;OS_KV-PO_2;20140325xTue;05_Pernink_Horní Blatná;Karlovarský kraj;h00;13;N
02-o2_02-edg_03-tour_03-lau2_07-day_05-300+_03-frt-1003_01-sng_00-n_00-n_00-n_00-n_00-n_00-n;1003;0;41720;0;N;555452;555169;5;3051;0;OS_KV-PO_2;20140322xSat;05_Pernink_Horní Blatná;Karlovarský kraj;h00;5;N
02-o2_02-edg_03-tour_03-lau2_07-day_05-300+_03-frt-1003_01-sng_00-n_00-n_00-n_00-n_00-n_00-n;1003;0;41717;0;N;555452;555169;5;3051;0;OS_KV-PO_2;20140319xWed;05_Pernink_Horní Blatná;Karlovarský kraj;h00;14;N
02-o2_02-edg_03-tour_03-lau2_07-day_05-300+_03-frt-1003_01-sng_00-n_00-n_00-n_00-n_00-n_00-n;1003;0;41712;0;N;555398;555479;2;3051;0;OS_KV-PO_2;20140314xFri;02_Nová Role_Potůčky;Karlovarský kraj;h00;4;N
02-o2_02-edg_03-tour_03-lau2_07-day_05-300+_03-frt-1003_01-sng_00-n_00-n_00-n_00-n_00-n_00-n;1003;0;41718;0;N;555398;555479;2;3051;0;OS_KV-PO_2;20140320xThu;02_Nová Role_Potůčky;Karlovarský kraj;h00;1;N
02-o2_02-edg_03-tour_03-lau2_07-day_05-300+_03-frt-1003_01-sng_00-n_00-n_00-n_00-n_00-n_00-n;1003;0;41722;0;N;555398;555479;2;3051;0;OS_KV-PO_2;20140324xMon;02_Nová Role_Potůčky;Karlovarský kraj;h00;4;N
02-o2_02-edg_03-tour_03-lau2_07-day_05-300+_03-frt-1003_01-sng_00-n_00-n_00-n_00-n_00-n_00-n;1003;0;41713;0;N;555398;555479;2;3051;0;OS_KV-PO_2;20140315xSat;02_Nová Role_Potůčky;Karlovarský kraj;h00;2;N
02-o2_02-edg_03-tour_03-lau2_07-day_05-300+_03-frt-1003_01-sng_00-n_00-n_00-n_00-n_00-n_00-n;1003;0;41717;0;N;555398;555479;2;3051;0;OS_KV-PO_2;20140319xWed;02_Nová Role_Potůčky;Karlovarský kraj;h00;6;N
02-o2_02-edg_03-tour_03-lau2_07-day_05-300+_03-frt-1003_01-sng_00-n_00-n_00-n_00-n_00-n_00-n;1003;0;41716;0;N;555398;555479;2;3051;0;OS_KV-PO_2;20140318xTue;02_Nová Role_Potůčky;Karlovarský kraj;h00;2;N
02-o2_02-edg_03-tour_03-lau2_07-day_05-300+_03-frt-1003_01-sng_00-n_00-n_00-n_00-n_00-n_00-n;1003;0;41719;0;N;555398;555479;2;3051;0;OS_KV-PO_2;20140321xFri;02_Nová Role_Potůčky;Karlovarský kraj;h00;2;N
02-o2_02-edg_03-tour_03-lau2_07-day_05-300+_03-frt-1003_01-sng_00-n_00-n_00-n_00-n_00-n_00-n;1003;0;41715;0;N;555398;555479;2;3051;0;OS_KV-PO_2;20140317xMon;02_Nová Role_Potůčky;Karlovarský kraj;h00;4;N
02-o2_02-edg_03-tour_03-lau2_07-day_05-300+_03-frt-1003_01-sng_00-n_00-n_00-n_00-n_00-n_00-n;1003;0;41723;0;N;555398;555479;2;3051;0;OS_KV-PO_2;20140325xTue;02_Nová Role_Potůčky;Karlovarský kraj;h00;4;N
02-o2_02-edg_03-tour_03-lau2_07-day_05-300+_03-frt-1003_01-sng_00-n_00-n_00-n_00-n_00-n_00-n;1003;0;41711;0;N;555398;555479;2;3051;0;OS_KV-PO_2;20140313xThu;02_Nová Role_Potůčky;Karlovarský kraj;h00;2;N
02-o2_02-edg_03-tour_03-lau2_07-day_05-300+_03-frt-1003_01-sng_00-n_00-n_00-n_00-n_00-n_00-n;1003;0;41720;0;N;555398;555479;2;3051;0;OS_KV-PO_2;20140322xSat;02_Nová Role_Potůčky;Karlovarský kraj;h00;3;N
02-o2_02-edg_03-tour_03-lau2_07-day_05-300+_03-frt-1003_01-sng_00-n_00-n_00-n_00-n_00-n_00-n;1003;0;41721;0;N;555398;555479;2;3051;0;OS_KV-PO_2;20140323xSun;02_Nová Role_Potůčky;Karlovarský kraj;h00;4;N
02-o2_02-edg_03-tour_03-lau2_07-day_05-300+_03-frt-1003_01-sng_00-n_00-n_00-n_00-n_00-n_00-n;1003;0;41724;0;N;555398;555479;2;3051;0;OS_KV-PO_2;20140326xWed;02_Nová Role_Potůčky;Karlovarský kraj;h00;5;N
02-o2_02-edg_03-tour_03-lau2_07-day_05-300+_03-frt-1003_01-sng_00-n_00-n_00-n_00-n_00-n_00-n;1003;0;41713;0;N;555398;555452;2;3051;0;OS_KV-PO_2;20140315xSat;02_Nová Role_Pernink;Karlovarský kraj;h00;1;N
02-o2_02-edg_03-tour_03-lau2_07-day_05-300+_03-frt-1003_01-sng_00-n_00-n_00-n_00-n_00-n_00-n;1003;0;41718;0;N;555398;555452;2;3051;0;OS_KV-PO_2;20140320xThu;02_Nová Role_Pernink;Karlovarský kraj;h00;3;N
02-o2_02-edg_03-tour_03-lau2_07-day_05-300+_03-frt-1003_01-sng_00-n_00-n_00-n_00-n_00-n_00-n;1003;0;41717;0;N;555398;555452;2;3051;0;OS_KV-PO_2;20140319xWed;02_Nová Role_Pernink;Karlovarský kraj;h00;1;N
02-o2_02-edg_03-tour_03-lau2_07-day_05-300+_03-frt-1003_01-sng_00-n_00-n_00-n_00-n_00-n_00-n;1003;0;41711;0;N;555398;555452;2;3051;0;OS_KV-PO_2;20140313xThu;02_Nová Role_Pernink;Karlovarský kraj;h00;1;N
02-o2_02-edg_03-tour_03-lau2_07-day_05-300+_03-frt-1003_01-sng_00-n_00-n_00-n_00-n_00-n_00-n;1003;0;41714;0;N;555398;555452;2;3051;0;OS_KV-PO_2;20140316xSun;02_Nová Role_Pernink;Karlovarský kraj;h00;2;N
02-o2_02-edg_03-tour_03-lau2_07-day_05-300+_03-frt-1003_01-sng_00-n_00-n_00-n_00-n_00-n_00-n;1003;0;41724;0;N;555398;555452;2;3051;0;OS_KV-PO_2;20140326xWed;02_Nová Role_Pernink;Karlovarský kraj;h00;3;N
02-o2_02-edg_03-tour_03-lau2_07-day_05-300+_03-frt-1003_01-sng_00-n_00-n_00-n_00-n_00-n_00-n;1003;0;41723;0;N;555398;555452;2;3051;0;OS_KV-PO_2;20140325xTue;02_Nová Role_Pernink;Karlovarský kraj;h00;2;N
02-o2_02-edg_03-tour_03-lau2_07-day_05-300+_03-frt-1003_01-sng_00-n_00-n_00-n_00-n_00-n_00-n;1003;0;41715;0;N;555398;555452;2;3051;0;OS_KV-PO_2;20140317xMon;02_Nová Role_Pernink;Karlovarský kraj;h00;1;N
02-o2_02-edg_03-tour_03-lau2_07-day_05-300+_03-frt-1003_01-sng_00-n_00-n_00-n_00-n_00-n_00-n;1003;0;41716;0;N;555398;555452;2;3051;0;OS_KV-PO_2;20140318xTue;02_Nová Role_Pernink;Karlovarský kraj;h00;2;N
02-o2_02-edg_03-tour_03-lau2_07-day_05-300+_03-frt-1003_01-sng_00-n_00-n_00-n_00-n_00-n_00-n;1003;0;41722;0;N;555398;555452;2;3051;0;OS_KV-PO_2;20140324xMon;02_Nová Role_Pernink;Karlovarský kraj;h00;2;N
02-o2_02-edg_03-tour_03-lau2_07-day_05-300+_03-frt-1003_01-sng_00-n_00-n_00-n_00-n_00-n_00-n;1003;0;41712;0;N;555398;555452;2;3051;0;OS_KV-PO_2;20140314xFri;02_Nová Role_Pernink;Karlovarský kraj;h00;7;N
02-o2_02-edg_03-tour_03-lau2_07-day_05-300+_03-frt-1003_01-sng_00-n_00-n_00-n_00-n_00-n_00-n;1003;0;41720;0;N;555398;555452;2;3051;0;OS_KV-PO_2;20140322xSat;02_Nová Role_Pernink;Karlovarský kraj;h00;2;N
02-o2_02-edg_03-tour_03-lau2_07-day_05-300+_03-frt-1003_01-sng_00-n_00-n_00-n_00-n_00-n_00-n;1003;0;41717;0;N;555398;555380;2;3051;0;OS_KV-PO_2;20140319xWed;02_Nová Role_Nejdek;Karlovarský kraj;h00;87;N
02-o2_02-edg_03-tour_03-lau2_07-day_05-300+_03-frt-1003_01-sng_00-n_00-n_00-n_00-n_00-n_00-n;1003;0;41715;0;N;555398;555380;2;3051;0;OS_KV-PO_2;20140317xMon;02_Nová Role_Nejdek;Karlovarský kraj;h00;54;N
02-o2_02-edg_03-tour_03-lau2_07-day_05-300+_03-frt-1003_01-sng_00-n_00-n_00-n_00-n_00-n_00-n;1003;0;41723;0;N;555398;555380;2;3051;0;OS_KV-PO_2;20140325xTue;02_Nová Role_Nejdek;Karlovarský kraj;h00;69;N
02-o2_02-edg_03-tour_03-lau2_07-day_05-300+_03-frt-1003_01-sng_00-n_00-n_00-n_00-n_00-n_00-n;1003;0;41722;0;N;555398;555380;2;3051;0;OS_KV-PO_2;20140324xMon;02_Nová Role_Nejdek;Karlovarský kraj;h00;89;N
02-o2_02-edg_03-tour_03-lau2_07-day_05-300+_03-frt-1003_01-sng_00-n_00-n_00-n_00-n_00-n_00-n;1003;0;41721;0;N;555398;555380;2;3051;0;OS_KV-PO_2;20140323xSun;02_Nová Role_Nejdek;Karlovarský kraj;h00;34;N
02-o2_02-edg_03-tour_03-lau2_07-day_05-300+_03-frt-1003_01-sng_00-n_00-n_00-n_00-n_00-n_00-n;1003;0;41713;0;N;555398;555380;2;3051;0;OS_KV-PO_2;20140315xSat;02_Nová Role_Nejdek;Karlovarský kraj;h00;29;N
02-o2_02-edg_03-tour_03-lau2_07-day_05-300+_03-frt-1003_01-sng_00-n_00-n_00-n_00-n_00-n_00-n;1003;0;41711;0;N;555398;555380;2;3051;0;OS_KV-PO_2;20140313xThu;02_Nová Role_Nejdek;Karlovarský kraj;h00;39;N
02-o2_02-edg_03-tour_03-lau2_07-day_05-300+_03-frt-1003_01-sng_00-n_00-n_00-n_00-n_00-n_00-n;1003;0;41719;0;N;555398;555380;2;3051;0;OS_KV-PO_2;20140321xFri;02_Nová Role_Nejdek;Karlovarský kraj;h00;34;N
02-o2_02-edg_03-tour_03-lau2_07-day_05-300+_03-frt-1003_01-sng_00-n_00-n_00-n_00-n_00-n_00-n;1003;0;41712;0;N;555398;555380;2;3051;0;OS_KV-PO_2;20140314xFri;02_Nová Role_Nejdek;Karlovarský kraj;h00;56;N
02-o2_02-edg_03-tour_03-lau2_07-day_05-300+_03-frt-1003_01-sng_00-n_00-n_00-n_00-n_00-n_00-n;1003;0;41718;0;N;555398;555380;2;3051;0;OS_KV-PO_2;20140320xThu;02_Nová Role_Nejdek;Karlovarský kraj;h00;103;N
02-o2_02-edg_03-tour_03-lau2_07-day_05-300+_03-frt-1003_01-sng_00-n_00-n_00-n_00-n_00-n_00-n;1003;0;41724;0;N;555398;555380;2;3051;0;OS_KV-PO_2;20140326xWed;02_Nová Role_Nejdek;Karlovarský kraj;h00;80;N
02-o2_02-edg_03-tour_03-lau2_07-day_05-300+_03-frt-1003_01-sng_00-n_00-n_00-n_00-n_00-n_00-n;1003;0;41714;0;N;555398;555380;2;3051;0;OS_KV-PO_2;20140316xSun;02_Nová Role_Nejdek;Karlovarský kraj;h00;15;N
02-o2_02-edg_03-tour_03-lau2_07-day_05-300+_03-frt-1003_01-sng_00-n_00-n_00-n_00-n_00-n_00-n;1003;0;41716;0;N;555398;555380;2;3051;0;OS_KV-PO_2;20140318xTue;02_Nová Role_Nejdek;Karlovarský kraj;h00;77;N
02-o2_02-edg_03-tour_03-lau2_07-day_05-300+_03-frt-1003_01-sng_00-n_00-n_00-n_00-n_00-n_00-n;1003;0;41720;0;N;555398;555380;2;3051;0;OS_KV-PO_2;20140322xSat;02_Nová Role_Nejdek;Karlovarský kraj;h00;41;N
02-o2_02-edg_03-tour_03-lau2_07-day_05-300+_03-frt-1003_01-sng_00-n_00-n_00-n_00-n_00-n_00-n;1003;0;41710;0;N;555398;555380;2;3051;0;OS_KV-PO_2;20140312xWed;02_Nová Role_Nejdek;Karlovarský kraj;h00;23;N
02-o2_02-edg_03-tour_03-lau2_07-day_05-300+_03-frt-1003_01-sng_00-n_00-n_00-n_00-n_00-n_00-n;1003;0;41722;0;N;555398;555169;2;3051;0;OS_KV-PO_2;20140324xMon;02_Nová Role_Horní Blatná;Karlovarský kraj;h00;1;N
02-o2_02-edg_03-tour_03-lau2_07-day_05-300+_03-frt-1003_01-sng_00-n_00-n_00-n_00-n_00-n_00-n;1003;0;41724;0;N;555398;555169;2;3051;0;OS_KV-PO_2;20140326xWed;02_Nová Role_Horní Blatná;Karlovarský kraj;h00;1;N
02-o2_02-edg_03-tour_03-lau2_07-day_05-300+_03-frt-1003_01-sng_00-n_00-n_00-n_00-n_00-n_00-n;1003;0;41711;0;N;555398;555169;2;3051;0;OS_KV-PO_2;20140313xThu;02_Nová Role_Horní Blatná;Karlovarský kraj;h00;2;N
02-o2_02-edg_03-tour_03-lau2_07-day_05-300+_03-frt-1003_01-sng_00-n_00-n_00-n_00-n_00-n_00-n;1003;0;41719;0;N;555398;555169;2;3051;0;OS_KV-PO_2;20140321xFri;02_Nová Role_Horní Blatná;Karlovarský kraj;h00;1;N
02-o2_02-edg_03-tour_03-lau2_07-day_05-300+_03-frt-1003_01-sng_00-n_00-n_00-n_00-n_00-n_00-n;1003;0;41713;0;N;555398;555169;2;3051;0;OS_KV-PO_2;20140315xSat;02_Nová Role_Horní Blatná;Karlovarský kraj;h00;2;N
02-o2_02-edg_03-tour_03-lau2_07-day_05-300+_03-frt-1003_01-sng_00-n_00-n_00-n_00-n_00-n_00-n;1003;0;41720;0;N;555398;506494;2;3051;0;OS_KV-PO_2;20140322xSat;02_Nová Role_Nové Hamry;Karlovarský kraj;h00;3;N
02-o2_02-edg_03-tour_03-lau2_07-day_05-300+_03-frt-1003_01-sng_00-n_00-n_00-n_00-n_00-n_00-n;1003;0;41715;0;N;555398;506494;2;3051;0;OS_KV-PO_2;20140317xMon;02_Nová Role_Nové Hamry;Karlovarský kraj;h00;5;N
02-o2_02-edg_03-tour_03-lau2_07-day_05-300+_03-frt-1003_01-sng_00-n_00-n_00-n_00-n_00-n_00-n;1003;0;41716;0;N;555398;506494;2;3051;0;OS_KV-PO_2;20140318xTue;02_Nová Role_Nové Hamry;Karlovarský kraj;h00;4;N
02-o2_02-edg_03-tour_03-lau2_07-day_05-300+_03-frt-1003_01-sng_00-n_00-n_00-n_00-n_00-n_00-n;1003;0;41724;0;N;555398;506494;2;3051;0;OS_KV-PO_2;20140326xWed;02_Nová Role_Nové Hamry;Karlovarský kraj;h00;5;N
02-o2_02-edg_03-tour_03-lau2_07-day_05-300+_03-frt-1003_01-sng_00-n_00-n_00-n_00-n_00-n_00-n;1003;0;41719;0;N;555398;506494;2;3051;0;OS_KV-PO_2;20140321xFri;02_Nová Role_Nové Hamry;Karlovarský kraj;h00;1;N
02-o2_02-edg_03-tour_03-lau2_07-day_05-300+_03-frt-1003_01-sng_00-n_00-n_00-n_00-n_00-n_00-n;1003;0;41721;0;N;555398;506494;2;3051;0;OS_KV-PO_2;20140323xSun;02_Nová Role_Nové Hamry;Karlovarský kraj;h00;3;N
02-o2_02-edg_03-tour_03-lau2_07-day_05-300+_03-frt-1003_01-sng_00-n_00-n_00-n_00-n_00-n_00-n;1003;0;41712;0;N;555398;506494;2;3051;0;OS_KV-PO_2;20140314xFri;02_Nová Role_Nové Hamry;Karlovarský kraj;h00;9;N
02-o2_02-edg_03-tour_03-lau2_07-day_05-300+_03-frt-1003_01-sng_00-n_00-n_00-n_00-n_00-n_00-n;1003;0;41714;0;N;555398;506494;2;3051;0;OS_KV-PO_2;20140316xSun;02_Nová Role_Nové Hamry;Karlovarský kraj;h00;1;N
02-o2_02-edg_03-tour_03-lau2_07-day_05-300+_03-frt-1003_01-sng_00-n_00-n_00-n_00-n_00-n_00-n;1003;0;41718;0;N;555398;506494;2;3051;0;OS_KV-PO_2;20140320xThu;02_Nová Role_Nové Hamry;Karlovarský kraj;h00;5;N
02-o2_02-edg_03-tour_03-lau2_07-day_05-300+_03-frt-1003_01-sng_00-n_00-n_00-n_00-n_00-n_00-n;1003;0;41713;0;N;555398;506494;2;3051;0;OS_KV-PO_2;20140315xSat;02_Nová Role_Nové Hamry;Karlovarský kraj;h00;1;N
02-o2_02-edg_03-tour_03-lau2_07-day_05-300+_03-frt-1003_01-sng_00-n_00-n_00-n_00-n_00-n_00-n;1003;0;41722;0;N;555398;506494;2;3051;0;OS_KV-PO_2;20140324xMon;02_Nová Role_Nové Hamry;Karlovarský kraj;h00;4;N
02-o2_02-edg_03-tour_03-lau2_07-day_05-300+_03-frt-1003_01-sng_00-n_00-n_00-n_00-n_00-n_00-n;1003;0;41711;0;N;555398;506494;2;3051;0;OS_KV-PO_2;20140313xThu;02_Nová Role_Nové Hamry;Karlovarský kraj;h00;2;N
02-o2_02-edg_03-tour_03-lau2_07-day_05-300+_03-frt-1003_01-sng_00-n_00-n_00-n_00-n_00-n_00-n;1003;0;41717;0;N;555398;506494;2;3051;0;OS_KV-PO_2;20140319xWed;02_Nová Role_Nové Hamry;Karlovarský kraj;h00;5;N
02-o2_02-edg_03-tour_03-lau2_07-day_05-300+_03-frt-1003_01-sng_00-n_00-n_00-n_00-n_00-n_00-n;1003;0;41723;0;N;555398;506494;2;3051;0;OS_KV-PO_2;20140325xTue;02_Nová Role_Nové Hamry;Karlovarský kraj;h00;8;N
02-o2_02-edg_03-tour_03-lau2_07-day_05-300+_03-frt-1003_01-sng_00-n_00-n_00-n_00-n_00-n_00-n;1003;0;41710;0;N;555380;555479;3;3051;0;OS_KV-PO_2;20140312xWed;03_Nejdek_Potůčky;Karlovarský kraj;h00;2;N
02-o2_02-edg_03-tour_03-lau2_07-day_05-300+_03-frt-1003_01-sng_00-n_00-n_00-n_00-n_00-n_00-n;1003;0;41715;0;N;555380;555479;3;3051;0;OS_KV-PO_2;20140317xMon;03_Nejdek_Potůčky;Karlovarský kraj;h00;4;N
02-o2_02-edg_03-tour_03-lau2_07-day_05-300+_03-frt-1003_01-sng_00-n_00-n_00-n_00-n_00-n_00-n;1003;0;41718;0;N;555380;555479;3;3051;0;OS_KV-PO_2;20140320xThu;03_Nejdek_Potůčky;Karlovarský kraj;h00;8;N
02-o2_02-edg_03-tour_03-lau2_07-day_05-300+_03-frt-1003_01-sng_00-n_00-n_00-n_00-n_00-n_00-n;1003;0;41716;0;N;555380;555479;3;3051;0;OS_KV-PO_2;20140318xTue;03_Nejdek_Potůčky;Karlovarský kraj;h00;12;N
02-o2_02-edg_03-tour_03-lau2_07-day_05-300+_03-frt-1003_01-sng_00-n_00-n_00-n_00-n_00-n_00-n;1003;0;41712;0;N;555380;555479;3;3051;0;OS_KV-PO_2;20140314xFri;03_Nejdek_Potůčky;Karlovarský kraj;h00;10;N
02-o2_02-edg_03-tour_03-lau2_07-day_05-300+_03-frt-1003_01-sng_00-n_00-n_00-n_00-n_00-n_00-n;1003;0;41721;0;N;555380;555479;3;3051;0;OS_KV-PO_2;20140323xSun;03_Nejdek_Potůčky;Karlovarský kraj;h00;8;N
02-o2_02-edg_03-tour_03-lau2_07-day_05-300+_03-frt-1003_01-sng_00-n_00-n_00-n_00-n_00-n_00-n;1003;0;41713;0;N;555380;555479;3;3051;0;OS_KV-PO_2;20140315xSat;03_Nejdek_Potůčky;Karlovarský kraj;h00;6;N
02-o2_02-edg_03-tour_03-lau2_07-day_05-300+_03-frt-1003_01-sng_00-n_00-n_00-n_00-n_00-n_00-n;1003;0;41717;0;N;555380;555479;3;3051;0;OS_KV-PO_2;20140319xWed;03_Nejdek_Potůčky;Karlovarský kraj;h00;7;N
02-o2_02-edg_03-tour_03-lau2_07-day_05-300+_03-frt-1003_01-sng_00-n_00-n_00-n_00-n_00-n_00-n;1003;0;41714;0;N;555380;555479;3;3051;0;OS_KV-PO_2;20140316xSun;03_Nejdek_Potůčky;Karlovarský kraj;h00;3;N
02-o2_02-edg_03-tour_03-lau2_07-day_05-300+_03-frt-1003_01-sng_00-n_00-n_00-n_00-n_00-n_00-n;1003;0;41723;0;N;555380;555479;3;3051;0;OS_KV-PO_2;20140325xTue;03_Nejdek_Potůčky;Karlovarský kraj;h00;8;N
02-o2_02-edg_03-tour_03-lau2_07-day_05-300+_03-frt-1003_01-sng_00-n_00-n_00-n_00-n_00-n_00-n;1003;0;41722;0;N;555380;555479;3;3051;0;OS_KV-PO_2;20140324xMon;03_Nejdek_Potůčky;Karlovarský kraj;h00;7;N
02-o2_02-edg_03-tour_03-lau2_07-day_05-300+_03-frt-1003_01-sng_00-n_00-n_00-n_00-n_00-n_00-n;1003;0;41719;0;N;555380;555479;3;3051;0;OS_KV-PO_2;20140321xFri;03_Nejdek_Potůčky;Karlovarský kraj;h00;5;N
02-o2_02-edg_03-tour_03-lau2_07-day_05-300+_03-frt-1003_01-sng_00-n_00-n_00-n_00-n_00-n_00-n;1003;0;41720;0;N;555380;555479;3;3051;0;OS_KV-PO_2;20140322xSat;03_Nejdek_Potůčky;Karlovarský kraj;h00;3;N
02-o2_02-edg_03-tour_03-lau2_07-day_05-300+_03-frt-1003_01-sng_00-n_00-n_00-n_00-n_00-n_00-n;1003;0;41724;0;N;555380;555479;3;3051;0;OS_KV-PO_2;20140326xWed;03_Nejdek_Potůčky;Karlovarský kraj;h00;7;N
02-o2_02-edg_03-tour_03-lau2_07-day_05-300+_03-frt-1003_01-sng_00-n_00-n_00-n_00-n_00-n_00-n;1003;0;41711;0;N;555380;555479;3;3051;0;OS_KV-PO_2;20140313xThu;03_Nejdek_Potůčky;Karlovarský kraj;h00;5;N
02-o2_02-edg_03-tour_03-lau2_07-day_05-300+_03-frt-1003_01-sng_00-n_00-n_00-n_00-n_00-n_00-n;1003;0;41720;0;N;555380;555452;3;3051;0;OS_KV-PO_2;20140322xSat;03_Nejdek_Pernink;Karlovarský kraj;h00;4;N
02-o2_02-edg_03-tour_03-lau2_07-day_05-300+_03-frt-1003_01-sng_00-n_00-n_00-n_00-n_00-n_00-n;1003;0;41717;0;N;555380;555452;3;3051;0;OS_KV-PO_2;20140319xWed;03_Nejdek_Pernink;Karlovarský kraj;h00;9;N
02-o2_02-edg_03-tour_03-lau2_07-day_05-300+_03-frt-1003_01-sng_00-n_00-n_00-n_00-n_00-n_00-n;1003;0;41713;0;N;555380;555452;3;3051;0;OS_KV-PO_2;20140315xSat;03_Nejdek_Pernink;Karlovarský kraj;h00;6;N
02-o2_02-edg_03-tour_03-lau2_07-day_05-300+_03-frt-1003_01-sng_00-n_00-n_00-n_00-n_00-n_00-n;1003;0;41715;0;N;555380;555452;3;3051;0;OS_KV-PO_2;20140317xMon;03_Nejdek_Pernink;Karlovarský kraj;h00;5;N
02-o2_02-edg_03-tour_03-lau2_07-day_05-300+_03-frt-1003_01-sng_00-n_00-n_00-n_00-n_00-n_00-n;1003;0;41710;0;N;555380;555452;3;3051;0;OS_KV-PO_2;20140312xWed;03_Nejdek_Pernink;Karlovarský kraj;h00;3;N
02-o2_02-edg_03-tour_03-lau2_07-day_05-300+_03-frt-1003_01-sng_00-n_00-n_00-n_00-n_00-n_00-n;1003;0;41722;0;N;555380;555452;3;3051;0;OS_KV-PO_2;20140324xMon;03_Nejdek_Pernink;Karlovarský kraj;h00;11;N
02-o2_02-edg_03-tour_03-lau2_07-day_05-300+_03-frt-1003_01-sng_00-n_00-n_00-n_00-n_00-n_00-n;1003;0;41714;0;N;555380;555452;3;3051;0;OS_KV-PO_2;20140316xSun;03_Nejdek_Pernink;Karlovarský kraj;h00;2;N
02-o2_02-edg_03-tour_03-lau2_07-day_05-300+_03-frt-1003_01-sng_00-n_00-n_00-n_00-n_00-n_00-n;1003;0;41724;0;N;555380;555452;3;3051;0;OS_KV-PO_2;20140326xWed;03_Nejdek_Pernink;Karlovarský kraj;h00;8;N
02-o2_02-edg_03-tour_03-lau2_07-day_05-300+_03-frt-1003_01-sng_00-n_00-n_00-n_00-n_00-n_00-n;1003;0;41712;0;N;555380;555452;3;3051;0;OS_KV-PO_2;20140314xFri;03_Nejdek_Pernink;Karlovarský kraj;h00;9;N
02-o2_02-edg_03-tour_03-lau2_07-day_05-300+_03-frt-1003_01-sng_00-n_00-n_00-n_00-n_00-n_00-n;1003;0;41716;0;N;555380;555452;3;3051;0;OS_KV-PO_2;20140318xTue;03_Nejdek_Pernink;Karlovarský kraj;h00;6;N
02-o2_02-edg_03-tour_03-lau2_07-day_05-300+_03-frt-1003_01-sng_00-n_00-n_00-n_00-n_00-n_00-n;1003;0;41719;0;N;555380;555452;3;3051;0;OS_KV-PO_2;20140321xFri;03_Nejdek_Pernink;Karlovarský kraj;h00;3;N
02-o2_02-edg_03-tour_03-lau2_07-day_05-300+_03-frt-1003_01-sng_00-n_00-n_00-n_00-n_00-n_00-n;1003;0;41721;0;N;555380;555452;3;3051;0;OS_KV-PO_2;20140323xSun;03_Nejdek_Pernink;Karlovarský kraj;h00;3;N
02-o2_02-edg_03-tour_03-lau2_07-day_05-300+_03-frt-1003_01-sng_00-n_00-n_00-n_00-n_00-n_00-n;1003;0;41723;0;N;555380;555452;3;3051;0;OS_KV-PO_2;20140325xTue;03_Nejdek_Pernink;Karlovarský kraj;h00;6;N
02-o2_02-edg_03-tour_03-lau2_07-day_05-300+_03-frt-1003_01-sng_00-n_00-n_00-n_00-n_00-n_00-n;1003;0;41711;0;N;555380;555452;3;3051;0;OS_KV-PO_2;20140313xThu;03_Nejdek_Pernink;Karlovarský kraj;h00;3;N
02-o2_02-edg_03-tour_03-lau2_07-day_05-300+_03-frt-1003_01-sng_00-n_00-n_00-n_00-n_00-n_00-n;1003;0;41718;0;N;555380;555452;3;3051;0;OS_KV-PO_2;20140320xThu;03_Nejdek_Pernink;Karlovarský kraj;h00;11;N
02-o2_02-edg_03-tour_03-lau2_07-day_05-300+_03-frt-1003_01-sng_00-n_00-n_00-n_00-n_00-n_00-n;1003;0;41715;0;N;555380;555169;3;3051;0;OS_KV-PO_2;20140317xMon;03_Nejdek_Horní Blatná;Karlovarský kraj;h00;2;N
02-o2_02-edg_03-tour_03-lau2_07-day_05-300+_03-frt-1003_01-sng_00-n_00-n_00-n_00-n_00-n_00-n;1003;0;41717;0;N;555380;555169;3;3051;0;OS_KV-PO_2;20140319xWed;03_Nejdek_Horní Blatná;Karlovarský kraj;h00;3;N
02-o2_02-edg_03-tour_03-lau2_07-day_05-300+_03-frt-1003_01-sng_00-n_00-n_00-n_00-n_00-n_00-n;1003;0;41712;0;N;555380;555169;3;3051;0;OS_KV-PO_2;20140314xFri;03_Nejdek_Horní Blatná;Karlovarský kraj;h00;2;N
02-o2_02-edg_03-tour_03-lau2_07-day_05-300+_03-frt-1003_01-sng_00-n_00-n_00-n_00-n_00-n_00-n;1003;0;41711;0;N;555380;555169;3;3051;0;OS_KV-PO_2;20140313xThu;03_Nejdek_Horní Blatná;Karlovarský kraj;h00;2;N
02-o2_02-edg_03-tour_03-lau2_07-day_05-300+_03-frt-1003_01-sng_00-n_00-n_00-n_00-n_00-n_00-n;1003;0;41724;0;N;555380;555169;3;3051;0;OS_KV-PO_2;20140326xWed;03_Nejdek_Horní Blatná;Karlovarský kraj;h00;2;N
02-o2_02-edg_03-tour_03-lau2_07-day_05-300+_03-frt-1003_01-sng_00-n_00-n_00-n_00-n_00-n_00-n;1003;0;41722;0;N;555380;555169;3;3051;0;OS_KV-PO_2;20140324xMon;03_Nejdek_Horní Blatná;Karlovarský kraj;h00;2;N
02-o2_02-edg_03-tour_03-lau2_07-day_05-300+_03-frt-1003_01-sng_00-n_00-n_00-n_00-n_00-n_00-n;1003;0;41719;0;N;555380;555169;3;3051;0;OS_KV-PO_2;20140321xFri;03_Nejdek_Horní Blatná;Karlovarský kraj;h00;3;N
02-o2_02-edg_03-tour_03-lau2_07-day_05-300+_03-frt-1003_01-sng_00-n_00-n_00-n_00-n_00-n_00-n;1003;0;41720;0;N;555380;555169;3;3051;0;OS_KV-PO_2;20140322xSat;03_Nejdek_Horní Blatná;Karlovarský kraj;h00;2;N
02-o2_02-edg_03-tour_03-lau2_07-day_05-300+_03-frt-1003_01-sng_00-n_00-n_00-n_00-n_00-n_00-n;1003;0;41718;0;N;555380;555169;3;3051;0;OS_KV-PO_2;20140320xThu;03_Nejdek_Horní Blatná;Karlovarský kraj;h00;6;N
02-o2_02-edg_03-tour_03-lau2_07-day_05-300+_03-frt-1003_01-sng_00-n_00-n_00-n_00-n_00-n_00-n;1003;0;41710;0;N;555380;555169;3;3051;0;OS_KV-PO_2;20140312xWed;03_Nejdek_Horní Blatná;Karlovarský kraj;h00;2;N
02-o2_02-edg_03-tour_03-lau2_07-day_05-300+_03-frt-1003_01-sng_00-n_00-n_00-n_00-n_00-n_00-n;1003;0;41716;0;N;555380;555169;3;3051;0;OS_KV-PO_2;20140318xTue;03_Nejdek_Horní Blatná;Karlovarský kraj;h00;2;N
02-o2_02-edg_03-tour_03-lau2_07-day_05-300+_03-frt-1003_01-sng_00-n_00-n_00-n_00-n_00-n_00-n;1003;0;41721;0;N;555380;555169;3;3051;0;OS_KV-PO_2;20140323xSun;03_Nejdek_Horní Blatná;Karlovarský kraj;h00;3;N
02-o2_02-edg_03-tour_03-lau2_07-day_05-300+_03-frt-1003_01-sng_00-n_00-n_00-n_00-n_00-n_00-n;1003;0;41710;0;N;555380;506494;3;3051;0;OS_KV-PO_2;20140312xWed;03_Nejdek_Nové Hamry;Karlovarský kraj;h00;31;N
02-o2_02-edg_03-tour_03-lau2_07-day_05-300+_03-frt-1003_01-sng_00-n_00-n_00-n_00-n_00-n_00-n;1003;0;41712;0;N;555380;506494;3;3051;0;OS_KV-PO_2;20140314xFri;03_Nejdek_Nové Hamry;Karlovarský kraj;h00;73;N
02-o2_02-edg_03-tour_03-lau2_07-day_05-300+_03-frt-1003_01-sng_00-n_00-n_00-n_00-n_00-n_00-n;1003;0;41719;0;N;555380;506494;3;3051;0;OS_KV-PO_2;20140321xFri;03_Nejdek_Nové Hamry;Karlovarský kraj;h00;45;N
02-o2_02-edg_03-tour_03-lau2_07-day_05-300+_03-frt-1003_01-sng_00-n_00-n_00-n_00-n_00-n_00-n;1003;0;41722;0;N;555380;506494;3;3051;0;OS_KV-PO_2;20140324xMon;03_Nejdek_Nové Hamry;Karlovarský kraj;h00;62;N
02-o2_02-edg_03-tour_03-lau2_07-day_05-300+_03-frt-1003_01-sng_00-n_00-n_00-n_00-n_00-n_00-n;1003;0;41715;0;N;555380;506494;3;3051;0;OS_KV-PO_2;20140317xMon;03_Nejdek_Nové Hamry;Karlovarský kraj;h00;50;N
02-o2_02-edg_03-tour_03-lau2_07-day_05-300+_03-frt-1003_01-sng_00-n_00-n_00-n_00-n_00-n_00-n;1003;0;41714;0;N;555380;506494;3;3051;0;OS_KV-PO_2;20140316xSun;03_Nejdek_Nové Hamry;Karlovarský kraj;h00;17;N
02-o2_02-edg_03-tour_03-lau2_07-day_05-300+_03-frt-1003_01-sng_00-n_00-n_00-n_00-n_00-n_00-n;1003;0;41713;0;N;555380;506494;3;3051;0;OS_KV-PO_2;20140315xSat;03_Nejdek_Nové Hamry;Karlovarský kraj;h00;32;N
02-o2_02-edg_03-tour_03-lau2_07-day_05-300+_03-frt-1003_01-sng_00-n_00-n_00-n_00-n_00-n_00-n;1003;0;41724;0;N;555380;506494;3;3051;0;OS_KV-PO_2;20140326xWed;03_Nejdek_Nové Hamry;Karlovarský kraj;h00;39;N
02-o2_02-edg_03-tour_03-lau2_07-day_05-300+_03-frt-1003_01-sng_00-n_00-n_00-n_00-n_00-n_00-n;1003;0;41718;0;N;555380;506494;3;3051;0;OS_KV-PO_2;20140320xThu;03_Nejdek_Nové Hamry;Karlovarský kraj;h00;78;N
02-o2_02-edg_03-tour_03-lau2_07-day_05-300+_03-frt-1003_01-sng_00-n_00-n_00-n_00-n_00-n_00-n;1003;0;41723;0;N;555380;506494;3;3051;0;OS_KV-PO_2;20140325xTue;03_Nejdek_Nové Hamry;Karlovarský kraj;h00;47;N
02-o2_02-edg_03-tour_03-lau2_07-day_05-300+_03-frt-1003_01-sng_00-n_00-n_00-n_00-n_00-n_00-n;1003;0;41711;0;N;555380;506494;3;3051;0;OS_KV-PO_2;20140313xThu;03_Nejdek_Nové Hamry;Karlovarský kraj;h00;46;N
02-o2_02-edg_03-tour_03-lau2_07-day_05-300+_03-frt-1003_01-sng_00-n_00-n_00-n_00-n_00-n_00-n;1003;0;41716;0;N;555380;506494;3;3051;0;OS_KV-PO_2;20140318xTue;03_Nejdek_Nové Hamry;Karlovarský kraj;h00;79;N
02-o2_02-edg_03-tour_03-lau2_07-day_05-300+_03-frt-1003_01-sng_00-n_00-n_00-n_00-n_00-n_00-n;1003;0;41717;0;N;555380;506494;3;3051;0;OS_KV-PO_2;20140319xWed;03_Nejdek_Nové Hamry;Karlovarský kraj;h00;77;N
02-o2_02-edg_03-tour_03-lau2_07-day_05-300+_03-frt-1003_01-sng_00-n_00-n_00-n_00-n_00-n_00-n;1003;0;41721;0;N;555380;506494;3;3051;0;OS_KV-PO_2;20140323xSun;03_Nejdek_Nové Hamry;Karlovarský kraj;h00;36;N
02-o2_02-edg_03-tour_03-lau2_07-day_05-300+_03-frt-1003_01-sng_00-n_00-n_00-n_00-n_00-n_00-n;1003;0;41720;0;N;555380;506494;3;3051;0;OS_KV-PO_2;20140322xSat;03_Nejdek_Nové Hamry;Karlovarský kraj;h00;51;N
02-o2_02-edg_03-tour_03-lau2_07-day_05-300+_03-frt-1003_01-sng_00-n_00-n_00-n_00-n_00-n_00-n;1003;0;41710;0;N;555169;555479;6;3051;0;OS_KV-PO_2;20140312xWed;06_Horní Blatná_Potůčky;Karlovarský kraj;h00;8;N
02-o2_02-edg_03-tour_03-lau2_07-day_05-300+_03-frt-1003_01-sng_00-n_00-n_00-n_00-n_00-n_00-n;1003;0;41721;0;N;555169;555479;6;3051;0;OS_KV-PO_2;20140323xSun;06_Horní Blatná_Potůčky;Karlovarský kraj;h00;22;N
02-o2_02-edg_03-tour_03-lau2_07-day_05-300+_03-frt-1003_01-sng_00-n_00-n_00-n_00-n_00-n_00-n;1003;0;41712;0;N;555169;555479;6;3051;0;OS_KV-PO_2;20140314xFri;06_Horní Blatná_Potůčky;Karlovarský kraj;h00;28;N
02-o2_02-edg_03-tour_03-lau2_07-day_05-300+_03-frt-1003_01-sng_00-n_00-n_00-n_00-n_00-n_00-n;1003;0;41714;0;N;555169;555479;6;3051;0;OS_KV-PO_2;20140316xSun;06_Horní Blatná_Potůčky;Karlovarský kraj;h00;15;N
02-o2_02-edg_03-tour_03-lau2_07-day_05-300+_03-frt-1003_01-sng_00-n_00-n_00-n_00-n_00-n_00-n;1003;0;41722;0;N;555169;555479;6;3051;0;OS_KV-PO_2;20140324xMon;06_Horní Blatná_Potůčky;Karlovarský kraj;h00;25;N
02-o2_02-edg_03-tour_03-lau2_07-day_05-300+_03-frt-1003_01-sng_00-n_00-n_00-n_00-n_00-n_00-n;1003;0;41723;0;N;555169;555479;6;3051;0;OS_KV-PO_2;20140325xTue;06_Horní Blatná_Potůčky;Karlovarský kraj;h00;31;N
02-o2_02-edg_03-tour_03-lau2_07-day_05-300+_03-frt-1003_01-sng_00-n_00-n_00-n_00-n_00-n_00-n;1003;0;41716;0;N;555169;555479;6;3051;0;OS_KV-PO_2;20140318xTue;06_Horní Blatná_Potůčky;Karlovarský kraj;h00;24;N
02-o2_02-edg_03-tour_03-lau2_07-day_05-300+_03-frt-1003_01-sng_00-n_00-n_00-n_00-n_00-n_00-n;1003;0;41713;0;N;555169;555479;6;3051;0;OS_KV-PO_2;20140315xSat;06_Horní Blatná_Potůčky;Karlovarský kraj;h00;26;N
02-o2_02-edg_03-tour_03-lau2_07-day_05-300+_03-frt-1003_01-sng_00-n_00-n_00-n_00-n_00-n_00-n;1003;0;41711;0;N;555169;555479;6;3051;0;OS_KV-PO_2;20140313xThu;06_Horní Blatná_Potůčky;Karlovarský kraj;h00;12;N
02-o2_02-edg_03-tour_03-lau2_07-day_05-300+_03-frt-1003_01-sng_00-n_00-n_00-n_00-n_00-n_00-n;1003;0;41718;0;N;555169;555479;6;3051;0;OS_KV-PO_2;20140320xThu;06_Horní Blatná_Potůčky;Karlovarský kraj;h00;33;N
02-o2_02-edg_03-tour_03-lau2_07-day_05-300+_03-frt-1003_01-sng_00-n_00-n_00-n_00-n_00-n_00-n;1003;0;41715;0;N;555169;555479;6;3051;0;OS_KV-PO_2;20140317xMon;06_Horní Blatná_Potůčky;Karlovarský kraj;h00;10;N
02-o2_02-edg_03-tour_03-lau2_07-day_05-300+_03-frt-1003_01-sng_00-n_00-n_00-n_00-n_00-n_00-n;1003;0;41724;0;N;555169;555479;6;3051;0;OS_KV-PO_2;20140326xWed;06_Horní Blatná_Potůčky;Karlovarský kraj;h00;33;N
02-o2_02-edg_03-tour_03-lau2_07-day_05-300+_03-frt-1003_01-sng_00-n_00-n_00-n_00-n_00-n_00-n;1003;0;41719;0;N;555169;555479;6;3051;0;OS_KV-PO_2;20140321xFri;06_Horní Blatná_Potůčky;Karlovarský kraj;h00;22;N
02-o2_02-edg_03-tour_03-lau2_07-day_05-300+_03-frt-1003_01-sng_00-n_00-n_00-n_00-n_00-n_00-n;1003;0;41720;0;N;555169;555479;6;3051;0;OS_KV-PO_2;20140322xSat;06_Horní Blatná_Potůčky;Karlovarský kraj;h00;21;N
02-o2_02-edg_03-tour_03-lau2_07-day_05-300+_03-frt-1003_01-sng_00-n_00-n_00-n_00-n_00-n_00-n;1003;0;41717;0;N;555169;555479;6;3051;0;OS_KV-PO_2;20140319xWed;06_Horní Blatná_Potůčky;Karlovarský kraj;h00;29;N
02-o2_02-edg_03-tour_03-lau2_07-day_05-300+_03-frt-1003_01-sng_00-n_00-n_00-n_00-n_00-n_00-n;1003;0;41715;0;N;554961;555479;1;3051;0;OS_KV-PO_2;20140317xMon;01_Karlovy Vary_Potůčky;Karlovarský kraj;h00;10;N
02-o2_02-edg_03-tour_03-lau2_07-day_05-300+_03-frt-1003_01-sng_00-n_00-n_00-n_00-n_00-n_00-n;1003;0;41724;0;N;554961;555479;1;3051;0;OS_KV-PO_2;20140326xWed;01_Karlovy Vary_Potůčky;Karlovarský kraj;h00;12;N
02-o2_02-edg_03-tour_03-lau2_07-day_05-300+_03-frt-1003_01-sng_00-n_00-n_00-n_00-n_00-n_00-n;1003;0;41710;0;N;554961;555479;1;3051;0;OS_KV-PO_2;20140312xWed;01_Karlovy Vary_Potůčky;Karlovarský kraj;h00;11;N
02-o2_02-edg_03-tour_03-lau2_07-day_05-300+_03-frt-1003_01-sng_00-n_00-n_00-n_00-n_00-n_00-n;1003;0;41719;0;N;554961;555479;1;3051;0;OS_KV-PO_2;20140321xFri;01_Karlovy Vary_Potůčky;Karlovarský kraj;h00;11;N
02-o2_02-edg_03-tour_03-lau2_07-day_05-300+_03-frt-1003_01-sng_00-n_00-n_00-n_00-n_00-n_00-n;1003;0;41711;0;N;554961;555479;1;3051;0;OS_KV-PO_2;20140313xThu;01_Karlovy Vary_Potůčky;Karlovarský kraj;h00;19;N
02-o2_02-edg_03-tour_03-lau2_07-day_05-300+_03-frt-1003_01-sng_00-n_00-n_00-n_00-n_00-n_00-n;1003;0;41714;0;N;554961;555479;1;3051;0;OS_KV-PO_2;20140316xSun;01_Karlovy Vary_Potůčky;Karlovarský kraj;h00;16;N
02-o2_02-edg_03-tour_03-lau2_07-day_05-300+_03-frt-1003_01-sng_00-n_00-n_00-n_00-n_00-n_00-n;1003;0;41722;0;N;554961;555479;1;3051;0;OS_KV-PO_2;20140324xMon;01_Karlovy Vary_Potůčky;Karlovarský kraj;h00;18;N
02-o2_02-edg_03-tour_03-lau2_07-day_05-300+_03-frt-1003_01-sng_00-n_00-n_00-n_00-n_00-n_00-n;1003;0;41717;0;N;554961;555479;1;3051;0;OS_KV-PO_2;20140319xWed;01_Karlovy Vary_Potůčky;Karlovarský kraj;h00;18;N
02-o2_02-edg_03-tour_03-lau2_07-day_05-300+_03-frt-1003_01-sng_00-n_00-n_00-n_00-n_00-n_00-n;1003;0;41712;0;N;554961;555479;1;3051;0;OS_KV-PO_2;20140314xFri;01_Karlovy Vary_Potůčky;Karlovarský kraj;h00;19;N
02-o2_02-edg_03-tour_03-lau2_07-day_05-300+_03-frt-1003_01-sng_00-n_00-n_00-n_00-n_00-n_00-n;1003;0;41720;0;N;554961;555479;1;3051;0;OS_KV-PO_2;20140322xSat;01_Karlovy Vary_Potůčky;Karlovarský kraj;h00;10;N
02-o2_02-edg_03-tour_03-lau2_07-day_05-300+_03-frt-1003_01-sng_00-n_00-n_00-n_00-n_00-n_00-n;1003;0;41713;0;N;554961;555479;1;3051;0;OS_KV-PO_2;20140315xSat;01_Karlovy Vary_Potůčky;Karlovarský kraj;h00;8;N
02-o2_02-edg_03-tour_03-lau2_07-day_05-300+_03-frt-1003_01-sng_00-n_00-n_00-n_00-n_00-n_00-n;1003;0;41721;0;N;554961;555479;1;3051;0;OS_KV-PO_2;20140323xSun;01_Karlovy Vary_Potůčky;Karlovarský kraj;h00;13;N
02-o2_02-edg_03-tour_03-lau2_07-day_05-300+_03-frt-1003_01-sng_00-n_00-n_00-n_00-n_00-n_00-n;1003;0;41716;0;N;554961;555479;1;3051;0;OS_KV-PO_2;20140318xTue;01_Karlovy Vary_Potůčky;Karlovarský kraj;h00;5;N
02-o2_02-edg_03-tour_03-lau2_07-day_05-300+_03-frt-1003_01-sng_00-n_00-n_00-n_00-n_00-n_00-n;1003;0;41718;0;N;554961;555479;1;3051;0;OS_KV-PO_2;20140320xThu;01_Karlovy Vary_Potůčky;Karlovarský kraj;h00;12;N
02-o2_02-edg_03-tour_03-lau2_07-day_05-300+_03-frt-1003_01-sng_00-n_00-n_00-n_00-n_00-n_00-n;1003;0;41723;0;N;554961;555479;1;3051;0;OS_KV-PO_2;20140325xTue;01_Karlovy Vary_Potůčky;Karlovarský kraj;h00;10;N
02-o2_02-edg_03-tour_03-lau2_07-day_05-300+_03-frt-1003_01-sng_00-n_00-n_00-n_00-n_00-n_00-n;1003;0;41721;0;N;554961;555452;1;3051;0;OS_KV-PO_2;20140323xSun;01_Karlovy Vary_Pernink;Karlovarský kraj;h00;5;N
02-o2_02-edg_03-tour_03-lau2_07-day_05-300+_03-frt-1003_01-sng_00-n_00-n_00-n_00-n_00-n_00-n;1003;0;41719;0;N;554961;555452;1;3051;0;OS_KV-PO_2;20140321xFri;01_Karlovy Vary_Pernink;Karlovarský kraj;h00;9;N
02-o2_02-edg_03-tour_03-lau2_07-day_05-300+_03-frt-1003_01-sng_00-n_00-n_00-n_00-n_00-n_00-n;1003;0;41722;0;N;554961;555452;1;3051;0;OS_KV-PO_2;20140324xMon;01_Karlovy Vary_Pernink;Karlovarský kraj;h00;6;N
02-o2_02-edg_03-tour_03-lau2_07-day_05-300+_03-frt-1003_01-sng_00-n_00-n_00-n_00-n_00-n_00-n;1003;0;41714;0;N;554961;555452;1;3051;0;OS_KV-PO_2;20140316xSun;01_Karlovy Vary_Pernink;Karlovarský kraj;h00;3;N
02-o2_02-edg_03-tour_03-lau2_07-day_05-300+_03-frt-1003_01-sng_00-n_00-n_00-n_00-n_00-n_00-n;1003;0;41712;0;N;554961;555452;1;3051;0;OS_KV-PO_2;20140314xFri;01_Karlovy Vary_Pernink;Karlovarský kraj;h00;14;N
02-o2_02-edg_03-tour_03-lau2_07-day_05-300+_03-frt-1003_01-sng_00-n_00-n_00-n_00-n_00-n_00-n;1003;0;41715;0;N;554961;555452;1;3051;0;OS_KV-PO_2;20140317xMon;01_Karlovy Vary_Pernink;Karlovarský kraj;h00;7;N
02-o2_02-edg_03-tour_03-lau2_07-day_05-300+_03-frt-1003_01-sng_00-n_00-n_00-n_00-n_00-n_00-n;1003;0;41723;0;N;554961;555452;1;3051;0;OS_KV-PO_2;20140325xTue;01_Karlovy Vary_Pernink;Karlovarský kraj;h00;11;N
02-o2_02-edg_03-tour_03-lau2_07-day_05-300+_03-frt-1003_01-sng_00-n_00-n_00-n_00-n_00-n_00-n;1003;0;41724;0;N;554961;555452;1;3051;0;OS_KV-PO_2;20140326xWed;01_Karlovy Vary_Pernink;Karlovarský kraj;h00;11;N
02-o2_02-edg_03-tour_03-lau2_07-day_05-300+_03-frt-1003_01-sng_00-n_00-n_00-n_00-n_00-n_00-n;1003;0;41717;0;N;554961;555452;1;3051;0;OS_KV-PO_2;20140319xWed;01_Karlovy Vary_Pernink;Karlovarský kraj;h00;12;N
02-o2_02-edg_03-tour_03-lau2_07-day_05-300+_03-frt-1003_01-sng_00-n_00-n_00-n_00-n_00-n_00-n;1003;0;41718;0;N;554961;555452;1;3051;0;OS_KV-PO_2;20140320xThu;01_Karlovy Vary_Pernink;Karlovarský kraj;h00;7;N
02-o2_02-edg_03-tour_03-lau2_07-day_05-300+_03-frt-1003_01-sng_00-n_00-n_00-n_00-n_00-n_00-n;1003;0;41713;0;N;554961;555452;1;3051;0;OS_KV-PO_2;20140315xSat;01_Karlovy Vary_Pernink;Karlovarský kraj;h00;11;N
02-o2_02-edg_03-tour_03-lau2_07-day_05-300+_03-frt-1003_01-sng_00-n_00-n_00-n_00-n_00-n_00-n;1003;0;41710;0;N;554961;555452;1;3051;0;OS_KV-PO_2;20140312xWed;01_Karlovy Vary_Pernink;Karlovarský kraj;h00;5;N
02-o2_02-edg_03-tour_03-lau2_07-day_05-300+_03-frt-1003_01-sng_00-n_00-n_00-n_00-n_00-n_00-n;1003;0;41720;0;N;554961;555452;1;3051;0;OS_KV-PO_2;20140322xSat;01_Karlovy Vary_Pernink;Karlovarský kraj;h00;6;N
02-o2_02-edg_03-tour_03-lau2_07-day_05-300+_03-frt-1003_01-sng_00-n_00-n_00-n_00-n_00-n_00-n;1003;0;41716;0;N;554961;555452;1;3051;0;OS_KV-PO_2;20140318xTue;01_Karlovy Vary_Pernink;Karlovarský kraj;h00;4;N
02-o2_02-edg_03-tour_03-lau2_07-day_05-300+_03-frt-1003_01-sng_00-n_00-n_00-n_00-n_00-n_00-n;1003;0;41711;0;N;554961;555452;1;3051;0;OS_KV-PO_2;20140313xThu;01_Karlovy Vary_Pernink;Karlovarský kraj;h00;18;N
02-o2_02-edg_03-tour_03-lau2_07-day_05-300+_03-frt-1003_01-sng_00-n_00-n_00-n_00-n_00-n_00-n;1003;0;41711;0;N;554961;555398;1;3051;0;OS_KV-PO_2;20140313xThu;01_Karlovy Vary_Nová Role;Karlovarský kraj;h00;114;N
02-o2_02-edg_03-tour_03-lau2_07-day_05-300+_03-frt-1003_01-sng_00-n_00-n_00-n_00-n_00-n_00-n;1003;0;41718;0;N;554961;555398;1;3051;0;OS_KV-PO_2;20140320xThu;01_Karlovy Vary_Nová Role;Karlovarský kraj;h00;169;N
02-o2_02-edg_03-tour_03-lau2_07-day_05-300+_03-frt-1003_01-sng_00-n_00-n_00-n_00-n_00-n_00-n;1003;0;41713;0;N;554961;555398;1;3051;0;OS_KV-PO_2;20140315xSat;01_Karlovy Vary_Nová Role;Karlovarský kraj;h00;78;N
02-o2_02-edg_03-tour_03-lau2_07-day_05-300+_03-frt-1003_01-sng_00-n_00-n_00-n_00-n_00-n_00-n;1003;0;41723;0;N;554961;555398;1;3051;0;OS_KV-PO_2;20140325xTue;01_Karlovy Vary_Nová Role;Karlovarský kraj;h00;142;N
02-o2_02-edg_03-tour_03-lau2_07-day_05-300+_03-frt-1003_01-sng_00-n_00-n_00-n_00-n_00-n_00-n;1003;0;41724;0;N;554961;555398;1;3051;0;OS_KV-PO_2;20140326xWed;01_Karlovy Vary_Nová Role;Karlovarský kraj;h00;152;N
02-o2_02-edg_03-tour_03-lau2_07-day_05-300+_03-frt-1003_01-sng_00-n_00-n_00-n_00-n_00-n_00-n;1003;0;41722;0;N;554961;555398;1;3051;0;OS_KV-PO_2;20140324xMon;01_Karlovy Vary_Nová Role;Karlovarský kraj;h00;176;N
02-o2_02-edg_03-tour_03-lau2_07-day_05-300+_03-frt-1003_01-sng_00-n_00-n_00-n_00-n_00-n_00-n;1003;0;41710;0;N;554961;555398;1;3051;0;OS_KV-PO_2;20140312xWed;01_Karlovy Vary_Nová Role;Karlovarský kraj;h00;48;N
02-o2_02-edg_03-tour_03-lau2_07-day_05-300+_03-frt-1003_01-sng_00-n_00-n_00-n_00-n_00-n_00-n;1003;0;41717;0;N;554961;555398;1;3051;0;OS_KV-PO_2;20140319xWed;01_Karlovy Vary_Nová Role;Karlovarský kraj;h00;188;N
02-o2_02-edg_03-tour_03-lau2_07-day_05-300+_03-frt-1003_01-sng_00-n_00-n_00-n_00-n_00-n_00-n;1003;0;41712;0;N;554961;555398;1;3051;0;OS_KV-PO_2;20140314xFri;01_Karlovy Vary_Nová Role;Karlovarský kraj;h00;151;N
02-o2_02-edg_03-tour_03-lau2_07-day_05-300+_03-frt-1003_01-sng_00-n_00-n_00-n_00-n_00-n_00-n;1003;0;41719;0;N;554961;555398;1;3051;0;OS_KV-PO_2;20140321xFri;01_Karlovy Vary_Nová Role;Karlovarský kraj;h00;74;N
02-o2_02-edg_03-tour_03-lau2_07-day_05-300+_03-frt-1003_01-sng_00-n_00-n_00-n_00-n_00-n_00-n;1003;0;41716;0;N;554961;555398;1;3051;0;OS_KV-PO_2;20140318xTue;01_Karlovy Vary_Nová Role;Karlovarský kraj;h00;168;N
02-o2_02-edg_03-tour_03-lau2_07-day_05-300+_03-frt-1003_01-sng_00-n_00-n_00-n_00-n_00-n_00-n;1003;0;41714;0;N;554961;555398;1;3051;0;OS_KV-PO_2;20140316xSun;01_Karlovy Vary_Nová Role;Karlovarský kraj;h00;49;N
02-o2_02-edg_03-tour_03-lau2_07-day_05-300+_03-frt-1003_01-sng_00-n_00-n_00-n_00-n_00-n_00-n;1003;0;41715;0;N;554961;555398;1;3051;0;OS_KV-PO_2;20140317xMon;01_Karlovy Vary_Nová Role;Karlovarský kraj;h00;137;N
02-o2_02-edg_03-tour_03-lau2_07-day_05-300+_03-frt-1003_01-sng_00-n_00-n_00-n_00-n_00-n_00-n;1003;0;41720;0;N;554961;555398;1;3051;0;OS_KV-PO_2;20140322xSat;01_Karlovy Vary_Nová Role;Karlovarský kraj;h00;92;N
02-o2_02-edg_03-tour_03-lau2_07-day_05-300+_03-frt-1003_01-sng_00-n_00-n_00-n_00-n_00-n_00-n;1003;0;41721;0;N;554961;555398;1;3051;0;OS_KV-PO_2;20140323xSun;01_Karlovy Vary_Nová Role;Karlovarský kraj;h00;103;N
02-o2_02-edg_03-tour_03-lau2_07-day_05-300+_03-frt-1003_01-sng_00-n_00-n_00-n_00-n_00-n_00-n;1003;0;41717;0;N;554961;555380;1;3051;0;OS_KV-PO_2;20140319xWed;01_Karlovy Vary_Nejdek;Karlovarský kraj;h00;95;N
02-o2_02-edg_03-tour_03-lau2_07-day_05-300+_03-frt-1003_01-sng_00-n_00-n_00-n_00-n_00-n_00-n;1003;0;41712;0;N;554961;555380;1;3051;0;OS_KV-PO_2;20140314xFri;01_Karlovy Vary_Nejdek;Karlovarský kraj;h00;74;N
02-o2_02-edg_03-tour_03-lau2_07-day_05-300+_03-frt-1003_01-sng_00-n_00-n_00-n_00-n_00-n_00-n;1003;0;41711;0;N;554961;555380;1;3051;0;OS_KV-PO_2;20140313xThu;01_Karlovy Vary_Nejdek;Karlovarský kraj;h00;79;N
02-o2_02-edg_03-tour_03-lau2_07-day_05-300+_03-frt-1003_01-sng_00-n_00-n_00-n_00-n_00-n_00-n;1003;0;41719;0;N;554961;555380;1;3051;0;OS_KV-PO_2;20140321xFri;01_Karlovy Vary_Nejdek;Karlovarský kraj;h00;61;N
02-o2_02-edg_03-tour_03-lau2_07-day_05-300+_03-frt-1003_01-sng_00-n_00-n_00-n_00-n_00-n_00-n;1003;0;41722;0;N;554961;555380;1;3051;0;OS_KV-PO_2;20140324xMon;01_Karlovy Vary_Nejdek;Karlovarský kraj;h00;80;N
02-o2_02-edg_03-tour_03-lau2_07-day_05-300+_03-frt-1003_01-sng_00-n_00-n_00-n_00-n_00-n_00-n;1003;0;41724;0;N;554961;555380;1;3051;0;OS_KV-PO_2;20140326xWed;01_Karlovy Vary_Nejdek;Karlovarský kraj;h00;58;N
02-o2_02-edg_03-tour_03-lau2_07-day_05-300+_03-frt-1003_01-sng_00-n_00-n_00-n_00-n_00-n_00-n;1003;0;41710;0;N;554961;555380;1;3051;0;OS_KV-PO_2;20140312xWed;01_Karlovy Vary_Nejdek;Karlovarský kraj;h00;56;N
02-o2_02-edg_03-tour_03-lau2_07-day_05-300+_03-frt-1003_01-sng_00-n_00-n_00-n_00-n_00-n_00-n;1003;0;41716;0;N;554961;555380;1;3051;0;OS_KV-PO_2;20140318xTue;01_Karlovy Vary_Nejdek;Karlovarský kraj;h00;79;N
02-o2_02-edg_03-tour_03-lau2_07-day_05-300+_03-frt-1003_01-sng_00-n_00-n_00-n_00-n_00-n_00-n;1003;0;41713;0;N;554961;555380;1;3051;0;OS_KV-PO_2;20140315xSat;01_Karlovy Vary_Nejdek;Karlovarský kraj;h00;68;N
02-o2_02-edg_03-tour_03-lau2_07-day_05-300+_03-frt-1003_01-sng_00-n_00-n_00-n_00-n_00-n_00-n;1003;0;41714;0;N;554961;555380;1;3051;0;OS_KV-PO_2;20140316xSun;01_Karlovy Vary_Nejdek;Karlovarský kraj;h00;30;N
02-o2_02-edg_03-tour_03-lau2_07-day_05-300+_03-frt-1003_01-sng_00-n_00-n_00-n_00-n_00-n_00-n;1003;0;41723;0;N;554961;555380;1;3051;0;OS_KV-PO_2;20140325xTue;01_Karlovy Vary_Nejdek;Karlovarský kraj;h00;77;N
02-o2_02-edg_03-tour_03-lau2_07-day_05-300+_03-frt-1003_01-sng_00-n_00-n_00-n_00-n_00-n_00-n;1003;0;41718;0;N;554961;555380;1;3051;0;OS_KV-PO_2;20140320xThu;01_Karlovy Vary_Nejdek;Karlovarský kraj;h00;95;N
02-o2_02-edg_03-tour_03-lau2_07-day_05-300+_03-frt-1003_01-sng_00-n_00-n_00-n_00-n_00-n_00-n;1003;0;41715;0;N;554961;555380;1;3051;0;OS_KV-PO_2;20140317xMon;01_Karlovy Vary_Nejdek;Karlovarský kraj;h00;92;N
02-o2_02-edg_03-tour_03-lau2_07-day_05-300+_03-frt-1003_01-sng_00-n_00-n_00-n_00-n_00-n_00-n;1003;0;41721;0;N;554961;555380;1;3051;0;OS_KV-PO_2;20140323xSun;01_Karlovy Vary_Nejdek;Karlovarský kraj;h00;34;N
02-o2_02-edg_03-tour_03-lau2_07-day_05-300+_03-frt-1003_01-sng_00-n_00-n_00-n_00-n_00-n_00-n;1003;0;41720;0;N;554961;555380;1;3051;0;OS_KV-PO_2;20140322xSat;01_Karlovy Vary_Nejdek;Karlovarský kraj;h00;53;N
02-o2_02-edg_03-tour_03-lau2_07-day_05-300+_03-frt-1003_01-sng_00-n_00-n_00-n_00-n_00-n_00-n;1003;0;41711;0;N;554961;555169;1;3051;0;OS_KV-PO_2;20140313xThu;01_Karlovy Vary_Horní Blatná;Karlovarský kraj;h00;4;N
02-o2_02-edg_03-tour_03-lau2_07-day_05-300+_03-frt-1003_01-sng_00-n_00-n_00-n_00-n_00-n_00-n;1003;0;41721;0;N;554961;555169;1;3051;0;OS_KV-PO_2;20140323xSun;01_Karlovy Vary_Horní Blatná;Karlovarský kraj;h00;1;N
02-o2_02-edg_03-tour_03-lau2_07-day_05-300+_03-frt-1003_01-sng_00-n_00-n_00-n_00-n_00-n_00-n;1003;0;41716;0;N;554961;555169;1;3051;0;OS_KV-PO_2;20140318xTue;01_Karlovy Vary_Horní Blatná;Karlovarský kraj;h00;2;N
02-o2_02-edg_03-tour_03-lau2_07-day_05-300+_03-frt-1003_01-sng_00-n_00-n_00-n_00-n_00-n_00-n;1003;0;41724;0;N;554961;555169;1;3051;0;OS_KV-PO_2;20140326xWed;01_Karlovy Vary_Horní Blatná;Karlovarský kraj;h00;6;N
02-o2_02-edg_03-tour_03-lau2_07-day_05-300+_03-frt-1003_01-sng_00-n_00-n_00-n_00-n_00-n_00-n;1003;0;41710;0;N;554961;555169;1;3051;0;OS_KV-PO_2;20140312xWed;01_Karlovy Vary_Horní Blatná;Karlovarský kraj;h00;1;N
02-o2_02-edg_03-tour_03-lau2_07-day_05-300+_03-frt-1003_01-sng_00-n_00-n_00-n_00-n_00-n_00-n;1003;0;41715;0;N;554961;555169;1;3051;0;OS_KV-PO_2;20140317xMon;01_Karlovy Vary_Horní Blatná;Karlovarský kraj;h00;1;N
02-o2_02-edg_03-tour_03-lau2_07-day_05-300+_03-frt-1003_01-sng_00-n_00-n_00-n_00-n_00-n_00-n;1003;0;41722;0;N;554961;555169;1;3051;0;OS_KV-PO_2;20140324xMon;01_Karlovy Vary_Horní Blatná;Karlovarský kraj;h00;3;N
02-o2_02-edg_03-tour_03-lau2_07-day_05-300+_03-frt-1003_01-sng_00-n_00-n_00-n_00-n_00-n_00-n;1003;0;41712;0;N;554961;555169;1;3051;0;OS_KV-PO_2;20140314xFri;01_Karlovy Vary_Horní Blatná;Karlovarský kraj;h00;4;N
02-o2_02-edg_03-tour_03-lau2_07-day_05-300+_03-frt-1003_01-sng_00-n_00-n_00-n_00-n_00-n_00-n;1003;0;41723;0;N;554961;555169;1;3051;0;OS_KV-PO_2;20140325xTue;01_Karlovy Vary_Horní Blatná;Karlovarský kraj;h00;1;N
02-o2_02-edg_03-tour_03-lau2_07-day_05-300+_03-frt-1003_01-sng_00-n_00-n_00-n_00-n_00-n_00-n;1003;0;41713;0;N;554961;555169;1;3051;0;OS_KV-PO_2;20140315xSat;01_Karlovy Vary_Horní Blatná;Karlovarský kraj;h00;4;N
02-o2_02-edg_03-tour_03-lau2_07-day_05-300+_03-frt-1003_01-sng_00-n_00-n_00-n_00-n_00-n_00-n;1003;0;41714;0;N;554961;555169;1;3051;0;OS_KV-PO_2;20140316xSun;01_Karlovy Vary_Horní Blatná;Karlovarský kraj;h00;4;N
02-o2_02-edg_03-tour_03-lau2_07-day_05-300+_03-frt-1003_01-sng_00-n_00-n_00-n_00-n_00-n_00-n;1003;0;41720;0;N;554961;555169;1;3051;0;OS_KV-PO_2;20140322xSat;01_Karlovy Vary_Horní Blatná;Karlovarský kraj;h00;4;N
02-o2_02-edg_03-tour_03-lau2_07-day_05-300+_03-frt-1003_01-sng_00-n_00-n_00-n_00-n_00-n_00-n;1003;0;41719;0;N;554961;555169;1;3051;0;OS_KV-PO_2;20140321xFri;01_Karlovy Vary_Horní Blatná;Karlovarský kraj;h00;4;N
02-o2_02-edg_03-tour_03-lau2_07-day_05-300+_03-frt-1003_01-sng_00-n_00-n_00-n_00-n_00-n_00-n;1003;0;41717;0;N;554961;555169;1;3051;0;OS_KV-PO_2;20140319xWed;01_Karlovy Vary_Horní Blatná;Karlovarský kraj;h00;1;N
02-o2_02-edg_03-tour_03-lau2_07-day_05-300+_03-frt-1003_01-sng_00-n_00-n_00-n_00-n_00-n_00-n;1003;0;41713;0;N;554961;506494;1;3051;0;OS_KV-PO_2;20140315xSat;01_Karlovy Vary_Nové Hamry;Karlovarský kraj;h00;3;N
02-o2_02-edg_03-tour_03-lau2_07-day_05-300+_03-frt-1003_01-sng_00-n_00-n_00-n_00-n_00-n_00-n;1003;0;41712;0;N;554961;506494;1;3051;0;OS_KV-PO_2;20140314xFri;01_Karlovy Vary_Nové Hamry;Karlovarský kraj;h00;10;N
02-o2_02-edg_03-tour_03-lau2_07-day_05-300+_03-frt-1003_01-sng_00-n_00-n_00-n_00-n_00-n_00-n;1003;0;41716;0;N;554961;506494;1;3051;0;OS_KV-PO_2;20140318xTue;01_Karlovy Vary_Nové Hamry;Karlovarský kraj;h00;10;N
02-o2_02-edg_03-tour_03-lau2_07-day_05-300+_03-frt-1003_01-sng_00-n_00-n_00-n_00-n_00-n_00-n;1003;0;41717;0;N;554961;506494;1;3051;0;OS_KV-PO_2;20140319xWed;01_Karlovy Vary_Nové Hamry;Karlovarský kraj;h00;7;N
02-o2_02-edg_03-tour_03-lau2_07-day_05-300+_03-frt-1003_01-sng_00-n_00-n_00-n_00-n_00-n_00-n;1003;0;41715;0;N;554961;506494;1;3051;0;OS_KV-PO_2;20140317xMon;01_Karlovy Vary_Nové Hamry;Karlovarský kraj;h00;6;N
02-o2_02-edg_03-tour_03-lau2_07-day_05-300+_03-frt-1003_01-sng_00-n_00-n_00-n_00-n_00-n_00-n;1003;0;41711;0;N;554961;506494;1;3051;0;OS_KV-PO_2;20140313xThu;01_Karlovy Vary_Nové Hamry;Karlovarský kraj;h00;14;N
02-o2_02-edg_03-tour_03-lau2_07-day_05-300+_03-frt-1003_01-sng_00-n_00-n_00-n_00-n_00-n_00-n;1003;0;41722;0;N;554961;506494;1;3051;0;OS_KV-PO_2;20140324xMon;01_Karlovy Vary_Nové Hamry;Karlovarský kraj;h00;4;N
02-o2_02-edg_03-tour_03-lau2_07-day_05-300+_03-frt-1003_01-sng_00-n_00-n_00-n_00-n_00-n_00-n;1003;0;41720;0;N;554961;506494;1;3051;0;OS_KV-PO_2;20140322xSat;01_Karlovy Vary_Nové Hamry;Karlovarský kraj;h00;7;N
02-o2_02-edg_03-tour_03-lau2_07-day_05-300+_03-frt-1003_01-sng_00-n_00-n_00-n_00-n_00-n_00-n;1003;0;41714;0;N;554961;506494;1;3051;0;OS_KV-PO_2;20140316xSun;01_Karlovy Vary_Nové Hamry;Karlovarský kraj;h00;2;N
02-o2_02-edg_03-tour_03-lau2_07-day_05-300+_03-frt-1003_01-sng_00-n_00-n_00-n_00-n_00-n_00-n;1003;0;41719;0;N;554961;506494;1;3051;0;OS_KV-PO_2;20140321xFri;01_Karlovy Vary_Nové Hamry;Karlovarský kraj;h00;9;N
02-o2_02-edg_03-tour_03-lau2_07-day_05-300+_03-frt-1003_01-sng_00-n_00-n_00-n_00-n_00-n_00-n;1003;0;41710;0;N;554961;506494;1;3051;0;OS_KV-PO_2;20140312xWed;01_Karlovy Vary_Nové Hamry;Karlovarský kraj;h00;4;N
02-o2_02-edg_03-tour_03-lau2_07-day_05-300+_03-frt-1003_01-sng_00-n_00-n_00-n_00-n_00-n_00-n;1003;0;41718;0;N;554961;506494;1;3051;0;OS_KV-PO_2;20140320xThu;01_Karlovy Vary_Nové Hamry;Karlovarský kraj;h00;9;N
02-o2_02-edg_03-tour_03-lau2_07-day_05-300+_03-frt-1003_01-sng_00-n_00-n_00-n_00-n_00-n_00-n;1003;0;41721;0;N;554961;506494;1;3051;0;OS_KV-PO_2;20140323xSun;01_Karlovy Vary_Nové Hamry;Karlovarský kraj;h00;2;N
02-o2_02-edg_03-tour_03-lau2_07-day_05-300+_03-frt-1003_01-sng_00-n_00-n_00-n_00-n_00-n_00-n;1003;0;41723;0;N;554961;506494;1;3051;0;OS_KV-PO_2;20140325xTue;01_Karlovy Vary_Nové Hamry;Karlovarský kraj;h00;7;N
02-o2_02-edg_03-tour_03-lau2_07-day_05-300+_03-frt-1003_01-sng_00-n_00-n_00-n_00-n_00-n_00-n;1003;0;41724;0;N;554961;506494;1;3051;0;OS_KV-PO_2;20140326xWed;01_Karlovy Vary_Nové Hamry;Karlovarský kraj;h00;3;N
02-o2_02-edg_03-tour_03-lau2_07-day_05-300+_03-frt-1003_01-sng_00-n_00-n_00-n_00-n_00-n_00-n;1003;0;41715;0;N;506494;555479;4;3051;0;OS_KV-PO_2;20140317xMon;04_Nové Hamry_Potůčky;Karlovarský kraj;h00;1;N
02-o2_02-edg_03-tour_03-lau2_07-day_05-300+_03-frt-1003_01-sng_00-n_00-n_00-n_00-n_00-n_00-n;1003;0;41712;0;N;506494;555452;4;3051;0;OS_KV-PO_2;20140314xFri;04_Nové Hamry_Pernink;Karlovarský kraj;h00;2;N
02-o2_02-edg_03-tour_03-lau2_07-day_05-300+_03-frt-1003_01-sng_00-n_00-n_00-n_00-n_00-n_00-n;1003;0;41716;0;N;506494;555452;4;3051;0;OS_KV-PO_2;20140318xTue;04_Nové Hamry_Pernink;Karlovarský kraj;h00;1;N
02-o2_02-edg_03-tour_03-lau2_07-day_05-300+_03-frt-1003_01-sng_00-n_00-n_00-n_00-n_00-n_00-n;1003;0;41721;0;N;506494;555452;4;3051;0;OS_KV-PO_2;20140323xSun;04_Nové Hamry_Pernink;Karlovarský kraj;h00;1;N
02-o2_02-edg_03-tour_03-lau2_07-day_05-300+_03-frt-1003_01-sng_00-n_00-n_00-n_00-n_00-n_00-n;1003;0;41722;0;N;506494;555169;4;3051;0;OS_KV-PO_2;20140324xMon;04_Nové Hamry_Horní Blatná;Karlovarský kraj;h00;1;N
02-o2_02-edg_03-tour_03-lau2_07-day_05-300+_03-frt-1003_01-sng_00-n_00-n_00-n_00-n_00-n_00-n;1003;0;41711;0;N;506494;555169;4;3051;0;OS_KV-PO_2;20140313xThu;04_Nové Hamry_Horní Blatná;Karlovarský kraj;h00;1;N
02-o2_02-edg_03-tour_03-lau2_07-day_05-300+_03-frt-1003_01-sng_00-n_00-n_00-n_00-n_00-n_00-n;1003;0;41712;0;N;506494;555169;4;3051;0;OS_KV-PO_2;20140314xFri;04_Nové Hamry_Horní Blatná;Karlovarský kraj;h00;1;N
