02-o2_01-ver_03-tour_03-lau2_07-day_03-60_03-frt-1003_01-sng_00-n_00-n_00-n_00-n_00-n_00-n;1003;0;41710;0;N;506494;N;4;3051;0;OS_KV-PO_2;20140312xWed;4_Nové Hamry;Karlovarský kraj;h00;6;83
02-o2_01-ver_03-tour_03-lau2_07-day_03-60_03-frt-1003_01-sng_00-n_00-n_00-n_00-n_00-n_00-n;1003;0;41710;0;N;554961;N;1;3051;0;OS_KV-PO_2;20140312xWed;1_Karlovy Vary;Karlovarský kraj;h00;872;0
02-o2_01-ver_03-tour_03-lau2_07-day_03-60_03-frt-1003_01-sng_00-n_00-n_00-n_00-n_00-n_00-n;1003;0;41710;0;N;555169;N;6;3051;0;OS_KV-PO_2;20140312xWed;6_Horní Blatná;Karlovarský kraj;h00;16;20
02-o2_01-ver_03-tour_03-lau2_07-day_03-60_03-frt-1003_01-sng_00-n_00-n_00-n_00-n_00-n_00-n;1003;0;41710;0;N;555380;N;3;3051;0;OS_KV-PO_2;20140312xWed;3_Nejdek;Karlovarský kraj;h00;92;346
02-o2_01-ver_03-tour_03-lau2_07-day_03-60_03-frt-1003_01-sng_00-n_00-n_00-n_00-n_00-n_00-n;1003;0;41710;0;N;555398;N;2;3051;0;OS_KV-PO_2;20140312xWed;2_Nová Role;Karlovarský kraj;h00;100;572
02-o2_01-ver_03-tour_03-lau2_07-day_03-60_03-frt-1003_01-sng_00-n_00-n_00-n_00-n_00-n_00-n;1003;0;41710;0;N;555452;N;5;3051;0;OS_KV-PO_2;20140312xWed;5_Pernink;Karlovarský kraj;h00;26;21
02-o2_01-ver_03-tour_03-lau2_07-day_03-60_03-frt-1003_01-sng_00-n_00-n_00-n_00-n_00-n_00-n;1003;0;41710;0;N;555479;N;7;3051;0;OS_KV-PO_2;20140312xWed;7_Potůčky;Karlovarský kraj;h00;0;70
02-o2_01-ver_03-tour_03-lau2_07-day_03-60_03-frt-1003_01-sng_00-n_00-n_00-n_00-n_00-n_00-n;1003;0;41711;0;N;506494;N;4;3051;0;OS_KV-PO_2;20140313xThu;4_Nové Hamry;Karlovarský kraj;h00;10;127
02-o2_01-ver_03-tour_03-lau2_07-day_03-60_03-frt-1003_01-sng_00-n_00-n_00-n_00-n_00-n_00-n;1003;0;41711;0;N;554961;N;1;3051;0;OS_KV-PO_2;20140313xThu;1_Karlovy Vary;Karlovarský kraj;h00;1247;0
02-o2_01-ver_03-tour_03-lau2_07-day_03-60_03-frt-1003_01-sng_00-n_00-n_00-n_00-n_00-n_00-n;1003;0;41711;0;N;555169;N;6;3051;0;OS_KV-PO_2;20140313xThu;6_Horní Blatná;Karlovarský kraj;h00;22;46
02-o2_01-ver_03-tour_03-lau2_07-day_03-60_03-frt-1003_01-sng_00-n_00-n_00-n_00-n_00-n_00-n;1003;0;41711;0;N;555380;N;3;3051;0;OS_KV-PO_2;20140313xThu;3_Nejdek;Karlovarský kraj;h00;112;472
02-o2_01-ver_03-tour_03-lau2_07-day_03-60_03-frt-1003_01-sng_00-n_00-n_00-n_00-n_00-n_00-n;1003;0;41711;0;N;555398;N;2;3051;0;OS_KV-PO_2;20140313xThu;2_Nová Role;Karlovarský kraj;h00;156;795
02-o2_01-ver_03-tour_03-lau2_07-day_03-60_03-frt-1003_01-sng_00-n_00-n_00-n_00-n_00-n_00-n;1003;0;41711;0;N;555452;N;5;3051;0;OS_KV-PO_2;20140313xThu;5_Pernink;Karlovarský kraj;h00;48;52
02-o2_01-ver_03-tour_03-lau2_07-day_03-60_03-frt-1003_01-sng_00-n_00-n_00-n_00-n_00-n_00-n;1003;0;41711;0;N;555479;N;7;3051;0;OS_KV-PO_2;20140313xThu;7_Potůčky;Karlovarský kraj;h00;0;103
02-o2_01-ver_03-tour_03-lau2_07-day_03-60_03-frt-1003_01-sng_00-n_00-n_00-n_00-n_00-n_00-n;1003;0;41712;0;N;506494;N;4;3051;0;OS_KV-PO_2;20140314xFri;4_Nové Hamry;Karlovarský kraj;h00;11;200
02-o2_01-ver_03-tour_03-lau2_07-day_03-60_03-frt-1003_01-sng_00-n_00-n_00-n_00-n_00-n_00-n;1003;0;41712;0;N;554961;N;1;3051;0;OS_KV-PO_2;20140314xFri;1_Karlovy Vary;Karlovarský kraj;h00;1646;0
02-o2_01-ver_03-tour_03-lau2_07-day_03-60_03-frt-1003_01-sng_00-n_00-n_00-n_00-n_00-n_00-n;1003;0;41712;0;N;555169;N;6;3051;0;OS_KV-PO_2;20140314xFri;6_Horní Blatná;Karlovarský kraj;h00;49;69
02-o2_01-ver_03-tour_03-lau2_07-day_03-60_03-frt-1003_01-sng_00-n_00-n_00-n_00-n_00-n_00-n;1003;0;41712;0;N;555380;N;3;3051;0;OS_KV-PO_2;20140314xFri;3_Nejdek;Karlovarský kraj;h00;199;588
02-o2_01-ver_03-tour_03-lau2_07-day_03-60_03-frt-1003_01-sng_00-n_00-n_00-n_00-n_00-n_00-n;1003;0;41712;0;N;555398;N;2;3051;0;OS_KV-PO_2;20140314xFri;2_Nová Role;Karlovarský kraj;h00;263;1153
02-o2_01-ver_03-tour_03-lau2_07-day_03-60_03-frt-1003_01-sng_00-n_00-n_00-n_00-n_00-n_00-n;1003;0;41712;0;N;555452;N;5;3051;0;OS_KV-PO_2;20140314xFri;5_Pernink;Karlovarský kraj;h00;67;78
02-o2_01-ver_03-tour_03-lau2_07-day_03-60_03-frt-1003_01-sng_00-n_00-n_00-n_00-n_00-n_00-n;1003;0;41712;0;N;555479;N;7;3051;0;OS_KV-PO_2;20140314xFri;7_Potůčky;Karlovarský kraj;h00;0;147
02-o2_01-ver_03-tour_03-lau2_07-day_03-60_03-frt-1003_01-sng_00-n_00-n_00-n_00-n_00-n_00-n;1003;0;41713;0;N;506494;N;4;3051;0;OS_KV-PO_2;20140315xSat;4_Nové Hamry;Karlovarský kraj;h00;7;86
02-o2_01-ver_03-tour_03-lau2_07-day_03-60_03-frt-1003_01-sng_00-n_00-n_00-n_00-n_00-n_00-n;1003;0;41713;0;N;554961;N;1;3051;0;OS_KV-PO_2;20140315xSat;1_Karlovy Vary;Karlovarský kraj;h00;985;0
02-o2_01-ver_03-tour_03-lau2_07-day_03-60_03-frt-1003_01-sng_00-n_00-n_00-n_00-n_00-n_00-n;1003;0;41713;0;N;555169;N;6;3051;0;OS_KV-PO_2;20140315xSat;6_Horní Blatná;Karlovarský kraj;h00;37;39
02-o2_01-ver_03-tour_03-lau2_07-day_03-60_03-frt-1003_01-sng_00-n_00-n_00-n_00-n_00-n_00-n;1003;0;41713;0;N;555380;N;3;3051;0;OS_KV-PO_2;20140315xSat;3_Nejdek;Karlovarský kraj;h00;94;393
02-o2_01-ver_03-tour_03-lau2_07-day_03-60_03-frt-1003_01-sng_00-n_00-n_00-n_00-n_00-n_00-n;1003;0;41713;0;N;555398;N;2;3051;0;OS_KV-PO_2;20140315xSat;2_Nová Role;Karlovarský kraj;h00;112;617
02-o2_01-ver_03-tour_03-lau2_07-day_03-60_03-frt-1003_01-sng_00-n_00-n_00-n_00-n_00-n_00-n;1003;0;41713;0;N;555452;N;5;3051;0;OS_KV-PO_2;20140315xSat;5_Pernink;Karlovarský kraj;h00;44;39
02-o2_01-ver_03-tour_03-lau2_07-day_03-60_03-frt-1003_01-sng_00-n_00-n_00-n_00-n_00-n_00-n;1003;0;41713;0;N;555479;N;7;3051;0;OS_KV-PO_2;20140315xSat;7_Potůčky;Karlovarský kraj;h00;0;105
02-o2_01-ver_03-tour_03-lau2_07-day_03-60_03-frt-1003_01-sng_00-n_00-n_00-n_00-n_00-n_00-n;1003;0;41714;0;N;506494;N;4;3051;0;OS_KV-PO_2;20140316xSun;4_Nové Hamry;Karlovarský kraj;h00;5;47
02-o2_01-ver_03-tour_03-lau2_07-day_03-60_03-frt-1003_01-sng_00-n_00-n_00-n_00-n_00-n_00-n;1003;0;41714;0;N;554961;N;1;3051;0;OS_KV-PO_2;20140316xSun;1_Karlovy Vary;Karlovarský kraj;h00;530;0
02-o2_01-ver_03-tour_03-lau2_07-day_03-60_03-frt-1003_01-sng_00-n_00-n_00-n_00-n_00-n_00-n;1003;0;41714;0;N;555169;N;6;3051;0;OS_KV-PO_2;20140316xSun;6_Horní Blatná;Karlovarský kraj;h00;27;18
02-o2_01-ver_03-tour_03-lau2_07-day_03-60_03-frt-1003_01-sng_00-n_00-n_00-n_00-n_00-n_00-n;1003;0;41714;0;N;555380;N;3;3051;0;OS_KV-PO_2;20140316xSun;3_Nejdek;Karlovarský kraj;h00;51;202
02-o2_01-ver_03-tour_03-lau2_07-day_03-60_03-frt-1003_01-sng_00-n_00-n_00-n_00-n_00-n_00-n;1003;0;41714;0;N;555398;N;2;3051;0;OS_KV-PO_2;20140316xSun;2_Nová Role;Karlovarský kraj;h00;62;330
02-o2_01-ver_03-tour_03-lau2_07-day_03-60_03-frt-1003_01-sng_00-n_00-n_00-n_00-n_00-n_00-n;1003;0;41714;0;N;555452;N;5;3051;0;OS_KV-PO_2;20140316xSun;5_Pernink;Karlovarský kraj;h00;29;20
02-o2_01-ver_03-tour_03-lau2_07-day_03-60_03-frt-1003_01-sng_00-n_00-n_00-n_00-n_00-n_00-n;1003;0;41714;0;N;555479;N;7;3051;0;OS_KV-PO_2;20140316xSun;7_Potůčky;Karlovarský kraj;h00;0;87
02-o2_01-ver_03-tour_03-lau2_07-day_03-60_03-frt-1003_01-sng_00-n_00-n_00-n_00-n_00-n_00-n;1003;0;41715;0;N;506494;N;4;3051;0;OS_KV-PO_2;20140317xMon;4_Nové Hamry;Karlovarský kraj;h00;5;123
02-o2_01-ver_03-tour_03-lau2_07-day_03-60_03-frt-1003_01-sng_00-n_00-n_00-n_00-n_00-n_00-n;1003;0;41715;0;N;554961;N;1;3051;0;OS_KV-PO_2;20140317xMon;1_Karlovy Vary;Karlovarský kraj;h00;1417;0
02-o2_01-ver_03-tour_03-lau2_07-day_03-60_03-frt-1003_01-sng_00-n_00-n_00-n_00-n_00-n_00-n;1003;0;41715;0;N;555169;N;6;3051;0;OS_KV-PO_2;20140317xMon;6_Horní Blatná;Karlovarský kraj;h00;20;36
02-o2_01-ver_03-tour_03-lau2_07-day_03-60_03-frt-1003_01-sng_00-n_00-n_00-n_00-n_00-n_00-n;1003;0;41715;0;N;555380;N;3;3051;0;OS_KV-PO_2;20140317xMon;3_Nejdek;Karlovarský kraj;h00;128;542
02-o2_01-ver_03-tour_03-lau2_07-day_03-60_03-frt-1003_01-sng_00-n_00-n_00-n_00-n_00-n_00-n;1003;0;41715;0;N;555398;N;2;3051;0;OS_KV-PO_2;20140317xMon;2_Nová Role;Karlovarský kraj;h00;194;988
02-o2_01-ver_03-tour_03-lau2_07-day_03-60_03-frt-1003_01-sng_00-n_00-n_00-n_00-n_00-n_00-n;1003;0;41715;0;N;555452;N;5;3051;0;OS_KV-PO_2;20140317xMon;5_Pernink;Karlovarský kraj;h00;39;35
02-o2_01-ver_03-tour_03-lau2_07-day_03-60_03-frt-1003_01-sng_00-n_00-n_00-n_00-n_00-n_00-n;1003;0;41715;0;N;555479;N;7;3051;0;OS_KV-PO_2;20140317xMon;7_Potůčky;Karlovarský kraj;h00;0;79
02-o2_01-ver_03-tour_03-lau2_07-day_03-60_03-frt-1003_01-sng_00-n_00-n_00-n_00-n_00-n_00-n;1003;0;41716;0;N;506494;N;4;3051;0;OS_KV-PO_2;20140318xTue;4_Nové Hamry;Karlovarský kraj;h00;4;157
02-o2_01-ver_03-tour_03-lau2_07-day_03-60_03-frt-1003_01-sng_00-n_00-n_00-n_00-n_00-n_00-n;1003;0;41716;0;N;554961;N;1;3051;0;OS_KV-PO_2;20140318xTue;1_Karlovy Vary;Karlovarský kraj;h00;1537;0
02-o2_01-ver_03-tour_03-lau2_07-day_03-60_03-frt-1003_01-sng_00-n_00-n_00-n_00-n_00-n_00-n;1003;0;41716;0;N;555169;N;6;3051;0;OS_KV-PO_2;20140318xTue;6_Horní Blatná;Karlovarský kraj;h00;32;44
02-o2_01-ver_03-tour_03-lau2_07-day_03-60_03-frt-1003_01-sng_00-n_00-n_00-n_00-n_00-n_00-n;1003;0;41716;0;N;555380;N;3;3051;0;OS_KV-PO_2;20140318xTue;3_Nejdek;Karlovarský kraj;h00;169;612
02-o2_01-ver_03-tour_03-lau2_07-day_03-60_03-frt-1003_01-sng_00-n_00-n_00-n_00-n_00-n_00-n;1003;0;41716;0;N;555398;N;2;3051;0;OS_KV-PO_2;20140318xTue;2_Nová Role;Karlovarský kraj;h00;254;1101
02-o2_01-ver_03-tour_03-lau2_07-day_03-60_03-frt-1003_01-sng_00-n_00-n_00-n_00-n_00-n_00-n;1003;0;41716;0;N;555452;N;5;3051;0;OS_KV-PO_2;20140318xTue;5_Pernink;Karlovarský kraj;h00;63;39
02-o2_01-ver_03-tour_03-lau2_07-day_03-60_03-frt-1003_01-sng_00-n_00-n_00-n_00-n_00-n_00-n;1003;0;41716;0;N;555479;N;7;3051;0;OS_KV-PO_2;20140318xTue;7_Potůčky;Karlovarský kraj;h00;0;106
02-o2_01-ver_03-tour_03-lau2_07-day_03-60_03-frt-1003_01-sng_00-n_00-n_00-n_00-n_00-n_00-n;1003;0;41717;0;N;506494;N;4;3051;0;OS_KV-PO_2;20140319xWed;4_Nové Hamry;Karlovarský kraj;h00;2;188
02-o2_01-ver_03-tour_03-lau2_07-day_03-60_03-frt-1003_01-sng_00-n_00-n_00-n_00-n_00-n_00-n;1003;0;41717;0;N;554961;N;1;3051;0;OS_KV-PO_2;20140319xWed;1_Karlovy Vary;Karlovarský kraj;h00;1747;0
02-o2_01-ver_03-tour_03-lau2_07-day_03-60_03-frt-1003_01-sng_00-n_00-n_00-n_00-n_00-n_00-n;1003;0;41717;0;N;555169;N;6;3051;0;OS_KV-PO_2;20140319xWed;6_Horní Blatná;Karlovarský kraj;h00;41;46
02-o2_01-ver_03-tour_03-lau2_07-day_03-60_03-frt-1003_01-sng_00-n_00-n_00-n_00-n_00-n_00-n;1003;0;41717;0;N;555380;N;3;3051;0;OS_KV-PO_2;20140319xWed;3_Nejdek;Karlovarský kraj;h00;201;669
02-o2_01-ver_03-tour_03-lau2_07-day_03-60_03-frt-1003_01-sng_00-n_00-n_00-n_00-n_00-n_00-n;1003;0;41717;0;N;555398;N;2;3051;0;OS_KV-PO_2;20140319xWed;2_Nová Role;Karlovarský kraj;h00;287;1249
02-o2_01-ver_03-tour_03-lau2_07-day_03-60_03-frt-1003_01-sng_00-n_00-n_00-n_00-n_00-n_00-n;1003;0;41717;0;N;555452;N;5;3051;0;OS_KV-PO_2;20140319xWed;5_Pernink;Karlovarský kraj;h00;64;52
02-o2_01-ver_03-tour_03-lau2_07-day_03-60_03-frt-1003_01-sng_00-n_00-n_00-n_00-n_00-n_00-n;1003;0;41717;0;N;555479;N;7;3051;0;OS_KV-PO_2;20140319xWed;7_Potůčky;Karlovarský kraj;h00;0;138
02-o2_01-ver_03-tour_03-lau2_07-day_03-60_03-frt-1003_01-sng_00-n_00-n_00-n_00-n_00-n_00-n;1003;0;41718;0;N;506494;N;4;3051;0;OS_KV-PO_2;20140320xThu;4_Nové Hamry;Karlovarský kraj;h00;2;176
02-o2_01-ver_03-tour_03-lau2_07-day_03-60_03-frt-1003_01-sng_00-n_00-n_00-n_00-n_00-n_00-n;1003;0;41718;0;N;554961;N;1;3051;0;OS_KV-PO_2;20140320xThu;1_Karlovy Vary;Karlovarský kraj;h00;1779;0
02-o2_01-ver_03-tour_03-lau2_07-day_03-60_03-frt-1003_01-sng_00-n_00-n_00-n_00-n_00-n_00-n;1003;0;41718;0;N;555169;N;6;3051;0;OS_KV-PO_2;20140320xThu;6_Horní Blatná;Karlovarský kraj;h00;45;53
02-o2_01-ver_03-tour_03-lau2_07-day_03-60_03-frt-1003_01-sng_00-n_00-n_00-n_00-n_00-n_00-n;1003;0;41718;0;N;555380;N;3;3051;0;OS_KV-PO_2;20140320xThu;3_Nejdek;Karlovarský kraj;h00;189;696
02-o2_01-ver_03-tour_03-lau2_07-day_03-60_03-frt-1003_01-sng_00-n_00-n_00-n_00-n_00-n_00-n;1003;0;41718;0;N;555398;N;2;3051;0;OS_KV-PO_2;20140320xThu;2_Nová Role;Karlovarský kraj;h00;330;1307
02-o2_01-ver_03-tour_03-lau2_07-day_03-60_03-frt-1003_01-sng_00-n_00-n_00-n_00-n_00-n_00-n;1003;0;41718;0;N;555452;N;5;3051;0;OS_KV-PO_2;20140320xThu;5_Pernink;Karlovarský kraj;h00;66;46
02-o2_01-ver_03-tour_03-lau2_07-day_03-60_03-frt-1003_01-sng_00-n_00-n_00-n_00-n_00-n_00-n;1003;0;41718;0;N;555479;N;7;3051;0;OS_KV-PO_2;20140320xThu;7_Potůčky;Karlovarský kraj;h00;0;133
02-o2_01-ver_03-tour_03-lau2_07-day_03-60_03-frt-1003_01-sng_00-n_00-n_00-n_00-n_00-n_00-n;1003;0;41719;0;N;506494;N;4;3051;0;OS_KV-PO_2;20140321xFri;4_Nové Hamry;Karlovarský kraj;h00;2;107
02-o2_01-ver_03-tour_03-lau2_07-day_03-60_03-frt-1003_01-sng_00-n_00-n_00-n_00-n_00-n_00-n;1003;0;41719;0;N;554961;N;1;3051;0;OS_KV-PO_2;20140321xFri;1_Karlovy Vary;Karlovarský kraj;h00;1165;0
02-o2_01-ver_03-tour_03-lau2_07-day_03-60_03-frt-1003_01-sng_00-n_00-n_00-n_00-n_00-n_00-n;1003;0;41719;0;N;555169;N;6;3051;0;OS_KV-PO_2;20140321xFri;6_Horní Blatná;Karlovarský kraj;h00;35;40
02-o2_01-ver_03-tour_03-lau2_07-day_03-60_03-frt-1003_01-sng_00-n_00-n_00-n_00-n_00-n_00-n;1003;0;41719;0;N;555380;N;3;3051;0;OS_KV-PO_2;20140321xFri;3_Nejdek;Karlovarský kraj;h00;98;477
02-o2_01-ver_03-tour_03-lau2_07-day_03-60_03-frt-1003_01-sng_00-n_00-n_00-n_00-n_00-n_00-n;1003;0;41719;0;N;555398;N;2;3051;0;OS_KV-PO_2;20140321xFri;2_Nová Role;Karlovarský kraj;h00;153;730
02-o2_01-ver_03-tour_03-lau2_07-day_03-60_03-frt-1003_01-sng_00-n_00-n_00-n_00-n_00-n_00-n;1003;0;41719;0;N;555452;N;5;3051;0;OS_KV-PO_2;20140321xFri;5_Pernink;Karlovarský kraj;h00;44;39
02-o2_01-ver_03-tour_03-lau2_07-day_03-60_03-frt-1003_01-sng_00-n_00-n_00-n_00-n_00-n_00-n;1003;0;41719;0;N;555479;N;7;3051;0;OS_KV-PO_2;20140321xFri;7_Potůčky;Karlovarský kraj;h00;0;104
02-o2_01-ver_03-tour_03-lau2_07-day_03-60_03-frt-1003_01-sng_00-n_00-n_00-n_00-n_00-n_00-n;1003;0;41720;0;N;506494;N;4;3051;0;OS_KV-PO_2;20140322xSat;4_Nové Hamry;Karlovarský kraj;h00;6;115
02-o2_01-ver_03-tour_03-lau2_07-day_03-60_03-frt-1003_01-sng_00-n_00-n_00-n_00-n_00-n_00-n;1003;0;41720;0;N;554961;N;1;3051;0;OS_KV-PO_2;20140322xSat;1_Karlovy Vary;Karlovarský kraj;h00;1077;0
02-o2_01-ver_03-tour_03-lau2_07-day_03-60_03-frt-1003_01-sng_00-n_00-n_00-n_00-n_00-n_00-n;1003;0;41720;0;N;555169;N;6;3051;0;OS_KV-PO_2;20140322xSat;6_Horní Blatná;Karlovarský kraj;h00;37;39
02-o2_01-ver_03-tour_03-lau2_07-day_03-60_03-frt-1003_01-sng_00-n_00-n_00-n_00-n_00-n_00-n;1003;0;41720;0;N;555380;N;3;3051;0;OS_KV-PO_2;20140322xSat;3_Nejdek;Karlovarský kraj;h00;123;407
02-o2_01-ver_03-tour_03-lau2_07-day_03-60_03-frt-1003_01-sng_00-n_00-n_00-n_00-n_00-n_00-n;1003;0;41720;0;N;555398;N;2;3051;0;OS_KV-PO_2;20140322xSat;2_Nová Role;Karlovarský kraj;h00;160;748
02-o2_01-ver_03-tour_03-lau2_07-day_03-60_03-frt-1003_01-sng_00-n_00-n_00-n_00-n_00-n_00-n;1003;0;41720;0;N;555452;N;5;3051;0;OS_KV-PO_2;20140322xSat;5_Pernink;Karlovarský kraj;h00;44;33
02-o2_01-ver_03-tour_03-lau2_07-day_03-60_03-frt-1003_01-sng_00-n_00-n_00-n_00-n_00-n_00-n;1003;0;41720;0;N;555479;N;7;3051;0;OS_KV-PO_2;20140322xSat;7_Potůčky;Karlovarský kraj;h00;0;105
02-o2_01-ver_03-tour_03-lau2_07-day_03-60_03-frt-1003_01-sng_00-n_00-n_00-n_00-n_00-n_00-n;1003;0;41721;0;N;506494;N;4;3051;0;OS_KV-PO_2;20140323xSun;4_Nové Hamry;Karlovarský kraj;h00;2;90
02-o2_01-ver_03-tour_03-lau2_07-day_03-60_03-frt-1003_01-sng_00-n_00-n_00-n_00-n_00-n_00-n;1003;0;41721;0;N;554961;N;1;3051;0;OS_KV-PO_2;20140323xSun;1_Karlovy Vary;Karlovarský kraj;h00;932;0
02-o2_01-ver_03-tour_03-lau2_07-day_03-60_03-frt-1003_01-sng_00-n_00-n_00-n_00-n_00-n_00-n;1003;0;41721;0;N;555169;N;6;3051;0;OS_KV-PO_2;20140323xSun;6_Horní Blatná;Karlovarský kraj;h00;36;23
02-o2_01-ver_03-tour_03-lau2_07-day_03-60_03-frt-1003_01-sng_00-n_00-n_00-n_00-n_00-n_00-n;1003;0;41721;0;N;555380;N;3;3051;0;OS_KV-PO_2;20140323xSun;3_Nejdek;Karlovarský kraj;h00;97;301
02-o2_01-ver_03-tour_03-lau2_07-day_03-60_03-frt-1003_01-sng_00-n_00-n_00-n_00-n_00-n_00-n;1003;0;41721;0;N;555398;N;2;3051;0;OS_KV-PO_2;20140323xSun;2_Nová Role;Karlovarský kraj;h00;136;694
02-o2_01-ver_03-tour_03-lau2_07-day_03-60_03-frt-1003_01-sng_00-n_00-n_00-n_00-n_00-n_00-n;1003;0;41721;0;N;555452;N;5;3051;0;OS_KV-PO_2;20140323xSun;5_Pernink;Karlovarský kraj;h00;38;21
02-o2_01-ver_03-tour_03-lau2_07-day_03-60_03-frt-1003_01-sng_00-n_00-n_00-n_00-n_00-n_00-n;1003;0;41721;0;N;555479;N;7;3051;0;OS_KV-PO_2;20140323xSun;7_Potůčky;Karlovarský kraj;h00;0;112
02-o2_01-ver_03-tour_03-lau2_07-day_03-60_03-frt-1003_01-sng_00-n_00-n_00-n_00-n_00-n_00-n;1003;0;41722;0;N;506494;N;4;3051;0;OS_KV-PO_2;20140324xMon;4_Nové Hamry;Karlovarský kraj;h00;2;131
02-o2_01-ver_03-tour_03-lau2_07-day_03-60_03-frt-1003_01-sng_00-n_00-n_00-n_00-n_00-n_00-n;1003;0;41722;0;N;554961;N;1;3051;0;OS_KV-PO_2;20140324xMon;1_Karlovy Vary;Karlovarský kraj;h00;1614;0
02-o2_01-ver_03-tour_03-lau2_07-day_03-60_03-frt-1003_01-sng_00-n_00-n_00-n_00-n_00-n_00-n;1003;0;41722;0;N;555169;N;6;3051;0;OS_KV-PO_2;20140324xMon;6_Horní Blatná;Karlovarský kraj;h00;41;31
02-o2_01-ver_03-tour_03-lau2_07-day_03-60_03-frt-1003_01-sng_00-n_00-n_00-n_00-n_00-n_00-n;1003;0;41722;0;N;555380;N;3;3051;0;OS_KV-PO_2;20140324xMon;3_Nejdek;Karlovarský kraj;h00;146;637
02-o2_01-ver_03-tour_03-lau2_07-day_03-60_03-frt-1003_01-sng_00-n_00-n_00-n_00-n_00-n_00-n;1003;0;41722;0;N;555398;N;2;3051;0;OS_KV-PO_2;20140324xMon;2_Nová Role;Karlovarský kraj;h00;285;1167
02-o2_01-ver_03-tour_03-lau2_07-day_03-60_03-frt-1003_01-sng_00-n_00-n_00-n_00-n_00-n_00-n;1003;0;41722;0;N;555452;N;5;3051;0;OS_KV-PO_2;20140324xMon;5_Pernink;Karlovarský kraj;h00;52;41
02-o2_01-ver_03-tour_03-lau2_07-day_03-60_03-frt-1003_01-sng_00-n_00-n_00-n_00-n_00-n_00-n;1003;0;41722;0;N;555479;N;7;3051;0;OS_KV-PO_2;20140324xMon;7_Potůčky;Karlovarský kraj;h00;0;133
02-o2_01-ver_03-tour_03-lau2_07-day_03-60_03-frt-1003_01-sng_00-n_00-n_00-n_00-n_00-n_00-n;1003;0;41723;0;N;506494;N;4;3051;0;OS_KV-PO_2;20140325xTue;4_Nové Hamry;Karlovarský kraj;h00;1;132
02-o2_01-ver_03-tour_03-lau2_07-day_03-60_03-frt-1003_01-sng_00-n_00-n_00-n_00-n_00-n_00-n;1003;0;41723;0;N;554961;N;1;3051;0;OS_KV-PO_2;20140325xTue;1_Karlovy Vary;Karlovarský kraj;h00;1402;0
02-o2_01-ver_03-tour_03-lau2_07-day_03-60_03-frt-1003_01-sng_00-n_00-n_00-n_00-n_00-n_00-n;1003;0;41723;0;N;555169;N;6;3051;0;OS_KV-PO_2;20140325xTue;6_Horní Blatná;Karlovarský kraj;h00;41;42
02-o2_01-ver_03-tour_03-lau2_07-day_03-60_03-frt-1003_01-sng_00-n_00-n_00-n_00-n_00-n_00-n;1003;0;41723;0;N;555380;N;3;3051;0;OS_KV-PO_2;20140325xTue;3_Nejdek;Karlovarský kraj;h00;130;531
02-o2_01-ver_03-tour_03-lau2_07-day_03-60_03-frt-1003_01-sng_00-n_00-n_00-n_00-n_00-n_00-n;1003;0;41723;0;N;555398;N;2;3051;0;OS_KV-PO_2;20140325xTue;2_Nová Role;Karlovarský kraj;h00;242;1015
02-o2_01-ver_03-tour_03-lau2_07-day_03-60_03-frt-1003_01-sng_00-n_00-n_00-n_00-n_00-n_00-n;1003;0;41723;0;N;555452;N;5;3051;0;OS_KV-PO_2;20140325xTue;5_Pernink;Karlovarský kraj;h00;65;35
02-o2_01-ver_03-tour_03-lau2_07-day_03-60_03-frt-1003_01-sng_00-n_00-n_00-n_00-n_00-n_00-n;1003;0;41723;0;N;555479;N;7;3051;0;OS_KV-PO_2;20140325xTue;7_Potůčky;Karlovarský kraj;h00;0;126
02-o2_01-ver_03-tour_03-lau2_07-day_03-60_03-frt-1003_01-sng_00-n_00-n_00-n_00-n_00-n_00-n;1003;0;41724;0;N;506494;N;4;3051;0;OS_KV-PO_2;20140326xWed;4_Nové Hamry;Karlovarský kraj;h00;6;97
02-o2_01-ver_03-tour_03-lau2_07-day_03-60_03-frt-1003_01-sng_00-n_00-n_00-n_00-n_00-n_00-n;1003;0;41724;0;N;554961;N;1;3051;0;OS_KV-PO_2;20140326xWed;1_Karlovy Vary;Karlovarský kraj;h00;1566;0
02-o2_01-ver_03-tour_03-lau2_07-day_03-60_03-frt-1003_01-sng_00-n_00-n_00-n_00-n_00-n_00-n;1003;0;41724;0;N;555169;N;6;3051;0;OS_KV-PO_2;20140326xWed;6_Horní Blatná;Karlovarský kraj;h00;42;53
02-o2_01-ver_03-tour_03-lau2_07-day_03-60_03-frt-1003_01-sng_00-n_00-n_00-n_00-n_00-n_00-n;1003;0;41724;0;N;555380;N;3;3051;0;OS_KV-PO_2;20140326xWed;3_Nejdek;Karlovarský kraj;h00;112;618
02-o2_01-ver_03-tour_03-lau2_07-day_03-60_03-frt-1003_01-sng_00-n_00-n_00-n_00-n_00-n_00-n;1003;0;41724;0;N;555398;N;2;3051;0;OS_KV-PO_2;20140326xWed;2_Nová Role;Karlovarský kraj;h00;279;1128
02-o2_01-ver_03-tour_03-lau2_07-day_03-60_03-frt-1003_01-sng_00-n_00-n_00-n_00-n_00-n_00-n;1003;0;41724;0;N;555452;N;5;3051;0;OS_KV-PO_2;20140326xWed;5_Pernink;Karlovarský kraj;h00;64;43
02-o2_01-ver_03-tour_03-lau2_07-day_03-60_03-frt-1003_01-sng_00-n_00-n_00-n_00-n_00-n_00-n;1003;0;41724;0;N;555479;N;7;3051;0;OS_KV-PO_2;20140326xWed;7_Potůčky;Karlovarský kraj;h00;0;130
