02-o2_01-ver_02-vis_03-lau2_07-day_05-300+_08-frt-1008_01-sng_00-n_00-n_00-n_00-n_00-n_00-n;1008;0;41710;0;N;531057;N;9;3026;0;PM_PH-BE_2;20140312xWed;9_Beroun;Středočeský kraj;h00;0;125
02-o2_01-ver_02-vis_03-lau2_07-day_05-300+_08-frt-1008_01-sng_00-n_00-n_00-n_00-n_00-n_00-n;1008;0;41710;0;N;531316;N;7;3026;0;PM_PH-BE_2;20140312xWed;7_Karlštejn;Středočeský kraj;h00;16;18
02-o2_01-ver_02-vis_03-lau2_07-day_05-300+_08-frt-1008_01-sng_00-n_00-n_00-n_00-n_00-n_00-n;1008;0;41710;0;N;531758;N;8;3026;0;PM_PH-BE_2;20140312xWed;8_Srbsko;Středočeský kraj;h00;12;0
02-o2_01-ver_02-vis_03-lau2_07-day_05-300+_08-frt-1008_01-sng_00-n_00-n_00-n_00-n_00-n_00-n;1008;0;41710;0;N;531979;N;6;3026;0;PM_PH-BE_2;20140312xWed;6_Zadní Třebaň;Středočeský kraj;h00;12;18
02-o2_01-ver_02-vis_03-lau2_07-day_05-300+_08-frt-1008_01-sng_00-n_00-n_00-n_00-n_00-n_00-n;1008;0;41710;0;N;539139;N;2;3026;0;PM_PH-BE_2;20140312xWed;2_Černošice;Středočeský kraj;h00;63;72
02-o2_01-ver_02-vis_03-lau2_07-day_05-300+_08-frt-1008_01-sng_00-n_00-n_00-n_00-n_00-n_00-n;1008;0;41710;0;N;539198;N;4;3026;0;PM_PH-BE_2;20140312xWed;4_Dobřichovice;Středočeský kraj;h00;2;77
02-o2_01-ver_02-vis_03-lau2_07-day_05-300+_08-frt-1008_01-sng_00-n_00-n_00-n_00-n_00-n_00-n;1008;0;41710;0;N;539643;N;5;3026;0;PM_PH-BE_2;20140312xWed;5_Řevnice;Středočeský kraj;h00;20;7
02-o2_01-ver_02-vis_03-lau2_07-day_05-300+_08-frt-1008_01-sng_00-n_00-n_00-n_00-n_00-n_00-n;1008;0;41710;0;N;539856;N;3;3026;0;PM_PH-BE_2;20140312xWed;3_Všenory;Středočeský kraj;h00;71;75
02-o2_01-ver_02-vis_03-lau2_07-day_05-300+_08-frt-1008_01-sng_00-n_00-n_00-n_00-n_00-n_00-n;1008;0;41710;0;N;554782;N;1;3018;0;PM_PH-BE_2;20140312xWed;1_Praha;Hlavní město Praha;h00;196;0
02-o2_01-ver_02-vis_03-lau2_07-day_05-300+_08-frt-1008_01-sng_00-n_00-n_00-n_00-n_00-n_00-n;1008;0;41711;0;N;531057;N;9;3026;0;PM_PH-BE_2;20140313xThu;9_Beroun;Středočeský kraj;h00;0;129
02-o2_01-ver_02-vis_03-lau2_07-day_05-300+_08-frt-1008_01-sng_00-n_00-n_00-n_00-n_00-n_00-n;1008;0;41711;0;N;531316;N;7;3026;0;PM_PH-BE_2;20140313xThu;7_Karlštejn;Středočeský kraj;h00;9;14
02-o2_01-ver_02-vis_03-lau2_07-day_05-300+_08-frt-1008_01-sng_00-n_00-n_00-n_00-n_00-n_00-n;1008;0;41711;0;N;531758;N;8;3026;0;PM_PH-BE_2;20140313xThu;8_Srbsko;Středočeský kraj;h00;14;0
02-o2_01-ver_02-vis_03-lau2_07-day_05-300+_08-frt-1008_01-sng_00-n_00-n_00-n_00-n_00-n_00-n;1008;0;41711;0;N;531979;N;6;3026;0;PM_PH-BE_2;20140313xThu;6_Zadní Třebaň;Středočeský kraj;h00;8;13
02-o2_01-ver_02-vis_03-lau2_07-day_05-300+_08-frt-1008_01-sng_00-n_00-n_00-n_00-n_00-n_00-n;1008;0;41711;0;N;539139;N;2;3026;0;PM_PH-BE_2;20140313xThu;2_Černošice;Středočeský kraj;h00;89;149
02-o2_01-ver_02-vis_03-lau2_07-day_05-300+_08-frt-1008_01-sng_00-n_00-n_00-n_00-n_00-n_00-n;1008;0;41711;0;N;539198;N;4;3026;0;PM_PH-BE_2;20140313xThu;4_Dobřichovice;Středočeský kraj;h00;16;95
02-o2_01-ver_02-vis_03-lau2_07-day_05-300+_08-frt-1008_01-sng_00-n_00-n_00-n_00-n_00-n_00-n;1008;0;41711;0;N;539643;N;5;3026;0;PM_PH-BE_2;20140313xThu;5_Řevnice;Středočeský kraj;h00;12;18
02-o2_01-ver_02-vis_03-lau2_07-day_05-300+_08-frt-1008_01-sng_00-n_00-n_00-n_00-n_00-n_00-n;1008;0;41711;0;N;539856;N;3;3026;0;PM_PH-BE_2;20140313xThu;3_Všenory;Středočeský kraj;h00;88;102
02-o2_01-ver_02-vis_03-lau2_07-day_05-300+_08-frt-1008_01-sng_00-n_00-n_00-n_00-n_00-n_00-n;1008;0;41711;0;N;554782;N;1;3018;0;PM_PH-BE_2;20140313xThu;1_Praha;Hlavní město Praha;h00;284;0
02-o2_01-ver_02-vis_03-lau2_07-day_05-300+_08-frt-1008_01-sng_00-n_00-n_00-n_00-n_00-n_00-n;1008;0;41712;0;N;531057;N;9;3026;0;PM_PH-BE_2;20140314xFri;9_Beroun;Středočeský kraj;h00;0;141
02-o2_01-ver_02-vis_03-lau2_07-day_05-300+_08-frt-1008_01-sng_00-n_00-n_00-n_00-n_00-n_00-n;1008;0;41712;0;N;531316;N;7;3026;0;PM_PH-BE_2;20140314xFri;7_Karlštejn;Středočeský kraj;h00;12;8
02-o2_01-ver_02-vis_03-lau2_07-day_05-300+_08-frt-1008_01-sng_00-n_00-n_00-n_00-n_00-n_00-n;1008;0;41712;0;N;531758;N;8;3026;0;PM_PH-BE_2;20140314xFri;8_Srbsko;Středočeský kraj;h00;7;0
02-o2_01-ver_02-vis_03-lau2_07-day_05-300+_08-frt-1008_01-sng_00-n_00-n_00-n_00-n_00-n_00-n;1008;0;41712;0;N;531979;N;6;3026;0;PM_PH-BE_2;20140314xFri;6_Zadní Třebaň;Středočeský kraj;h00;3;23
02-o2_01-ver_02-vis_03-lau2_07-day_05-300+_08-frt-1008_01-sng_00-n_00-n_00-n_00-n_00-n_00-n;1008;0;41712;0;N;539139;N;2;3026;0;PM_PH-BE_2;20140314xFri;2_Černošice;Středočeský kraj;h00;108;73
02-o2_01-ver_02-vis_03-lau2_07-day_05-300+_08-frt-1008_01-sng_00-n_00-n_00-n_00-n_00-n_00-n;1008;0;41712;0;N;539198;N;4;3026;0;PM_PH-BE_2;20140314xFri;4_Dobřichovice;Středočeský kraj;h00;42;80
02-o2_01-ver_02-vis_03-lau2_07-day_05-300+_08-frt-1008_01-sng_00-n_00-n_00-n_00-n_00-n_00-n;1008;0;41712;0;N;539643;N;5;3026;0;PM_PH-BE_2;20140314xFri;5_Řevnice;Středočeský kraj;h00;18;33
02-o2_01-ver_02-vis_03-lau2_07-day_05-300+_08-frt-1008_01-sng_00-n_00-n_00-n_00-n_00-n_00-n;1008;0;41712;0;N;539856;N;3;3026;0;PM_PH-BE_2;20140314xFri;3_Všenory;Středočeský kraj;h00;49;117
02-o2_01-ver_02-vis_03-lau2_07-day_05-300+_08-frt-1008_01-sng_00-n_00-n_00-n_00-n_00-n_00-n;1008;0;41712;0;N;554782;N;1;3018;0;PM_PH-BE_2;20140314xFri;1_Praha;Hlavní město Praha;h00;236;0
02-o2_01-ver_02-vis_03-lau2_07-day_05-300+_08-frt-1008_01-sng_00-n_00-n_00-n_00-n_00-n_00-n;1008;0;41713;0;N;531057;N;9;3026;0;PM_PH-BE_2;20140315xSat;9_Beroun;Středočeský kraj;h00;0;136
02-o2_01-ver_02-vis_03-lau2_07-day_05-300+_08-frt-1008_01-sng_00-n_00-n_00-n_00-n_00-n_00-n;1008;0;41713;0;N;531316;N;7;3026;0;PM_PH-BE_2;20140315xSat;7_Karlštejn;Středočeský kraj;h00;9;12
02-o2_01-ver_02-vis_03-lau2_07-day_05-300+_08-frt-1008_01-sng_00-n_00-n_00-n_00-n_00-n_00-n;1008;0;41713;0;N;531758;N;8;3026;0;PM_PH-BE_2;20140315xSat;8_Srbsko;Středočeský kraj;h00;2;1
02-o2_01-ver_02-vis_03-lau2_07-day_05-300+_08-frt-1008_01-sng_00-n_00-n_00-n_00-n_00-n_00-n;1008;0;41713;0;N;531979;N;6;3026;0;PM_PH-BE_2;20140315xSat;6_Zadní Třebaň;Středočeský kraj;h00;1;19
02-o2_01-ver_02-vis_03-lau2_07-day_05-300+_08-frt-1008_01-sng_00-n_00-n_00-n_00-n_00-n_00-n;1008;0;41713;0;N;539139;N;2;3026;0;PM_PH-BE_2;20140315xSat;2_Černošice;Středočeský kraj;h00;102;235
02-o2_01-ver_02-vis_03-lau2_07-day_05-300+_08-frt-1008_01-sng_00-n_00-n_00-n_00-n_00-n_00-n;1008;0;41713;0;N;539198;N;4;3026;0;PM_PH-BE_2;20140315xSat;4_Dobřichovice;Středočeský kraj;h00;9;58
02-o2_01-ver_02-vis_03-lau2_07-day_05-300+_08-frt-1008_01-sng_00-n_00-n_00-n_00-n_00-n_00-n;1008;0;41713;0;N;539643;N;5;3026;0;PM_PH-BE_2;20140315xSat;5_Řevnice;Středočeský kraj;h00;16;9
02-o2_01-ver_02-vis_03-lau2_07-day_05-300+_08-frt-1008_01-sng_00-n_00-n_00-n_00-n_00-n_00-n;1008;0;41713;0;N;539856;N;3;3026;0;PM_PH-BE_2;20140315xSat;3_Všenory;Středočeský kraj;h00;42;112
02-o2_01-ver_02-vis_03-lau2_07-day_05-300+_08-frt-1008_01-sng_00-n_00-n_00-n_00-n_00-n_00-n;1008;0;41713;0;N;554782;N;1;3018;0;PM_PH-BE_2;20140315xSat;1_Praha;Hlavní město Praha;h00;401;0
02-o2_01-ver_02-vis_03-lau2_07-day_05-300+_08-frt-1008_01-sng_00-n_00-n_00-n_00-n_00-n_00-n;1008;0;41714;0;N;531057;N;9;3026;0;PM_PH-BE_2;20140316xSun;9_Beroun;Středočeský kraj;h00;0;57
02-o2_01-ver_02-vis_03-lau2_07-day_05-300+_08-frt-1008_01-sng_00-n_00-n_00-n_00-n_00-n_00-n;1008;0;41714;0;N;531316;N;7;3026;0;PM_PH-BE_2;20140316xSun;7_Karlštejn;Středočeský kraj;h00;3;4
02-o2_01-ver_02-vis_03-lau2_07-day_05-300+_08-frt-1008_01-sng_00-n_00-n_00-n_00-n_00-n_00-n;1008;0;41714;0;N;531979;N;6;3026;0;PM_PH-BE_2;20140316xSun;6_Zadní Třebaň;Středočeský kraj;h00;0;6
02-o2_01-ver_02-vis_03-lau2_07-day_05-300+_08-frt-1008_01-sng_00-n_00-n_00-n_00-n_00-n_00-n;1008;0;41714;0;N;539139;N;2;3026;0;PM_PH-BE_2;20140316xSun;2_Černošice;Středočeský kraj;h00;92;41
02-o2_01-ver_02-vis_03-lau2_07-day_05-300+_08-frt-1008_01-sng_00-n_00-n_00-n_00-n_00-n_00-n;1008;0;41714;0;N;539198;N;4;3026;0;PM_PH-BE_2;20140316xSun;4_Dobřichovice;Středočeský kraj;h00;2;96
02-o2_01-ver_02-vis_03-lau2_07-day_05-300+_08-frt-1008_01-sng_00-n_00-n_00-n_00-n_00-n_00-n;1008;0;41714;0;N;539643;N;5;3026;0;PM_PH-BE_2;20140316xSun;5_Řevnice;Středočeský kraj;h00;5;15
02-o2_01-ver_02-vis_03-lau2_07-day_05-300+_08-frt-1008_01-sng_00-n_00-n_00-n_00-n_00-n_00-n;1008;0;41714;0;N;539856;N;3;3026;0;PM_PH-BE_2;20140316xSun;3_Všenory;Středočeský kraj;h00;103;93
02-o2_01-ver_02-vis_03-lau2_07-day_05-300+_08-frt-1008_01-sng_00-n_00-n_00-n_00-n_00-n_00-n;1008;0;41714;0;N;554782;N;1;3018;0;PM_PH-BE_2;20140316xSun;1_Praha;Hlavní město Praha;h00;107;0
02-o2_01-ver_02-vis_03-lau2_07-day_05-300+_08-frt-1008_01-sng_00-n_00-n_00-n_00-n_00-n_00-n;1008;0;41715;0;N;531057;N;9;3026;0;PM_PH-BE_2;20140317xMon;9_Beroun;Středočeský kraj;h00;0;115
02-o2_01-ver_02-vis_03-lau2_07-day_05-300+_08-frt-1008_01-sng_00-n_00-n_00-n_00-n_00-n_00-n;1008;0;41715;0;N;531316;N;7;3026;0;PM_PH-BE_2;20140317xMon;7_Karlštejn;Středočeský kraj;h00;7;4
02-o2_01-ver_02-vis_03-lau2_07-day_05-300+_08-frt-1008_01-sng_00-n_00-n_00-n_00-n_00-n_00-n;1008;0;41715;0;N;531758;N;8;3026;0;PM_PH-BE_2;20140317xMon;8_Srbsko;Středočeský kraj;h00;3;0
02-o2_01-ver_02-vis_03-lau2_07-day_05-300+_08-frt-1008_01-sng_00-n_00-n_00-n_00-n_00-n_00-n;1008;0;41715;0;N;531979;N;6;3026;0;PM_PH-BE_2;20140317xMon;6_Zadní Třebaň;Středočeský kraj;h00;2;2
02-o2_01-ver_02-vis_03-lau2_07-day_05-300+_08-frt-1008_01-sng_00-n_00-n_00-n_00-n_00-n_00-n;1008;0;41715;0;N;539139;N;2;3026;0;PM_PH-BE_2;20140317xMon;2_Černošice;Středočeský kraj;h00;85;80
02-o2_01-ver_02-vis_03-lau2_07-day_05-300+_08-frt-1008_01-sng_00-n_00-n_00-n_00-n_00-n_00-n;1008;0;41715;0;N;539198;N;4;3026;0;PM_PH-BE_2;20140317xMon;4_Dobřichovice;Středočeský kraj;h00;1;30
02-o2_01-ver_02-vis_03-lau2_07-day_05-300+_08-frt-1008_01-sng_00-n_00-n_00-n_00-n_00-n_00-n;1008;0;41715;0;N;539643;N;5;3026;0;PM_PH-BE_2;20140317xMon;5_Řevnice;Středočeský kraj;h00;2;2
02-o2_01-ver_02-vis_03-lau2_07-day_05-300+_08-frt-1008_01-sng_00-n_00-n_00-n_00-n_00-n_00-n;1008;0;41715;0;N;539856;N;3;3026;0;PM_PH-BE_2;20140317xMon;3_Všenory;Středočeský kraj;h00;19;92
02-o2_01-ver_02-vis_03-lau2_07-day_05-300+_08-frt-1008_01-sng_00-n_00-n_00-n_00-n_00-n_00-n;1008;0;41715;0;N;554782;N;1;3018;0;PM_PH-BE_2;20140317xMon;1_Praha;Hlavní město Praha;h00;206;0
02-o2_01-ver_02-vis_03-lau2_07-day_05-300+_08-frt-1008_01-sng_00-n_00-n_00-n_00-n_00-n_00-n;1008;0;41716;0;N;531057;N;9;3026;0;PM_PH-BE_2;20140318xTue;9_Beroun;Středočeský kraj;h00;0;160
02-o2_01-ver_02-vis_03-lau2_07-day_05-300+_08-frt-1008_01-sng_00-n_00-n_00-n_00-n_00-n_00-n;1008;0;41716;0;N;531316;N;7;3026;0;PM_PH-BE_2;20140318xTue;7_Karlštejn;Středočeský kraj;h00;15;13
02-o2_01-ver_02-vis_03-lau2_07-day_05-300+_08-frt-1008_01-sng_00-n_00-n_00-n_00-n_00-n_00-n;1008;0;41716;0;N;531758;N;8;3026;0;PM_PH-BE_2;20140318xTue;8_Srbsko;Středočeský kraj;h00;14;0
02-o2_01-ver_02-vis_03-lau2_07-day_05-300+_08-frt-1008_01-sng_00-n_00-n_00-n_00-n_00-n_00-n;1008;0;41716;0;N;531979;N;6;3026;0;PM_PH-BE_2;20140318xTue;6_Zadní Třebaň;Středočeský kraj;h00;1;16
02-o2_01-ver_02-vis_03-lau2_07-day_05-300+_08-frt-1008_01-sng_00-n_00-n_00-n_00-n_00-n_00-n;1008;0;41716;0;N;539139;N;2;3026;0;PM_PH-BE_2;20140318xTue;2_Černošice;Středočeský kraj;h00;130;65
02-o2_01-ver_02-vis_03-lau2_07-day_05-300+_08-frt-1008_01-sng_00-n_00-n_00-n_00-n_00-n_00-n;1008;0;41716;0;N;539198;N;4;3026;0;PM_PH-BE_2;20140318xTue;4_Dobřichovice;Středočeský kraj;h00;9;69
02-o2_01-ver_02-vis_03-lau2_07-day_05-300+_08-frt-1008_01-sng_00-n_00-n_00-n_00-n_00-n_00-n;1008;0;41716;0;N;539643;N;5;3026;0;PM_PH-BE_2;20140318xTue;5_Řevnice;Středočeský kraj;h00;20;6
02-o2_01-ver_02-vis_03-lau2_07-day_05-300+_08-frt-1008_01-sng_00-n_00-n_00-n_00-n_00-n_00-n;1008;0;41716;0;N;539856;N;3;3026;0;PM_PH-BE_2;20140318xTue;3_Všenory;Středočeský kraj;h00;50;138
02-o2_01-ver_02-vis_03-lau2_07-day_05-300+_08-frt-1008_01-sng_00-n_00-n_00-n_00-n_00-n_00-n;1008;0;41716;0;N;554782;N;1;3018;0;PM_PH-BE_2;20140318xTue;1_Praha;Hlavní město Praha;h00;228;0
02-o2_01-ver_02-vis_03-lau2_07-day_05-300+_08-frt-1008_01-sng_00-n_00-n_00-n_00-n_00-n_00-n;1008;0;41717;0;N;531057;N;9;3026;0;PM_PH-BE_2;20140319xWed;9_Beroun;Středočeský kraj;h00;0;150
02-o2_01-ver_02-vis_03-lau2_07-day_05-300+_08-frt-1008_01-sng_00-n_00-n_00-n_00-n_00-n_00-n;1008;0;41717;0;N;531316;N;7;3026;0;PM_PH-BE_2;20140319xWed;7_Karlštejn;Středočeský kraj;h00;28;11
02-o2_01-ver_02-vis_03-lau2_07-day_05-300+_08-frt-1008_01-sng_00-n_00-n_00-n_00-n_00-n_00-n;1008;0;41717;0;N;531758;N;8;3026;0;PM_PH-BE_2;20140319xWed;8_Srbsko;Středočeský kraj;h00;12;0
02-o2_01-ver_02-vis_03-lau2_07-day_05-300+_08-frt-1008_01-sng_00-n_00-n_00-n_00-n_00-n_00-n;1008;0;41717;0;N;531979;N;6;3026;0;PM_PH-BE_2;20140319xWed;6_Zadní Třebaň;Středočeský kraj;h00;3;21
02-o2_01-ver_02-vis_03-lau2_07-day_05-300+_08-frt-1008_01-sng_00-n_00-n_00-n_00-n_00-n_00-n;1008;0;41717;0;N;539139;N;2;3026;0;PM_PH-BE_2;20140319xWed;2_Černošice;Středočeský kraj;h00;146;95
02-o2_01-ver_02-vis_03-lau2_07-day_05-300+_08-frt-1008_01-sng_00-n_00-n_00-n_00-n_00-n_00-n;1008;0;41717;0;N;539198;N;4;3026;0;PM_PH-BE_2;20140319xWed;4_Dobřichovice;Středočeský kraj;h00;6;50
02-o2_01-ver_02-vis_03-lau2_07-day_05-300+_08-frt-1008_01-sng_00-n_00-n_00-n_00-n_00-n_00-n;1008;0;41717;0;N;539643;N;5;3026;0;PM_PH-BE_2;20140319xWed;5_Řevnice;Středočeský kraj;h00;26;6
02-o2_01-ver_02-vis_03-lau2_07-day_05-300+_08-frt-1008_01-sng_00-n_00-n_00-n_00-n_00-n_00-n;1008;0;41717;0;N;539856;N;3;3026;0;PM_PH-BE_2;20140319xWed;3_Všenory;Středočeský kraj;h00;33;158
02-o2_01-ver_02-vis_03-lau2_07-day_05-300+_08-frt-1008_01-sng_00-n_00-n_00-n_00-n_00-n_00-n;1008;0;41717;0;N;554782;N;1;3018;0;PM_PH-BE_2;20140319xWed;1_Praha;Hlavní město Praha;h00;237;0
02-o2_01-ver_02-vis_03-lau2_07-day_05-300+_08-frt-1008_01-sng_00-n_00-n_00-n_00-n_00-n_00-n;1008;0;41718;0;N;531057;N;9;3026;0;PM_PH-BE_2;20140320xThu;9_Beroun;Středočeský kraj;h00;0;151
02-o2_01-ver_02-vis_03-lau2_07-day_05-300+_08-frt-1008_01-sng_00-n_00-n_00-n_00-n_00-n_00-n;1008;0;41718;0;N;531316;N;7;3026;0;PM_PH-BE_2;20140320xThu;7_Karlštejn;Středočeský kraj;h00;22;15
02-o2_01-ver_02-vis_03-lau2_07-day_05-300+_08-frt-1008_01-sng_00-n_00-n_00-n_00-n_00-n_00-n;1008;0;41718;0;N;531758;N;8;3026;0;PM_PH-BE_2;20140320xThu;8_Srbsko;Středočeský kraj;h00;10;0
02-o2_01-ver_02-vis_03-lau2_07-day_05-300+_08-frt-1008_01-sng_00-n_00-n_00-n_00-n_00-n_00-n;1008;0;41718;0;N;531979;N;6;3026;0;PM_PH-BE_2;20140320xThu;6_Zadní Třebaň;Středočeský kraj;h00;11;31
02-o2_01-ver_02-vis_03-lau2_07-day_05-300+_08-frt-1008_01-sng_00-n_00-n_00-n_00-n_00-n_00-n;1008;0;41718;0;N;539139;N;2;3026;0;PM_PH-BE_2;20140320xThu;2_Černošice;Středočeský kraj;h00;104;94
02-o2_01-ver_02-vis_03-lau2_07-day_05-300+_08-frt-1008_01-sng_00-n_00-n_00-n_00-n_00-n_00-n;1008;0;41718;0;N;539198;N;4;3026;0;PM_PH-BE_2;20140320xThu;4_Dobřichovice;Středočeský kraj;h00;11;73
02-o2_01-ver_02-vis_03-lau2_07-day_05-300+_08-frt-1008_01-sng_00-n_00-n_00-n_00-n_00-n_00-n;1008;0;41718;0;N;539643;N;5;3026;0;PM_PH-BE_2;20140320xThu;5_Řevnice;Středočeský kraj;h00;33;11
02-o2_01-ver_02-vis_03-lau2_07-day_05-300+_08-frt-1008_01-sng_00-n_00-n_00-n_00-n_00-n_00-n;1008;0;41718;0;N;539856;N;3;3026;0;PM_PH-BE_2;20140320xThu;3_Všenory;Středočeský kraj;h00;51;115
02-o2_01-ver_02-vis_03-lau2_07-day_05-300+_08-frt-1008_01-sng_00-n_00-n_00-n_00-n_00-n_00-n;1008;0;41718;0;N;554782;N;1;3018;0;PM_PH-BE_2;20140320xThu;1_Praha;Hlavní město Praha;h00;248;0
02-o2_01-ver_02-vis_03-lau2_07-day_05-300+_08-frt-1008_01-sng_00-n_00-n_00-n_00-n_00-n_00-n;1008;0;41719;0;N;531057;N;9;3026;0;PM_PH-BE_2;20140321xFri;9_Beroun;Středočeský kraj;h00;0;115
02-o2_01-ver_02-vis_03-lau2_07-day_05-300+_08-frt-1008_01-sng_00-n_00-n_00-n_00-n_00-n_00-n;1008;0;41719;0;N;531316;N;7;3026;0;PM_PH-BE_2;20140321xFri;7_Karlštejn;Středočeský kraj;h00;5;9
02-o2_01-ver_02-vis_03-lau2_07-day_05-300+_08-frt-1008_01-sng_00-n_00-n_00-n_00-n_00-n_00-n;1008;0;41719;0;N;531758;N;8;3026;0;PM_PH-BE_2;20140321xFri;8_Srbsko;Středočeský kraj;h00;4;2
02-o2_01-ver_02-vis_03-lau2_07-day_05-300+_08-frt-1008_01-sng_00-n_00-n_00-n_00-n_00-n_00-n;1008;0;41719;0;N;531979;N;6;3026;0;PM_PH-BE_2;20140321xFri;6_Zadní Třebaň;Středočeský kraj;h00;3;5
02-o2_01-ver_02-vis_03-lau2_07-day_05-300+_08-frt-1008_01-sng_00-n_00-n_00-n_00-n_00-n_00-n;1008;0;41719;0;N;539139;N;2;3026;0;PM_PH-BE_2;20140321xFri;2_Černošice;Středočeský kraj;h00;107;37
02-o2_01-ver_02-vis_03-lau2_07-day_05-300+_08-frt-1008_01-sng_00-n_00-n_00-n_00-n_00-n_00-n;1008;0;41719;0;N;539198;N;4;3026;0;PM_PH-BE_2;20140321xFri;4_Dobřichovice;Středočeský kraj;h00;13;54
02-o2_01-ver_02-vis_03-lau2_07-day_05-300+_08-frt-1008_01-sng_00-n_00-n_00-n_00-n_00-n_00-n;1008;0;41719;0;N;539643;N;5;3026;0;PM_PH-BE_2;20140321xFri;5_Řevnice;Středočeský kraj;h00;4;13
02-o2_01-ver_02-vis_03-lau2_07-day_05-300+_08-frt-1008_01-sng_00-n_00-n_00-n_00-n_00-n_00-n;1008;0;41719;0;N;539856;N;3;3026;0;PM_PH-BE_2;20140321xFri;3_Všenory;Středočeský kraj;h00;37;121
02-o2_01-ver_02-vis_03-lau2_07-day_05-300+_08-frt-1008_01-sng_00-n_00-n_00-n_00-n_00-n_00-n;1008;0;41719;0;N;554782;N;1;3018;0;PM_PH-BE_2;20140321xFri;1_Praha;Hlavní město Praha;h00;183;0
02-o2_01-ver_02-vis_03-lau2_07-day_05-300+_08-frt-1008_01-sng_00-n_00-n_00-n_00-n_00-n_00-n;1008;0;41720;0;N;531057;N;9;3026;0;PM_PH-BE_2;20140322xSat;9_Beroun;Středočeský kraj;h00;0;124
02-o2_01-ver_02-vis_03-lau2_07-day_05-300+_08-frt-1008_01-sng_00-n_00-n_00-n_00-n_00-n_00-n;1008;0;41720;0;N;531316;N;7;3026;0;PM_PH-BE_2;20140322xSat;7_Karlštejn;Středočeský kraj;h00;8;20
02-o2_01-ver_02-vis_03-lau2_07-day_05-300+_08-frt-1008_01-sng_00-n_00-n_00-n_00-n_00-n_00-n;1008;0;41720;0;N;531758;N;8;3026;0;PM_PH-BE_2;20140322xSat;8_Srbsko;Středočeský kraj;h00;2;4
02-o2_01-ver_02-vis_03-lau2_07-day_05-300+_08-frt-1008_01-sng_00-n_00-n_00-n_00-n_00-n_00-n;1008;0;41720;0;N;531979;N;6;3026;0;PM_PH-BE_2;20140322xSat;6_Zadní Třebaň;Středočeský kraj;h00;6;4
02-o2_01-ver_02-vis_03-lau2_07-day_05-300+_08-frt-1008_01-sng_00-n_00-n_00-n_00-n_00-n_00-n;1008;0;41720;0;N;539139;N;2;3026;0;PM_PH-BE_2;20140322xSat;2_Černošice;Středočeský kraj;h00;109;60
02-o2_01-ver_02-vis_03-lau2_07-day_05-300+_08-frt-1008_01-sng_00-n_00-n_00-n_00-n_00-n_00-n;1008;0;41720;0;N;539198;N;4;3026;0;PM_PH-BE_2;20140322xSat;4_Dobřichovice;Středočeský kraj;h00;4;71
02-o2_01-ver_02-vis_03-lau2_07-day_05-300+_08-frt-1008_01-sng_00-n_00-n_00-n_00-n_00-n_00-n;1008;0;41720;0;N;539643;N;5;3026;0;PM_PH-BE_2;20140322xSat;5_Řevnice;Středočeský kraj;h00;6;5
02-o2_01-ver_02-vis_03-lau2_07-day_05-300+_08-frt-1008_01-sng_00-n_00-n_00-n_00-n_00-n_00-n;1008;0;41720;0;N;539856;N;3;3026;0;PM_PH-BE_2;20140322xSat;3_Všenory;Středočeský kraj;h00;55;126
02-o2_01-ver_02-vis_03-lau2_07-day_05-300+_08-frt-1008_01-sng_00-n_00-n_00-n_00-n_00-n_00-n;1008;0;41720;0;N;554782;N;1;3018;0;PM_PH-BE_2;20140322xSat;1_Praha;Hlavní město Praha;h00;224;0
02-o2_01-ver_02-vis_03-lau2_07-day_05-300+_08-frt-1008_01-sng_00-n_00-n_00-n_00-n_00-n_00-n;1008;0;41721;0;N;531057;N;9;3026;0;PM_PH-BE_2;20140323xSun;9_Beroun;Středočeský kraj;h00;0;73
02-o2_01-ver_02-vis_03-lau2_07-day_05-300+_08-frt-1008_01-sng_00-n_00-n_00-n_00-n_00-n_00-n;1008;0;41721;0;N;531316;N;7;3026;0;PM_PH-BE_2;20140323xSun;7_Karlštejn;Středočeský kraj;h00;5;9
02-o2_01-ver_02-vis_03-lau2_07-day_05-300+_08-frt-1008_01-sng_00-n_00-n_00-n_00-n_00-n_00-n;1008;0;41721;0;N;531758;N;8;3026;0;PM_PH-BE_2;20140323xSun;8_Srbsko;Středočeský kraj;h00;3;0
02-o2_01-ver_02-vis_03-lau2_07-day_05-300+_08-frt-1008_01-sng_00-n_00-n_00-n_00-n_00-n_00-n;1008;0;41721;0;N;531979;N;6;3026;0;PM_PH-BE_2;20140323xSun;6_Zadní Třebaň;Středočeský kraj;h00;5;23
02-o2_01-ver_02-vis_03-lau2_07-day_05-300+_08-frt-1008_01-sng_00-n_00-n_00-n_00-n_00-n_00-n;1008;0;41721;0;N;539139;N;2;3026;0;PM_PH-BE_2;20140323xSun;2_Černošice;Středočeský kraj;h00;83;66
02-o2_01-ver_02-vis_03-lau2_07-day_05-300+_08-frt-1008_01-sng_00-n_00-n_00-n_00-n_00-n_00-n;1008;0;41721;0;N;539198;N;4;3026;0;PM_PH-BE_2;20140323xSun;4_Dobřichovice;Středočeský kraj;h00;9;69
02-o2_01-ver_02-vis_03-lau2_07-day_05-300+_08-frt-1008_01-sng_00-n_00-n_00-n_00-n_00-n_00-n;1008;0;41721;0;N;539643;N;5;3026;0;PM_PH-BE_2;20140323xSun;5_Řevnice;Středočeský kraj;h00;23;12
02-o2_01-ver_02-vis_03-lau2_07-day_05-300+_08-frt-1008_01-sng_00-n_00-n_00-n_00-n_00-n_00-n;1008;0;41721;0;N;539856;N;3;3026;0;PM_PH-BE_2;20140323xSun;3_Všenory;Středočeský kraj;h00;65;89
02-o2_01-ver_02-vis_03-lau2_07-day_05-300+_08-frt-1008_01-sng_00-n_00-n_00-n_00-n_00-n_00-n;1008;0;41721;0;N;554782;N;1;3018;0;PM_PH-BE_2;20140323xSun;1_Praha;Hlavní město Praha;h00;148;0
02-o2_01-ver_02-vis_03-lau2_07-day_05-300+_08-frt-1008_01-sng_00-n_00-n_00-n_00-n_00-n_00-n;1008;0;41722;0;N;531057;N;9;3026;0;PM_PH-BE_2;20140324xMon;9_Beroun;Středočeský kraj;h00;0;133
02-o2_01-ver_02-vis_03-lau2_07-day_05-300+_08-frt-1008_01-sng_00-n_00-n_00-n_00-n_00-n_00-n;1008;0;41722;0;N;531316;N;7;3026;0;PM_PH-BE_2;20140324xMon;7_Karlštejn;Středočeský kraj;h00;19;10
02-o2_01-ver_02-vis_03-lau2_07-day_05-300+_08-frt-1008_01-sng_00-n_00-n_00-n_00-n_00-n_00-n;1008;0;41722;0;N;531758;N;8;3026;0;PM_PH-BE_2;20140324xMon;8_Srbsko;Středočeský kraj;h00;9;0
02-o2_01-ver_02-vis_03-lau2_07-day_05-300+_08-frt-1008_01-sng_00-n_00-n_00-n_00-n_00-n_00-n;1008;0;41722;0;N;531979;N;6;3026;0;PM_PH-BE_2;20140324xMon;6_Zadní Třebaň;Středočeský kraj;h00;6;21
02-o2_01-ver_02-vis_03-lau2_07-day_05-300+_08-frt-1008_01-sng_00-n_00-n_00-n_00-n_00-n_00-n;1008;0;41722;0;N;539139;N;2;3026;0;PM_PH-BE_2;20140324xMon;2_Černošice;Středočeský kraj;h00;119;85
02-o2_01-ver_02-vis_03-lau2_07-day_05-300+_08-frt-1008_01-sng_00-n_00-n_00-n_00-n_00-n_00-n;1008;0;41722;0;N;539198;N;4;3026;0;PM_PH-BE_2;20140324xMon;4_Dobřichovice;Středočeský kraj;h00;5;91
02-o2_01-ver_02-vis_03-lau2_07-day_05-300+_08-frt-1008_01-sng_00-n_00-n_00-n_00-n_00-n_00-n;1008;0;41722;0;N;539643;N;5;3026;0;PM_PH-BE_2;20140324xMon;5_Řevnice;Středočeský kraj;h00;20;5
02-o2_01-ver_02-vis_03-lau2_07-day_05-300+_08-frt-1008_01-sng_00-n_00-n_00-n_00-n_00-n_00-n;1008;0;41722;0;N;539856;N;3;3026;0;PM_PH-BE_2;20140324xMon;3_Všenory;Středočeský kraj;h00;74;124
02-o2_01-ver_02-vis_03-lau2_07-day_05-300+_08-frt-1008_01-sng_00-n_00-n_00-n_00-n_00-n_00-n;1008;0;41722;0;N;554782;N;1;3018;0;PM_PH-BE_2;20140324xMon;1_Praha;Hlavní město Praha;h00;217;0
02-o2_01-ver_02-vis_03-lau2_07-day_05-300+_08-frt-1008_01-sng_00-n_00-n_00-n_00-n_00-n_00-n;1008;0;41723;0;N;531057;N;9;3026;0;PM_PH-BE_2;20140325xTue;9_Beroun;Středočeský kraj;h00;0;131
02-o2_01-ver_02-vis_03-lau2_07-day_05-300+_08-frt-1008_01-sng_00-n_00-n_00-n_00-n_00-n_00-n;1008;0;41723;0;N;531316;N;7;3026;0;PM_PH-BE_2;20140325xTue;7_Karlštejn;Středočeský kraj;h00;10;10
02-o2_01-ver_02-vis_03-lau2_07-day_05-300+_08-frt-1008_01-sng_00-n_00-n_00-n_00-n_00-n_00-n;1008;0;41723;0;N;531758;N;8;3026;0;PM_PH-BE_2;20140325xTue;8_Srbsko;Středočeský kraj;h00;15;0
02-o2_01-ver_02-vis_03-lau2_07-day_05-300+_08-frt-1008_01-sng_00-n_00-n_00-n_00-n_00-n_00-n;1008;0;41723;0;N;531979;N;6;3026;0;PM_PH-BE_2;20140325xTue;6_Zadní Třebaň;Středočeský kraj;h00;5;22
02-o2_01-ver_02-vis_03-lau2_07-day_05-300+_08-frt-1008_01-sng_00-n_00-n_00-n_00-n_00-n_00-n;1008;0;41723;0;N;539139;N;2;3026;0;PM_PH-BE_2;20140325xTue;2_Černošice;Středočeský kraj;h00;139;79
02-o2_01-ver_02-vis_03-lau2_07-day_05-300+_08-frt-1008_01-sng_00-n_00-n_00-n_00-n_00-n_00-n;1008;0;41723;0;N;539198;N;4;3026;0;PM_PH-BE_2;20140325xTue;4_Dobřichovice;Středočeský kraj;h00;7;61
02-o2_01-ver_02-vis_03-lau2_07-day_05-300+_08-frt-1008_01-sng_00-n_00-n_00-n_00-n_00-n_00-n;1008;0;41723;0;N;539643;N;5;3026;0;PM_PH-BE_2;20140325xTue;5_Řevnice;Středočeský kraj;h00;28;9
02-o2_01-ver_02-vis_03-lau2_07-day_05-300+_08-frt-1008_01-sng_00-n_00-n_00-n_00-n_00-n_00-n;1008;0;41723;0;N;539856;N;3;3026;0;PM_PH-BE_2;20140325xTue;3_Všenory;Středočeský kraj;h00;38;155
02-o2_01-ver_02-vis_03-lau2_07-day_05-300+_08-frt-1008_01-sng_00-n_00-n_00-n_00-n_00-n_00-n;1008;0;41723;0;N;554782;N;1;3018;0;PM_PH-BE_2;20140325xTue;1_Praha;Hlavní město Praha;h00;225;0
02-o2_01-ver_02-vis_03-lau2_07-day_05-300+_08-frt-1008_01-sng_00-n_00-n_00-n_00-n_00-n_00-n;1008;0;41724;0;N;531057;N;9;3026;0;PM_PH-BE_2;20140326xWed;9_Beroun;Středočeský kraj;h00;0;148
02-o2_01-ver_02-vis_03-lau2_07-day_05-300+_08-frt-1008_01-sng_00-n_00-n_00-n_00-n_00-n_00-n;1008;0;41724;0;N;531316;N;7;3026;0;PM_PH-BE_2;20140326xWed;7_Karlštejn;Středočeský kraj;h00;16;10
02-o2_01-ver_02-vis_03-lau2_07-day_05-300+_08-frt-1008_01-sng_00-n_00-n_00-n_00-n_00-n_00-n;1008;0;41724;0;N;531758;N;8;3026;0;PM_PH-BE_2;20140326xWed;8_Srbsko;Středočeský kraj;h00;9;0
02-o2_01-ver_02-vis_03-lau2_07-day_05-300+_08-frt-1008_01-sng_00-n_00-n_00-n_00-n_00-n_00-n;1008;0;41724;0;N;531979;N;6;3026;0;PM_PH-BE_2;20140326xWed;6_Zadní Třebaň;Středočeský kraj;h00;3;16
02-o2_01-ver_02-vis_03-lau2_07-day_05-300+_08-frt-1008_01-sng_00-n_00-n_00-n_00-n_00-n_00-n;1008;0;41724;0;N;539139;N;2;3026;0;PM_PH-BE_2;20140326xWed;2_Černošice;Středočeský kraj;h00;101;86
02-o2_01-ver_02-vis_03-lau2_07-day_05-300+_08-frt-1008_01-sng_00-n_00-n_00-n_00-n_00-n_00-n;1008;0;41724;0;N;539198;N;4;3026;0;PM_PH-BE_2;20140326xWed;4_Dobřichovice;Středočeský kraj;h00;6;78
02-o2_01-ver_02-vis_03-lau2_07-day_05-300+_08-frt-1008_01-sng_00-n_00-n_00-n_00-n_00-n_00-n;1008;0;41724;0;N;539643;N;5;3026;0;PM_PH-BE_2;20140326xWed;5_Řevnice;Středočeský kraj;h00;22;5
02-o2_01-ver_02-vis_03-lau2_07-day_05-300+_08-frt-1008_01-sng_00-n_00-n_00-n_00-n_00-n_00-n;1008;0;41724;0;N;539856;N;3;3026;0;PM_PH-BE_2;20140326xWed;3_Všenory;Středočeský kraj;h00;61;110
02-o2_01-ver_02-vis_03-lau2_07-day_05-300+_08-frt-1008_01-sng_00-n_00-n_00-n_00-n_00-n_00-n;1008;0;41724;0;N;554782;N;1;3018;0;PM_PH-BE_2;20140326xWed;1_Praha;Hlavní město Praha;h00;235;0
