02-o2_02-edg_03-tour_03-lau2_07-day_03-60_06-frt-1006_01-sng_00-n_00-n_00-n_00-n_00-n_00-n;1006;0;41723;0;N;531189;554791;5;3026;0;R_PH_PL_2;20140325xTue;05_Hořovice_Plzeň;Středočeský kraj;h00;32;N
02-o2_02-edg_03-tour_03-lau2_07-day_03-60_06-frt-1006_01-sng_00-n_00-n_00-n_00-n_00-n_00-n;1006;0;41724;0;N;531189;554791;5;3026;0;R_PH_PL_2;20140326xWed;05_Hořovice_Plzeň;Středočeský kraj;h00;29;N
02-o2_02-edg_03-tour_03-lau2_07-day_03-60_06-frt-1006_01-sng_00-n_00-n_00-n_00-n_00-n_00-n;1006;0;41721;0;N;531189;554791;5;3026;0;R_PH_PL_2;20140323xSun;05_Hořovice_Plzeň;Středočeský kraj;h00;25;N
02-o2_02-edg_03-tour_03-lau2_07-day_03-60_06-frt-1006_01-sng_00-n_00-n_00-n_00-n_00-n_00-n;1006;0;41720;0;N;531057;559903;3;3026;0;R_PH_PL_2;20140322xSat;03_Beroun_Kařez;Středočeský kraj;h00;17;N
02-o2_02-edg_03-tour_03-lau2_07-day_03-60_06-frt-1006_01-sng_00-n_00-n_00-n_00-n_00-n_00-n;1006;0;41710;0;N;531057;559903;3;3026;0;R_PH_PL_2;20140312xWed;03_Beroun_Kařez;Středočeský kraj;h00;22;N
02-o2_02-edg_03-tour_03-lau2_07-day_03-60_06-frt-1006_01-sng_00-n_00-n_00-n_00-n_00-n_00-n;1006;0;41712;0;N;531057;559903;3;3026;0;R_PH_PL_2;20140314xFri;03_Beroun_Kařez;Středočeský kraj;h00;31;N
02-o2_02-edg_03-tour_03-lau2_07-day_03-60_06-frt-1006_01-sng_00-n_00-n_00-n_00-n_00-n_00-n;1006;0;41714;0;N;531057;559903;3;3026;0;R_PH_PL_2;20140316xSun;03_Beroun_Kařez;Středočeský kraj;h00;7;N
02-o2_02-edg_03-tour_03-lau2_07-day_03-60_06-frt-1006_01-sng_00-n_00-n_00-n_00-n_00-n_00-n;1006;0;41716;0;N;531057;559903;3;3026;0;R_PH_PL_2;20140318xTue;03_Beroun_Kařez;Středočeský kraj;h00;22;N
02-o2_02-edg_03-tour_03-lau2_07-day_03-60_06-frt-1006_01-sng_00-n_00-n_00-n_00-n_00-n_00-n;1006;0;41711;0;N;531057;559903;3;3026;0;R_PH_PL_2;20140313xThu;03_Beroun_Kařez;Středočeský kraj;h00;19;N
02-o2_02-edg_03-tour_03-lau2_07-day_03-60_06-frt-1006_01-sng_00-n_00-n_00-n_00-n_00-n_00-n;1006;0;41715;0;N;531057;559903;3;3026;0;R_PH_PL_2;20140317xMon;03_Beroun_Kařez;Středočeský kraj;h00;21;N
02-o2_02-edg_03-tour_03-lau2_07-day_03-60_06-frt-1006_01-sng_00-n_00-n_00-n_00-n_00-n_00-n;1006;0;41717;0;N;531057;559903;3;3026;0;R_PH_PL_2;20140319xWed;03_Beroun_Kařez;Středočeský kraj;h00;24;N
02-o2_02-edg_03-tour_03-lau2_07-day_03-60_06-frt-1006_01-sng_00-n_00-n_00-n_00-n_00-n_00-n;1006;0;41713;0;N;531057;559903;3;3026;0;R_PH_PL_2;20140315xSat;03_Beroun_Kařez;Středočeský kraj;h00;13;N
02-o2_02-edg_03-tour_03-lau2_07-day_03-60_06-frt-1006_01-sng_00-n_00-n_00-n_00-n_00-n_00-n;1006;0;41719;0;N;531057;559903;3;3026;0;R_PH_PL_2;20140321xFri;03_Beroun_Kařez;Středočeský kraj;h00;21;N
02-o2_02-edg_03-tour_03-lau2_07-day_03-60_06-frt-1006_01-sng_00-n_00-n_00-n_00-n_00-n_00-n;1006;0;41718;0;N;531057;559903;3;3026;0;R_PH_PL_2;20140320xThu;03_Beroun_Kařez;Středočeský kraj;h00;31;N
02-o2_02-edg_03-tour_03-lau2_07-day_03-60_06-frt-1006_01-sng_00-n_00-n_00-n_00-n_00-n_00-n;1006;0;41722;0;N;531057;559903;3;3026;0;R_PH_PL_2;20140324xMon;03_Beroun_Kařez;Středočeský kraj;h00;23;N
02-o2_02-edg_03-tour_03-lau2_07-day_03-60_06-frt-1006_01-sng_00-n_00-n_00-n_00-n_00-n_00-n;1006;0;41723;0;N;531057;559903;3;3026;0;R_PH_PL_2;20140325xTue;03_Beroun_Kařez;Středočeský kraj;h00;25;N
02-o2_02-edg_03-tour_03-lau2_07-day_03-60_06-frt-1006_01-sng_00-n_00-n_00-n_00-n_00-n_00-n;1006;0;41724;0;N;531057;559903;3;3026;0;R_PH_PL_2;20140326xWed;03_Beroun_Kařez;Středočeský kraj;h00;20;N
02-o2_02-edg_03-tour_03-lau2_07-day_03-60_06-frt-1006_01-sng_00-n_00-n_00-n_00-n_00-n_00-n;1006;0;41721;0;N;531057;559903;3;3026;0;R_PH_PL_2;20140323xSun;03_Beroun_Kařez;Středočeský kraj;h00;12;N
02-o2_02-edg_03-tour_03-lau2_07-day_03-60_06-frt-1006_01-sng_00-n_00-n_00-n_00-n_00-n_00-n;1006;0;41713;0;N;531057;559717;3;3026;0;R_PH_PL_2;20140315xSat;03_Beroun_Rokycany;Středočeský kraj;h00;33;N
02-o2_02-edg_03-tour_03-lau2_07-day_03-60_06-frt-1006_01-sng_00-n_00-n_00-n_00-n_00-n_00-n;1006;0;41716;0;N;531057;559717;3;3026;0;R_PH_PL_2;20140318xTue;03_Beroun_Rokycany;Středočeský kraj;h00;12;N
02-o2_02-edg_03-tour_03-lau2_07-day_03-60_06-frt-1006_01-sng_00-n_00-n_00-n_00-n_00-n_00-n;1006;0;41715;0;N;531057;559717;3;3026;0;R_PH_PL_2;20140317xMon;03_Beroun_Rokycany;Středočeský kraj;h00;28;N
02-o2_02-edg_03-tour_03-lau2_07-day_03-60_06-frt-1006_01-sng_00-n_00-n_00-n_00-n_00-n_00-n;1006;0;41719;0;N;531057;559717;3;3026;0;R_PH_PL_2;20140321xFri;03_Beroun_Rokycany;Středočeský kraj;h00;41;N
02-o2_02-edg_03-tour_03-lau2_07-day_03-60_06-frt-1006_01-sng_00-n_00-n_00-n_00-n_00-n_00-n;1006;0;41720;0;N;531057;559717;3;3026;0;R_PH_PL_2;20140322xSat;03_Beroun_Rokycany;Středočeský kraj;h00;4;N
02-o2_02-edg_03-tour_03-lau2_07-day_03-60_06-frt-1006_01-sng_00-n_00-n_00-n_00-n_00-n_00-n;1006;0;41714;0;N;531057;559717;3;3026;0;R_PH_PL_2;20140316xSun;03_Beroun_Rokycany;Středočeský kraj;h00;21;N
02-o2_02-edg_03-tour_03-lau2_07-day_03-60_06-frt-1006_01-sng_00-n_00-n_00-n_00-n_00-n_00-n;1006;0;41712;0;N;531057;559717;3;3026;0;R_PH_PL_2;20140314xFri;03_Beroun_Rokycany;Středočeský kraj;h00;53;N
02-o2_02-edg_03-tour_03-lau2_07-day_03-60_06-frt-1006_01-sng_00-n_00-n_00-n_00-n_00-n_00-n;1006;0;41717;0;N;531057;559717;3;3026;0;R_PH_PL_2;20140319xWed;03_Beroun_Rokycany;Středočeský kraj;h00;35;N
02-o2_02-edg_03-tour_03-lau2_07-day_03-60_06-frt-1006_01-sng_00-n_00-n_00-n_00-n_00-n_00-n;1006;0;41718;0;N;531057;559717;3;3026;0;R_PH_PL_2;20140320xThu;03_Beroun_Rokycany;Středočeský kraj;h00;21;N
02-o2_02-edg_03-tour_03-lau2_07-day_03-60_06-frt-1006_01-sng_00-n_00-n_00-n_00-n_00-n_00-n;1006;0;41710;0;N;531057;559717;3;3026;0;R_PH_PL_2;20140312xWed;03_Beroun_Rokycany;Středočeský kraj;h00;57;N
02-o2_02-edg_03-tour_03-lau2_07-day_03-60_06-frt-1006_01-sng_00-n_00-n_00-n_00-n_00-n_00-n;1006;0;41711;0;N;531057;559717;3;3026;0;R_PH_PL_2;20140313xThu;03_Beroun_Rokycany;Středočeský kraj;h00;56;N
02-o2_02-edg_03-tour_03-lau2_07-day_03-60_06-frt-1006_01-sng_00-n_00-n_00-n_00-n_00-n_00-n;1006;0;41724;0;N;531057;559717;3;3026;0;R_PH_PL_2;20140326xWed;03_Beroun_Rokycany;Středočeský kraj;h00;40;N
02-o2_02-edg_03-tour_03-lau2_07-day_03-60_06-frt-1006_01-sng_00-n_00-n_00-n_00-n_00-n_00-n;1006;0;41722;0;N;531057;559717;3;3026;0;R_PH_PL_2;20140324xMon;03_Beroun_Rokycany;Středočeský kraj;h00;43;N
02-o2_02-edg_03-tour_03-lau2_07-day_03-60_06-frt-1006_01-sng_00-n_00-n_00-n_00-n_00-n_00-n;1006;0;41723;0;N;531057;559717;3;3026;0;R_PH_PL_2;20140325xTue;03_Beroun_Rokycany;Středočeský kraj;h00;43;N
02-o2_02-edg_03-tour_03-lau2_07-day_03-60_06-frt-1006_01-sng_00-n_00-n_00-n_00-n_00-n_00-n;1006;0;41721;0;N;531057;559717;3;3026;0;R_PH_PL_2;20140323xSun;03_Beroun_Rokycany;Středočeský kraj;h00;8;N
02-o2_02-edg_03-tour_03-lau2_07-day_03-60_06-frt-1006_01-sng_00-n_00-n_00-n_00-n_00-n_00-n;1006;0;41719;0;N;531057;554791;3;3026;0;R_PH_PL_2;20140321xFri;03_Beroun_Plzeň;Středočeský kraj;h00;226;N
02-o2_02-edg_03-tour_03-lau2_07-day_03-60_06-frt-1006_01-sng_00-n_00-n_00-n_00-n_00-n_00-n;1006;0;41718;0;N;531057;554791;3;3026;0;R_PH_PL_2;20140320xThu;03_Beroun_Plzeň;Středočeský kraj;h00;154;N
02-o2_02-edg_03-tour_03-lau2_07-day_03-60_06-frt-1006_01-sng_00-n_00-n_00-n_00-n_00-n_00-n;1006;0;41716;0;N;531057;554791;3;3026;0;R_PH_PL_2;20140318xTue;03_Beroun_Plzeň;Středočeský kraj;h00;132;N
02-o2_02-edg_03-tour_03-lau2_07-day_03-60_06-frt-1006_01-sng_00-n_00-n_00-n_00-n_00-n_00-n;1006;0;41711;0;N;531057;554791;3;3026;0;R_PH_PL_2;20140313xThu;03_Beroun_Plzeň;Středočeský kraj;h00;365;N
02-o2_02-edg_03-tour_03-lau2_07-day_03-60_06-frt-1006_01-sng_00-n_00-n_00-n_00-n_00-n_00-n;1006;0;41713;0;N;531057;554791;3;3026;0;R_PH_PL_2;20140315xSat;03_Beroun_Plzeň;Středočeský kraj;h00;183;N
02-o2_02-edg_03-tour_03-lau2_07-day_03-60_06-frt-1006_01-sng_00-n_00-n_00-n_00-n_00-n_00-n;1006;0;41717;0;N;531057;554791;3;3026;0;R_PH_PL_2;20140319xWed;03_Beroun_Plzeň;Středočeský kraj;h00;135;N
02-o2_02-edg_03-tour_03-lau2_07-day_03-60_06-frt-1006_01-sng_00-n_00-n_00-n_00-n_00-n_00-n;1006;0;41712;0;N;531057;554791;3;3026;0;R_PH_PL_2;20140314xFri;03_Beroun_Plzeň;Středočeský kraj;h00;287;N
02-o2_02-edg_03-tour_03-lau2_07-day_03-60_06-frt-1006_01-sng_00-n_00-n_00-n_00-n_00-n_00-n;1006;0;41715;0;N;531057;554791;3;3026;0;R_PH_PL_2;20140317xMon;03_Beroun_Plzeň;Středočeský kraj;h00;115;N
02-o2_02-edg_03-tour_03-lau2_07-day_03-60_06-frt-1006_01-sng_00-n_00-n_00-n_00-n_00-n_00-n;1006;0;41720;0;N;531057;554791;3;3026;0;R_PH_PL_2;20140322xSat;03_Beroun_Plzeň;Středočeský kraj;h00;101;N
02-o2_02-edg_03-tour_03-lau2_07-day_03-60_06-frt-1006_01-sng_00-n_00-n_00-n_00-n_00-n_00-n;1006;0;41714;0;N;531057;554791;3;3026;0;R_PH_PL_2;20140316xSun;03_Beroun_Plzeň;Středočeský kraj;h00;149;N
02-o2_02-edg_03-tour_03-lau2_07-day_03-60_06-frt-1006_01-sng_00-n_00-n_00-n_00-n_00-n_00-n;1006;0;41710;0;N;531057;554791;3;3026;0;R_PH_PL_2;20140312xWed;03_Beroun_Plzeň;Středočeský kraj;h00;402;N
02-o2_02-edg_03-tour_03-lau2_07-day_03-60_06-frt-1006_01-sng_00-n_00-n_00-n_00-n_00-n_00-n;1006;0;41723;0;N;531057;554791;3;3026;0;R_PH_PL_2;20140325xTue;03_Beroun_Plzeň;Středočeský kraj;h00;251;N
02-o2_02-edg_03-tour_03-lau2_07-day_03-60_06-frt-1006_01-sng_00-n_00-n_00-n_00-n_00-n_00-n;1006;0;41721;0;N;531057;554791;3;3026;0;R_PH_PL_2;20140323xSun;03_Beroun_Plzeň;Středočeský kraj;h00;86;N
02-o2_02-edg_03-tour_03-lau2_07-day_03-60_06-frt-1006_01-sng_00-n_00-n_00-n_00-n_00-n_00-n;1006;0;41724;0;N;531057;554791;3;3026;0;R_PH_PL_2;20140326xWed;03_Beroun_Plzeň;Středočeský kraj;h00;242;N
02-o2_02-edg_03-tour_03-lau2_07-day_03-60_06-frt-1006_01-sng_00-n_00-n_00-n_00-n_00-n_00-n;1006;0;41722;0;N;531057;554791;3;3026;0;R_PH_PL_2;20140324xMon;03_Beroun_Plzeň;Středočeský kraj;h00;202;N
02-o2_02-edg_03-tour_03-lau2_07-day_03-60_06-frt-1006_01-sng_00-n_00-n_00-n_00-n_00-n_00-n;1006;0;41711;0;N;531057;532011;3;3026;0;R_PH_PL_2;20140313xThu;03_Beroun_Zdice;Středočeský kraj;h00;431;N
02-o2_02-edg_03-tour_03-lau2_07-day_03-60_06-frt-1006_01-sng_00-n_00-n_00-n_00-n_00-n_00-n;1006;0;41720;0;N;531057;532011;3;3026;0;R_PH_PL_2;20140322xSat;03_Beroun_Zdice;Středočeský kraj;h00;269;N
02-o2_02-edg_03-tour_03-lau2_07-day_03-60_06-frt-1006_01-sng_00-n_00-n_00-n_00-n_00-n_00-n;1006;0;41714;0;N;531057;532011;3;3026;0;R_PH_PL_2;20140316xSun;03_Beroun_Zdice;Středočeský kraj;h00;143;N
02-o2_02-edg_03-tour_03-lau2_07-day_03-60_06-frt-1006_01-sng_00-n_00-n_00-n_00-n_00-n_00-n;1006;0;41718;0;N;531057;532011;3;3026;0;R_PH_PL_2;20140320xThu;03_Beroun_Zdice;Středočeský kraj;h00;506;N
02-o2_02-edg_03-tour_03-lau2_07-day_03-60_06-frt-1006_01-sng_00-n_00-n_00-n_00-n_00-n_00-n;1006;0;41716;0;N;531057;532011;3;3026;0;R_PH_PL_2;20140318xTue;03_Beroun_Zdice;Středočeský kraj;h00;433;N
02-o2_02-edg_03-tour_03-lau2_07-day_03-60_06-frt-1006_01-sng_00-n_00-n_00-n_00-n_00-n_00-n;1006;0;41710;0;N;531057;532011;3;3026;0;R_PH_PL_2;20140312xWed;03_Beroun_Zdice;Středočeský kraj;h00;482;N
02-o2_02-edg_03-tour_03-lau2_07-day_03-60_06-frt-1006_01-sng_00-n_00-n_00-n_00-n_00-n_00-n;1006;0;41713;0;N;531057;532011;3;3026;0;R_PH_PL_2;20140315xSat;03_Beroun_Zdice;Středočeský kraj;h00;259;N
02-o2_02-edg_03-tour_03-lau2_07-day_03-60_06-frt-1006_01-sng_00-n_00-n_00-n_00-n_00-n_00-n;1006;0;41719;0;N;531057;532011;3;3026;0;R_PH_PL_2;20140321xFri;03_Beroun_Zdice;Středočeský kraj;h00;355;N
02-o2_02-edg_03-tour_03-lau2_07-day_03-60_06-frt-1006_01-sng_00-n_00-n_00-n_00-n_00-n_00-n;1006;0;41715;0;N;531057;532011;3;3026;0;R_PH_PL_2;20140317xMon;03_Beroun_Zdice;Středočeský kraj;h00;407;N
02-o2_02-edg_03-tour_03-lau2_07-day_03-60_06-frt-1006_01-sng_00-n_00-n_00-n_00-n_00-n_00-n;1006;0;41717;0;N;531057;532011;3;3026;0;R_PH_PL_2;20140319xWed;03_Beroun_Zdice;Středočeský kraj;h00;494;N
02-o2_02-edg_03-tour_03-lau2_07-day_03-60_06-frt-1006_01-sng_00-n_00-n_00-n_00-n_00-n_00-n;1006;0;41712;0;N;531057;532011;3;3026;0;R_PH_PL_2;20140314xFri;03_Beroun_Zdice;Středočeský kraj;h00;472;N
02-o2_02-edg_03-tour_03-lau2_07-day_03-60_06-frt-1006_01-sng_00-n_00-n_00-n_00-n_00-n_00-n;1006;0;41724;0;N;531057;532011;3;3026;0;R_PH_PL_2;20140326xWed;03_Beroun_Zdice;Středočeský kraj;h00;443;N
02-o2_02-edg_03-tour_03-lau2_07-day_03-60_06-frt-1006_01-sng_00-n_00-n_00-n_00-n_00-n_00-n;1006;0;41723;0;N;531057;532011;3;3026;0;R_PH_PL_2;20140325xTue;03_Beroun_Zdice;Středočeský kraj;h00;415;N
02-o2_02-edg_03-tour_03-lau2_07-day_03-60_06-frt-1006_01-sng_00-n_00-n_00-n_00-n_00-n_00-n;1006;0;41721;0;N;531057;532011;3;3026;0;R_PH_PL_2;20140323xSun;03_Beroun_Zdice;Středočeský kraj;h00;225;N
02-o2_02-edg_03-tour_03-lau2_07-day_03-60_06-frt-1006_01-sng_00-n_00-n_00-n_00-n_00-n_00-n;1006;0;41722;0;N;531057;532011;3;3026;0;R_PH_PL_2;20140324xMon;03_Beroun_Zdice;Středočeský kraj;h00;442;N
02-o2_02-edg_03-tour_03-lau2_07-day_03-60_06-frt-1006_01-sng_00-n_00-n_00-n_00-n_00-n_00-n;1006;0;41711;0;N;531057;531189;3;3026;0;R_PH_PL_2;20140313xThu;03_Beroun_Hořovice;Středočeský kraj;h00;152;N
02-o2_02-edg_03-tour_03-lau2_07-day_03-60_06-frt-1006_01-sng_00-n_00-n_00-n_00-n_00-n_00-n;1006;0;41714;0;N;531057;531189;3;3026;0;R_PH_PL_2;20140316xSun;03_Beroun_Hořovice;Středočeský kraj;h00;46;N
02-o2_02-edg_03-tour_03-lau2_07-day_03-60_06-frt-1006_01-sng_00-n_00-n_00-n_00-n_00-n_00-n;1006;0;41720;0;N;531057;531189;3;3026;0;R_PH_PL_2;20140322xSat;03_Beroun_Hořovice;Středočeský kraj;h00;62;N
02-o2_02-edg_03-tour_03-lau2_07-day_03-60_06-frt-1006_01-sng_00-n_00-n_00-n_00-n_00-n_00-n;1006;0;41710;0;N;531057;531189;3;3026;0;R_PH_PL_2;20140312xWed;03_Beroun_Hořovice;Středočeský kraj;h00;163;N
02-o2_02-edg_03-tour_03-lau2_07-day_03-60_06-frt-1006_01-sng_00-n_00-n_00-n_00-n_00-n_00-n;1006;0;41718;0;N;531057;531189;3;3026;0;R_PH_PL_2;20140320xThu;03_Beroun_Hořovice;Středočeský kraj;h00;163;N
02-o2_02-edg_03-tour_03-lau2_07-day_03-60_06-frt-1006_01-sng_00-n_00-n_00-n_00-n_00-n_00-n;1006;0;41717;0;N;531057;531189;3;3026;0;R_PH_PL_2;20140319xWed;03_Beroun_Hořovice;Středočeský kraj;h00;175;N
02-o2_02-edg_03-tour_03-lau2_07-day_03-60_06-frt-1006_01-sng_00-n_00-n_00-n_00-n_00-n_00-n;1006;0;41716;0;N;531057;531189;3;3026;0;R_PH_PL_2;20140318xTue;03_Beroun_Hořovice;Středočeský kraj;h00;158;N
02-o2_02-edg_03-tour_03-lau2_07-day_03-60_06-frt-1006_01-sng_00-n_00-n_00-n_00-n_00-n_00-n;1006;0;41719;0;N;531057;531189;3;3026;0;R_PH_PL_2;20140321xFri;03_Beroun_Hořovice;Středočeský kraj;h00;126;N
02-o2_02-edg_03-tour_03-lau2_07-day_03-60_06-frt-1006_01-sng_00-n_00-n_00-n_00-n_00-n_00-n;1006;0;41712;0;N;531057;531189;3;3026;0;R_PH_PL_2;20140314xFri;03_Beroun_Hořovice;Středočeský kraj;h00;153;N
02-o2_02-edg_03-tour_03-lau2_07-day_03-60_06-frt-1006_01-sng_00-n_00-n_00-n_00-n_00-n_00-n;1006;0;41713;0;N;531057;531189;3;3026;0;R_PH_PL_2;20140315xSat;03_Beroun_Hořovice;Středočeský kraj;h00;83;N
02-o2_02-edg_03-tour_03-lau2_07-day_03-60_06-frt-1006_01-sng_00-n_00-n_00-n_00-n_00-n_00-n;1006;0;41715;0;N;531057;531189;3;3026;0;R_PH_PL_2;20140317xMon;03_Beroun_Hořovice;Středočeský kraj;h00;154;N
02-o2_02-edg_03-tour_03-lau2_07-day_03-60_06-frt-1006_01-sng_00-n_00-n_00-n_00-n_00-n_00-n;1006;0;41724;0;N;531057;531189;3;3026;0;R_PH_PL_2;20140326xWed;03_Beroun_Hořovice;Středočeský kraj;h00;213;N
02-o2_02-edg_03-tour_03-lau2_07-day_03-60_06-frt-1006_01-sng_00-n_00-n_00-n_00-n_00-n_00-n;1006;0;41722;0;N;531057;531189;3;3026;0;R_PH_PL_2;20140324xMon;03_Beroun_Hořovice;Středočeský kraj;h00;156;N
02-o2_02-edg_03-tour_03-lau2_07-day_03-60_06-frt-1006_01-sng_00-n_00-n_00-n_00-n_00-n_00-n;1006;0;41721;0;N;531057;531189;3;3026;0;R_PH_PL_2;20140323xSun;03_Beroun_Hořovice;Středočeský kraj;h00;55;N
02-o2_02-edg_03-tour_03-lau2_07-day_03-60_06-frt-1006_01-sng_00-n_00-n_00-n_00-n_00-n_00-n;1006;0;41723;0;N;531057;531189;3;3026;0;R_PH_PL_2;20140325xTue;03_Beroun_Hořovice;Středočeský kraj;h00;158;N
02-o2_02-edg_03-tour_03-lau2_07-day_03-60_06-frt-1006_01-sng_00-n_00-n_00-n_00-n_00-n_00-n;1006;0;41718;0;N;559903;559717;6;3042;0;R_PH_PL_2;20140320xThu;06_Kařez_Rokycany;Plzeňský kraj;h00;33;N
02-o2_02-edg_03-tour_03-lau2_07-day_03-60_06-frt-1006_01-sng_00-n_00-n_00-n_00-n_00-n_00-n;1006;0;41711;0;N;559903;559717;6;3042;0;R_PH_PL_2;20140313xThu;06_Kařez_Rokycany;Plzeňský kraj;h00;24;N
02-o2_02-edg_03-tour_03-lau2_07-day_03-60_06-frt-1006_01-sng_00-n_00-n_00-n_00-n_00-n_00-n;1006;0;41710;0;N;559903;559717;6;3042;0;R_PH_PL_2;20140312xWed;06_Kařez_Rokycany;Plzeňský kraj;h00;28;N
02-o2_02-edg_03-tour_03-lau2_07-day_03-60_06-frt-1006_01-sng_00-n_00-n_00-n_00-n_00-n_00-n;1006;0;41713;0;N;559903;559717;6;3042;0;R_PH_PL_2;20140315xSat;06_Kařez_Rokycany;Plzeňský kraj;h00;16;N
02-o2_02-edg_03-tour_03-lau2_07-day_03-60_06-frt-1006_01-sng_00-n_00-n_00-n_00-n_00-n_00-n;1006;0;41716;0;N;559903;559717;6;3042;0;R_PH_PL_2;20140318xTue;06_Kařez_Rokycany;Plzeňský kraj;h00;22;N
02-o2_02-edg_03-tour_03-lau2_07-day_03-60_06-frt-1006_01-sng_00-n_00-n_00-n_00-n_00-n_00-n;1006;0;41720;0;N;559903;559717;6;3042;0;R_PH_PL_2;20140322xSat;06_Kařez_Rokycany;Plzeňský kraj;h00;15;N
02-o2_02-edg_03-tour_03-lau2_07-day_03-60_06-frt-1006_01-sng_00-n_00-n_00-n_00-n_00-n_00-n;1006;0;41719;0;N;559903;559717;6;3042;0;R_PH_PL_2;20140321xFri;06_Kařez_Rokycany;Plzeňský kraj;h00;22;N
02-o2_02-edg_03-tour_03-lau2_07-day_03-60_06-frt-1006_01-sng_00-n_00-n_00-n_00-n_00-n_00-n;1006;0;41717;0;N;559903;559717;6;3042;0;R_PH_PL_2;20140319xWed;06_Kařez_Rokycany;Plzeňský kraj;h00;34;N
02-o2_02-edg_03-tour_03-lau2_07-day_03-60_06-frt-1006_01-sng_00-n_00-n_00-n_00-n_00-n_00-n;1006;0;41712;0;N;559903;559717;6;3042;0;R_PH_PL_2;20140314xFri;06_Kařez_Rokycany;Plzeňský kraj;h00;23;N
02-o2_02-edg_03-tour_03-lau2_07-day_03-60_06-frt-1006_01-sng_00-n_00-n_00-n_00-n_00-n_00-n;1006;0;41714;0;N;559903;559717;6;3042;0;R_PH_PL_2;20140316xSun;06_Kařez_Rokycany;Plzeňský kraj;h00;12;N
02-o2_02-edg_03-tour_03-lau2_07-day_03-60_06-frt-1006_01-sng_00-n_00-n_00-n_00-n_00-n_00-n;1006;0;41715;0;N;559903;559717;6;3042;0;R_PH_PL_2;20140317xMon;06_Kařez_Rokycany;Plzeňský kraj;h00;33;N
02-o2_02-edg_03-tour_03-lau2_07-day_03-60_06-frt-1006_01-sng_00-n_00-n_00-n_00-n_00-n_00-n;1006;0;41724;0;N;559903;559717;6;3042;0;R_PH_PL_2;20140326xWed;06_Kařez_Rokycany;Plzeňský kraj;h00;33;N
02-o2_02-edg_03-tour_03-lau2_07-day_03-60_06-frt-1006_01-sng_00-n_00-n_00-n_00-n_00-n_00-n;1006;0;41721;0;N;559903;559717;6;3042;0;R_PH_PL_2;20140323xSun;06_Kařez_Rokycany;Plzeňský kraj;h00;13;N
02-o2_02-edg_03-tour_03-lau2_07-day_03-60_06-frt-1006_01-sng_00-n_00-n_00-n_00-n_00-n_00-n;1006;0;41723;0;N;559903;559717;6;3042;0;R_PH_PL_2;20140325xTue;06_Kařez_Rokycany;Plzeňský kraj;h00;34;N
02-o2_02-edg_03-tour_03-lau2_07-day_03-60_06-frt-1006_01-sng_00-n_00-n_00-n_00-n_00-n_00-n;1006;0;41722;0;N;559903;559717;6;3042;0;R_PH_PL_2;20140324xMon;06_Kařez_Rokycany;Plzeňský kraj;h00;35;N
02-o2_02-edg_03-tour_03-lau2_07-day_03-60_06-frt-1006_01-sng_00-n_00-n_00-n_00-n_00-n_00-n;1006;0;41715;0;N;559903;554791;6;3042;0;R_PH_PL_2;20140317xMon;06_Kařez_Plzeň;Plzeňský kraj;h00;52;N
02-o2_02-edg_03-tour_03-lau2_07-day_03-60_06-frt-1006_01-sng_00-n_00-n_00-n_00-n_00-n_00-n;1006;0;41717;0;N;559903;554791;6;3042;0;R_PH_PL_2;20140319xWed;06_Kařez_Plzeň;Plzeňský kraj;h00;61;N
02-o2_02-edg_03-tour_03-lau2_07-day_03-60_06-frt-1006_01-sng_00-n_00-n_00-n_00-n_00-n_00-n;1006;0;41711;0;N;559903;554791;6;3042;0;R_PH_PL_2;20140313xThu;06_Kařez_Plzeň;Plzeňský kraj;h00;45;N
02-o2_02-edg_03-tour_03-lau2_07-day_03-60_06-frt-1006_01-sng_00-n_00-n_00-n_00-n_00-n_00-n;1006;0;41710;0;N;559903;554791;6;3042;0;R_PH_PL_2;20140312xWed;06_Kařez_Plzeň;Plzeňský kraj;h00;53;N
02-o2_02-edg_03-tour_03-lau2_07-day_03-60_06-frt-1006_01-sng_00-n_00-n_00-n_00-n_00-n_00-n;1006;0;41716;0;N;559903;554791;6;3042;0;R_PH_PL_2;20140318xTue;06_Kařez_Plzeň;Plzeňský kraj;h00;50;N
02-o2_02-edg_03-tour_03-lau2_07-day_03-60_06-frt-1006_01-sng_00-n_00-n_00-n_00-n_00-n_00-n;1006;0;41718;0;N;559903;554791;6;3042;0;R_PH_PL_2;20140320xThu;06_Kařez_Plzeň;Plzeňský kraj;h00;62;N
02-o2_02-edg_03-tour_03-lau2_07-day_03-60_06-frt-1006_01-sng_00-n_00-n_00-n_00-n_00-n_00-n;1006;0;41712;0;N;559903;554791;6;3042;0;R_PH_PL_2;20140314xFri;06_Kařez_Plzeň;Plzeňský kraj;h00;46;N
02-o2_02-edg_03-tour_03-lau2_07-day_03-60_06-frt-1006_01-sng_00-n_00-n_00-n_00-n_00-n_00-n;1006;0;41714;0;N;559903;554791;6;3042;0;R_PH_PL_2;20140316xSun;06_Kařez_Plzeň;Plzeňský kraj;h00;30;N
02-o2_02-edg_03-tour_03-lau2_07-day_03-60_06-frt-1006_01-sng_00-n_00-n_00-n_00-n_00-n_00-n;1006;0;41720;0;N;559903;554791;6;3042;0;R_PH_PL_2;20140322xSat;06_Kařez_Plzeň;Plzeňský kraj;h00;27;N
02-o2_02-edg_03-tour_03-lau2_07-day_03-60_06-frt-1006_01-sng_00-n_00-n_00-n_00-n_00-n_00-n;1006;0;41713;0;N;559903;554791;6;3042;0;R_PH_PL_2;20140315xSat;06_Kařez_Plzeň;Plzeňský kraj;h00;38;N
02-o2_02-edg_03-tour_03-lau2_07-day_03-60_06-frt-1006_01-sng_00-n_00-n_00-n_00-n_00-n_00-n;1006;0;41719;0;N;559903;554791;6;3042;0;R_PH_PL_2;20140321xFri;06_Kařez_Plzeň;Plzeňský kraj;h00;50;N
02-o2_02-edg_03-tour_03-lau2_07-day_03-60_06-frt-1006_01-sng_00-n_00-n_00-n_00-n_00-n_00-n;1006;0;41721;0;N;559903;554791;6;3042;0;R_PH_PL_2;20140323xSun;06_Kařez_Plzeň;Plzeňský kraj;h00;22;N
02-o2_02-edg_03-tour_03-lau2_07-day_03-60_06-frt-1006_01-sng_00-n_00-n_00-n_00-n_00-n_00-n;1006;0;41722;0;N;559903;554791;6;3042;0;R_PH_PL_2;20140324xMon;06_Kařez_Plzeň;Plzeňský kraj;h00;68;N
02-o2_02-edg_03-tour_03-lau2_07-day_03-60_06-frt-1006_01-sng_00-n_00-n_00-n_00-n_00-n_00-n;1006;0;41723;0;N;559903;554791;6;3042;0;R_PH_PL_2;20140325xTue;06_Kařez_Plzeň;Plzeňský kraj;h00;51;N
02-o2_02-edg_03-tour_03-lau2_07-day_03-60_06-frt-1006_01-sng_00-n_00-n_00-n_00-n_00-n_00-n;1006;0;41724;0;N;559903;554791;6;3042;0;R_PH_PL_2;20140326xWed;06_Kařez_Plzeň;Plzeňský kraj;h00;62;N
02-o2_02-edg_03-tour_03-lau2_07-day_03-60_06-frt-1006_01-sng_00-n_00-n_00-n_00-n_00-n_00-n;1006;0;41715;0;N;559717;554791;7;3042;0;R_PH_PL_2;20140317xMon;07_Rokycany_Plzeň;Plzeňský kraj;h00;766;N
02-o2_02-edg_03-tour_03-lau2_07-day_03-60_06-frt-1006_01-sng_00-n_00-n_00-n_00-n_00-n_00-n;1006;0;41717;0;N;559717;554791;7;3042;0;R_PH_PL_2;20140319xWed;07_Rokycany_Plzeň;Plzeňský kraj;h00;903;N
02-o2_02-edg_03-tour_03-lau2_07-day_03-60_06-frt-1006_01-sng_00-n_00-n_00-n_00-n_00-n_00-n;1006;0;41712;0;N;559717;554791;7;3042;0;R_PH_PL_2;20140314xFri;07_Rokycany_Plzeň;Plzeňský kraj;h00;989;N
02-o2_02-edg_03-tour_03-lau2_07-day_03-60_06-frt-1006_01-sng_00-n_00-n_00-n_00-n_00-n_00-n;1006;0;41711;0;N;559717;554791;7;3042;0;R_PH_PL_2;20140313xThu;07_Rokycany_Plzeň;Plzeňský kraj;h00;941;N
02-o2_02-edg_03-tour_03-lau2_07-day_03-60_06-frt-1006_01-sng_00-n_00-n_00-n_00-n_00-n_00-n;1006;0;41716;0;N;559717;554791;7;3042;0;R_PH_PL_2;20140318xTue;07_Rokycany_Plzeň;Plzeňský kraj;h00;844;N
02-o2_02-edg_03-tour_03-lau2_07-day_03-60_06-frt-1006_01-sng_00-n_00-n_00-n_00-n_00-n_00-n;1006;0;41719;0;N;559717;554791;7;3042;0;R_PH_PL_2;20140321xFri;07_Rokycany_Plzeň;Plzeňský kraj;h00;802;N
02-o2_02-edg_03-tour_03-lau2_07-day_03-60_06-frt-1006_01-sng_00-n_00-n_00-n_00-n_00-n_00-n;1006;0;41710;0;N;559717;554791;7;3042;0;R_PH_PL_2;20140312xWed;07_Rokycany_Plzeň;Plzeňský kraj;h00;1014;N
02-o2_02-edg_03-tour_03-lau2_07-day_03-60_06-frt-1006_01-sng_00-n_00-n_00-n_00-n_00-n_00-n;1006;0;41718;0;N;559717;554791;7;3042;0;R_PH_PL_2;20140320xThu;07_Rokycany_Plzeň;Plzeňský kraj;h00;930;N
02-o2_02-edg_03-tour_03-lau2_07-day_03-60_06-frt-1006_01-sng_00-n_00-n_00-n_00-n_00-n_00-n;1006;0;41720;0;N;559717;554791;7;3042;0;R_PH_PL_2;20140322xSat;07_Rokycany_Plzeň;Plzeňský kraj;h00;417;N
02-o2_02-edg_03-tour_03-lau2_07-day_03-60_06-frt-1006_01-sng_00-n_00-n_00-n_00-n_00-n_00-n;1006;0;41714;0;N;559717;554791;7;3042;0;R_PH_PL_2;20140316xSun;07_Rokycany_Plzeň;Plzeňský kraj;h00;438;N
02-o2_02-edg_03-tour_03-lau2_07-day_03-60_06-frt-1006_01-sng_00-n_00-n_00-n_00-n_00-n_00-n;1006;0;41713;0;N;559717;554791;7;3042;0;R_PH_PL_2;20140315xSat;07_Rokycany_Plzeň;Plzeňský kraj;h00;614;N
02-o2_02-edg_03-tour_03-lau2_07-day_03-60_06-frt-1006_01-sng_00-n_00-n_00-n_00-n_00-n_00-n;1006;0;41722;0;N;559717;554791;7;3042;0;R_PH_PL_2;20140324xMon;07_Rokycany_Plzeň;Plzeňský kraj;h00;837;N
02-o2_02-edg_03-tour_03-lau2_07-day_03-60_06-frt-1006_01-sng_00-n_00-n_00-n_00-n_00-n_00-n;1006;0;41721;0;N;559717;554791;7;3042;0;R_PH_PL_2;20140323xSun;07_Rokycany_Plzeň;Plzeňský kraj;h00;373;N
02-o2_02-edg_03-tour_03-lau2_07-day_03-60_06-frt-1006_01-sng_00-n_00-n_00-n_00-n_00-n_00-n;1006;0;41724;0;N;559717;554791;7;3042;0;R_PH_PL_2;20140326xWed;07_Rokycany_Plzeň;Plzeňský kraj;h00;990;N
02-o2_02-edg_03-tour_03-lau2_07-day_03-60_06-frt-1006_01-sng_00-n_00-n_00-n_00-n_00-n_00-n;1006;0;41723;0;N;559717;554791;7;3042;0;R_PH_PL_2;20140325xTue;07_Rokycany_Plzeň;Plzeňský kraj;h00;904;N
02-o2_02-edg_03-tour_03-lau2_07-day_03-60_06-frt-1006_01-sng_00-n_00-n_00-n_00-n_00-n_00-n;1006;0;41718;0;N;554782;559903;1;3018;0;R_PH_PL_2;20140320xThu;01_Praha_Kařez;Hlavní město Praha;h00;36;N
02-o2_02-edg_03-tour_03-lau2_07-day_03-60_06-frt-1006_01-sng_00-n_00-n_00-n_00-n_00-n_00-n;1006;0;41713;0;N;554782;559903;1;3018;0;R_PH_PL_2;20140315xSat;01_Praha_Kařez;Hlavní město Praha;h00;42;N
02-o2_02-edg_03-tour_03-lau2_07-day_03-60_06-frt-1006_01-sng_00-n_00-n_00-n_00-n_00-n_00-n;1006;0;41715;0;N;554782;559903;1;3018;0;R_PH_PL_2;20140317xMon;01_Praha_Kařez;Hlavní město Praha;h00;32;N
02-o2_02-edg_03-tour_03-lau2_07-day_03-60_06-frt-1006_01-sng_00-n_00-n_00-n_00-n_00-n_00-n;1006;0;41720;0;N;554782;559903;1;3018;0;R_PH_PL_2;20140322xSat;01_Praha_Kařez;Hlavní město Praha;h00;24;N
02-o2_02-edg_03-tour_03-lau2_07-day_03-60_06-frt-1006_01-sng_00-n_00-n_00-n_00-n_00-n_00-n;1006;0;41716;0;N;554782;559903;1;3018;0;R_PH_PL_2;20140318xTue;01_Praha_Kařez;Hlavní město Praha;h00;36;N
02-o2_02-edg_03-tour_03-lau2_07-day_03-60_06-frt-1006_01-sng_00-n_00-n_00-n_00-n_00-n_00-n;1006;0;41711;0;N;554782;559903;1;3018;0;R_PH_PL_2;20140313xThu;01_Praha_Kařez;Hlavní město Praha;h00;34;N
02-o2_02-edg_03-tour_03-lau2_07-day_03-60_06-frt-1006_01-sng_00-n_00-n_00-n_00-n_00-n_00-n;1006;0;41714;0;N;554782;559903;1;3018;0;R_PH_PL_2;20140316xSun;01_Praha_Kařez;Hlavní město Praha;h00;17;N
02-o2_02-edg_03-tour_03-lau2_07-day_03-60_06-frt-1006_01-sng_00-n_00-n_00-n_00-n_00-n_00-n;1006;0;41710;0;N;554782;559903;1;3018;0;R_PH_PL_2;20140312xWed;01_Praha_Kařez;Hlavní město Praha;h00;39;N
02-o2_02-edg_03-tour_03-lau2_07-day_03-60_06-frt-1006_01-sng_00-n_00-n_00-n_00-n_00-n_00-n;1006;0;41717;0;N;554782;559903;1;3018;0;R_PH_PL_2;20140319xWed;01_Praha_Kařez;Hlavní město Praha;h00;35;N
02-o2_02-edg_03-tour_03-lau2_07-day_03-60_06-frt-1006_01-sng_00-n_00-n_00-n_00-n_00-n_00-n;1006;0;41719;0;N;554782;559903;1;3018;0;R_PH_PL_2;20140321xFri;01_Praha_Kařez;Hlavní město Praha;h00;49;N
02-o2_02-edg_03-tour_03-lau2_07-day_03-60_06-frt-1006_01-sng_00-n_00-n_00-n_00-n_00-n_00-n;1006;0;41712;0;N;554782;559903;1;3018;0;R_PH_PL_2;20140314xFri;01_Praha_Kařez;Hlavní město Praha;h00;46;N
02-o2_02-edg_03-tour_03-lau2_07-day_03-60_06-frt-1006_01-sng_00-n_00-n_00-n_00-n_00-n_00-n;1006;0;41722;0;N;554782;559903;1;3018;0;R_PH_PL_2;20140324xMon;01_Praha_Kařez;Hlavní město Praha;h00;32;N
02-o2_02-edg_03-tour_03-lau2_07-day_03-60_06-frt-1006_01-sng_00-n_00-n_00-n_00-n_00-n_00-n;1006;0;41724;0;N;554782;559903;1;3018;0;R_PH_PL_2;20140326xWed;01_Praha_Kařez;Hlavní město Praha;h00;25;N
02-o2_02-edg_03-tour_03-lau2_07-day_03-60_06-frt-1006_01-sng_00-n_00-n_00-n_00-n_00-n_00-n;1006;0;41723;0;N;554782;559903;1;3018;0;R_PH_PL_2;20140325xTue;01_Praha_Kařez;Hlavní město Praha;h00;23;N
02-o2_02-edg_03-tour_03-lau2_07-day_03-60_06-frt-1006_01-sng_00-n_00-n_00-n_00-n_00-n_00-n;1006;0;41721;0;N;554782;559903;1;3018;0;R_PH_PL_2;20140323xSun;01_Praha_Kařez;Hlavní město Praha;h00;19;N
02-o2_02-edg_03-tour_03-lau2_07-day_03-60_06-frt-1006_01-sng_00-n_00-n_00-n_00-n_00-n_00-n;1006;0;41714;0;N;554782;559717;1;3018;0;R_PH_PL_2;20140316xSun;01_Praha_Rokycany;Hlavní město Praha;h00;61;N
02-o2_02-edg_03-tour_03-lau2_07-day_03-60_06-frt-1006_01-sng_00-n_00-n_00-n_00-n_00-n_00-n;1006;0;41715;0;N;554782;559717;1;3018;0;R_PH_PL_2;20140317xMon;01_Praha_Rokycany;Hlavní město Praha;h00;113;N
02-o2_02-edg_03-tour_03-lau2_07-day_03-60_06-frt-1006_01-sng_00-n_00-n_00-n_00-n_00-n_00-n;1006;0;41711;0;N;554782;559717;1;3018;0;R_PH_PL_2;20140313xThu;01_Praha_Rokycany;Hlavní město Praha;h00;85;N
02-o2_02-edg_03-tour_03-lau2_07-day_03-60_06-frt-1006_01-sng_00-n_00-n_00-n_00-n_00-n_00-n;1006;0;41712;0;N;554782;559717;1;3018;0;R_PH_PL_2;20140314xFri;01_Praha_Rokycany;Hlavní město Praha;h00;110;N
02-o2_02-edg_03-tour_03-lau2_07-day_03-60_06-frt-1006_01-sng_00-n_00-n_00-n_00-n_00-n_00-n;1006;0;41713;0;N;554782;559717;1;3018;0;R_PH_PL_2;20140315xSat;01_Praha_Rokycany;Hlavní město Praha;h00;87;N
02-o2_02-edg_03-tour_03-lau2_07-day_03-60_06-frt-1006_01-sng_00-n_00-n_00-n_00-n_00-n_00-n;1006;0;41718;0;N;554782;559717;1;3018;0;R_PH_PL_2;20140320xThu;01_Praha_Rokycany;Hlavní město Praha;h00;129;N
02-o2_02-edg_03-tour_03-lau2_07-day_03-60_06-frt-1006_01-sng_00-n_00-n_00-n_00-n_00-n_00-n;1006;0;41717;0;N;554782;559717;1;3018;0;R_PH_PL_2;20140319xWed;01_Praha_Rokycany;Hlavní město Praha;h00;114;N
02-o2_02-edg_03-tour_03-lau2_07-day_03-60_06-frt-1006_01-sng_00-n_00-n_00-n_00-n_00-n_00-n;1006;0;41716;0;N;554782;559717;1;3018;0;R_PH_PL_2;20140318xTue;01_Praha_Rokycany;Hlavní město Praha;h00;111;N
02-o2_02-edg_03-tour_03-lau2_07-day_03-60_06-frt-1006_01-sng_00-n_00-n_00-n_00-n_00-n_00-n;1006;0;41720;0;N;554782;559717;1;3018;0;R_PH_PL_2;20140322xSat;01_Praha_Rokycany;Hlavní město Praha;h00;93;N
02-o2_02-edg_03-tour_03-lau2_07-day_03-60_06-frt-1006_01-sng_00-n_00-n_00-n_00-n_00-n_00-n;1006;0;41710;0;N;554782;559717;1;3018;0;R_PH_PL_2;20140312xWed;01_Praha_Rokycany;Hlavní město Praha;h00;89;N
02-o2_02-edg_03-tour_03-lau2_07-day_03-60_06-frt-1006_01-sng_00-n_00-n_00-n_00-n_00-n_00-n;1006;0;41719;0;N;554782;559717;1;3018;0;R_PH_PL_2;20140321xFri;01_Praha_Rokycany;Hlavní město Praha;h00;122;N
02-o2_02-edg_03-tour_03-lau2_07-day_03-60_06-frt-1006_01-sng_00-n_00-n_00-n_00-n_00-n_00-n;1006;0;41724;0;N;554782;559717;1;3018;0;R_PH_PL_2;20140326xWed;01_Praha_Rokycany;Hlavní město Praha;h00;103;N
02-o2_02-edg_03-tour_03-lau2_07-day_03-60_06-frt-1006_01-sng_00-n_00-n_00-n_00-n_00-n_00-n;1006;0;41723;0;N;554782;559717;1;3018;0;R_PH_PL_2;20140325xTue;01_Praha_Rokycany;Hlavní město Praha;h00;125;N
02-o2_02-edg_03-tour_03-lau2_07-day_03-60_06-frt-1006_01-sng_00-n_00-n_00-n_00-n_00-n_00-n;1006;0;41721;0;N;554782;559717;1;3018;0;R_PH_PL_2;20140323xSun;01_Praha_Rokycany;Hlavní město Praha;h00;49;N
02-o2_02-edg_03-tour_03-lau2_07-day_03-60_06-frt-1006_01-sng_00-n_00-n_00-n_00-n_00-n_00-n;1006;0;41722;0;N;554782;559717;1;3018;0;R_PH_PL_2;20140324xMon;01_Praha_Rokycany;Hlavní město Praha;h00;95;N
02-o2_02-edg_03-tour_03-lau2_07-day_03-60_06-frt-1006_01-sng_00-n_00-n_00-n_00-n_00-n_00-n;1006;0;41718;0;N;554782;554791;1;3018;0;R_PH_PL_2;20140320xThu;01_Praha_Plzeň;Hlavní město Praha;h00;1699;N
02-o2_02-edg_03-tour_03-lau2_07-day_03-60_06-frt-1006_01-sng_00-n_00-n_00-n_00-n_00-n_00-n;1006;0;41712;0;N;554782;554791;1;3018;0;R_PH_PL_2;20140314xFri;01_Praha_Plzeň;Hlavní město Praha;h00;1988;N
02-o2_02-edg_03-tour_03-lau2_07-day_03-60_06-frt-1006_01-sng_00-n_00-n_00-n_00-n_00-n_00-n;1006;0;41710;0;N;554782;554791;1;3018;0;R_PH_PL_2;20140312xWed;01_Praha_Plzeň;Hlavní město Praha;h00;1552;N
02-o2_02-edg_03-tour_03-lau2_07-day_03-60_06-frt-1006_01-sng_00-n_00-n_00-n_00-n_00-n_00-n;1006;0;41715;0;N;554782;554791;1;3018;0;R_PH_PL_2;20140317xMon;01_Praha_Plzeň;Hlavní město Praha;h00;1462;N
02-o2_02-edg_03-tour_03-lau2_07-day_03-60_06-frt-1006_01-sng_00-n_00-n_00-n_00-n_00-n_00-n;1006;0;41720;0;N;554782;554791;1;3018;0;R_PH_PL_2;20140322xSat;01_Praha_Plzeň;Hlavní město Praha;h00;1185;N
02-o2_02-edg_03-tour_03-lau2_07-day_03-60_06-frt-1006_01-sng_00-n_00-n_00-n_00-n_00-n_00-n;1006;0;41717;0;N;554782;554791;1;3018;0;R_PH_PL_2;20140319xWed;01_Praha_Plzeň;Hlavní město Praha;h00;1655;N
02-o2_02-edg_03-tour_03-lau2_07-day_03-60_06-frt-1006_01-sng_00-n_00-n_00-n_00-n_00-n_00-n;1006;0;41713;0;N;554782;554791;1;3018;0;R_PH_PL_2;20140315xSat;01_Praha_Plzeň;Hlavní město Praha;h00;1157;N
02-o2_02-edg_03-tour_03-lau2_07-day_03-60_06-frt-1006_01-sng_00-n_00-n_00-n_00-n_00-n_00-n;1006;0;41716;0;N;554782;554791;1;3018;0;R_PH_PL_2;20140318xTue;01_Praha_Plzeň;Hlavní město Praha;h00;1678;N
02-o2_02-edg_03-tour_03-lau2_07-day_03-60_06-frt-1006_01-sng_00-n_00-n_00-n_00-n_00-n_00-n;1006;0;41714;0;N;554782;554791;1;3018;0;R_PH_PL_2;20140316xSun;01_Praha_Plzeň;Hlavní město Praha;h00;945;N
02-o2_02-edg_03-tour_03-lau2_07-day_03-60_06-frt-1006_01-sng_00-n_00-n_00-n_00-n_00-n_00-n;1006;0;41711;0;N;554782;554791;1;3018;0;R_PH_PL_2;20140313xThu;01_Praha_Plzeň;Hlavní město Praha;h00;1654;N
02-o2_02-edg_03-tour_03-lau2_07-day_03-60_06-frt-1006_01-sng_00-n_00-n_00-n_00-n_00-n_00-n;1006;0;41719;0;N;554782;554791;1;3018;0;R_PH_PL_2;20140321xFri;01_Praha_Plzeň;Hlavní město Praha;h00;1683;N
02-o2_02-edg_03-tour_03-lau2_07-day_03-60_06-frt-1006_01-sng_00-n_00-n_00-n_00-n_00-n_00-n;1006;0;41724;0;N;554782;554791;1;3018;0;R_PH_PL_2;20140326xWed;01_Praha_Plzeň;Hlavní město Praha;h00;1633;N
02-o2_02-edg_03-tour_03-lau2_07-day_03-60_06-frt-1006_01-sng_00-n_00-n_00-n_00-n_00-n_00-n;1006;0;41721;0;N;554782;554791;1;3018;0;R_PH_PL_2;20140323xSun;01_Praha_Plzeň;Hlavní město Praha;h00;1039;N
02-o2_02-edg_03-tour_03-lau2_07-day_03-60_06-frt-1006_01-sng_00-n_00-n_00-n_00-n_00-n_00-n;1006;0;41723;0;N;554782;554791;1;3018;0;R_PH_PL_2;20140325xTue;01_Praha_Plzeň;Hlavní město Praha;h00;1579;N
02-o2_02-edg_03-tour_03-lau2_07-day_03-60_06-frt-1006_01-sng_00-n_00-n_00-n_00-n_00-n_00-n;1006;0;41722;0;N;554782;554791;1;3018;0;R_PH_PL_2;20140324xMon;01_Praha_Plzeň;Hlavní město Praha;h00;1449;N
02-o2_02-edg_03-tour_03-lau2_07-day_03-60_06-frt-1006_01-sng_00-n_00-n_00-n_00-n_00-n_00-n;1006;0;41718;0;N;554782;539856;1;3018;0;R_PH_PL_2;20140320xThu;01_Praha_Všenory;Hlavní město Praha;h00;596;N
02-o2_02-edg_03-tour_03-lau2_07-day_03-60_06-frt-1006_01-sng_00-n_00-n_00-n_00-n_00-n_00-n;1006;0;41714;0;N;554782;539856;1;3018;0;R_PH_PL_2;20140316xSun;01_Praha_Všenory;Hlavní město Praha;h00;222;N
02-o2_02-edg_03-tour_03-lau2_07-day_03-60_06-frt-1006_01-sng_00-n_00-n_00-n_00-n_00-n_00-n;1006;0;41715;0;N;554782;539856;1;3018;0;R_PH_PL_2;20140317xMon;01_Praha_Všenory;Hlavní město Praha;h00;510;N
02-o2_02-edg_03-tour_03-lau2_07-day_03-60_06-frt-1006_01-sng_00-n_00-n_00-n_00-n_00-n_00-n;1006;0;41710;0;N;554782;539856;1;3018;0;R_PH_PL_2;20140312xWed;01_Praha_Všenory;Hlavní město Praha;h00;521;N
02-o2_02-edg_03-tour_03-lau2_07-day_03-60_06-frt-1006_01-sng_00-n_00-n_00-n_00-n_00-n_00-n;1006;0;41712;0;N;554782;539856;1;3018;0;R_PH_PL_2;20140314xFri;01_Praha_Všenory;Hlavní město Praha;h00;641;N
02-o2_02-edg_03-tour_03-lau2_07-day_03-60_06-frt-1006_01-sng_00-n_00-n_00-n_00-n_00-n_00-n;1006;0;41711;0;N;554782;539856;1;3018;0;R_PH_PL_2;20140313xThu;01_Praha_Všenory;Hlavní město Praha;h00;579;N
02-o2_02-edg_03-tour_03-lau2_07-day_03-60_06-frt-1006_01-sng_00-n_00-n_00-n_00-n_00-n_00-n;1006;0;41717;0;N;554782;539856;1;3018;0;R_PH_PL_2;20140319xWed;01_Praha_Všenory;Hlavní město Praha;h00;549;N
02-o2_02-edg_03-tour_03-lau2_07-day_03-60_06-frt-1006_01-sng_00-n_00-n_00-n_00-n_00-n_00-n;1006;0;41720;0;N;554782;539856;1;3018;0;R_PH_PL_2;20140322xSat;01_Praha_Všenory;Hlavní město Praha;h00;518;N
02-o2_02-edg_03-tour_03-lau2_07-day_03-60_06-frt-1006_01-sng_00-n_00-n_00-n_00-n_00-n_00-n;1006;0;41716;0;N;554782;539856;1;3018;0;R_PH_PL_2;20140318xTue;01_Praha_Všenory;Hlavní město Praha;h00;558;N
02-o2_02-edg_03-tour_03-lau2_07-day_03-60_06-frt-1006_01-sng_00-n_00-n_00-n_00-n_00-n_00-n;1006;0;41713;0;N;554782;539856;1;3018;0;R_PH_PL_2;20140315xSat;01_Praha_Všenory;Hlavní město Praha;h00;359;N
02-o2_02-edg_03-tour_03-lau2_07-day_03-60_06-frt-1006_01-sng_00-n_00-n_00-n_00-n_00-n_00-n;1006;0;41719;0;N;554782;539856;1;3018;0;R_PH_PL_2;20140321xFri;01_Praha_Všenory;Hlavní město Praha;h00;535;N
02-o2_02-edg_03-tour_03-lau2_07-day_03-60_06-frt-1006_01-sng_00-n_00-n_00-n_00-n_00-n_00-n;1006;0;41722;0;N;554782;539856;1;3018;0;R_PH_PL_2;20140324xMon;01_Praha_Všenory;Hlavní město Praha;h00;471;N
02-o2_02-edg_03-tour_03-lau2_07-day_03-60_06-frt-1006_01-sng_00-n_00-n_00-n_00-n_00-n_00-n;1006;0;41721;0;N;554782;539856;1;3018;0;R_PH_PL_2;20140323xSun;01_Praha_Všenory;Hlavní město Praha;h00;283;N
02-o2_02-edg_03-tour_03-lau2_07-day_03-60_06-frt-1006_01-sng_00-n_00-n_00-n_00-n_00-n_00-n;1006;0;41723;0;N;554782;539856;1;3018;0;R_PH_PL_2;20140325xTue;01_Praha_Všenory;Hlavní město Praha;h00;579;N
02-o2_02-edg_03-tour_03-lau2_07-day_03-60_06-frt-1006_01-sng_00-n_00-n_00-n_00-n_00-n_00-n;1006;0;41724;0;N;554782;539856;1;3018;0;R_PH_PL_2;20140326xWed;01_Praha_Všenory;Hlavní město Praha;h00;559;N
02-o2_02-edg_03-tour_03-lau2_07-day_03-60_06-frt-1006_01-sng_00-n_00-n_00-n_00-n_00-n_00-n;1006;0;41712;0;N;554782;532011;1;3018;0;R_PH_PL_2;20140314xFri;01_Praha_Zdice;Hlavní město Praha;h00;150;N
02-o2_02-edg_03-tour_03-lau2_07-day_03-60_06-frt-1006_01-sng_00-n_00-n_00-n_00-n_00-n_00-n;1006;0;41716;0;N;554782;532011;1;3018;0;R_PH_PL_2;20140318xTue;01_Praha_Zdice;Hlavní město Praha;h00;146;N
02-o2_02-edg_03-tour_03-lau2_07-day_03-60_06-frt-1006_01-sng_00-n_00-n_00-n_00-n_00-n_00-n;1006;0;41719;0;N;554782;532011;1;3018;0;R_PH_PL_2;20140321xFri;01_Praha_Zdice;Hlavní město Praha;h00;137;N
02-o2_02-edg_03-tour_03-lau2_07-day_03-60_06-frt-1006_01-sng_00-n_00-n_00-n_00-n_00-n_00-n;1006;0;41711;0;N;554782;532011;1;3018;0;R_PH_PL_2;20140313xThu;01_Praha_Zdice;Hlavní město Praha;h00;144;N
02-o2_02-edg_03-tour_03-lau2_07-day_03-60_06-frt-1006_01-sng_00-n_00-n_00-n_00-n_00-n_00-n;1006;0;41717;0;N;554782;532011;1;3018;0;R_PH_PL_2;20140319xWed;01_Praha_Zdice;Hlavní město Praha;h00;154;N
02-o2_02-edg_03-tour_03-lau2_07-day_03-60_06-frt-1006_01-sng_00-n_00-n_00-n_00-n_00-n_00-n;1006;0;41715;0;N;554782;532011;1;3018;0;R_PH_PL_2;20140317xMon;01_Praha_Zdice;Hlavní město Praha;h00;145;N
02-o2_02-edg_03-tour_03-lau2_07-day_03-60_06-frt-1006_01-sng_00-n_00-n_00-n_00-n_00-n_00-n;1006;0;41713;0;N;554782;532011;1;3018;0;R_PH_PL_2;20140315xSat;01_Praha_Zdice;Hlavní město Praha;h00;97;N
02-o2_02-edg_03-tour_03-lau2_07-day_03-60_06-frt-1006_01-sng_00-n_00-n_00-n_00-n_00-n_00-n;1006;0;41718;0;N;554782;532011;1;3018;0;R_PH_PL_2;20140320xThu;01_Praha_Zdice;Hlavní město Praha;h00;139;N
02-o2_02-edg_03-tour_03-lau2_07-day_03-60_06-frt-1006_01-sng_00-n_00-n_00-n_00-n_00-n_00-n;1006;0;41714;0;N;554782;532011;1;3018;0;R_PH_PL_2;20140316xSun;01_Praha_Zdice;Hlavní město Praha;h00;46;N
02-o2_02-edg_03-tour_03-lau2_07-day_03-60_06-frt-1006_01-sng_00-n_00-n_00-n_00-n_00-n_00-n;1006;0;41710;0;N;554782;532011;1;3018;0;R_PH_PL_2;20140312xWed;01_Praha_Zdice;Hlavní město Praha;h00;125;N
02-o2_02-edg_03-tour_03-lau2_07-day_03-60_06-frt-1006_01-sng_00-n_00-n_00-n_00-n_00-n_00-n;1006;0;41720;0;N;554782;532011;1;3018;0;R_PH_PL_2;20140322xSat;01_Praha_Zdice;Hlavní město Praha;h00;111;N
02-o2_02-edg_03-tour_03-lau2_07-day_03-60_06-frt-1006_01-sng_00-n_00-n_00-n_00-n_00-n_00-n;1006;0;41721;0;N;554782;532011;1;3018;0;R_PH_PL_2;20140323xSun;01_Praha_Zdice;Hlavní město Praha;h00;81;N
02-o2_02-edg_03-tour_03-lau2_07-day_03-60_06-frt-1006_01-sng_00-n_00-n_00-n_00-n_00-n_00-n;1006;0;41723;0;N;554782;532011;1;3018;0;R_PH_PL_2;20140325xTue;01_Praha_Zdice;Hlavní město Praha;h00;137;N
02-o2_02-edg_03-tour_03-lau2_07-day_03-60_06-frt-1006_01-sng_00-n_00-n_00-n_00-n_00-n_00-n;1006;0;41722;0;N;554782;532011;1;3018;0;R_PH_PL_2;20140324xMon;01_Praha_Zdice;Hlavní město Praha;h00;115;N
02-o2_02-edg_03-tour_03-lau2_07-day_03-60_06-frt-1006_01-sng_00-n_00-n_00-n_00-n_00-n_00-n;1006;0;41724;0;N;554782;532011;1;3018;0;R_PH_PL_2;20140326xWed;01_Praha_Zdice;Hlavní město Praha;h00;103;N
02-o2_02-edg_03-tour_03-lau2_07-day_03-60_06-frt-1006_01-sng_00-n_00-n_00-n_00-n_00-n_00-n;1006;0;41719;0;N;554782;531189;1;3018;0;R_PH_PL_2;20140321xFri;01_Praha_Hořovice;Hlavní město Praha;h00;56;N
02-o2_02-edg_03-tour_03-lau2_07-day_03-60_06-frt-1006_01-sng_00-n_00-n_00-n_00-n_00-n_00-n;1006;0;41720;0;N;554782;531189;1;3018;0;R_PH_PL_2;20140322xSat;01_Praha_Hořovice;Hlavní město Praha;h00;65;N
02-o2_02-edg_03-tour_03-lau2_07-day_03-60_06-frt-1006_01-sng_00-n_00-n_00-n_00-n_00-n_00-n;1006;0;41716;0;N;554782;531189;1;3018;0;R_PH_PL_2;20140318xTue;01_Praha_Hořovice;Hlavní město Praha;h00;94;N
02-o2_02-edg_03-tour_03-lau2_07-day_03-60_06-frt-1006_01-sng_00-n_00-n_00-n_00-n_00-n_00-n;1006;0;41714;0;N;554782;531189;1;3018;0;R_PH_PL_2;20140316xSun;01_Praha_Hořovice;Hlavní město Praha;h00;23;N
02-o2_02-edg_03-tour_03-lau2_07-day_03-60_06-frt-1006_01-sng_00-n_00-n_00-n_00-n_00-n_00-n;1006;0;41713;0;N;554782;531189;1;3018;0;R_PH_PL_2;20140315xSat;01_Praha_Hořovice;Hlavní město Praha;h00;56;N
02-o2_02-edg_03-tour_03-lau2_07-day_03-60_06-frt-1006_01-sng_00-n_00-n_00-n_00-n_00-n_00-n;1006;0;41717;0;N;554782;531189;1;3018;0;R_PH_PL_2;20140319xWed;01_Praha_Hořovice;Hlavní město Praha;h00;102;N
02-o2_02-edg_03-tour_03-lau2_07-day_03-60_06-frt-1006_01-sng_00-n_00-n_00-n_00-n_00-n_00-n;1006;0;41718;0;N;554782;531189;1;3018;0;R_PH_PL_2;20140320xThu;01_Praha_Hořovice;Hlavní město Praha;h00;69;N
02-o2_02-edg_03-tour_03-lau2_07-day_03-60_06-frt-1006_01-sng_00-n_00-n_00-n_00-n_00-n_00-n;1006;0;41712;0;N;554782;531189;1;3018;0;R_PH_PL_2;20140314xFri;01_Praha_Hořovice;Hlavní město Praha;h00;71;N
02-o2_02-edg_03-tour_03-lau2_07-day_03-60_06-frt-1006_01-sng_00-n_00-n_00-n_00-n_00-n_00-n;1006;0;41715;0;N;554782;531189;1;3018;0;R_PH_PL_2;20140317xMon;01_Praha_Hořovice;Hlavní město Praha;h00;90;N
02-o2_02-edg_03-tour_03-lau2_07-day_03-60_06-frt-1006_01-sng_00-n_00-n_00-n_00-n_00-n_00-n;1006;0;41710;0;N;554782;531189;1;3018;0;R_PH_PL_2;20140312xWed;01_Praha_Hořovice;Hlavní město Praha;h00;73;N
02-o2_02-edg_03-tour_03-lau2_07-day_03-60_06-frt-1006_01-sng_00-n_00-n_00-n_00-n_00-n_00-n;1006;0;41711;0;N;554782;531189;1;3018;0;R_PH_PL_2;20140313xThu;01_Praha_Hořovice;Hlavní město Praha;h00;75;N
02-o2_02-edg_03-tour_03-lau2_07-day_03-60_06-frt-1006_01-sng_00-n_00-n_00-n_00-n_00-n_00-n;1006;0;41723;0;N;554782;531189;1;3018;0;R_PH_PL_2;20140325xTue;01_Praha_Hořovice;Hlavní město Praha;h00;48;N
02-o2_02-edg_03-tour_03-lau2_07-day_03-60_06-frt-1006_01-sng_00-n_00-n_00-n_00-n_00-n_00-n;1006;0;41724;0;N;554782;531189;1;3018;0;R_PH_PL_2;20140326xWed;01_Praha_Hořovice;Hlavní město Praha;h00;70;N
02-o2_02-edg_03-tour_03-lau2_07-day_03-60_06-frt-1006_01-sng_00-n_00-n_00-n_00-n_00-n_00-n;1006;0;41722;0;N;554782;531189;1;3018;0;R_PH_PL_2;20140324xMon;01_Praha_Hořovice;Hlavní město Praha;h00;60;N
02-o2_02-edg_03-tour_03-lau2_07-day_03-60_06-frt-1006_01-sng_00-n_00-n_00-n_00-n_00-n_00-n;1006;0;41721;0;N;554782;531189;1;3018;0;R_PH_PL_2;20140323xSun;01_Praha_Hořovice;Hlavní město Praha;h00;33;N
02-o2_02-edg_03-tour_03-lau2_07-day_03-60_06-frt-1006_01-sng_00-n_00-n_00-n_00-n_00-n_00-n;1006;0;41714;0;N;554782;531057;1;3018;0;R_PH_PL_2;20140316xSun;01_Praha_Beroun;Hlavní město Praha;h00;1509;N
02-o2_02-edg_03-tour_03-lau2_07-day_03-60_06-frt-1006_01-sng_00-n_00-n_00-n_00-n_00-n_00-n;1006;0;41719;0;N;554782;531057;1;3018;0;R_PH_PL_2;20140321xFri;01_Praha_Beroun;Hlavní město Praha;h00;2881;N
02-o2_02-edg_03-tour_03-lau2_07-day_03-60_06-frt-1006_01-sng_00-n_00-n_00-n_00-n_00-n_00-n;1006;0;41713;0;N;554782;531057;1;3018;0;R_PH_PL_2;20140315xSat;01_Praha_Beroun;Hlavní město Praha;h00;2092;N
02-o2_02-edg_03-tour_03-lau2_07-day_03-60_06-frt-1006_01-sng_00-n_00-n_00-n_00-n_00-n_00-n;1006;0;41721;0;N;554782;531057;1;3018;0;R_PH_PL_2;20140323xSun;01_Praha_Beroun;Hlavní město Praha;h00;1381;N
02-o2_02-edg_03-tour_03-lau2_07-day_03-60_06-frt-1006_01-sng_00-n_00-n_00-n_00-n_00-n_00-n;1006;0;41715;0;N;554782;531057;1;3018;0;R_PH_PL_2;20140317xMon;01_Praha_Beroun;Hlavní město Praha;h00;2603;N
02-o2_02-edg_03-tour_03-lau2_07-day_03-60_06-frt-1006_01-sng_00-n_00-n_00-n_00-n_00-n_00-n;1006;0;41716;0;N;554782;531057;1;3018;0;R_PH_PL_2;20140318xTue;01_Praha_Beroun;Hlavní město Praha;h00;2730;N
02-o2_02-edg_03-tour_03-lau2_07-day_03-60_06-frt-1006_01-sng_00-n_00-n_00-n_00-n_00-n_00-n;1006;0;41717;0;N;554782;531057;1;3018;0;R_PH_PL_2;20140319xWed;01_Praha_Beroun;Hlavní město Praha;h00;2758;N
02-o2_02-edg_03-tour_03-lau2_07-day_03-60_06-frt-1006_01-sng_00-n_00-n_00-n_00-n_00-n_00-n;1006;0;41710;0;N;554782;531057;1;3018;0;R_PH_PL_2;20140312xWed;01_Praha_Beroun;Hlavní město Praha;h00;2722;N
02-o2_02-edg_03-tour_03-lau2_07-day_03-60_06-frt-1006_01-sng_00-n_00-n_00-n_00-n_00-n_00-n;1006;0;41712;0;N;554782;531057;1;3018;0;R_PH_PL_2;20140314xFri;01_Praha_Beroun;Hlavní město Praha;h00;3449;N
02-o2_02-edg_03-tour_03-lau2_07-day_03-60_06-frt-1006_01-sng_00-n_00-n_00-n_00-n_00-n_00-n;1006;0;41718;0;N;554782;531057;1;3018;0;R_PH_PL_2;20140320xThu;01_Praha_Beroun;Hlavní město Praha;h00;2638;N
02-o2_02-edg_03-tour_03-lau2_07-day_03-60_06-frt-1006_01-sng_00-n_00-n_00-n_00-n_00-n_00-n;1006;0;41720;0;N;554782;531057;1;3018;0;R_PH_PL_2;20140322xSat;01_Praha_Beroun;Hlavní město Praha;h00;1911;N
02-o2_02-edg_03-tour_03-lau2_07-day_03-60_06-frt-1006_01-sng_00-n_00-n_00-n_00-n_00-n_00-n;1006;0;41711;0;N;554782;531057;1;3018;0;R_PH_PL_2;20140313xThu;01_Praha_Beroun;Hlavní město Praha;h00;2794;N
02-o2_02-edg_03-tour_03-lau2_07-day_03-60_06-frt-1006_01-sng_00-n_00-n_00-n_00-n_00-n_00-n;1006;0;41722;0;N;554782;531057;1;3018;0;R_PH_PL_2;20140324xMon;01_Praha_Beroun;Hlavní město Praha;h00;2541;N
02-o2_02-edg_03-tour_03-lau2_07-day_03-60_06-frt-1006_01-sng_00-n_00-n_00-n_00-n_00-n_00-n;1006;0;41724;0;N;554782;531057;1;3018;0;R_PH_PL_2;20140326xWed;01_Praha_Beroun;Hlavní město Praha;h00;2948;N
02-o2_02-edg_03-tour_03-lau2_07-day_03-60_06-frt-1006_01-sng_00-n_00-n_00-n_00-n_00-n_00-n;1006;0;41723;0;N;554782;531057;1;3018;0;R_PH_PL_2;20140325xTue;01_Praha_Beroun;Hlavní město Praha;h00;2941;N
02-o2_02-edg_03-tour_03-lau2_07-day_03-60_06-frt-1006_01-sng_00-n_00-n_00-n_00-n_00-n_00-n;1006;0;41720;0;N;539856;559717;2;3026;0;R_PH_PL_2;20140322xSat;02_Všenory_Rokycany;Středočeský kraj;h00;1;N
02-o2_02-edg_03-tour_03-lau2_07-day_03-60_06-frt-1006_01-sng_00-n_00-n_00-n_00-n_00-n_00-n;1006;0;41715;0;N;539856;559717;2;3026;0;R_PH_PL_2;20140317xMon;02_Všenory_Rokycany;Středočeský kraj;h00;1;N
02-o2_02-edg_03-tour_03-lau2_07-day_03-60_06-frt-1006_01-sng_00-n_00-n_00-n_00-n_00-n_00-n;1006;0;41717;0;N;539856;559717;2;3026;0;R_PH_PL_2;20140319xWed;02_Všenory_Rokycany;Středočeský kraj;h00;2;N
02-o2_02-edg_03-tour_03-lau2_07-day_03-60_06-frt-1006_01-sng_00-n_00-n_00-n_00-n_00-n_00-n;1006;0;41719;0;N;539856;554791;2;3026;0;R_PH_PL_2;20140321xFri;02_Všenory_Plzeň;Středočeský kraj;h00;1;N
02-o2_02-edg_03-tour_03-lau2_07-day_03-60_06-frt-1006_01-sng_00-n_00-n_00-n_00-n_00-n_00-n;1006;0;41713;0;N;539856;554791;2;3026;0;R_PH_PL_2;20140315xSat;02_Všenory_Plzeň;Středočeský kraj;h00;2;N
02-o2_02-edg_03-tour_03-lau2_07-day_03-60_06-frt-1006_01-sng_00-n_00-n_00-n_00-n_00-n_00-n;1006;0;41715;0;N;539856;554791;2;3026;0;R_PH_PL_2;20140317xMon;02_Všenory_Plzeň;Středočeský kraj;h00;6;N
02-o2_02-edg_03-tour_03-lau2_07-day_03-60_06-frt-1006_01-sng_00-n_00-n_00-n_00-n_00-n_00-n;1006;0;41711;0;N;539856;554791;2;3026;0;R_PH_PL_2;20140313xThu;02_Všenory_Plzeň;Středočeský kraj;h00;2;N
02-o2_02-edg_03-tour_03-lau2_07-day_03-60_06-frt-1006_01-sng_00-n_00-n_00-n_00-n_00-n_00-n;1006;0;41712;0;N;539856;554791;2;3026;0;R_PH_PL_2;20140314xFri;02_Všenory_Plzeň;Středočeský kraj;h00;4;N
02-o2_02-edg_03-tour_03-lau2_07-day_03-60_06-frt-1006_01-sng_00-n_00-n_00-n_00-n_00-n_00-n;1006;0;41720;0;N;539856;554791;2;3026;0;R_PH_PL_2;20140322xSat;02_Všenory_Plzeň;Středočeský kraj;h00;1;N
02-o2_02-edg_03-tour_03-lau2_07-day_03-60_06-frt-1006_01-sng_00-n_00-n_00-n_00-n_00-n_00-n;1006;0;41716;0;N;539856;554791;2;3026;0;R_PH_PL_2;20140318xTue;02_Všenory_Plzeň;Středočeský kraj;h00;2;N
02-o2_02-edg_03-tour_03-lau2_07-day_03-60_06-frt-1006_01-sng_00-n_00-n_00-n_00-n_00-n_00-n;1006;0;41710;0;N;539856;554791;2;3026;0;R_PH_PL_2;20140312xWed;02_Všenory_Plzeň;Středočeský kraj;h00;2;N
02-o2_02-edg_03-tour_03-lau2_07-day_03-60_06-frt-1006_01-sng_00-n_00-n_00-n_00-n_00-n_00-n;1006;0;41723;0;N;539856;554791;2;3026;0;R_PH_PL_2;20140325xTue;02_Všenory_Plzeň;Středočeský kraj;h00;5;N
02-o2_02-edg_03-tour_03-lau2_07-day_03-60_06-frt-1006_01-sng_00-n_00-n_00-n_00-n_00-n_00-n;1006;0;41722;0;N;539856;554791;2;3026;0;R_PH_PL_2;20140324xMon;02_Všenory_Plzeň;Středočeský kraj;h00;1;N
02-o2_02-edg_03-tour_03-lau2_07-day_03-60_06-frt-1006_01-sng_00-n_00-n_00-n_00-n_00-n_00-n;1006;0;41717;0;N;539856;532011;2;3026;0;R_PH_PL_2;20140319xWed;02_Všenory_Zdice;Středočeský kraj;h00;1;N
02-o2_02-edg_03-tour_03-lau2_07-day_03-60_06-frt-1006_01-sng_00-n_00-n_00-n_00-n_00-n_00-n;1006;0;41715;0;N;539856;532011;2;3026;0;R_PH_PL_2;20140317xMon;02_Všenory_Zdice;Středočeský kraj;h00;1;N
02-o2_02-edg_03-tour_03-lau2_07-day_03-60_06-frt-1006_01-sng_00-n_00-n_00-n_00-n_00-n_00-n;1006;0;41719;0;N;539856;532011;2;3026;0;R_PH_PL_2;20140321xFri;02_Všenory_Zdice;Středočeský kraj;h00;1;N
02-o2_02-edg_03-tour_03-lau2_07-day_03-60_06-frt-1006_01-sng_00-n_00-n_00-n_00-n_00-n_00-n;1006;0;41710;0;N;539856;532011;2;3026;0;R_PH_PL_2;20140312xWed;02_Všenory_Zdice;Středočeský kraj;h00;1;N
02-o2_02-edg_03-tour_03-lau2_07-day_03-60_06-frt-1006_01-sng_00-n_00-n_00-n_00-n_00-n_00-n;1006;0;41712;0;N;539856;532011;2;3026;0;R_PH_PL_2;20140314xFri;02_Všenory_Zdice;Středočeský kraj;h00;1;N
02-o2_02-edg_03-tour_03-lau2_07-day_03-60_06-frt-1006_01-sng_00-n_00-n_00-n_00-n_00-n_00-n;1006;0;41722;0;N;539856;532011;2;3026;0;R_PH_PL_2;20140324xMon;02_Všenory_Zdice;Středočeský kraj;h00;1;N
02-o2_02-edg_03-tour_03-lau2_07-day_03-60_06-frt-1006_01-sng_00-n_00-n_00-n_00-n_00-n_00-n;1006;0;41719;0;N;539856;531189;2;3026;0;R_PH_PL_2;20140321xFri;02_Všenory_Hořovice;Středočeský kraj;h00;1;N
02-o2_02-edg_03-tour_03-lau2_07-day_03-60_06-frt-1006_01-sng_00-n_00-n_00-n_00-n_00-n_00-n;1006;0;41712;0;N;539856;531189;2;3026;0;R_PH_PL_2;20140314xFri;02_Všenory_Hořovice;Středočeský kraj;h00;1;N
02-o2_02-edg_03-tour_03-lau2_07-day_03-60_06-frt-1006_01-sng_00-n_00-n_00-n_00-n_00-n_00-n;1006;0;41713;0;N;539856;531189;2;3026;0;R_PH_PL_2;20140315xSat;02_Všenory_Hořovice;Středočeský kraj;h00;1;N
02-o2_02-edg_03-tour_03-lau2_07-day_03-60_06-frt-1006_01-sng_00-n_00-n_00-n_00-n_00-n_00-n;1006;0;41724;0;N;539856;531189;2;3026;0;R_PH_PL_2;20140326xWed;02_Všenory_Hořovice;Středočeský kraj;h00;1;N
02-o2_02-edg_03-tour_03-lau2_07-day_03-60_06-frt-1006_01-sng_00-n_00-n_00-n_00-n_00-n_00-n;1006;0;41723;0;N;539856;531189;2;3026;0;R_PH_PL_2;20140325xTue;02_Všenory_Hořovice;Středočeský kraj;h00;1;N
02-o2_02-edg_03-tour_03-lau2_07-day_03-60_06-frt-1006_01-sng_00-n_00-n_00-n_00-n_00-n_00-n;1006;0;41710;0;N;539856;531057;2;3026;0;R_PH_PL_2;20140312xWed;02_Všenory_Beroun;Středočeský kraj;h00;13;N
02-o2_02-edg_03-tour_03-lau2_07-day_03-60_06-frt-1006_01-sng_00-n_00-n_00-n_00-n_00-n_00-n;1006;0;41719;0;N;539856;531057;2;3026;0;R_PH_PL_2;20140321xFri;02_Všenory_Beroun;Středočeský kraj;h00;8;N
02-o2_02-edg_03-tour_03-lau2_07-day_03-60_06-frt-1006_01-sng_00-n_00-n_00-n_00-n_00-n_00-n;1006;0;41713;0;N;539856;531057;2;3026;0;R_PH_PL_2;20140315xSat;02_Všenory_Beroun;Středočeský kraj;h00;9;N
02-o2_02-edg_03-tour_03-lau2_07-day_03-60_06-frt-1006_01-sng_00-n_00-n_00-n_00-n_00-n_00-n;1006;0;41718;0;N;539856;531057;2;3026;0;R_PH_PL_2;20140320xThu;02_Všenory_Beroun;Středočeský kraj;h00;14;N
02-o2_02-edg_03-tour_03-lau2_07-day_03-60_06-frt-1006_01-sng_00-n_00-n_00-n_00-n_00-n_00-n;1006;0;41720;0;N;539856;531057;2;3026;0;R_PH_PL_2;20140322xSat;02_Všenory_Beroun;Středočeský kraj;h00;14;N
02-o2_02-edg_03-tour_03-lau2_07-day_03-60_06-frt-1006_01-sng_00-n_00-n_00-n_00-n_00-n_00-n;1006;0;41716;0;N;539856;531057;2;3026;0;R_PH_PL_2;20140318xTue;02_Všenory_Beroun;Středočeský kraj;h00;6;N
02-o2_02-edg_03-tour_03-lau2_07-day_03-60_06-frt-1006_01-sng_00-n_00-n_00-n_00-n_00-n_00-n;1006;0;41712;0;N;539856;531057;2;3026;0;R_PH_PL_2;20140314xFri;02_Všenory_Beroun;Středočeský kraj;h00;11;N
02-o2_02-edg_03-tour_03-lau2_07-day_03-60_06-frt-1006_01-sng_00-n_00-n_00-n_00-n_00-n_00-n;1006;0;41711;0;N;539856;531057;2;3026;0;R_PH_PL_2;20140313xThu;02_Všenory_Beroun;Středočeský kraj;h00;10;N
02-o2_02-edg_03-tour_03-lau2_07-day_03-60_06-frt-1006_01-sng_00-n_00-n_00-n_00-n_00-n_00-n;1006;0;41715;0;N;539856;531057;2;3026;0;R_PH_PL_2;20140317xMon;02_Všenory_Beroun;Středočeský kraj;h00;13;N
02-o2_02-edg_03-tour_03-lau2_07-day_03-60_06-frt-1006_01-sng_00-n_00-n_00-n_00-n_00-n_00-n;1006;0;41714;0;N;539856;531057;2;3026;0;R_PH_PL_2;20140316xSun;02_Všenory_Beroun;Středočeský kraj;h00;16;N
02-o2_02-edg_03-tour_03-lau2_07-day_03-60_06-frt-1006_01-sng_00-n_00-n_00-n_00-n_00-n_00-n;1006;0;41717;0;N;539856;531057;2;3026;0;R_PH_PL_2;20140319xWed;02_Všenory_Beroun;Středočeský kraj;h00;9;N
02-o2_02-edg_03-tour_03-lau2_07-day_03-60_06-frt-1006_01-sng_00-n_00-n_00-n_00-n_00-n_00-n;1006;0;41721;0;N;539856;531057;2;3026;0;R_PH_PL_2;20140323xSun;02_Všenory_Beroun;Středočeský kraj;h00;7;N
02-o2_02-edg_03-tour_03-lau2_07-day_03-60_06-frt-1006_01-sng_00-n_00-n_00-n_00-n_00-n_00-n;1006;0;41724;0;N;539856;531057;2;3026;0;R_PH_PL_2;20140326xWed;02_Všenory_Beroun;Středočeský kraj;h00;9;N
02-o2_02-edg_03-tour_03-lau2_07-day_03-60_06-frt-1006_01-sng_00-n_00-n_00-n_00-n_00-n_00-n;1006;0;41723;0;N;539856;531057;2;3026;0;R_PH_PL_2;20140325xTue;02_Všenory_Beroun;Středočeský kraj;h00;8;N
02-o2_02-edg_03-tour_03-lau2_07-day_03-60_06-frt-1006_01-sng_00-n_00-n_00-n_00-n_00-n_00-n;1006;0;41722;0;N;539856;531057;2;3026;0;R_PH_PL_2;20140324xMon;02_Všenory_Beroun;Středočeský kraj;h00;12;N
02-o2_02-edg_03-tour_03-lau2_07-day_03-60_06-frt-1006_01-sng_00-n_00-n_00-n_00-n_00-n_00-n;1006;0;41719;0;N;532011;559903;4;3026;0;R_PH_PL_2;20140321xFri;04_Zdice_Kařez;Středočeský kraj;h00;4;N
02-o2_02-edg_03-tour_03-lau2_07-day_03-60_06-frt-1006_01-sng_00-n_00-n_00-n_00-n_00-n_00-n;1006;0;41717;0;N;532011;559903;4;3026;0;R_PH_PL_2;20140319xWed;04_Zdice_Kařez;Středočeský kraj;h00;7;N
02-o2_02-edg_03-tour_03-lau2_07-day_03-60_06-frt-1006_01-sng_00-n_00-n_00-n_00-n_00-n_00-n;1006;0;41714;0;N;532011;559903;4;3026;0;R_PH_PL_2;20140316xSun;04_Zdice_Kařez;Středočeský kraj;h00;3;N
02-o2_02-edg_03-tour_03-lau2_07-day_03-60_06-frt-1006_01-sng_00-n_00-n_00-n_00-n_00-n_00-n;1006;0;41716;0;N;532011;559903;4;3026;0;R_PH_PL_2;20140318xTue;04_Zdice_Kařez;Středočeský kraj;h00;5;N
02-o2_02-edg_03-tour_03-lau2_07-day_03-60_06-frt-1006_01-sng_00-n_00-n_00-n_00-n_00-n_00-n;1006;0;41713;0;N;532011;559903;4;3026;0;R_PH_PL_2;20140315xSat;04_Zdice_Kařez;Středočeský kraj;h00;6;N
02-o2_02-edg_03-tour_03-lau2_07-day_03-60_06-frt-1006_01-sng_00-n_00-n_00-n_00-n_00-n_00-n;1006;0;41710;0;N;532011;559903;4;3026;0;R_PH_PL_2;20140312xWed;04_Zdice_Kařez;Středočeský kraj;h00;3;N
02-o2_02-edg_03-tour_03-lau2_07-day_03-60_06-frt-1006_01-sng_00-n_00-n_00-n_00-n_00-n_00-n;1006;0;41711;0;N;532011;559903;4;3026;0;R_PH_PL_2;20140313xThu;04_Zdice_Kařez;Středočeský kraj;h00;5;N
02-o2_02-edg_03-tour_03-lau2_07-day_03-60_06-frt-1006_01-sng_00-n_00-n_00-n_00-n_00-n_00-n;1006;0;41715;0;N;532011;559903;4;3026;0;R_PH_PL_2;20140317xMon;04_Zdice_Kařez;Středočeský kraj;h00;5;N
02-o2_02-edg_03-tour_03-lau2_07-day_03-60_06-frt-1006_01-sng_00-n_00-n_00-n_00-n_00-n_00-n;1006;0;41718;0;N;532011;559903;4;3026;0;R_PH_PL_2;20140320xThu;04_Zdice_Kařez;Středočeský kraj;h00;6;N
02-o2_02-edg_03-tour_03-lau2_07-day_03-60_06-frt-1006_01-sng_00-n_00-n_00-n_00-n_00-n_00-n;1006;0;41720;0;N;532011;559903;4;3026;0;R_PH_PL_2;20140322xSat;04_Zdice_Kařez;Středočeský kraj;h00;11;N
02-o2_02-edg_03-tour_03-lau2_07-day_03-60_06-frt-1006_01-sng_00-n_00-n_00-n_00-n_00-n_00-n;1006;0;41712;0;N;532011;559903;4;3026;0;R_PH_PL_2;20140314xFri;04_Zdice_Kařez;Středočeský kraj;h00;10;N
02-o2_02-edg_03-tour_03-lau2_07-day_03-60_06-frt-1006_01-sng_00-n_00-n_00-n_00-n_00-n_00-n;1006;0;41724;0;N;532011;559903;4;3026;0;R_PH_PL_2;20140326xWed;04_Zdice_Kařez;Středočeský kraj;h00;6;N
02-o2_02-edg_03-tour_03-lau2_07-day_03-60_06-frt-1006_01-sng_00-n_00-n_00-n_00-n_00-n_00-n;1006;0;41722;0;N;532011;559903;4;3026;0;R_PH_PL_2;20140324xMon;04_Zdice_Kařez;Středočeský kraj;h00;5;N
02-o2_02-edg_03-tour_03-lau2_07-day_03-60_06-frt-1006_01-sng_00-n_00-n_00-n_00-n_00-n_00-n;1006;0;41721;0;N;532011;559903;4;3026;0;R_PH_PL_2;20140323xSun;04_Zdice_Kařez;Středočeský kraj;h00;3;N
02-o2_02-edg_03-tour_03-lau2_07-day_03-60_06-frt-1006_01-sng_00-n_00-n_00-n_00-n_00-n_00-n;1006;0;41723;0;N;532011;559903;4;3026;0;R_PH_PL_2;20140325xTue;04_Zdice_Kařez;Středočeský kraj;h00;5;N
02-o2_02-edg_03-tour_03-lau2_07-day_03-60_06-frt-1006_01-sng_00-n_00-n_00-n_00-n_00-n_00-n;1006;0;41718;0;N;532011;559717;4;3026;0;R_PH_PL_2;20140320xThu;04_Zdice_Rokycany;Středočeský kraj;h00;1;N
02-o2_02-edg_03-tour_03-lau2_07-day_03-60_06-frt-1006_01-sng_00-n_00-n_00-n_00-n_00-n_00-n;1006;0;41710;0;N;532011;559717;4;3026;0;R_PH_PL_2;20140312xWed;04_Zdice_Rokycany;Středočeský kraj;h00;1;N
02-o2_02-edg_03-tour_03-lau2_07-day_03-60_06-frt-1006_01-sng_00-n_00-n_00-n_00-n_00-n_00-n;1006;0;41714;0;N;532011;559717;4;3026;0;R_PH_PL_2;20140316xSun;04_Zdice_Rokycany;Středočeský kraj;h00;1;N
02-o2_02-edg_03-tour_03-lau2_07-day_03-60_06-frt-1006_01-sng_00-n_00-n_00-n_00-n_00-n_00-n;1006;0;41711;0;N;532011;559717;4;3026;0;R_PH_PL_2;20140313xThu;04_Zdice_Rokycany;Středočeský kraj;h00;1;N
02-o2_02-edg_03-tour_03-lau2_07-day_03-60_06-frt-1006_01-sng_00-n_00-n_00-n_00-n_00-n_00-n;1006;0;41717;0;N;532011;559717;4;3026;0;R_PH_PL_2;20140319xWed;04_Zdice_Rokycany;Středočeský kraj;h00;3;N
02-o2_02-edg_03-tour_03-lau2_07-day_03-60_06-frt-1006_01-sng_00-n_00-n_00-n_00-n_00-n_00-n;1006;0;41716;0;N;532011;559717;4;3026;0;R_PH_PL_2;20140318xTue;04_Zdice_Rokycany;Středočeský kraj;h00;1;N
02-o2_02-edg_03-tour_03-lau2_07-day_03-60_06-frt-1006_01-sng_00-n_00-n_00-n_00-n_00-n_00-n;1006;0;41719;0;N;532011;559717;4;3026;0;R_PH_PL_2;20140321xFri;04_Zdice_Rokycany;Středočeský kraj;h00;5;N
02-o2_02-edg_03-tour_03-lau2_07-day_03-60_06-frt-1006_01-sng_00-n_00-n_00-n_00-n_00-n_00-n;1006;0;41720;0;N;532011;559717;4;3026;0;R_PH_PL_2;20140322xSat;04_Zdice_Rokycany;Středočeský kraj;h00;1;N
02-o2_02-edg_03-tour_03-lau2_07-day_03-60_06-frt-1006_01-sng_00-n_00-n_00-n_00-n_00-n_00-n;1006;0;41724;0;N;532011;559717;4;3026;0;R_PH_PL_2;20140326xWed;04_Zdice_Rokycany;Středočeský kraj;h00;1;N
02-o2_02-edg_03-tour_03-lau2_07-day_03-60_06-frt-1006_01-sng_00-n_00-n_00-n_00-n_00-n_00-n;1006;0;41715;0;N;532011;554791;4;3026;0;R_PH_PL_2;20140317xMon;04_Zdice_Plzeň;Středočeský kraj;h00;18;N
02-o2_02-edg_03-tour_03-lau2_07-day_03-60_06-frt-1006_01-sng_00-n_00-n_00-n_00-n_00-n_00-n;1006;0;41720;0;N;532011;554791;4;3026;0;R_PH_PL_2;20140322xSat;04_Zdice_Plzeň;Středočeský kraj;h00;10;N
02-o2_02-edg_03-tour_03-lau2_07-day_03-60_06-frt-1006_01-sng_00-n_00-n_00-n_00-n_00-n_00-n;1006;0;41717;0;N;532011;554791;4;3026;0;R_PH_PL_2;20140319xWed;04_Zdice_Plzeň;Středočeský kraj;h00;22;N
02-o2_02-edg_03-tour_03-lau2_07-day_03-60_06-frt-1006_01-sng_00-n_00-n_00-n_00-n_00-n_00-n;1006;0;41718;0;N;532011;554791;4;3026;0;R_PH_PL_2;20140320xThu;04_Zdice_Plzeň;Středočeský kraj;h00;14;N
02-o2_02-edg_03-tour_03-lau2_07-day_03-60_06-frt-1006_01-sng_00-n_00-n_00-n_00-n_00-n_00-n;1006;0;41712;0;N;532011;554791;4;3026;0;R_PH_PL_2;20140314xFri;04_Zdice_Plzeň;Středočeský kraj;h00;14;N
02-o2_02-edg_03-tour_03-lau2_07-day_03-60_06-frt-1006_01-sng_00-n_00-n_00-n_00-n_00-n_00-n;1006;0;41710;0;N;532011;554791;4;3026;0;R_PH_PL_2;20140312xWed;04_Zdice_Plzeň;Středočeský kraj;h00;20;N
02-o2_02-edg_03-tour_03-lau2_07-day_03-60_06-frt-1006_01-sng_00-n_00-n_00-n_00-n_00-n_00-n;1006;0;41716;0;N;532011;554791;4;3026;0;R_PH_PL_2;20140318xTue;04_Zdice_Plzeň;Středočeský kraj;h00;29;N
02-o2_02-edg_03-tour_03-lau2_07-day_03-60_06-frt-1006_01-sng_00-n_00-n_00-n_00-n_00-n_00-n;1006;0;41719;0;N;532011;554791;4;3026;0;R_PH_PL_2;20140321xFri;04_Zdice_Plzeň;Středočeský kraj;h00;16;N
02-o2_02-edg_03-tour_03-lau2_07-day_03-60_06-frt-1006_01-sng_00-n_00-n_00-n_00-n_00-n_00-n;1006;0;41713;0;N;532011;554791;4;3026;0;R_PH_PL_2;20140315xSat;04_Zdice_Plzeň;Středočeský kraj;h00;6;N
02-o2_02-edg_03-tour_03-lau2_07-day_03-60_06-frt-1006_01-sng_00-n_00-n_00-n_00-n_00-n_00-n;1006;0;41711;0;N;532011;554791;4;3026;0;R_PH_PL_2;20140313xThu;04_Zdice_Plzeň;Středočeský kraj;h00;14;N
02-o2_02-edg_03-tour_03-lau2_07-day_03-60_06-frt-1006_01-sng_00-n_00-n_00-n_00-n_00-n_00-n;1006;0;41714;0;N;532011;554791;4;3026;0;R_PH_PL_2;20140316xSun;04_Zdice_Plzeň;Středočeský kraj;h00;6;N
02-o2_02-edg_03-tour_03-lau2_07-day_03-60_06-frt-1006_01-sng_00-n_00-n_00-n_00-n_00-n_00-n;1006;0;41721;0;N;532011;554791;4;3026;0;R_PH_PL_2;20140323xSun;04_Zdice_Plzeň;Středočeský kraj;h00;8;N
02-o2_02-edg_03-tour_03-lau2_07-day_03-60_06-frt-1006_01-sng_00-n_00-n_00-n_00-n_00-n_00-n;1006;0;41723;0;N;532011;554791;4;3026;0;R_PH_PL_2;20140325xTue;04_Zdice_Plzeň;Středočeský kraj;h00;28;N
02-o2_02-edg_03-tour_03-lau2_07-day_03-60_06-frt-1006_01-sng_00-n_00-n_00-n_00-n_00-n_00-n;1006;0;41724;0;N;532011;554791;4;3026;0;R_PH_PL_2;20140326xWed;04_Zdice_Plzeň;Středočeský kraj;h00;21;N
02-o2_02-edg_03-tour_03-lau2_07-day_03-60_06-frt-1006_01-sng_00-n_00-n_00-n_00-n_00-n_00-n;1006;0;41722;0;N;532011;554791;4;3026;0;R_PH_PL_2;20140324xMon;04_Zdice_Plzeň;Středočeský kraj;h00;27;N
02-o2_02-edg_03-tour_03-lau2_07-day_03-60_06-frt-1006_01-sng_00-n_00-n_00-n_00-n_00-n_00-n;1006;0;41715;0;N;532011;531189;4;3026;0;R_PH_PL_2;20140317xMon;04_Zdice_Hořovice;Středočeský kraj;h00;63;N
02-o2_02-edg_03-tour_03-lau2_07-day_03-60_06-frt-1006_01-sng_00-n_00-n_00-n_00-n_00-n_00-n;1006;0;41712;0;N;532011;531189;4;3026;0;R_PH_PL_2;20140314xFri;04_Zdice_Hořovice;Středočeský kraj;h00;78;N
02-o2_02-edg_03-tour_03-lau2_07-day_03-60_06-frt-1006_01-sng_00-n_00-n_00-n_00-n_00-n_00-n;1006;0;41714;0;N;532011;531189;4;3026;0;R_PH_PL_2;20140316xSun;04_Zdice_Hořovice;Středočeský kraj;h00;11;N
02-o2_02-edg_03-tour_03-lau2_07-day_03-60_06-frt-1006_01-sng_00-n_00-n_00-n_00-n_00-n_00-n;1006;0;41719;0;N;532011;531189;4;3026;0;R_PH_PL_2;20140321xFri;04_Zdice_Hořovice;Středočeský kraj;h00;65;N
02-o2_02-edg_03-tour_03-lau2_07-day_03-60_06-frt-1006_01-sng_00-n_00-n_00-n_00-n_00-n_00-n;1006;0;41718;0;N;532011;531189;4;3026;0;R_PH_PL_2;20140320xThu;04_Zdice_Hořovice;Středočeský kraj;h00;79;N
02-o2_02-edg_03-tour_03-lau2_07-day_03-60_06-frt-1006_01-sng_00-n_00-n_00-n_00-n_00-n_00-n;1006;0;41713;0;N;532011;531189;4;3026;0;R_PH_PL_2;20140315xSat;04_Zdice_Hořovice;Středočeský kraj;h00;15;N
02-o2_02-edg_03-tour_03-lau2_07-day_03-60_06-frt-1006_01-sng_00-n_00-n_00-n_00-n_00-n_00-n;1006;0;41720;0;N;532011;531189;4;3026;0;R_PH_PL_2;20140322xSat;04_Zdice_Hořovice;Středočeský kraj;h00;47;N
02-o2_02-edg_03-tour_03-lau2_07-day_03-60_06-frt-1006_01-sng_00-n_00-n_00-n_00-n_00-n_00-n;1006;0;41710;0;N;532011;531189;4;3026;0;R_PH_PL_2;20140312xWed;04_Zdice_Hořovice;Středočeský kraj;h00;74;N
02-o2_02-edg_03-tour_03-lau2_07-day_03-60_06-frt-1006_01-sng_00-n_00-n_00-n_00-n_00-n_00-n;1006;0;41716;0;N;532011;531189;4;3026;0;R_PH_PL_2;20140318xTue;04_Zdice_Hořovice;Středočeský kraj;h00;72;N
02-o2_02-edg_03-tour_03-lau2_07-day_03-60_06-frt-1006_01-sng_00-n_00-n_00-n_00-n_00-n_00-n;1006;0;41711;0;N;532011;531189;4;3026;0;R_PH_PL_2;20140313xThu;04_Zdice_Hořovice;Středočeský kraj;h00;79;N
02-o2_02-edg_03-tour_03-lau2_07-day_03-60_06-frt-1006_01-sng_00-n_00-n_00-n_00-n_00-n_00-n;1006;0;41717;0;N;532011;531189;4;3026;0;R_PH_PL_2;20140319xWed;04_Zdice_Hořovice;Středočeský kraj;h00;94;N
02-o2_02-edg_03-tour_03-lau2_07-day_03-60_06-frt-1006_01-sng_00-n_00-n_00-n_00-n_00-n_00-n;1006;0;41723;0;N;532011;531189;4;3026;0;R_PH_PL_2;20140325xTue;04_Zdice_Hořovice;Středočeský kraj;h00;82;N
02-o2_02-edg_03-tour_03-lau2_07-day_03-60_06-frt-1006_01-sng_00-n_00-n_00-n_00-n_00-n_00-n;1006;0;41722;0;N;532011;531189;4;3026;0;R_PH_PL_2;20140324xMon;04_Zdice_Hořovice;Středočeský kraj;h00;79;N
02-o2_02-edg_03-tour_03-lau2_07-day_03-60_06-frt-1006_01-sng_00-n_00-n_00-n_00-n_00-n_00-n;1006;0;41724;0;N;532011;531189;4;3026;0;R_PH_PL_2;20140326xWed;04_Zdice_Hořovice;Středočeský kraj;h00;86;N
02-o2_02-edg_03-tour_03-lau2_07-day_03-60_06-frt-1006_01-sng_00-n_00-n_00-n_00-n_00-n_00-n;1006;0;41721;0;N;532011;531189;4;3026;0;R_PH_PL_2;20140323xSun;04_Zdice_Hořovice;Středočeský kraj;h00;26;N
02-o2_02-edg_03-tour_03-lau2_07-day_03-60_06-frt-1006_01-sng_00-n_00-n_00-n_00-n_00-n_00-n;1006;0;41714;0;N;531189;559903;5;3026;0;R_PH_PL_2;20140316xSun;05_Hořovice_Kařez;Středočeský kraj;h00;2;N
02-o2_02-edg_03-tour_03-lau2_07-day_03-60_06-frt-1006_01-sng_00-n_00-n_00-n_00-n_00-n_00-n;1006;0;41719;0;N;531189;559903;5;3026;0;R_PH_PL_2;20140321xFri;05_Hořovice_Kařez;Středočeský kraj;h00;13;N
02-o2_02-edg_03-tour_03-lau2_07-day_03-60_06-frt-1006_01-sng_00-n_00-n_00-n_00-n_00-n_00-n;1006;0;41720;0;N;531189;559903;5;3026;0;R_PH_PL_2;20140322xSat;05_Hořovice_Kařez;Středočeský kraj;h00;23;N
02-o2_02-edg_03-tour_03-lau2_07-day_03-60_06-frt-1006_01-sng_00-n_00-n_00-n_00-n_00-n_00-n;1006;0;41713;0;N;531189;559903;5;3026;0;R_PH_PL_2;20140315xSat;05_Hořovice_Kařez;Středočeský kraj;h00;18;N
02-o2_02-edg_03-tour_03-lau2_07-day_03-60_06-frt-1006_01-sng_00-n_00-n_00-n_00-n_00-n_00-n;1006;0;41710;0;N;531189;559903;5;3026;0;R_PH_PL_2;20140312xWed;05_Hořovice_Kařez;Středočeský kraj;h00;27;N
02-o2_02-edg_03-tour_03-lau2_07-day_03-60_06-frt-1006_01-sng_00-n_00-n_00-n_00-n_00-n_00-n;1006;0;41718;0;N;531189;559903;5;3026;0;R_PH_PL_2;20140320xThu;05_Hořovice_Kařez;Středočeský kraj;h00;38;N
02-o2_02-edg_03-tour_03-lau2_07-day_03-60_06-frt-1006_01-sng_00-n_00-n_00-n_00-n_00-n_00-n;1006;0;41712;0;N;531189;559903;5;3026;0;R_PH_PL_2;20140314xFri;05_Hořovice_Kařez;Středočeský kraj;h00;41;N
02-o2_02-edg_03-tour_03-lau2_07-day_03-60_06-frt-1006_01-sng_00-n_00-n_00-n_00-n_00-n_00-n;1006;0;41711;0;N;531189;559903;5;3026;0;R_PH_PL_2;20140313xThu;05_Hořovice_Kařez;Středočeský kraj;h00;33;N
02-o2_02-edg_03-tour_03-lau2_07-day_03-60_06-frt-1006_01-sng_00-n_00-n_00-n_00-n_00-n_00-n;1006;0;41717;0;N;531189;559903;5;3026;0;R_PH_PL_2;20140319xWed;05_Hořovice_Kařez;Středočeský kraj;h00;28;N
02-o2_02-edg_03-tour_03-lau2_07-day_03-60_06-frt-1006_01-sng_00-n_00-n_00-n_00-n_00-n_00-n;1006;0;41716;0;N;531189;559903;5;3026;0;R_PH_PL_2;20140318xTue;05_Hořovice_Kařez;Středočeský kraj;h00;30;N
02-o2_02-edg_03-tour_03-lau2_07-day_03-60_06-frt-1006_01-sng_00-n_00-n_00-n_00-n_00-n_00-n;1006;0;41715;0;N;531189;559903;5;3026;0;R_PH_PL_2;20140317xMon;05_Hořovice_Kařez;Středočeský kraj;h00;29;N
02-o2_02-edg_03-tour_03-lau2_07-day_03-60_06-frt-1006_01-sng_00-n_00-n_00-n_00-n_00-n_00-n;1006;0;41721;0;N;531189;559903;5;3026;0;R_PH_PL_2;20140323xSun;05_Hořovice_Kařez;Středočeský kraj;h00;16;N
02-o2_02-edg_03-tour_03-lau2_07-day_03-60_06-frt-1006_01-sng_00-n_00-n_00-n_00-n_00-n_00-n;1006;0;41722;0;N;531189;559903;5;3026;0;R_PH_PL_2;20140324xMon;05_Hořovice_Kařez;Středočeský kraj;h00;28;N
02-o2_02-edg_03-tour_03-lau2_07-day_03-60_06-frt-1006_01-sng_00-n_00-n_00-n_00-n_00-n_00-n;1006;0;41723;0;N;531189;559903;5;3026;0;R_PH_PL_2;20140325xTue;05_Hořovice_Kařez;Středočeský kraj;h00;25;N
02-o2_02-edg_03-tour_03-lau2_07-day_03-60_06-frt-1006_01-sng_00-n_00-n_00-n_00-n_00-n_00-n;1006;0;41724;0;N;531189;559903;5;3026;0;R_PH_PL_2;20140326xWed;05_Hořovice_Kařez;Středočeský kraj;h00;30;N
02-o2_02-edg_03-tour_03-lau2_07-day_03-60_06-frt-1006_01-sng_00-n_00-n_00-n_00-n_00-n_00-n;1006;0;41718;0;N;531189;559717;5;3026;0;R_PH_PL_2;20140320xThu;05_Hořovice_Rokycany;Středočeský kraj;h00;19;N
02-o2_02-edg_03-tour_03-lau2_07-day_03-60_06-frt-1006_01-sng_00-n_00-n_00-n_00-n_00-n_00-n;1006;0;41719;0;N;531189;559717;5;3026;0;R_PH_PL_2;20140321xFri;05_Hořovice_Rokycany;Středočeský kraj;h00;15;N
02-o2_02-edg_03-tour_03-lau2_07-day_03-60_06-frt-1006_01-sng_00-n_00-n_00-n_00-n_00-n_00-n;1006;0;41711;0;N;531189;559717;5;3026;0;R_PH_PL_2;20140313xThu;05_Hořovice_Rokycany;Středočeský kraj;h00;19;N
02-o2_02-edg_03-tour_03-lau2_07-day_03-60_06-frt-1006_01-sng_00-n_00-n_00-n_00-n_00-n_00-n;1006;0;41716;0;N;531189;559717;5;3026;0;R_PH_PL_2;20140318xTue;05_Hořovice_Rokycany;Středočeský kraj;h00;13;N
02-o2_02-edg_03-tour_03-lau2_07-day_03-60_06-frt-1006_01-sng_00-n_00-n_00-n_00-n_00-n_00-n;1006;0;41713;0;N;531189;559717;5;3026;0;R_PH_PL_2;20140315xSat;05_Hořovice_Rokycany;Středočeský kraj;h00;2;N
02-o2_02-edg_03-tour_03-lau2_07-day_03-60_06-frt-1006_01-sng_00-n_00-n_00-n_00-n_00-n_00-n;1006;0;41714;0;N;531189;559717;5;3026;0;R_PH_PL_2;20140316xSun;05_Hořovice_Rokycany;Středočeský kraj;h00;1;N
02-o2_02-edg_03-tour_03-lau2_07-day_03-60_06-frt-1006_01-sng_00-n_00-n_00-n_00-n_00-n_00-n;1006;0;41710;0;N;531189;559717;5;3026;0;R_PH_PL_2;20140312xWed;05_Hořovice_Rokycany;Středočeský kraj;h00;18;N
02-o2_02-edg_03-tour_03-lau2_07-day_03-60_06-frt-1006_01-sng_00-n_00-n_00-n_00-n_00-n_00-n;1006;0;41715;0;N;531189;559717;5;3026;0;R_PH_PL_2;20140317xMon;05_Hořovice_Rokycany;Středočeský kraj;h00;18;N
02-o2_02-edg_03-tour_03-lau2_07-day_03-60_06-frt-1006_01-sng_00-n_00-n_00-n_00-n_00-n_00-n;1006;0;41712;0;N;531189;559717;5;3026;0;R_PH_PL_2;20140314xFri;05_Hořovice_Rokycany;Středočeský kraj;h00;9;N
02-o2_02-edg_03-tour_03-lau2_07-day_03-60_06-frt-1006_01-sng_00-n_00-n_00-n_00-n_00-n_00-n;1006;0;41717;0;N;531189;559717;5;3026;0;R_PH_PL_2;20140319xWed;05_Hořovice_Rokycany;Středočeský kraj;h00;16;N
02-o2_02-edg_03-tour_03-lau2_07-day_03-60_06-frt-1006_01-sng_00-n_00-n_00-n_00-n_00-n_00-n;1006;0;41720;0;N;531189;559717;5;3026;0;R_PH_PL_2;20140322xSat;05_Hořovice_Rokycany;Středočeský kraj;h00;1;N
02-o2_02-edg_03-tour_03-lau2_07-day_03-60_06-frt-1006_01-sng_00-n_00-n_00-n_00-n_00-n_00-n;1006;0;41724;0;N;531189;559717;5;3026;0;R_PH_PL_2;20140326xWed;05_Hořovice_Rokycany;Středočeský kraj;h00;17;N
02-o2_02-edg_03-tour_03-lau2_07-day_03-60_06-frt-1006_01-sng_00-n_00-n_00-n_00-n_00-n_00-n;1006;0;41722;0;N;531189;559717;5;3026;0;R_PH_PL_2;20140324xMon;05_Hořovice_Rokycany;Středočeský kraj;h00;10;N
02-o2_02-edg_03-tour_03-lau2_07-day_03-60_06-frt-1006_01-sng_00-n_00-n_00-n_00-n_00-n_00-n;1006;0;41723;0;N;531189;559717;5;3026;0;R_PH_PL_2;20140325xTue;05_Hořovice_Rokycany;Středočeský kraj;h00;10;N
02-o2_02-edg_03-tour_03-lau2_07-day_03-60_06-frt-1006_01-sng_00-n_00-n_00-n_00-n_00-n_00-n;1006;0;41721;0;N;531189;559717;5;3026;0;R_PH_PL_2;20140323xSun;05_Hořovice_Rokycany;Středočeský kraj;h00;5;N
02-o2_02-edg_03-tour_03-lau2_07-day_03-60_06-frt-1006_01-sng_00-n_00-n_00-n_00-n_00-n_00-n;1006;0;41718;0;N;531189;554791;5;3026;0;R_PH_PL_2;20140320xThu;05_Hořovice_Plzeň;Středočeský kraj;h00;42;N
02-o2_02-edg_03-tour_03-lau2_07-day_03-60_06-frt-1006_01-sng_00-n_00-n_00-n_00-n_00-n_00-n;1006;0;41717;0;N;531189;554791;5;3026;0;R_PH_PL_2;20140319xWed;05_Hořovice_Plzeň;Středočeský kraj;h00;41;N
02-o2_02-edg_03-tour_03-lau2_07-day_03-60_06-frt-1006_01-sng_00-n_00-n_00-n_00-n_00-n_00-n;1006;0;41716;0;N;531189;554791;5;3026;0;R_PH_PL_2;20140318xTue;05_Hořovice_Plzeň;Středočeský kraj;h00;39;N
02-o2_02-edg_03-tour_03-lau2_07-day_03-60_06-frt-1006_01-sng_00-n_00-n_00-n_00-n_00-n_00-n;1006;0;41711;0;N;531189;554791;5;3026;0;R_PH_PL_2;20140313xThu;05_Hořovice_Plzeň;Středočeský kraj;h00;28;N
02-o2_02-edg_03-tour_03-lau2_07-day_03-60_06-frt-1006_01-sng_00-n_00-n_00-n_00-n_00-n_00-n;1006;0;41720;0;N;531189;554791;5;3026;0;R_PH_PL_2;20140322xSat;05_Hořovice_Plzeň;Středočeský kraj;h00;27;N
02-o2_02-edg_03-tour_03-lau2_07-day_03-60_06-frt-1006_01-sng_00-n_00-n_00-n_00-n_00-n_00-n;1006;0;41714;0;N;531189;554791;5;3026;0;R_PH_PL_2;20140316xSun;05_Hořovice_Plzeň;Středočeský kraj;h00;10;N
02-o2_02-edg_03-tour_03-lau2_07-day_03-60_06-frt-1006_01-sng_00-n_00-n_00-n_00-n_00-n_00-n;1006;0;41715;0;N;531189;554791;5;3026;0;R_PH_PL_2;20140317xMon;05_Hořovice_Plzeň;Středočeský kraj;h00;45;N
02-o2_02-edg_03-tour_03-lau2_07-day_03-60_06-frt-1006_01-sng_00-n_00-n_00-n_00-n_00-n_00-n;1006;0;41713;0;N;531189;554791;5;3026;0;R_PH_PL_2;20140315xSat;05_Hořovice_Plzeň;Středočeský kraj;h00;23;N
02-o2_02-edg_03-tour_03-lau2_07-day_03-60_06-frt-1006_01-sng_00-n_00-n_00-n_00-n_00-n_00-n;1006;0;41710;0;N;531189;554791;5;3026;0;R_PH_PL_2;20140312xWed;05_Hořovice_Plzeň;Středočeský kraj;h00;33;N
02-o2_02-edg_03-tour_03-lau2_07-day_03-60_06-frt-1006_01-sng_00-n_00-n_00-n_00-n_00-n_00-n;1006;0;41719;0;N;531189;554791;5;3026;0;R_PH_PL_2;20140321xFri;05_Hořovice_Plzeň;Středočeský kraj;h00;30;N
02-o2_02-edg_03-tour_03-lau2_07-day_03-60_06-frt-1006_01-sng_00-n_00-n_00-n_00-n_00-n_00-n;1006;0;41712;0;N;531189;554791;5;3026;0;R_PH_PL_2;20140314xFri;05_Hořovice_Plzeň;Středočeský kraj;h00;37;N
02-o2_02-edg_03-tour_03-lau2_07-day_03-60_06-frt-1006_01-sng_00-n_00-n_00-n_00-n_00-n_00-n;1006;0;41722;0;N;531189;554791;5;3026;0;R_PH_PL_2;20140324xMon;05_Hořovice_Plzeň;Středočeský kraj;h00;37;N
