02-o2_01-ver_02-vis_03-lau2_07-day_05-300+_08-frt-1008_01-rep_00-n_00-n_00-n_00-n_00-n_00-n;1008;0;41710;0;N;531057;N;9;3026;0;PM_PH-BE_2;20140312xWed;9_Beroun;Středočeský kraj;h00;0;422
02-o2_01-ver_02-vis_03-lau2_07-day_05-300+_08-frt-1008_01-rep_00-n_00-n_00-n_00-n_00-n_00-n;1008;0;41710;0;N;531316;N;7;3026;0;PM_PH-BE_2;20140312xWed;7_Karlštejn;Středočeský kraj;h00;59;31
02-o2_01-ver_02-vis_03-lau2_07-day_05-300+_08-frt-1008_01-rep_00-n_00-n_00-n_00-n_00-n_00-n;1008;0;41710;0;N;531758;N;8;3026;0;PM_PH-BE_2;20140312xWed;8_Srbsko;Středočeský kraj;h00;36;0
02-o2_01-ver_02-vis_03-lau2_07-day_05-300+_08-frt-1008_01-rep_00-n_00-n_00-n_00-n_00-n_00-n;1008;0;41710;0;N;531979;N;6;3026;0;PM_PH-BE_2;20140312xWed;6_Zadní Třebaň;Středočeský kraj;h00;19;31
02-o2_01-ver_02-vis_03-lau2_07-day_05-300+_08-frt-1008_01-rep_00-n_00-n_00-n_00-n_00-n_00-n;1008;0;41710;0;N;539139;N;2;3026;0;PM_PH-BE_2;20140312xWed;2_Černošice;Středočeský kraj;h00;245;200
02-o2_01-ver_02-vis_03-lau2_07-day_05-300+_08-frt-1008_01-rep_00-n_00-n_00-n_00-n_00-n_00-n;1008;0;41710;0;N;539198;N;4;3026;0;PM_PH-BE_2;20140312xWed;4_Dobřichovice;Středočeský kraj;h00;2;264
02-o2_01-ver_02-vis_03-lau2_07-day_05-300+_08-frt-1008_01-rep_00-n_00-n_00-n_00-n_00-n_00-n;1008;0;41710;0;N;539643;N;5;3026;0;PM_PH-BE_2;20140312xWed;5_Řevnice;Středočeský kraj;h00;34;9
02-o2_01-ver_02-vis_03-lau2_07-day_05-300+_08-frt-1008_01-rep_00-n_00-n_00-n_00-n_00-n_00-n;1008;0;41710;0;N;539856;N;3;3026;0;PM_PH-BE_2;20140312xWed;3_Všenory;Středočeský kraj;h00;254;290
02-o2_01-ver_02-vis_03-lau2_07-day_05-300+_08-frt-1008_01-rep_00-n_00-n_00-n_00-n_00-n_00-n;1008;0;41710;0;N;554782;N;1;3018;0;PM_PH-BE_2;20140312xWed;1_Praha;Hlavní město Praha;h00;598;0
02-o2_01-ver_02-vis_03-lau2_07-day_05-300+_08-frt-1008_01-rep_00-n_00-n_00-n_00-n_00-n_00-n;1008;0;41711;0;N;531057;N;9;3026;0;PM_PH-BE_2;20140313xThu;9_Beroun;Středočeský kraj;h00;0;442
02-o2_01-ver_02-vis_03-lau2_07-day_05-300+_08-frt-1008_01-rep_00-n_00-n_00-n_00-n_00-n_00-n;1008;0;41711;0;N;531316;N;7;3026;0;PM_PH-BE_2;20140313xThu;7_Karlštejn;Středočeský kraj;h00;25;35
02-o2_01-ver_02-vis_03-lau2_07-day_05-300+_08-frt-1008_01-rep_00-n_00-n_00-n_00-n_00-n_00-n;1008;0;41711;0;N;531758;N;8;3026;0;PM_PH-BE_2;20140313xThu;8_Srbsko;Středočeský kraj;h00;53;0
02-o2_01-ver_02-vis_03-lau2_07-day_05-300+_08-frt-1008_01-rep_00-n_00-n_00-n_00-n_00-n_00-n;1008;0;41711;0;N;531979;N;6;3026;0;PM_PH-BE_2;20140313xThu;6_Zadní Třebaň;Středočeský kraj;h00;16;18
02-o2_01-ver_02-vis_03-lau2_07-day_05-300+_08-frt-1008_01-rep_00-n_00-n_00-n_00-n_00-n_00-n;1008;0;41711;0;N;539139;N;2;3026;0;PM_PH-BE_2;20140313xThu;2_Černošice;Středočeský kraj;h00;318;374
02-o2_01-ver_02-vis_03-lau2_07-day_05-300+_08-frt-1008_01-rep_00-n_00-n_00-n_00-n_00-n_00-n;1008;0;41711;0;N;539198;N;4;3026;0;PM_PH-BE_2;20140313xThu;4_Dobřichovice;Středočeský kraj;h00;30;351
02-o2_01-ver_02-vis_03-lau2_07-day_05-300+_08-frt-1008_01-rep_00-n_00-n_00-n_00-n_00-n_00-n;1008;0;41711;0;N;539643;N;5;3026;0;PM_PH-BE_2;20140313xThu;5_Řevnice;Středočeský kraj;h00;19;32
02-o2_01-ver_02-vis_03-lau2_07-day_05-300+_08-frt-1008_01-rep_00-n_00-n_00-n_00-n_00-n_00-n;1008;0;41711;0;N;539856;N;3;3026;0;PM_PH-BE_2;20140313xThu;3_Všenory;Středočeský kraj;h00;332;345
02-o2_01-ver_02-vis_03-lau2_07-day_05-300+_08-frt-1008_01-rep_00-n_00-n_00-n_00-n_00-n_00-n;1008;0;41711;0;N;554782;N;1;3018;0;PM_PH-BE_2;20140313xThu;1_Praha;Hlavní město Praha;h00;804;0
02-o2_01-ver_02-vis_03-lau2_07-day_05-300+_08-frt-1008_01-rep_00-n_00-n_00-n_00-n_00-n_00-n;1008;0;41712;0;N;531057;N;9;3026;0;PM_PH-BE_2;20140314xFri;9_Beroun;Středočeský kraj;h00;0;424
02-o2_01-ver_02-vis_03-lau2_07-day_05-300+_08-frt-1008_01-rep_00-n_00-n_00-n_00-n_00-n_00-n;1008;0;41712;0;N;531316;N;7;3026;0;PM_PH-BE_2;20140314xFri;7_Karlštejn;Středočeský kraj;h00;41;14
02-o2_01-ver_02-vis_03-lau2_07-day_05-300+_08-frt-1008_01-rep_00-n_00-n_00-n_00-n_00-n_00-n;1008;0;41712;0;N;531758;N;8;3026;0;PM_PH-BE_2;20140314xFri;8_Srbsko;Středočeský kraj;h00;30;0
02-o2_01-ver_02-vis_03-lau2_07-day_05-300+_08-frt-1008_01-rep_00-n_00-n_00-n_00-n_00-n_00-n;1008;0;41712;0;N;531979;N;6;3026;0;PM_PH-BE_2;20140314xFri;6_Zadní Třebaň;Středočeský kraj;h00;5;31
02-o2_01-ver_02-vis_03-lau2_07-day_05-300+_08-frt-1008_01-rep_00-n_00-n_00-n_00-n_00-n_00-n;1008;0;41712;0;N;539139;N;2;3026;0;PM_PH-BE_2;20140314xFri;2_Černošice;Středočeský kraj;h00;430;211
02-o2_01-ver_02-vis_03-lau2_07-day_05-300+_08-frt-1008_01-rep_00-n_00-n_00-n_00-n_00-n_00-n;1008;0;41712;0;N;539198;N;4;3026;0;PM_PH-BE_2;20140314xFri;4_Dobřichovice;Středočeský kraj;h00;66;224
02-o2_01-ver_02-vis_03-lau2_07-day_05-300+_08-frt-1008_01-rep_00-n_00-n_00-n_00-n_00-n_00-n;1008;0;41712;0;N;539643;N;5;3026;0;PM_PH-BE_2;20140314xFri;5_Řevnice;Středočeský kraj;h00;26;53
02-o2_01-ver_02-vis_03-lau2_07-day_05-300+_08-frt-1008_01-rep_00-n_00-n_00-n_00-n_00-n_00-n;1008;0;41712;0;N;539856;N;3;3026;0;PM_PH-BE_2;20140314xFri;3_Všenory;Středočeský kraj;h00;140;444
02-o2_01-ver_02-vis_03-lau2_07-day_05-300+_08-frt-1008_01-rep_00-n_00-n_00-n_00-n_00-n_00-n;1008;0;41712;0;N;554782;N;1;3018;0;PM_PH-BE_2;20140314xFri;1_Praha;Hlavní město Praha;h00;663;0
02-o2_01-ver_02-vis_03-lau2_07-day_05-300+_08-frt-1008_01-rep_00-n_00-n_00-n_00-n_00-n_00-n;1008;0;41713;0;N;531057;N;9;3026;0;PM_PH-BE_2;20140315xSat;9_Beroun;Středočeský kraj;h00;0;357
02-o2_01-ver_02-vis_03-lau2_07-day_05-300+_08-frt-1008_01-rep_00-n_00-n_00-n_00-n_00-n_00-n;1008;0;41713;0;N;531316;N;7;3026;0;PM_PH-BE_2;20140315xSat;7_Karlštejn;Středočeský kraj;h00;25;19
02-o2_01-ver_02-vis_03-lau2_07-day_05-300+_08-frt-1008_01-rep_00-n_00-n_00-n_00-n_00-n_00-n;1008;0;41713;0;N;531758;N;8;3026;0;PM_PH-BE_2;20140315xSat;8_Srbsko;Středočeský kraj;h00;6;1
02-o2_01-ver_02-vis_03-lau2_07-day_05-300+_08-frt-1008_01-rep_00-n_00-n_00-n_00-n_00-n_00-n;1008;0;41713;0;N;531979;N;6;3026;0;PM_PH-BE_2;20140315xSat;6_Zadní Třebaň;Středočeský kraj;h00;1;25
02-o2_01-ver_02-vis_03-lau2_07-day_05-300+_08-frt-1008_01-rep_00-n_00-n_00-n_00-n_00-n_00-n;1008;0;41713;0;N;539139;N;2;3026;0;PM_PH-BE_2;20140315xSat;2_Černošice;Středočeský kraj;h00;488;637
02-o2_01-ver_02-vis_03-lau2_07-day_05-300+_08-frt-1008_01-rep_00-n_00-n_00-n_00-n_00-n_00-n;1008;0;41713;0;N;539198;N;4;3026;0;PM_PH-BE_2;20140315xSat;4_Dobřichovice;Středočeský kraj;h00;21;220
02-o2_01-ver_02-vis_03-lau2_07-day_05-300+_08-frt-1008_01-rep_00-n_00-n_00-n_00-n_00-n_00-n;1008;0;41713;0;N;539643;N;5;3026;0;PM_PH-BE_2;20140315xSat;5_Řevnice;Středočeský kraj;h00;22;24
02-o2_01-ver_02-vis_03-lau2_07-day_05-300+_08-frt-1008_01-rep_00-n_00-n_00-n_00-n_00-n_00-n;1008;0;41713;0;N;539856;N;3;3026;0;PM_PH-BE_2;20140315xSat;3_Všenory;Středočeský kraj;h00;155;505
02-o2_01-ver_02-vis_03-lau2_07-day_05-300+_08-frt-1008_01-rep_00-n_00-n_00-n_00-n_00-n_00-n;1008;0;41713;0;N;554782;N;1;3018;0;PM_PH-BE_2;20140315xSat;1_Praha;Hlavní město Praha;h00;1070;0
02-o2_01-ver_02-vis_03-lau2_07-day_05-300+_08-frt-1008_01-rep_00-n_00-n_00-n_00-n_00-n_00-n;1008;0;41714;0;N;531057;N;9;3026;0;PM_PH-BE_2;20140316xSun;9_Beroun;Středočeský kraj;h00;0;155
02-o2_01-ver_02-vis_03-lau2_07-day_05-300+_08-frt-1008_01-rep_00-n_00-n_00-n_00-n_00-n_00-n;1008;0;41714;0;N;531316;N;7;3026;0;PM_PH-BE_2;20140316xSun;7_Karlštejn;Středočeský kraj;h00;18;7
02-o2_01-ver_02-vis_03-lau2_07-day_05-300+_08-frt-1008_01-rep_00-n_00-n_00-n_00-n_00-n_00-n;1008;0;41714;0;N;531979;N;6;3026;0;PM_PH-BE_2;20140316xSun;6_Zadní Třebaň;Středočeský kraj;h00;0;16
02-o2_01-ver_02-vis_03-lau2_07-day_05-300+_08-frt-1008_01-rep_00-n_00-n_00-n_00-n_00-n_00-n;1008;0;41714;0;N;539139;N;2;3026;0;PM_PH-BE_2;20140316xSun;2_Černošice;Středočeský kraj;h00;454;118
02-o2_01-ver_02-vis_03-lau2_07-day_05-300+_08-frt-1008_01-rep_00-n_00-n_00-n_00-n_00-n_00-n;1008;0;41714;0;N;539198;N;4;3026;0;PM_PH-BE_2;20140316xSun;4_Dobřichovice;Středočeský kraj;h00;2;480
02-o2_01-ver_02-vis_03-lau2_07-day_05-300+_08-frt-1008_01-rep_00-n_00-n_00-n_00-n_00-n_00-n;1008;0;41714;0;N;539643;N;5;3026;0;PM_PH-BE_2;20140316xSun;5_Řevnice;Středočeský kraj;h00;16;30
02-o2_01-ver_02-vis_03-lau2_07-day_05-300+_08-frt-1008_01-rep_00-n_00-n_00-n_00-n_00-n_00-n;1008;0;41714;0;N;539856;N;3;3026;0;PM_PH-BE_2;20140316xSun;3_Všenory;Středočeský kraj;h00;485;445
02-o2_01-ver_02-vis_03-lau2_07-day_05-300+_08-frt-1008_01-rep_00-n_00-n_00-n_00-n_00-n_00-n;1008;0;41714;0;N;554782;N;1;3018;0;PM_PH-BE_2;20140316xSun;1_Praha;Hlavní město Praha;h00;276;0
02-o2_01-ver_02-vis_03-lau2_07-day_05-300+_08-frt-1008_01-rep_00-n_00-n_00-n_00-n_00-n_00-n;1008;0;41715;0;N;531057;N;9;3026;0;PM_PH-BE_2;20140317xMon;9_Beroun;Středočeský kraj;h00;0;433
02-o2_01-ver_02-vis_03-lau2_07-day_05-300+_08-frt-1008_01-rep_00-n_00-n_00-n_00-n_00-n_00-n;1008;0;41715;0;N;531316;N;7;3026;0;PM_PH-BE_2;20140317xMon;7_Karlštejn;Středočeský kraj;h00;26;6
02-o2_01-ver_02-vis_03-lau2_07-day_05-300+_08-frt-1008_01-rep_00-n_00-n_00-n_00-n_00-n_00-n;1008;0;41715;0;N;531758;N;8;3026;0;PM_PH-BE_2;20140317xMon;8_Srbsko;Středočeský kraj;h00;15;0
02-o2_01-ver_02-vis_03-lau2_07-day_05-300+_08-frt-1008_01-rep_00-n_00-n_00-n_00-n_00-n_00-n;1008;0;41715;0;N;531979;N;6;3026;0;PM_PH-BE_2;20140317xMon;6_Zadní Třebaň;Středočeský kraj;h00;2;6
02-o2_01-ver_02-vis_03-lau2_07-day_05-300+_08-frt-1008_01-rep_00-n_00-n_00-n_00-n_00-n_00-n;1008;0;41715;0;N;539139;N;2;3026;0;PM_PH-BE_2;20140317xMon;2_Černošice;Středočeský kraj;h00;416;274
02-o2_01-ver_02-vis_03-lau2_07-day_05-300+_08-frt-1008_01-rep_00-n_00-n_00-n_00-n_00-n_00-n;1008;0;41715;0;N;539198;N;4;3026;0;PM_PH-BE_2;20140317xMon;4_Dobřichovice;Středočeský kraj;h00;2;118
02-o2_01-ver_02-vis_03-lau2_07-day_05-300+_08-frt-1008_01-rep_00-n_00-n_00-n_00-n_00-n_00-n;1008;0;41715;0;N;539643;N;5;3026;0;PM_PH-BE_2;20140317xMon;5_Řevnice;Středočeský kraj;h00;6;4
02-o2_01-ver_02-vis_03-lau2_07-day_05-300+_08-frt-1008_01-rep_00-n_00-n_00-n_00-n_00-n_00-n;1008;0;41715;0;N;539856;N;3;3026;0;PM_PH-BE_2;20140317xMon;3_Všenory;Středočeský kraj;h00;83;442
02-o2_01-ver_02-vis_03-lau2_07-day_05-300+_08-frt-1008_01-rep_00-n_00-n_00-n_00-n_00-n_00-n;1008;0;41715;0;N;554782;N;1;3018;0;PM_PH-BE_2;20140317xMon;1_Praha;Hlavní město Praha;h00;733;0
02-o2_01-ver_02-vis_03-lau2_07-day_05-300+_08-frt-1008_01-rep_00-n_00-n_00-n_00-n_00-n_00-n;1008;0;41716;0;N;531057;N;9;3026;0;PM_PH-BE_2;20140318xTue;9_Beroun;Středočeský kraj;h00;0;550
02-o2_01-ver_02-vis_03-lau2_07-day_05-300+_08-frt-1008_01-rep_00-n_00-n_00-n_00-n_00-n_00-n;1008;0;41716;0;N;531316;N;7;3026;0;PM_PH-BE_2;20140318xTue;7_Karlštejn;Středočeský kraj;h00;53;25
02-o2_01-ver_02-vis_03-lau2_07-day_05-300+_08-frt-1008_01-rep_00-n_00-n_00-n_00-n_00-n_00-n;1008;0;41716;0;N;531758;N;8;3026;0;PM_PH-BE_2;20140318xTue;8_Srbsko;Středočeský kraj;h00;55;0
02-o2_01-ver_02-vis_03-lau2_07-day_05-300+_08-frt-1008_01-rep_00-n_00-n_00-n_00-n_00-n_00-n;1008;0;41716;0;N;531979;N;6;3026;0;PM_PH-BE_2;20140318xTue;6_Zadní Třebaň;Středočeský kraj;h00;1;22
02-o2_01-ver_02-vis_03-lau2_07-day_05-300+_08-frt-1008_01-rep_00-n_00-n_00-n_00-n_00-n_00-n;1008;0;41716;0;N;539139;N;2;3026;0;PM_PH-BE_2;20140318xTue;2_Černošice;Středočeský kraj;h00;490;190
02-o2_01-ver_02-vis_03-lau2_07-day_05-300+_08-frt-1008_01-rep_00-n_00-n_00-n_00-n_00-n_00-n;1008;0;41716;0;N;539198;N;4;3026;0;PM_PH-BE_2;20140318xTue;4_Dobřichovice;Středočeský kraj;h00;26;307
02-o2_01-ver_02-vis_03-lau2_07-day_05-300+_08-frt-1008_01-rep_00-n_00-n_00-n_00-n_00-n_00-n;1008;0;41716;0;N;539643;N;5;3026;0;PM_PH-BE_2;20140318xTue;5_Řevnice;Středočeský kraj;h00;31;21
02-o2_01-ver_02-vis_03-lau2_07-day_05-300+_08-frt-1008_01-rep_00-n_00-n_00-n_00-n_00-n_00-n;1008;0;41716;0;N;539856;N;3;3026;0;PM_PH-BE_2;20140318xTue;3_Všenory;Středočeský kraj;h00;243;493
02-o2_01-ver_02-vis_03-lau2_07-day_05-300+_08-frt-1008_01-rep_00-n_00-n_00-n_00-n_00-n_00-n;1008;0;41716;0;N;554782;N;1;3018;0;PM_PH-BE_2;20140318xTue;1_Praha;Hlavní město Praha;h00;709;0
02-o2_01-ver_02-vis_03-lau2_07-day_05-300+_08-frt-1008_01-rep_00-n_00-n_00-n_00-n_00-n_00-n;1008;0;41717;0;N;531057;N;9;3026;0;PM_PH-BE_2;20140319xWed;9_Beroun;Středočeský kraj;h00;0;499
02-o2_01-ver_02-vis_03-lau2_07-day_05-300+_08-frt-1008_01-rep_00-n_00-n_00-n_00-n_00-n_00-n;1008;0;41717;0;N;531316;N;7;3026;0;PM_PH-BE_2;20140319xWed;7_Karlštejn;Středočeský kraj;h00;111;15
02-o2_01-ver_02-vis_03-lau2_07-day_05-300+_08-frt-1008_01-rep_00-n_00-n_00-n_00-n_00-n_00-n;1008;0;41717;0;N;531758;N;8;3026;0;PM_PH-BE_2;20140319xWed;8_Srbsko;Středočeský kraj;h00;46;0
02-o2_01-ver_02-vis_03-lau2_07-day_05-300+_08-frt-1008_01-rep_00-n_00-n_00-n_00-n_00-n_00-n;1008;0;41717;0;N;531979;N;6;3026;0;PM_PH-BE_2;20140319xWed;6_Zadní Třebaň;Středočeský kraj;h00;4;37
02-o2_01-ver_02-vis_03-lau2_07-day_05-300+_08-frt-1008_01-rep_00-n_00-n_00-n_00-n_00-n_00-n;1008;0;41717;0;N;539139;N;2;3026;0;PM_PH-BE_2;20140319xWed;2_Černošice;Středočeský kraj;h00;658;275
02-o2_01-ver_02-vis_03-lau2_07-day_05-300+_08-frt-1008_01-rep_00-n_00-n_00-n_00-n_00-n_00-n;1008;0;41717;0;N;539198;N;4;3026;0;PM_PH-BE_2;20140319xWed;4_Dobřichovice;Středočeský kraj;h00;10;145
02-o2_01-ver_02-vis_03-lau2_07-day_05-300+_08-frt-1008_01-rep_00-n_00-n_00-n_00-n_00-n_00-n;1008;0;41717;0;N;539643;N;5;3026;0;PM_PH-BE_2;20140319xWed;5_Řevnice;Středočeský kraj;h00;44;7
02-o2_01-ver_02-vis_03-lau2_07-day_05-300+_08-frt-1008_01-rep_00-n_00-n_00-n_00-n_00-n_00-n;1008;0;41717;0;N;539856;N;3;3026;0;PM_PH-BE_2;20140319xWed;3_Všenory;Středočeský kraj;h00;103;695
02-o2_01-ver_02-vis_03-lau2_07-day_05-300+_08-frt-1008_01-rep_00-n_00-n_00-n_00-n_00-n_00-n;1008;0;41717;0;N;554782;N;1;3018;0;PM_PH-BE_2;20140319xWed;1_Praha;Hlavní město Praha;h00;697;0
02-o2_01-ver_02-vis_03-lau2_07-day_05-300+_08-frt-1008_01-rep_00-n_00-n_00-n_00-n_00-n_00-n;1008;0;41718;0;N;531057;N;9;3026;0;PM_PH-BE_2;20140320xThu;9_Beroun;Středočeský kraj;h00;0;518
02-o2_01-ver_02-vis_03-lau2_07-day_05-300+_08-frt-1008_01-rep_00-n_00-n_00-n_00-n_00-n_00-n;1008;0;41718;0;N;531316;N;7;3026;0;PM_PH-BE_2;20140320xThu;7_Karlštejn;Středočeský kraj;h00;101;31
02-o2_01-ver_02-vis_03-lau2_07-day_05-300+_08-frt-1008_01-rep_00-n_00-n_00-n_00-n_00-n_00-n;1008;0;41718;0;N;531758;N;8;3026;0;PM_PH-BE_2;20140320xThu;8_Srbsko;Středočeský kraj;h00;43;0
02-o2_01-ver_02-vis_03-lau2_07-day_05-300+_08-frt-1008_01-rep_00-n_00-n_00-n_00-n_00-n_00-n;1008;0;41718;0;N;531979;N;6;3026;0;PM_PH-BE_2;20140320xThu;6_Zadní Třebaň;Středočeský kraj;h00;21;55
02-o2_01-ver_02-vis_03-lau2_07-day_05-300+_08-frt-1008_01-rep_00-n_00-n_00-n_00-n_00-n_00-n;1008;0;41718;0;N;539139;N;2;3026;0;PM_PH-BE_2;20140320xThu;2_Černošice;Středočeský kraj;h00;346;248
02-o2_01-ver_02-vis_03-lau2_07-day_05-300+_08-frt-1008_01-rep_00-n_00-n_00-n_00-n_00-n_00-n;1008;0;41718;0;N;539198;N;4;3026;0;PM_PH-BE_2;20140320xThu;4_Dobřichovice;Středočeský kraj;h00;16;250
02-o2_01-ver_02-vis_03-lau2_07-day_05-300+_08-frt-1008_01-rep_00-n_00-n_00-n_00-n_00-n_00-n;1008;0;41718;0;N;539643;N;5;3026;0;PM_PH-BE_2;20140320xThu;5_Řevnice;Středočeský kraj;h00;62;17
02-o2_01-ver_02-vis_03-lau2_07-day_05-300+_08-frt-1008_01-rep_00-n_00-n_00-n_00-n_00-n_00-n;1008;0;41718;0;N;539856;N;3;3026;0;PM_PH-BE_2;20140320xThu;3_Všenory;Středočeský kraj;h00;189;377
02-o2_01-ver_02-vis_03-lau2_07-day_05-300+_08-frt-1008_01-rep_00-n_00-n_00-n_00-n_00-n_00-n;1008;0;41718;0;N;554782;N;1;3018;0;PM_PH-BE_2;20140320xThu;1_Praha;Hlavní město Praha;h00;718;0
02-o2_01-ver_02-vis_03-lau2_07-day_05-300+_08-frt-1008_01-rep_00-n_00-n_00-n_00-n_00-n_00-n;1008;0;41719;0;N;531057;N;9;3026;0;PM_PH-BE_2;20140321xFri;9_Beroun;Středočeský kraj;h00;0;347
02-o2_01-ver_02-vis_03-lau2_07-day_05-300+_08-frt-1008_01-rep_00-n_00-n_00-n_00-n_00-n_00-n;1008;0;41719;0;N;531316;N;7;3026;0;PM_PH-BE_2;20140321xFri;7_Karlštejn;Středočeský kraj;h00;21;14
02-o2_01-ver_02-vis_03-lau2_07-day_05-300+_08-frt-1008_01-rep_00-n_00-n_00-n_00-n_00-n_00-n;1008;0;41719;0;N;531758;N;8;3026;0;PM_PH-BE_2;20140321xFri;8_Srbsko;Středočeský kraj;h00;14;3
02-o2_01-ver_02-vis_03-lau2_07-day_05-300+_08-frt-1008_01-rep_00-n_00-n_00-n_00-n_00-n_00-n;1008;0;41719;0;N;531979;N;6;3026;0;PM_PH-BE_2;20140321xFri;6_Zadní Třebaň;Středočeský kraj;h00;5;12
02-o2_01-ver_02-vis_03-lau2_07-day_05-300+_08-frt-1008_01-rep_00-n_00-n_00-n_00-n_00-n_00-n;1008;0;41719;0;N;539139;N;2;3026;0;PM_PH-BE_2;20140321xFri;2_Černošice;Středočeský kraj;h00;436;132
02-o2_01-ver_02-vis_03-lau2_07-day_05-300+_08-frt-1008_01-rep_00-n_00-n_00-n_00-n_00-n_00-n;1008;0;41719;0;N;539198;N;4;3026;0;PM_PH-BE_2;20140321xFri;4_Dobřichovice;Středočeský kraj;h00;26;221
02-o2_01-ver_02-vis_03-lau2_07-day_05-300+_08-frt-1008_01-rep_00-n_00-n_00-n_00-n_00-n_00-n;1008;0;41719;0;N;539643;N;5;3026;0;PM_PH-BE_2;20140321xFri;5_Řevnice;Středočeský kraj;h00;8;23
02-o2_01-ver_02-vis_03-lau2_07-day_05-300+_08-frt-1008_01-rep_00-n_00-n_00-n_00-n_00-n_00-n;1008;0;41719;0;N;539856;N;3;3026;0;PM_PH-BE_2;20140321xFri;3_Všenory;Středočeský kraj;h00;177;458
02-o2_01-ver_02-vis_03-lau2_07-day_05-300+_08-frt-1008_01-rep_00-n_00-n_00-n_00-n_00-n_00-n;1008;0;41719;0;N;554782;N;1;3018;0;PM_PH-BE_2;20140321xFri;1_Praha;Hlavní město Praha;h00;523;0
02-o2_01-ver_02-vis_03-lau2_07-day_05-300+_08-frt-1008_01-rep_00-n_00-n_00-n_00-n_00-n_00-n;1008;0;41720;0;N;531057;N;9;3026;0;PM_PH-BE_2;20140322xSat;9_Beroun;Středočeský kraj;h00;0;423
02-o2_01-ver_02-vis_03-lau2_07-day_05-300+_08-frt-1008_01-rep_00-n_00-n_00-n_00-n_00-n_00-n;1008;0;41720;0;N;531316;N;7;3026;0;PM_PH-BE_2;20140322xSat;7_Karlštejn;Středočeský kraj;h00;33;48
02-o2_01-ver_02-vis_03-lau2_07-day_05-300+_08-frt-1008_01-rep_00-n_00-n_00-n_00-n_00-n_00-n;1008;0;41720;0;N;531758;N;8;3026;0;PM_PH-BE_2;20140322xSat;8_Srbsko;Středočeský kraj;h00;5;5
02-o2_01-ver_02-vis_03-lau2_07-day_05-300+_08-frt-1008_01-rep_00-n_00-n_00-n_00-n_00-n_00-n;1008;0;41720;0;N;531979;N;6;3026;0;PM_PH-BE_2;20140322xSat;6_Zadní Třebaň;Středočeský kraj;h00;23;7
02-o2_01-ver_02-vis_03-lau2_07-day_05-300+_08-frt-1008_01-rep_00-n_00-n_00-n_00-n_00-n_00-n;1008;0;41720;0;N;539139;N;2;3026;0;PM_PH-BE_2;20140322xSat;2_Černošice;Středočeský kraj;h00;547;213
02-o2_01-ver_02-vis_03-lau2_07-day_05-300+_08-frt-1008_01-rep_00-n_00-n_00-n_00-n_00-n_00-n;1008;0;41720;0;N;539198;N;4;3026;0;PM_PH-BE_2;20140322xSat;4_Dobřichovice;Středočeský kraj;h00;5;345
02-o2_01-ver_02-vis_03-lau2_07-day_05-300+_08-frt-1008_01-rep_00-n_00-n_00-n_00-n_00-n_00-n;1008;0;41720;0;N;539643;N;5;3026;0;PM_PH-BE_2;20140322xSat;5_Řevnice;Středočeský kraj;h00;12;7
02-o2_01-ver_02-vis_03-lau2_07-day_05-300+_08-frt-1008_01-rep_00-n_00-n_00-n_00-n_00-n_00-n;1008;0;41720;0;N;539856;N;3;3026;0;PM_PH-BE_2;20140322xSat;3_Všenory;Středočeský kraj;h00;286;567
02-o2_01-ver_02-vis_03-lau2_07-day_05-300+_08-frt-1008_01-rep_00-n_00-n_00-n_00-n_00-n_00-n;1008;0;41720;0;N;554782;N;1;3018;0;PM_PH-BE_2;20140322xSat;1_Praha;Hlavní město Praha;h00;704;0
02-o2_01-ver_02-vis_03-lau2_07-day_05-300+_08-frt-1008_01-rep_00-n_00-n_00-n_00-n_00-n_00-n;1008;0;41721;0;N;531057;N;9;3026;0;PM_PH-BE_2;20140323xSun;9_Beroun;Středočeský kraj;h00;0;178
02-o2_01-ver_02-vis_03-lau2_07-day_05-300+_08-frt-1008_01-rep_00-n_00-n_00-n_00-n_00-n_00-n;1008;0;41721;0;N;531316;N;7;3026;0;PM_PH-BE_2;20140323xSun;7_Karlštejn;Středočeský kraj;h00;11;15
02-o2_01-ver_02-vis_03-lau2_07-day_05-300+_08-frt-1008_01-rep_00-n_00-n_00-n_00-n_00-n_00-n;1008;0;41721;0;N;531758;N;8;3026;0;PM_PH-BE_2;20140323xSun;8_Srbsko;Středočeský kraj;h00;6;0
02-o2_01-ver_02-vis_03-lau2_07-day_05-300+_08-frt-1008_01-rep_00-n_00-n_00-n_00-n_00-n_00-n;1008;0;41721;0;N;531979;N;6;3026;0;PM_PH-BE_2;20140323xSun;6_Zadní Třebaň;Středočeský kraj;h00;9;41
02-o2_01-ver_02-vis_03-lau2_07-day_05-300+_08-frt-1008_01-rep_00-n_00-n_00-n_00-n_00-n_00-n;1008;0;41721;0;N;539139;N;2;3026;0;PM_PH-BE_2;20140323xSun;2_Černošice;Středočeský kraj;h00;404;197
02-o2_01-ver_02-vis_03-lau2_07-day_05-300+_08-frt-1008_01-rep_00-n_00-n_00-n_00-n_00-n_00-n;1008;0;41721;0;N;539198;N;4;3026;0;PM_PH-BE_2;20140323xSun;4_Dobřichovice;Středočeský kraj;h00;10;231
02-o2_01-ver_02-vis_03-lau2_07-day_05-300+_08-frt-1008_01-rep_00-n_00-n_00-n_00-n_00-n_00-n;1008;0;41721;0;N;539643;N;5;3026;0;PM_PH-BE_2;20140323xSun;5_Řevnice;Středočeský kraj;h00;41;15
02-o2_01-ver_02-vis_03-lau2_07-day_05-300+_08-frt-1008_01-rep_00-n_00-n_00-n_00-n_00-n_00-n;1008;0;41721;0;N;539856;N;3;3026;0;PM_PH-BE_2;20140323xSun;3_Všenory;Středočeský kraj;h00;206;399
02-o2_01-ver_02-vis_03-lau2_07-day_05-300+_08-frt-1008_01-rep_00-n_00-n_00-n_00-n_00-n_00-n;1008;0;41721;0;N;554782;N;1;3018;0;PM_PH-BE_2;20140323xSun;1_Praha;Hlavní město Praha;h00;389;0
02-o2_01-ver_02-vis_03-lau2_07-day_05-300+_08-frt-1008_01-rep_00-n_00-n_00-n_00-n_00-n_00-n;1008;0;41722;0;N;531057;N;9;3026;0;PM_PH-BE_2;20140324xMon;9_Beroun;Středočeský kraj;h00;0;502
02-o2_01-ver_02-vis_03-lau2_07-day_05-300+_08-frt-1008_01-rep_00-n_00-n_00-n_00-n_00-n_00-n;1008;0;41722;0;N;531316;N;7;3026;0;PM_PH-BE_2;20140324xMon;7_Karlštejn;Středočeský kraj;h00;81;18
02-o2_01-ver_02-vis_03-lau2_07-day_05-300+_08-frt-1008_01-rep_00-n_00-n_00-n_00-n_00-n_00-n;1008;0;41722;0;N;531758;N;8;3026;0;PM_PH-BE_2;20140324xMon;8_Srbsko;Středočeský kraj;h00;29;0
02-o2_01-ver_02-vis_03-lau2_07-day_05-300+_08-frt-1008_01-rep_00-n_00-n_00-n_00-n_00-n_00-n;1008;0;41722;0;N;531979;N;6;3026;0;PM_PH-BE_2;20140324xMon;6_Zadní Třebaň;Středočeský kraj;h00;10;27
02-o2_01-ver_02-vis_03-lau2_07-day_05-300+_08-frt-1008_01-rep_00-n_00-n_00-n_00-n_00-n_00-n;1008;0;41722;0;N;539139;N;2;3026;0;PM_PH-BE_2;20140324xMon;2_Černošice;Středočeský kraj;h00;412;255
02-o2_01-ver_02-vis_03-lau2_07-day_05-300+_08-frt-1008_01-rep_00-n_00-n_00-n_00-n_00-n_00-n;1008;0;41722;0;N;539198;N;4;3026;0;PM_PH-BE_2;20140324xMon;4_Dobřichovice;Středočeský kraj;h00;13;311
02-o2_01-ver_02-vis_03-lau2_07-day_05-300+_08-frt-1008_01-rep_00-n_00-n_00-n_00-n_00-n_00-n;1008;0;41722;0;N;539643;N;5;3026;0;PM_PH-BE_2;20140324xMon;5_Řevnice;Středočeský kraj;h00;26;13
02-o2_01-ver_02-vis_03-lau2_07-day_05-300+_08-frt-1008_01-rep_00-n_00-n_00-n_00-n_00-n_00-n;1008;0;41722;0;N;539856;N;3;3026;0;PM_PH-BE_2;20140324xMon;3_Všenory;Středočeský kraj;h00;268;441
02-o2_01-ver_02-vis_03-lau2_07-day_05-300+_08-frt-1008_01-rep_00-n_00-n_00-n_00-n_00-n_00-n;1008;0;41722;0;N;554782;N;1;3018;0;PM_PH-BE_2;20140324xMon;1_Praha;Hlavní město Praha;h00;728;0
02-o2_01-ver_02-vis_03-lau2_07-day_05-300+_08-frt-1008_01-rep_00-n_00-n_00-n_00-n_00-n_00-n;1008;0;41723;0;N;531057;N;9;3026;0;PM_PH-BE_2;20140325xTue;9_Beroun;Středočeský kraj;h00;0;476
02-o2_01-ver_02-vis_03-lau2_07-day_05-300+_08-frt-1008_01-rep_00-n_00-n_00-n_00-n_00-n_00-n;1008;0;41723;0;N;531316;N;7;3026;0;PM_PH-BE_2;20140325xTue;7_Karlštejn;Středočeský kraj;h00;36;27
02-o2_01-ver_02-vis_03-lau2_07-day_05-300+_08-frt-1008_01-rep_00-n_00-n_00-n_00-n_00-n_00-n;1008;0;41723;0;N;531758;N;8;3026;0;PM_PH-BE_2;20140325xTue;8_Srbsko;Středočeský kraj;h00;78;0
02-o2_01-ver_02-vis_03-lau2_07-day_05-300+_08-frt-1008_01-rep_00-n_00-n_00-n_00-n_00-n_00-n;1008;0;41723;0;N;531979;N;6;3026;0;PM_PH-BE_2;20140325xTue;6_Zadní Třebaň;Středočeský kraj;h00;11;30
02-o2_01-ver_02-vis_03-lau2_07-day_05-300+_08-frt-1008_01-rep_00-n_00-n_00-n_00-n_00-n_00-n;1008;0;41723;0;N;539139;N;2;3026;0;PM_PH-BE_2;20140325xTue;2_Černošice;Středočeský kraj;h00;548;260
02-o2_01-ver_02-vis_03-lau2_07-day_05-300+_08-frt-1008_01-rep_00-n_00-n_00-n_00-n_00-n_00-n;1008;0;41723;0;N;539198;N;4;3026;0;PM_PH-BE_2;20140325xTue;4_Dobřichovice;Středočeský kraj;h00;11;227
02-o2_01-ver_02-vis_03-lau2_07-day_05-300+_08-frt-1008_01-rep_00-n_00-n_00-n_00-n_00-n_00-n;1008;0;41723;0;N;539643;N;5;3026;0;PM_PH-BE_2;20140325xTue;5_Řevnice;Středočeský kraj;h00;46;12
02-o2_01-ver_02-vis_03-lau2_07-day_05-300+_08-frt-1008_01-rep_00-n_00-n_00-n_00-n_00-n_00-n;1008;0;41723;0;N;539856;N;3;3026;0;PM_PH-BE_2;20140325xTue;3_Všenory;Středočeský kraj;h00;168;615
02-o2_01-ver_02-vis_03-lau2_07-day_05-300+_08-frt-1008_01-rep_00-n_00-n_00-n_00-n_00-n_00-n;1008;0;41723;0;N;554782;N;1;3018;0;PM_PH-BE_2;20140325xTue;1_Praha;Hlavní město Praha;h00;749;0
02-o2_01-ver_02-vis_03-lau2_07-day_05-300+_08-frt-1008_01-rep_00-n_00-n_00-n_00-n_00-n_00-n;1008;0;41724;0;N;531057;N;9;3026;0;PM_PH-BE_2;20140326xWed;9_Beroun;Středočeský kraj;h00;0;481
02-o2_01-ver_02-vis_03-lau2_07-day_05-300+_08-frt-1008_01-rep_00-n_00-n_00-n_00-n_00-n_00-n;1008;0;41724;0;N;531316;N;7;3026;0;PM_PH-BE_2;20140326xWed;7_Karlštejn;Středočeský kraj;h00;61;23
02-o2_01-ver_02-vis_03-lau2_07-day_05-300+_08-frt-1008_01-rep_00-n_00-n_00-n_00-n_00-n_00-n;1008;0;41724;0;N;531758;N;8;3026;0;PM_PH-BE_2;20140326xWed;8_Srbsko;Středočeský kraj;h00;29;0
02-o2_01-ver_02-vis_03-lau2_07-day_05-300+_08-frt-1008_01-rep_00-n_00-n_00-n_00-n_00-n_00-n;1008;0;41724;0;N;531979;N;6;3026;0;PM_PH-BE_2;20140326xWed;6_Zadní Třebaň;Středočeský kraj;h00;6;20
02-o2_01-ver_02-vis_03-lau2_07-day_05-300+_08-frt-1008_01-rep_00-n_00-n_00-n_00-n_00-n_00-n;1008;0;41724;0;N;539139;N;2;3026;0;PM_PH-BE_2;20140326xWed;2_Černošice;Středočeský kraj;h00;349;238
02-o2_01-ver_02-vis_03-lau2_07-day_05-300+_08-frt-1008_01-rep_00-n_00-n_00-n_00-n_00-n_00-n;1008;0;41724;0;N;539198;N;4;3026;0;PM_PH-BE_2;20140326xWed;4_Dobřichovice;Středočeský kraj;h00;16;287
02-o2_01-ver_02-vis_03-lau2_07-day_05-300+_08-frt-1008_01-rep_00-n_00-n_00-n_00-n_00-n_00-n;1008;0;41724;0;N;539643;N;5;3026;0;PM_PH-BE_2;20140326xWed;5_Řevnice;Středočeský kraj;h00;32;10
02-o2_01-ver_02-vis_03-lau2_07-day_05-300+_08-frt-1008_01-rep_00-n_00-n_00-n_00-n_00-n_00-n;1008;0;41724;0;N;539856;N;3;3026;0;PM_PH-BE_2;20140326xWed;3_Všenory;Středočeský kraj;h00;241;381
02-o2_01-ver_02-vis_03-lau2_07-day_05-300+_08-frt-1008_01-rep_00-n_00-n_00-n_00-n_00-n_00-n;1008;0;41724;0;N;554782;N;1;3018;0;PM_PH-BE_2;20140326xWed;1_Praha;Hlavní město Praha;h00;706;0
