02-o2_01-ver_02-vis_03-lau2_07-day_05-300+_03-frt-1003_01-sng_00-n_00-n_00-n_00-n_00-n_00-n;1003;0;41710;0;N;506494;N;4;3051;0;OS_KV-PO_2;20140312xWed;4_Nové Hamry;Karlovarský kraj;h00;0;3
02-o2_01-ver_02-vis_03-lau2_07-day_05-300+_03-frt-1003_01-sng_00-n_00-n_00-n_00-n_00-n_00-n;1003;0;41710;0;N;554961;N;1;3051;0;OS_KV-PO_2;20140312xWed;1_Karlovy Vary;Karlovarský kraj;h00;65;0
02-o2_01-ver_02-vis_03-lau2_07-day_05-300+_03-frt-1003_01-sng_00-n_00-n_00-n_00-n_00-n_00-n;1003;0;41710;0;N;555169;N;6;3051;0;OS_KV-PO_2;20140312xWed;6_Horní Blatná;Karlovarský kraj;h00;4;0
02-o2_01-ver_02-vis_03-lau2_07-day_05-300+_03-frt-1003_01-sng_00-n_00-n_00-n_00-n_00-n_00-n;1003;0;41710;0;N;555380;N;3;3051;0;OS_KV-PO_2;20140312xWed;3_Nejdek;Karlovarský kraj;h00;2;38
02-o2_01-ver_02-vis_03-lau2_07-day_05-300+_03-frt-1003_01-sng_00-n_00-n_00-n_00-n_00-n_00-n;1003;0;41710;0;N;555398;N;2;3051;0;OS_KV-PO_2;20140312xWed;2_Nová Role;Karlovarský kraj;h00;1;16
02-o2_01-ver_02-vis_03-lau2_07-day_05-300+_03-frt-1003_01-sng_00-n_00-n_00-n_00-n_00-n_00-n;1003;0;41710;0;N;555452;N;5;3051;0;OS_KV-PO_2;20140312xWed;5_Pernink;Karlovarský kraj;h00;13;0
02-o2_01-ver_02-vis_03-lau2_07-day_05-300+_03-frt-1003_01-sng_00-n_00-n_00-n_00-n_00-n_00-n;1003;0;41710;0;N;555479;N;7;3051;0;OS_KV-PO_2;20140312xWed;7_Potůčky;Karlovarský kraj;h00;0;28
02-o2_01-ver_02-vis_03-lau2_07-day_05-300+_03-frt-1003_01-sng_00-n_00-n_00-n_00-n_00-n_00-n;1003;0;41711;0;N;506494;N;4;3051;0;OS_KV-PO_2;20140313xThu;4_Nové Hamry;Karlovarský kraj;h00;0;17
02-o2_01-ver_02-vis_03-lau2_07-day_05-300+_03-frt-1003_01-sng_00-n_00-n_00-n_00-n_00-n_00-n;1003;0;41711;0;N;554961;N;1;3051;0;OS_KV-PO_2;20140313xThu;1_Karlovy Vary;Karlovarský kraj;h00;56;0
02-o2_01-ver_02-vis_03-lau2_07-day_05-300+_03-frt-1003_01-sng_00-n_00-n_00-n_00-n_00-n_00-n;1003;0;41711;0;N;555169;N;6;3051;0;OS_KV-PO_2;20140313xThu;6_Horní Blatná;Karlovarský kraj;h00;4;1
02-o2_01-ver_02-vis_03-lau2_07-day_05-300+_03-frt-1003_01-sng_00-n_00-n_00-n_00-n_00-n_00-n;1003;0;41711;0;N;555380;N;3;3051;0;OS_KV-PO_2;20140313xThu;3_Nejdek;Karlovarský kraj;h00;13;35
02-o2_01-ver_02-vis_03-lau2_07-day_05-300+_03-frt-1003_01-sng_00-n_00-n_00-n_00-n_00-n_00-n;1003;0;41711;0;N;555398;N;2;3051;0;OS_KV-PO_2;20140313xThu;2_Nová Role;Karlovarský kraj;h00;1;8
02-o2_01-ver_02-vis_03-lau2_07-day_05-300+_03-frt-1003_01-sng_00-n_00-n_00-n_00-n_00-n_00-n;1003;0;41711;0;N;555452;N;5;3051;0;OS_KV-PO_2;20140313xThu;5_Pernink;Karlovarský kraj;h00;11;1
02-o2_01-ver_02-vis_03-lau2_07-day_05-300+_03-frt-1003_01-sng_00-n_00-n_00-n_00-n_00-n_00-n;1003;0;41711;0;N;555479;N;7;3051;0;OS_KV-PO_2;20140313xThu;7_Potůčky;Karlovarský kraj;h00;0;23
02-o2_01-ver_02-vis_03-lau2_07-day_05-300+_03-frt-1003_01-sng_00-n_00-n_00-n_00-n_00-n_00-n;1003;0;41712;0;N;506494;N;4;3051;0;OS_KV-PO_2;20140314xFri;4_Nové Hamry;Karlovarský kraj;h00;0;28
02-o2_01-ver_02-vis_03-lau2_07-day_05-300+_03-frt-1003_01-sng_00-n_00-n_00-n_00-n_00-n_00-n;1003;0;41712;0;N;554961;N;1;3051;0;OS_KV-PO_2;20140314xFri;1_Karlovy Vary;Karlovarský kraj;h00;133;0
02-o2_01-ver_02-vis_03-lau2_07-day_05-300+_03-frt-1003_01-sng_00-n_00-n_00-n_00-n_00-n_00-n;1003;0;41712;0;N;555169;N;6;3051;0;OS_KV-PO_2;20140314xFri;6_Horní Blatná;Karlovarský kraj;h00;25;4
02-o2_01-ver_02-vis_03-lau2_07-day_05-300+_03-frt-1003_01-sng_00-n_00-n_00-n_00-n_00-n_00-n;1003;0;41712;0;N;555380;N;3;3051;0;OS_KV-PO_2;20140314xFri;3_Nejdek;Karlovarský kraj;h00;28;49
02-o2_01-ver_02-vis_03-lau2_07-day_05-300+_03-frt-1003_01-sng_00-n_00-n_00-n_00-n_00-n_00-n;1003;0;41712;0;N;555398;N;2;3051;0;OS_KV-PO_2;20140314xFri;2_Nová Role;Karlovarský kraj;h00;12;71
02-o2_01-ver_02-vis_03-lau2_07-day_05-300+_03-frt-1003_01-sng_00-n_00-n_00-n_00-n_00-n_00-n;1003;0;41712;0;N;555452;N;5;3051;0;OS_KV-PO_2;20140314xFri;5_Pernink;Karlovarský kraj;h00;19;5
02-o2_01-ver_02-vis_03-lau2_07-day_05-300+_03-frt-1003_01-sng_00-n_00-n_00-n_00-n_00-n_00-n;1003;0;41712;0;N;555479;N;7;3051;0;OS_KV-PO_2;20140314xFri;7_Potůčky;Karlovarský kraj;h00;0;60
02-o2_01-ver_02-vis_03-lau2_07-day_05-300+_03-frt-1003_01-sng_00-n_00-n_00-n_00-n_00-n_00-n;1003;0;41713;0;N;506494;N;4;3051;0;OS_KV-PO_2;20140315xSat;4_Nové Hamry;Karlovarský kraj;h00;0;9
02-o2_01-ver_02-vis_03-lau2_07-day_05-300+_03-frt-1003_01-sng_00-n_00-n_00-n_00-n_00-n_00-n;1003;0;41713;0;N;554961;N;1;3051;0;OS_KV-PO_2;20140315xSat;1_Karlovy Vary;Karlovarský kraj;h00;67;0
02-o2_01-ver_02-vis_03-lau2_07-day_05-300+_03-frt-1003_01-sng_00-n_00-n_00-n_00-n_00-n_00-n;1003;0;41713;0;N;555169;N;6;3051;0;OS_KV-PO_2;20140315xSat;6_Horní Blatná;Karlovarský kraj;h00;22;1
02-o2_01-ver_02-vis_03-lau2_07-day_05-300+_03-frt-1003_01-sng_00-n_00-n_00-n_00-n_00-n_00-n;1003;0;41713;0;N;555380;N;3;3051;0;OS_KV-PO_2;20140315xSat;3_Nejdek;Karlovarský kraj;h00;10;23
02-o2_01-ver_02-vis_03-lau2_07-day_05-300+_03-frt-1003_01-sng_00-n_00-n_00-n_00-n_00-n_00-n;1003;0;41713;0;N;555398;N;2;3051;0;OS_KV-PO_2;20140315xSat;2_Nová Role;Karlovarský kraj;h00;9;35
02-o2_01-ver_02-vis_03-lau2_07-day_05-300+_03-frt-1003_01-sng_00-n_00-n_00-n_00-n_00-n_00-n;1003;0;41713;0;N;555452;N;5;3051;0;OS_KV-PO_2;20140315xSat;5_Pernink;Karlovarský kraj;h00;15;2
02-o2_01-ver_02-vis_03-lau2_07-day_05-300+_03-frt-1003_01-sng_00-n_00-n_00-n_00-n_00-n_00-n;1003;0;41713;0;N;555479;N;7;3051;0;OS_KV-PO_2;20140315xSat;7_Potůčky;Karlovarský kraj;h00;0;53
02-o2_01-ver_02-vis_03-lau2_07-day_05-300+_03-frt-1003_01-sng_00-n_00-n_00-n_00-n_00-n_00-n;1003;0;41714;0;N;506494;N;4;3051;0;OS_KV-PO_2;20140316xSun;4_Nové Hamry;Karlovarský kraj;h00;0;9
02-o2_01-ver_02-vis_03-lau2_07-day_05-300+_03-frt-1003_01-sng_00-n_00-n_00-n_00-n_00-n_00-n;1003;0;41714;0;N;554961;N;1;3051;0;OS_KV-PO_2;20140316xSun;1_Karlovy Vary;Karlovarský kraj;h00;42;0
02-o2_01-ver_02-vis_03-lau2_07-day_05-300+_03-frt-1003_01-sng_00-n_00-n_00-n_00-n_00-n_00-n;1003;0;41714;0;N;555169;N;6;3051;0;OS_KV-PO_2;20140316xSun;6_Horní Blatná;Karlovarský kraj;h00;9;0
02-o2_01-ver_02-vis_03-lau2_07-day_05-300+_03-frt-1003_01-sng_00-n_00-n_00-n_00-n_00-n_00-n;1003;0;41714;0;N;555380;N;3;3051;0;OS_KV-PO_2;20140316xSun;3_Nejdek;Karlovarský kraj;h00;9;11
02-o2_01-ver_02-vis_03-lau2_07-day_05-300+_03-frt-1003_01-sng_00-n_00-n_00-n_00-n_00-n_00-n;1003;0;41714;0;N;555398;N;2;3051;0;OS_KV-PO_2;20140316xSun;2_Nová Role;Karlovarský kraj;h00;4;22
02-o2_01-ver_02-vis_03-lau2_07-day_05-300+_03-frt-1003_01-sng_00-n_00-n_00-n_00-n_00-n_00-n;1003;0;41714;0;N;555452;N;5;3051;0;OS_KV-PO_2;20140316xSun;5_Pernink;Karlovarský kraj;h00;11;0
02-o2_01-ver_02-vis_03-lau2_07-day_05-300+_03-frt-1003_01-sng_00-n_00-n_00-n_00-n_00-n_00-n;1003;0;41714;0;N;555479;N;7;3051;0;OS_KV-PO_2;20140316xSun;7_Potůčky;Karlovarský kraj;h00;0;33
02-o2_01-ver_02-vis_03-lau2_07-day_05-300+_03-frt-1003_01-sng_00-n_00-n_00-n_00-n_00-n_00-n;1003;0;41715;0;N;506494;N;4;3051;0;OS_KV-PO_2;20140317xMon;4_Nové Hamry;Karlovarský kraj;h00;0;5
02-o2_01-ver_02-vis_03-lau2_07-day_05-300+_03-frt-1003_01-sng_00-n_00-n_00-n_00-n_00-n_00-n;1003;0;41715;0;N;554961;N;1;3051;0;OS_KV-PO_2;20140317xMon;1_Karlovy Vary;Karlovarský kraj;h00;63;0
02-o2_01-ver_02-vis_03-lau2_07-day_05-300+_03-frt-1003_01-sng_00-n_00-n_00-n_00-n_00-n_00-n;1003;0;41715;0;N;555169;N;6;3051;0;OS_KV-PO_2;20140317xMon;6_Horní Blatná;Karlovarský kraj;h00;3;1
02-o2_01-ver_02-vis_03-lau2_07-day_05-300+_03-frt-1003_01-sng_00-n_00-n_00-n_00-n_00-n_00-n;1003;0;41715;0;N;555380;N;3;3051;0;OS_KV-PO_2;20140317xMon;3_Nejdek;Karlovarský kraj;h00;4;37
02-o2_01-ver_02-vis_03-lau2_07-day_05-300+_03-frt-1003_01-sng_00-n_00-n_00-n_00-n_00-n_00-n;1003;0;41715;0;N;555398;N;2;3051;0;OS_KV-PO_2;20140317xMon;2_Nová Role;Karlovarský kraj;h00;4;19
02-o2_01-ver_02-vis_03-lau2_07-day_05-300+_03-frt-1003_01-sng_00-n_00-n_00-n_00-n_00-n_00-n;1003;0;41715;0;N;555452;N;5;3051;0;OS_KV-PO_2;20140317xMon;5_Pernink;Karlovarský kraj;h00;14;0
02-o2_01-ver_02-vis_03-lau2_07-day_05-300+_03-frt-1003_01-sng_00-n_00-n_00-n_00-n_00-n_00-n;1003;0;41715;0;N;555479;N;7;3051;0;OS_KV-PO_2;20140317xMon;7_Potůčky;Karlovarský kraj;h00;0;26
02-o2_01-ver_02-vis_03-lau2_07-day_05-300+_03-frt-1003_01-sng_00-n_00-n_00-n_00-n_00-n_00-n;1003;0;41716;0;N;506494;N;4;3051;0;OS_KV-PO_2;20140318xTue;4_Nové Hamry;Karlovarský kraj;h00;0;22
02-o2_01-ver_02-vis_03-lau2_07-day_05-300+_03-frt-1003_01-sng_00-n_00-n_00-n_00-n_00-n_00-n;1003;0;41716;0;N;554961;N;1;3051;0;OS_KV-PO_2;20140318xTue;1_Karlovy Vary;Karlovarský kraj;h00;148;0
02-o2_01-ver_02-vis_03-lau2_07-day_05-300+_03-frt-1003_01-sng_00-n_00-n_00-n_00-n_00-n_00-n;1003;0;41716;0;N;555169;N;6;3051;0;OS_KV-PO_2;20140318xTue;6_Horní Blatná;Karlovarský kraj;h00;19;4
02-o2_01-ver_02-vis_03-lau2_07-day_05-300+_03-frt-1003_01-sng_00-n_00-n_00-n_00-n_00-n_00-n;1003;0;41716;0;N;555380;N;3;3051;0;OS_KV-PO_2;20140318xTue;3_Nejdek;Karlovarský kraj;h00;23;73
02-o2_01-ver_02-vis_03-lau2_07-day_05-300+_03-frt-1003_01-sng_00-n_00-n_00-n_00-n_00-n_00-n;1003;0;41716;0;N;555398;N;2;3051;0;OS_KV-PO_2;20140318xTue;2_Nová Role;Karlovarský kraj;h00;20;78
02-o2_01-ver_02-vis_03-lau2_07-day_05-300+_03-frt-1003_01-sng_00-n_00-n_00-n_00-n_00-n_00-n;1003;0;41716;0;N;555452;N;5;3051;0;OS_KV-PO_2;20140318xTue;5_Pernink;Karlovarský kraj;h00;25;3
02-o2_01-ver_02-vis_03-lau2_07-day_05-300+_03-frt-1003_01-sng_00-n_00-n_00-n_00-n_00-n_00-n;1003;0;41716;0;N;555479;N;7;3051;0;OS_KV-PO_2;20140318xTue;7_Potůčky;Karlovarský kraj;h00;0;55
02-o2_01-ver_02-vis_03-lau2_07-day_05-300+_03-frt-1003_01-sng_00-n_00-n_00-n_00-n_00-n_00-n;1003;0;41717;0;N;506494;N;4;3051;0;OS_KV-PO_2;20140319xWed;4_Nové Hamry;Karlovarský kraj;h00;0;25
02-o2_01-ver_02-vis_03-lau2_07-day_05-300+_03-frt-1003_01-sng_00-n_00-n_00-n_00-n_00-n_00-n;1003;0;41717;0;N;554961;N;1;3051;0;OS_KV-PO_2;20140319xWed;1_Karlovy Vary;Karlovarský kraj;h00;164;0
02-o2_01-ver_02-vis_03-lau2_07-day_05-300+_03-frt-1003_01-sng_00-n_00-n_00-n_00-n_00-n_00-n;1003;0;41717;0;N;555169;N;6;3051;0;OS_KV-PO_2;20140319xWed;6_Horní Blatná;Karlovarský kraj;h00;23;6
02-o2_01-ver_02-vis_03-lau2_07-day_05-300+_03-frt-1003_01-sng_00-n_00-n_00-n_00-n_00-n_00-n;1003;0;41717;0;N;555380;N;3;3051;0;OS_KV-PO_2;20140319xWed;3_Nejdek;Karlovarský kraj;h00;31;82
02-o2_01-ver_02-vis_03-lau2_07-day_05-300+_03-frt-1003_01-sng_00-n_00-n_00-n_00-n_00-n_00-n;1003;0;41717;0;N;555398;N;2;3051;0;OS_KV-PO_2;20140319xWed;2_Nová Role;Karlovarský kraj;h00;18;81
02-o2_01-ver_02-vis_03-lau2_07-day_05-300+_03-frt-1003_01-sng_00-n_00-n_00-n_00-n_00-n_00-n;1003;0;41717;0;N;555452;N;5;3051;0;OS_KV-PO_2;20140319xWed;5_Pernink;Karlovarský kraj;h00;24;2
02-o2_01-ver_02-vis_03-lau2_07-day_05-300+_03-frt-1003_01-sng_00-n_00-n_00-n_00-n_00-n_00-n;1003;0;41717;0;N;555479;N;7;3051;0;OS_KV-PO_2;20140319xWed;7_Potůčky;Karlovarský kraj;h00;0;64
02-o2_01-ver_02-vis_03-lau2_07-day_05-300+_03-frt-1003_01-sng_00-n_00-n_00-n_00-n_00-n_00-n;1003;0;41718;0;N;506494;N;4;3051;0;OS_KV-PO_2;20140320xThu;4_Nové Hamry;Karlovarský kraj;h00;1;55
02-o2_01-ver_02-vis_03-lau2_07-day_05-300+_03-frt-1003_01-sng_00-n_00-n_00-n_00-n_00-n_00-n;1003;0;41718;0;N;554961;N;1;3051;0;OS_KV-PO_2;20140320xThu;1_Karlovy Vary;Karlovarský kraj;h00;171;0
02-o2_01-ver_02-vis_03-lau2_07-day_05-300+_03-frt-1003_01-sng_00-n_00-n_00-n_00-n_00-n_00-n;1003;0;41718;0;N;555169;N;6;3051;0;OS_KV-PO_2;20140320xThu;6_Horní Blatná;Karlovarský kraj;h00;24;7
02-o2_01-ver_02-vis_03-lau2_07-day_05-300+_03-frt-1003_01-sng_00-n_00-n_00-n_00-n_00-n_00-n;1003;0;41718;0;N;555380;N;3;3051;0;OS_KV-PO_2;20140320xThu;3_Nejdek;Karlovarský kraj;h00;60;94
02-o2_01-ver_02-vis_03-lau2_07-day_05-300+_03-frt-1003_01-sng_00-n_00-n_00-n_00-n_00-n_00-n;1003;0;41718;0;N;555398;N;2;3051;0;OS_KV-PO_2;20140320xThu;2_Nová Role;Karlovarský kraj;h00;24;83
02-o2_01-ver_02-vis_03-lau2_07-day_05-300+_03-frt-1003_01-sng_00-n_00-n_00-n_00-n_00-n_00-n;1003;0;41718;0;N;555452;N;5;3051;0;OS_KV-PO_2;20140320xThu;5_Pernink;Karlovarský kraj;h00;23;8
02-o2_01-ver_02-vis_03-lau2_07-day_05-300+_03-frt-1003_01-sng_00-n_00-n_00-n_00-n_00-n_00-n;1003;0;41718;0;N;555479;N;7;3051;0;OS_KV-PO_2;20140320xThu;7_Potůčky;Karlovarský kraj;h00;0;56
02-o2_01-ver_02-vis_03-lau2_07-day_05-300+_03-frt-1003_01-sng_00-n_00-n_00-n_00-n_00-n_00-n;1003;0;41719;0;N;506494;N;4;3051;0;OS_KV-PO_2;20140321xFri;4_Nové Hamry;Karlovarský kraj;h00;0;11
02-o2_01-ver_02-vis_03-lau2_07-day_05-300+_03-frt-1003_01-sng_00-n_00-n_00-n_00-n_00-n_00-n;1003;0;41719;0;N;554961;N;1;3051;0;OS_KV-PO_2;20140321xFri;1_Karlovy Vary;Karlovarský kraj;h00;69;0
02-o2_01-ver_02-vis_03-lau2_07-day_05-300+_03-frt-1003_01-sng_00-n_00-n_00-n_00-n_00-n_00-n;1003;0;41719;0;N;555169;N;6;3051;0;OS_KV-PO_2;20140321xFri;6_Horní Blatná;Karlovarský kraj;h00;12;0
02-o2_01-ver_02-vis_03-lau2_07-day_05-300+_03-frt-1003_01-sng_00-n_00-n_00-n_00-n_00-n_00-n;1003;0;41719;0;N;555380;N;3;3051;0;OS_KV-PO_2;20140321xFri;3_Nejdek;Karlovarský kraj;h00;10;33
02-o2_01-ver_02-vis_03-lau2_07-day_05-300+_03-frt-1003_01-sng_00-n_00-n_00-n_00-n_00-n_00-n;1003;0;41719;0;N;555398;N;2;3051;0;OS_KV-PO_2;20140321xFri;2_Nová Role;Karlovarský kraj;h00;5;22
02-o2_01-ver_02-vis_03-lau2_07-day_05-300+_03-frt-1003_01-sng_00-n_00-n_00-n_00-n_00-n_00-n;1003;0;41719;0;N;555452;N;5;3051;0;OS_KV-PO_2;20140321xFri;5_Pernink;Karlovarský kraj;h00;14;3
02-o2_01-ver_02-vis_03-lau2_07-day_05-300+_03-frt-1003_01-sng_00-n_00-n_00-n_00-n_00-n_00-n;1003;0;41719;0;N;555479;N;7;3051;0;OS_KV-PO_2;20140321xFri;7_Potůčky;Karlovarský kraj;h00;0;41
02-o2_01-ver_02-vis_03-lau2_07-day_05-300+_03-frt-1003_01-sng_00-n_00-n_00-n_00-n_00-n_00-n;1003;0;41720;0;N;506494;N;4;3051;0;OS_KV-PO_2;20140322xSat;4_Nové Hamry;Karlovarský kraj;h00;0;15
02-o2_01-ver_02-vis_03-lau2_07-day_05-300+_03-frt-1003_01-sng_00-n_00-n_00-n_00-n_00-n_00-n;1003;0;41720;0;N;554961;N;1;3051;0;OS_KV-PO_2;20140322xSat;1_Karlovy Vary;Karlovarský kraj;h00;65;0
02-o2_01-ver_02-vis_03-lau2_07-day_05-300+_03-frt-1003_01-sng_00-n_00-n_00-n_00-n_00-n_00-n;1003;0;41720;0;N;555169;N;6;3051;0;OS_KV-PO_2;20140322xSat;6_Horní Blatná;Karlovarský kraj;h00;10;1
02-o2_01-ver_02-vis_03-lau2_07-day_05-300+_03-frt-1003_01-sng_00-n_00-n_00-n_00-n_00-n_00-n;1003;0;41720;0;N;555380;N;3;3051;0;OS_KV-PO_2;20140322xSat;3_Nejdek;Karlovarský kraj;h00;14;21
02-o2_01-ver_02-vis_03-lau2_07-day_05-300+_03-frt-1003_01-sng_00-n_00-n_00-n_00-n_00-n_00-n;1003;0;41720;0;N;555398;N;2;3051;0;OS_KV-PO_2;20140322xSat;2_Nová Role;Karlovarský kraj;h00;6;27
02-o2_01-ver_02-vis_03-lau2_07-day_05-300+_03-frt-1003_01-sng_00-n_00-n_00-n_00-n_00-n_00-n;1003;0;41720;0;N;555452;N;5;3051;0;OS_KV-PO_2;20140322xSat;5_Pernink;Karlovarský kraj;h00;15;3
02-o2_01-ver_02-vis_03-lau2_07-day_05-300+_03-frt-1003_01-sng_00-n_00-n_00-n_00-n_00-n_00-n;1003;0;41720;0;N;555479;N;7;3051;0;OS_KV-PO_2;20140322xSat;7_Potůčky;Karlovarský kraj;h00;0;43
02-o2_01-ver_02-vis_03-lau2_07-day_05-300+_03-frt-1003_01-sng_00-n_00-n_00-n_00-n_00-n_00-n;1003;0;41721;0;N;506494;N;4;3051;0;OS_KV-PO_2;20140323xSun;4_Nové Hamry;Karlovarský kraj;h00;0;20
02-o2_01-ver_02-vis_03-lau2_07-day_05-300+_03-frt-1003_01-sng_00-n_00-n_00-n_00-n_00-n_00-n;1003;0;41721;0;N;554961;N;1;3051;0;OS_KV-PO_2;20140323xSun;1_Karlovy Vary;Karlovarský kraj;h00;96;0
02-o2_01-ver_02-vis_03-lau2_07-day_05-300+_03-frt-1003_01-sng_00-n_00-n_00-n_00-n_00-n_00-n;1003;0;41721;0;N;555169;N;6;3051;0;OS_KV-PO_2;20140323xSun;6_Horní Blatná;Karlovarský kraj;h00;18;1
02-o2_01-ver_02-vis_03-lau2_07-day_05-300+_03-frt-1003_01-sng_00-n_00-n_00-n_00-n_00-n_00-n;1003;0;41721;0;N;555380;N;3;3051;0;OS_KV-PO_2;20140323xSun;3_Nejdek;Karlovarský kraj;h00;22;14
02-o2_01-ver_02-vis_03-lau2_07-day_05-300+_03-frt-1003_01-sng_00-n_00-n_00-n_00-n_00-n_00-n;1003;0;41721;0;N;555398;N;2;3051;0;OS_KV-PO_2;20140323xSun;2_Nová Role;Karlovarský kraj;h00;1;65
02-o2_01-ver_02-vis_03-lau2_07-day_05-300+_03-frt-1003_01-sng_00-n_00-n_00-n_00-n_00-n_00-n;1003;0;41721;0;N;555452;N;5;3051;0;OS_KV-PO_2;20140323xSun;5_Pernink;Karlovarský kraj;h00;20;1
02-o2_01-ver_02-vis_03-lau2_07-day_05-300+_03-frt-1003_01-sng_00-n_00-n_00-n_00-n_00-n_00-n;1003;0;41721;0;N;555479;N;7;3051;0;OS_KV-PO_2;20140323xSun;7_Potůčky;Karlovarský kraj;h00;0;56
02-o2_01-ver_02-vis_03-lau2_07-day_05-300+_03-frt-1003_01-sng_00-n_00-n_00-n_00-n_00-n_00-n;1003;0;41722;0;N;506494;N;4;3051;0;OS_KV-PO_2;20140324xMon;4_Nové Hamry;Karlovarský kraj;h00;0;30
02-o2_01-ver_02-vis_03-lau2_07-day_05-300+_03-frt-1003_01-sng_00-n_00-n_00-n_00-n_00-n_00-n;1003;0;41722;0;N;554961;N;1;3051;0;OS_KV-PO_2;20140324xMon;1_Karlovy Vary;Karlovarský kraj;h00;113;0
02-o2_01-ver_02-vis_03-lau2_07-day_05-300+_03-frt-1003_01-sng_00-n_00-n_00-n_00-n_00-n_00-n;1003;0;41722;0;N;555169;N;6;3051;0;OS_KV-PO_2;20140324xMon;6_Horní Blatná;Karlovarský kraj;h00;17;6
02-o2_01-ver_02-vis_03-lau2_07-day_05-300+_03-frt-1003_01-sng_00-n_00-n_00-n_00-n_00-n_00-n;1003;0;41722;0;N;555380;N;3;3051;0;OS_KV-PO_2;20140324xMon;3_Nejdek;Karlovarský kraj;h00;35;60
02-o2_01-ver_02-vis_03-lau2_07-day_05-300+_03-frt-1003_01-sng_00-n_00-n_00-n_00-n_00-n_00-n;1003;0;41722;0;N;555398;N;2;3051;0;OS_KV-PO_2;20140324xMon;2_Nová Role;Karlovarský kraj;h00;14;51
02-o2_01-ver_02-vis_03-lau2_07-day_05-300+_03-frt-1003_01-sng_00-n_00-n_00-n_00-n_00-n_00-n;1003;0;41722;0;N;555452;N;5;3051;0;OS_KV-PO_2;20140324xMon;5_Pernink;Karlovarský kraj;h00;20;4
02-o2_01-ver_02-vis_03-lau2_07-day_05-300+_03-frt-1003_01-sng_00-n_00-n_00-n_00-n_00-n_00-n;1003;0;41722;0;N;555479;N;7;3051;0;OS_KV-PO_2;20140324xMon;7_Potůčky;Karlovarský kraj;h00;0;48
02-o2_01-ver_02-vis_03-lau2_07-day_05-300+_03-frt-1003_01-sng_00-n_00-n_00-n_00-n_00-n_00-n;1003;0;41723;0;N;506494;N;4;3051;0;OS_KV-PO_2;20140325xTue;4_Nové Hamry;Karlovarský kraj;h00;0;52
02-o2_01-ver_02-vis_03-lau2_07-day_05-300+_03-frt-1003_01-sng_00-n_00-n_00-n_00-n_00-n_00-n;1003;0;41723;0;N;554961;N;1;3051;0;OS_KV-PO_2;20140325xTue;1_Karlovy Vary;Karlovarský kraj;h00;135;0
02-o2_01-ver_02-vis_03-lau2_07-day_05-300+_03-frt-1003_01-sng_00-n_00-n_00-n_00-n_00-n_00-n;1003;0;41723;0;N;555169;N;6;3051;0;OS_KV-PO_2;20140325xTue;6_Horní Blatná;Karlovarský kraj;h00;20;7
02-o2_01-ver_02-vis_03-lau2_07-day_05-300+_03-frt-1003_01-sng_00-n_00-n_00-n_00-n_00-n_00-n;1003;0;41723;0;N;555380;N;3;3051;0;OS_KV-PO_2;20140325xTue;3_Nejdek;Karlovarský kraj;h00;52;65
02-o2_01-ver_02-vis_03-lau2_07-day_05-300+_03-frt-1003_01-sng_00-n_00-n_00-n_00-n_00-n_00-n;1003;0;41723;0;N;555398;N;2;3051;0;OS_KV-PO_2;20140325xTue;2_Nová Role;Karlovarský kraj;h00;16;68
02-o2_01-ver_02-vis_03-lau2_07-day_05-300+_03-frt-1003_01-sng_00-n_00-n_00-n_00-n_00-n_00-n;1003;0;41723;0;N;555452;N;5;3051;0;OS_KV-PO_2;20140325xTue;5_Pernink;Karlovarský kraj;h00;17;2
02-o2_01-ver_02-vis_03-lau2_07-day_05-300+_03-frt-1003_01-sng_00-n_00-n_00-n_00-n_00-n_00-n;1003;0;41723;0;N;555479;N;7;3051;0;OS_KV-PO_2;20140325xTue;7_Potůčky;Karlovarský kraj;h00;0;46
02-o2_01-ver_02-vis_03-lau2_07-day_05-300+_03-frt-1003_01-sng_00-n_00-n_00-n_00-n_00-n_00-n;1003;0;41724;0;N;506494;N;4;3051;0;OS_KV-PO_2;20140326xWed;4_Nové Hamry;Karlovarský kraj;h00;1;15
02-o2_01-ver_02-vis_03-lau2_07-day_05-300+_03-frt-1003_01-sng_00-n_00-n_00-n_00-n_00-n_00-n;1003;0;41724;0;N;554961;N;1;3051;0;OS_KV-PO_2;20140326xWed;1_Karlovy Vary;Karlovarský kraj;h00;136;0
02-o2_01-ver_02-vis_03-lau2_07-day_05-300+_03-frt-1003_01-sng_00-n_00-n_00-n_00-n_00-n_00-n;1003;0;41724;0;N;555169;N;6;3051;0;OS_KV-PO_2;20140326xWed;6_Horní Blatná;Karlovarský kraj;h00;21;6
02-o2_01-ver_02-vis_03-lau2_07-day_05-300+_03-frt-1003_01-sng_00-n_00-n_00-n_00-n_00-n_00-n;1003;0;41724;0;N;555380;N;3;3051;0;OS_KV-PO_2;20140326xWed;3_Nejdek;Karlovarský kraj;h00;18;60
02-o2_01-ver_02-vis_03-lau2_07-day_05-300+_03-frt-1003_01-sng_00-n_00-n_00-n_00-n_00-n_00-n;1003;0;41724;0;N;555398;N;2;3051;0;OS_KV-PO_2;20140326xWed;2_Nová Role;Karlovarský kraj;h00;14;68
02-o2_01-ver_02-vis_03-lau2_07-day_05-300+_03-frt-1003_01-sng_00-n_00-n_00-n_00-n_00-n_00-n;1003;0;41724;0;N;555452;N;5;3051;0;OS_KV-PO_2;20140326xWed;5_Pernink;Karlovarský kraj;h00;27;6
02-o2_01-ver_02-vis_03-lau2_07-day_05-300+_03-frt-1003_01-sng_00-n_00-n_00-n_00-n_00-n_00-n;1003;0;41724;0;N;555479;N;7;3051;0;OS_KV-PO_2;20140326xWed;7_Potůčky;Karlovarský kraj;h00;0;62
