02-o2_01-ver_03-tour_03-lau2_07-day_05-300+_06-frt-1006_01-sng_00-n_00-n_00-n_00-n_00-n_00-n;1006;0;41710;0;N;531057;N;3;3026;0;R_PH_PL_2;20140312xWed;3_Beroun;Středočeský kraj;h00;185;433
02-o2_01-ver_03-tour_03-lau2_07-day_05-300+_06-frt-1006_01-sng_00-n_00-n_00-n_00-n_00-n_00-n;1006;0;41710;0;N;531189;N;5;3026;0;R_PH_PL_2;20140312xWed;5_Hořovice;Středočeský kraj;h00;9;37
02-o2_01-ver_03-tour_03-lau2_07-day_05-300+_06-frt-1006_01-sng_00-n_00-n_00-n_00-n_00-n_00-n;1006;0;41710;0;N;532011;N;4;3026;0;R_PH_PL_2;20140312xWed;4_Zdice;Středočeský kraj;h00;8;162
02-o2_01-ver_03-tour_03-lau2_07-day_05-300+_06-frt-1006_01-sng_00-n_00-n_00-n_00-n_00-n_00-n;1006;0;41710;0;N;539856;N;2;3026;0;R_PH_PL_2;20140312xWed;2_Všenory;Středočeský kraj;h00;1;125
02-o2_01-ver_03-tour_03-lau2_07-day_05-300+_06-frt-1006_01-sng_00-n_00-n_00-n_00-n_00-n_00-n;1006;0;41710;0;N;554782;N;1;3018;0;R_PH_PL_2;20140312xWed;1_Praha;Hlavní město Praha;h00;720;0
02-o2_01-ver_03-tour_03-lau2_07-day_05-300+_06-frt-1006_01-sng_00-n_00-n_00-n_00-n_00-n_00-n;1006;0;41710;0;N;554791;N;8;3042;0;R_PH_PL_2;20140312xWed;8_Plzeň;Plzeňský kraj;h00;0;207
02-o2_01-ver_03-tour_03-lau2_07-day_05-300+_06-frt-1006_01-sng_00-n_00-n_00-n_00-n_00-n_00-n;1006;0;41710;0;N;559717;N;7;3042;0;R_PH_PL_2;20140312xWed;7_Rokycany;Plzeňský kraj;h00;68;18
02-o2_01-ver_03-tour_03-lau2_07-day_05-300+_06-frt-1006_01-sng_00-n_00-n_00-n_00-n_00-n_00-n;1006;0;41710;0;N;559903;N;6;3042;0;R_PH_PL_2;20140312xWed;6_Kařez;Plzeňský kraj;h00;5;14
02-o2_01-ver_03-tour_03-lau2_07-day_05-300+_06-frt-1006_01-sng_00-n_00-n_00-n_00-n_00-n_00-n;1006;0;41711;0;N;531057;N;3;3026;0;R_PH_PL_2;20140313xThu;3_Beroun;Středočeský kraj;h00;185;467
02-o2_01-ver_03-tour_03-lau2_07-day_05-300+_06-frt-1006_01-sng_00-n_00-n_00-n_00-n_00-n_00-n;1006;0;41711;0;N;531189;N;5;3026;0;R_PH_PL_2;20140313xThu;5_Hořovice;Středočeský kraj;h00;13;51
02-o2_01-ver_03-tour_03-lau2_07-day_05-300+_06-frt-1006_01-sng_00-n_00-n_00-n_00-n_00-n_00-n;1006;0;41711;0;N;532011;N;4;3026;0;R_PH_PL_2;20140313xThu;4_Zdice;Středočeský kraj;h00;20;157
02-o2_01-ver_03-tour_03-lau2_07-day_05-300+_06-frt-1006_01-sng_00-n_00-n_00-n_00-n_00-n_00-n;1006;0;41711;0;N;539856;N;2;3026;0;R_PH_PL_2;20140313xThu;2_Všenory;Středočeský kraj;h00;1;121
02-o2_01-ver_03-tour_03-lau2_07-day_05-300+_06-frt-1006_01-sng_00-n_00-n_00-n_00-n_00-n_00-n;1006;0;41711;0;N;554782;N;1;3018;0;R_PH_PL_2;20140313xThu;1_Praha;Hlavní město Praha;h00;753;0
02-o2_01-ver_03-tour_03-lau2_07-day_05-300+_06-frt-1006_01-sng_00-n_00-n_00-n_00-n_00-n_00-n;1006;0;41711;0;N;554791;N;8;3042;0;R_PH_PL_2;20140313xThu;8_Plzeň;Plzeňský kraj;h00;0;199
02-o2_01-ver_03-tour_03-lau2_07-day_05-300+_06-frt-1006_01-sng_00-n_00-n_00-n_00-n_00-n_00-n;1006;0;41711;0;N;559717;N;7;3042;0;R_PH_PL_2;20140313xThu;7_Rokycany;Plzeňský kraj;h00;57;22
02-o2_01-ver_03-tour_03-lau2_07-day_05-300+_06-frt-1006_01-sng_00-n_00-n_00-n_00-n_00-n_00-n;1006;0;41711;0;N;559903;N;6;3042;0;R_PH_PL_2;20140313xThu;6_Kařez;Plzeňský kraj;h00;4;16
02-o2_01-ver_03-tour_03-lau2_07-day_05-300+_06-frt-1006_01-sng_00-n_00-n_00-n_00-n_00-n_00-n;1006;0;41712;0;N;531057;N;3;3026;0;R_PH_PL_2;20140314xFri;3_Beroun;Středočeský kraj;h00;145;553
02-o2_01-ver_03-tour_03-lau2_07-day_05-300+_06-frt-1006_01-sng_00-n_00-n_00-n_00-n_00-n_00-n;1006;0;41712;0;N;531189;N;5;3026;0;R_PH_PL_2;20140314xFri;5_Hořovice;Středočeský kraj;h00;11;32
02-o2_01-ver_03-tour_03-lau2_07-day_05-300+_06-frt-1006_01-sng_00-n_00-n_00-n_00-n_00-n_00-n;1006;0;41712;0;N;532011;N;4;3026;0;R_PH_PL_2;20140314xFri;4_Zdice;Středočeský kraj;h00;8;146
02-o2_01-ver_03-tour_03-lau2_07-day_05-300+_06-frt-1006_01-sng_00-n_00-n_00-n_00-n_00-n_00-n;1006;0;41712;0;N;539856;N;2;3026;0;R_PH_PL_2;20140314xFri;2_Všenory;Středočeský kraj;h00;3;128
02-o2_01-ver_03-tour_03-lau2_07-day_05-300+_06-frt-1006_01-sng_00-n_00-n_00-n_00-n_00-n_00-n;1006;0;41712;0;N;554782;N;1;3018;0;R_PH_PL_2;20140314xFri;1_Praha;Hlavní město Praha;h00;828;0
02-o2_01-ver_03-tour_03-lau2_07-day_05-300+_06-frt-1006_01-sng_00-n_00-n_00-n_00-n_00-n_00-n;1006;0;41712;0;N;554791;N;8;3042;0;R_PH_PL_2;20140314xFri;8_Plzeň;Plzeňský kraj;h00;0;157
02-o2_01-ver_03-tour_03-lau2_07-day_05-300+_06-frt-1006_01-sng_00-n_00-n_00-n_00-n_00-n_00-n;1006;0;41712;0;N;559717;N;7;3042;0;R_PH_PL_2;20140314xFri;7_Rokycany;Plzeňský kraj;h00;57;18
02-o2_01-ver_03-tour_03-lau2_07-day_05-300+_06-frt-1006_01-sng_00-n_00-n_00-n_00-n_00-n_00-n;1006;0;41712;0;N;559903;N;6;3042;0;R_PH_PL_2;20140314xFri;6_Kařez;Plzeňský kraj;h00;7;25
02-o2_01-ver_03-tour_03-lau2_07-day_05-300+_06-frt-1006_01-sng_00-n_00-n_00-n_00-n_00-n_00-n;1006;0;41713;0;N;531057;N;3;3026;0;R_PH_PL_2;20140315xSat;3_Beroun;Středočeský kraj;h00;81;419
02-o2_01-ver_03-tour_03-lau2_07-day_05-300+_06-frt-1006_01-sng_00-n_00-n_00-n_00-n_00-n_00-n;1006;0;41713;0;N;531189;N;5;3026;0;R_PH_PL_2;20140315xSat;5_Hořovice;Středočeský kraj;h00;8;16
02-o2_01-ver_03-tour_03-lau2_07-day_05-300+_06-frt-1006_01-sng_00-n_00-n_00-n_00-n_00-n_00-n;1006;0;41713;0;N;532011;N;4;3026;0;R_PH_PL_2;20140315xSat;4_Zdice;Středočeský kraj;h00;2;69
02-o2_01-ver_03-tour_03-lau2_07-day_05-300+_06-frt-1006_01-sng_00-n_00-n_00-n_00-n_00-n_00-n;1006;0;41713;0;N;539856;N;2;3026;0;R_PH_PL_2;20140315xSat;2_Všenory;Středočeský kraj;h00;1;61
02-o2_01-ver_03-tour_03-lau2_07-day_05-300+_06-frt-1006_01-sng_00-n_00-n_00-n_00-n_00-n_00-n;1006;0;41713;0;N;554782;N;1;3018;0;R_PH_PL_2;20140315xSat;1_Praha;Hlavní město Praha;h00;592;0
02-o2_01-ver_03-tour_03-lau2_07-day_05-300+_06-frt-1006_01-sng_00-n_00-n_00-n_00-n_00-n_00-n;1006;0;41713;0;N;554791;N;8;3042;0;R_PH_PL_2;20140315xSat;8_Plzeň;Plzeňský kraj;h00;0;130
02-o2_01-ver_03-tour_03-lau2_07-day_05-300+_06-frt-1006_01-sng_00-n_00-n_00-n_00-n_00-n_00-n;1006;0;41713;0;N;559717;N;7;3042;0;R_PH_PL_2;20140315xSat;7_Rokycany;Plzeňský kraj;h00;31;12
02-o2_01-ver_03-tour_03-lau2_07-day_05-300+_06-frt-1006_01-sng_00-n_00-n_00-n_00-n_00-n_00-n;1006;0;41713;0;N;559903;N;6;3042;0;R_PH_PL_2;20140315xSat;6_Kařez;Plzeňský kraj;h00;3;11
02-o2_01-ver_03-tour_03-lau2_07-day_05-300+_06-frt-1006_01-sng_00-n_00-n_00-n_00-n_00-n_00-n;1006;0;41714;0;N;531057;N;3;3026;0;R_PH_PL_2;20140316xSun;3_Beroun;Středočeský kraj;h00;47;282
02-o2_01-ver_03-tour_03-lau2_07-day_05-300+_06-frt-1006_01-sng_00-n_00-n_00-n_00-n_00-n_00-n;1006;0;41714;0;N;531189;N;5;3026;0;R_PH_PL_2;20140316xSun;5_Hořovice;Středočeský kraj;h00;0;10
02-o2_01-ver_03-tour_03-lau2_07-day_05-300+_06-frt-1006_01-sng_00-n_00-n_00-n_00-n_00-n_00-n;1006;0;41714;0;N;532011;N;4;3026;0;R_PH_PL_2;20140316xSun;4_Zdice;Středočeský kraj;h00;4;35
02-o2_01-ver_03-tour_03-lau2_07-day_05-300+_06-frt-1006_01-sng_00-n_00-n_00-n_00-n_00-n_00-n;1006;0;41714;0;N;539856;N;2;3026;0;R_PH_PL_2;20140316xSun;2_Všenory;Středočeský kraj;h00;3;40
02-o2_01-ver_03-tour_03-lau2_07-day_05-300+_06-frt-1006_01-sng_00-n_00-n_00-n_00-n_00-n_00-n;1006;0;41714;0;N;554782;N;1;3018;0;R_PH_PL_2;20140316xSun;1_Praha;Hlavní město Praha;h00;389;0
02-o2_01-ver_03-tour_03-lau2_07-day_05-300+_06-frt-1006_01-sng_00-n_00-n_00-n_00-n_00-n_00-n;1006;0;41714;0;N;554791;N;8;3042;0;R_PH_PL_2;20140316xSun;8_Plzeň;Plzeňský kraj;h00;0;95
02-o2_01-ver_03-tour_03-lau2_07-day_05-300+_06-frt-1006_01-sng_00-n_00-n_00-n_00-n_00-n_00-n;1006;0;41714;0;N;559717;N;7;3042;0;R_PH_PL_2;20140316xSun;7_Rokycany;Plzeňský kraj;h00;24;7
02-o2_01-ver_03-tour_03-lau2_07-day_05-300+_06-frt-1006_01-sng_00-n_00-n_00-n_00-n_00-n_00-n;1006;0;41714;0;N;559903;N;6;3042;0;R_PH_PL_2;20140316xSun;6_Kařez;Plzeňský kraj;h00;2;0
02-o2_01-ver_03-tour_03-lau2_07-day_05-300+_06-frt-1006_01-sng_00-n_00-n_00-n_00-n_00-n_00-n;1006;0;41715;0;N;531057;N;3;3026;0;R_PH_PL_2;20140317xMon;3_Beroun;Středočeský kraj;h00;119;473
02-o2_01-ver_03-tour_03-lau2_07-day_05-300+_06-frt-1006_01-sng_00-n_00-n_00-n_00-n_00-n_00-n;1006;0;41715;0;N;531189;N;5;3026;0;R_PH_PL_2;20140317xMon;5_Hořovice;Středočeský kraj;h00;9;29
02-o2_01-ver_03-tour_03-lau2_07-day_05-300+_06-frt-1006_01-sng_00-n_00-n_00-n_00-n_00-n_00-n;1006;0;41715;0;N;532011;N;4;3026;0;R_PH_PL_2;20140317xMon;4_Zdice;Středočeský kraj;h00;10;128
02-o2_01-ver_03-tour_03-lau2_07-day_05-300+_06-frt-1006_01-sng_00-n_00-n_00-n_00-n_00-n_00-n;1006;0;41715;0;N;539856;N;2;3026;0;R_PH_PL_2;20140317xMon;2_Všenory;Středočeský kraj;h00;2;93
02-o2_01-ver_03-tour_03-lau2_07-day_05-300+_06-frt-1006_01-sng_00-n_00-n_00-n_00-n_00-n_00-n;1006;0;41715;0;N;554782;N;1;3018;0;R_PH_PL_2;20140317xMon;1_Praha;Hlavní město Praha;h00;715;0
02-o2_01-ver_03-tour_03-lau2_07-day_05-300+_06-frt-1006_01-sng_00-n_00-n_00-n_00-n_00-n_00-n;1006;0;41715;0;N;554791;N;8;3042;0;R_PH_PL_2;20140317xMon;8_Plzeň;Plzeňský kraj;h00;0;150
02-o2_01-ver_03-tour_03-lau2_07-day_05-300+_06-frt-1006_01-sng_00-n_00-n_00-n_00-n_00-n_00-n;1006;0;41715;0;N;559717;N;7;3042;0;R_PH_PL_2;20140317xMon;7_Rokycany;Plzeňský kraj;h00;43;13
02-o2_01-ver_03-tour_03-lau2_07-day_05-300+_06-frt-1006_01-sng_00-n_00-n_00-n_00-n_00-n_00-n;1006;0;41715;0;N;559903;N;6;3042;0;R_PH_PL_2;20140317xMon;6_Kařez;Plzeňský kraj;h00;1;13
02-o2_01-ver_03-tour_03-lau2_07-day_05-300+_06-frt-1006_01-sng_00-n_00-n_00-n_00-n_00-n_00-n;1006;0;41716;0;N;531057;N;3;3026;0;R_PH_PL_2;20140318xTue;3_Beroun;Středočeský kraj;h00;134;447
02-o2_01-ver_03-tour_03-lau2_07-day_05-300+_06-frt-1006_01-sng_00-n_00-n_00-n_00-n_00-n_00-n;1006;0;41716;0;N;531189;N;5;3026;0;R_PH_PL_2;20140318xTue;5_Hořovice;Středočeský kraj;h00;5;35
02-o2_01-ver_03-tour_03-lau2_07-day_05-300+_06-frt-1006_01-sng_00-n_00-n_00-n_00-n_00-n_00-n;1006;0;41716;0;N;532011;N;4;3026;0;R_PH_PL_2;20140318xTue;4_Zdice;Středočeský kraj;h00;15;142
02-o2_01-ver_03-tour_03-lau2_07-day_05-300+_06-frt-1006_01-sng_00-n_00-n_00-n_00-n_00-n_00-n;1006;0;41716;0;N;539856;N;2;3026;0;R_PH_PL_2;20140318xTue;2_Všenory;Středočeský kraj;h00;0;115
02-o2_01-ver_03-tour_03-lau2_07-day_05-300+_06-frt-1006_01-sng_00-n_00-n_00-n_00-n_00-n_00-n;1006;0;41716;0;N;554782;N;1;3018;0;R_PH_PL_2;20140318xTue;1_Praha;Hlavní město Praha;h00;744;0
02-o2_01-ver_03-tour_03-lau2_07-day_05-300+_06-frt-1006_01-sng_00-n_00-n_00-n_00-n_00-n_00-n;1006;0;41716;0;N;554791;N;8;3042;0;R_PH_PL_2;20140318xTue;8_Plzeň;Plzeňský kraj;h00;0;187
02-o2_01-ver_03-tour_03-lau2_07-day_05-300+_06-frt-1006_01-sng_00-n_00-n_00-n_00-n_00-n_00-n;1006;0;41716;0;N;559717;N;7;3042;0;R_PH_PL_2;20140318xTue;7_Rokycany;Plzeňský kraj;h00;52;18
02-o2_01-ver_03-tour_03-lau2_07-day_05-300+_06-frt-1006_01-sng_00-n_00-n_00-n_00-n_00-n_00-n;1006;0;41716;0;N;559903;N;6;3042;0;R_PH_PL_2;20140318xTue;6_Kařez;Plzeňský kraj;h00;6;12
02-o2_01-ver_03-tour_03-lau2_07-day_05-300+_06-frt-1006_01-sng_00-n_00-n_00-n_00-n_00-n_00-n;1006;0;41717;0;N;531057;N;3;3026;0;R_PH_PL_2;20140319xWed;3_Beroun;Středočeský kraj;h00;184;485
02-o2_01-ver_03-tour_03-lau2_07-day_05-300+_06-frt-1006_01-sng_00-n_00-n_00-n_00-n_00-n_00-n;1006;0;41717;0;N;531189;N;5;3026;0;R_PH_PL_2;20140319xWed;5_Hořovice;Středočeský kraj;h00;16;51
02-o2_01-ver_03-tour_03-lau2_07-day_05-300+_06-frt-1006_01-sng_00-n_00-n_00-n_00-n_00-n_00-n;1006;0;41717;0;N;532011;N;4;3026;0;R_PH_PL_2;20140319xWed;4_Zdice;Středočeský kraj;h00;16;175
02-o2_01-ver_03-tour_03-lau2_07-day_05-300+_06-frt-1006_01-sng_00-n_00-n_00-n_00-n_00-n_00-n;1006;0;41717;0;N;539856;N;2;3026;0;R_PH_PL_2;20140319xWed;2_Všenory;Středočeský kraj;h00;0;108
02-o2_01-ver_03-tour_03-lau2_07-day_05-300+_06-frt-1006_01-sng_00-n_00-n_00-n_00-n_00-n_00-n;1006;0;41717;0;N;554782;N;1;3018;0;R_PH_PL_2;20140319xWed;1_Praha;Hlavní město Praha;h00;743;0
02-o2_01-ver_03-tour_03-lau2_07-day_05-300+_06-frt-1006_01-sng_00-n_00-n_00-n_00-n_00-n_00-n;1006;0;41717;0;N;554791;N;8;3042;0;R_PH_PL_2;20140319xWed;8_Plzeň;Plzeňský kraj;h00;0;169
02-o2_01-ver_03-tour_03-lau2_07-day_05-300+_06-frt-1006_01-sng_00-n_00-n_00-n_00-n_00-n_00-n;1006;0;41717;0;N;559717;N;7;3042;0;R_PH_PL_2;20140319xWed;7_Rokycany;Plzeňský kraj;h00;55;17
02-o2_01-ver_03-tour_03-lau2_07-day_05-300+_06-frt-1006_01-sng_00-n_00-n_00-n_00-n_00-n_00-n;1006;0;41717;0;N;559903;N;6;3042;0;R_PH_PL_2;20140319xWed;6_Kařez;Plzeňský kraj;h00;6;15
02-o2_01-ver_03-tour_03-lau2_07-day_05-300+_06-frt-1006_01-sng_00-n_00-n_00-n_00-n_00-n_00-n;1006;0;41718;0;N;531057;N;3;3026;0;R_PH_PL_2;20140320xThu;3_Beroun;Středočeský kraj;h00;156;422
02-o2_01-ver_03-tour_03-lau2_07-day_05-300+_06-frt-1006_01-sng_00-n_00-n_00-n_00-n_00-n_00-n;1006;0;41718;0;N;531189;N;5;3026;0;R_PH_PL_2;20140320xThu;5_Hořovice;Středočeský kraj;h00;5;36
02-o2_01-ver_03-tour_03-lau2_07-day_05-300+_06-frt-1006_01-sng_00-n_00-n_00-n_00-n_00-n_00-n;1006;0;41718;0;N;532011;N;4;3026;0;R_PH_PL_2;20140320xThu;4_Zdice;Středočeský kraj;h00;18;154
02-o2_01-ver_03-tour_03-lau2_07-day_05-300+_06-frt-1006_01-sng_00-n_00-n_00-n_00-n_00-n_00-n;1006;0;41718;0;N;539856;N;2;3026;0;R_PH_PL_2;20140320xThu;2_Všenory;Středočeský kraj;h00;1;123
02-o2_01-ver_03-tour_03-lau2_07-day_05-300+_06-frt-1006_01-sng_00-n_00-n_00-n_00-n_00-n_00-n;1006;0;41718;0;N;554782;N;1;3018;0;R_PH_PL_2;20140320xThu;1_Praha;Hlavní město Praha;h00;703;0
02-o2_01-ver_03-tour_03-lau2_07-day_05-300+_06-frt-1006_01-sng_00-n_00-n_00-n_00-n_00-n_00-n;1006;0;41718;0;N;554791;N;8;3042;0;R_PH_PL_2;20140320xThu;8_Plzeň;Plzeňský kraj;h00;0;176
02-o2_01-ver_03-tour_03-lau2_07-day_05-300+_06-frt-1006_01-sng_00-n_00-n_00-n_00-n_00-n_00-n;1006;0;41718;0;N;559717;N;7;3042;0;R_PH_PL_2;20140320xThu;7_Rokycany;Plzeňský kraj;h00;55;17
02-o2_01-ver_03-tour_03-lau2_07-day_05-300+_06-frt-1006_01-sng_00-n_00-n_00-n_00-n_00-n_00-n;1006;0;41718;0;N;559903;N;6;3042;0;R_PH_PL_2;20140320xThu;6_Kařez;Plzeňský kraj;h00;4;14
02-o2_01-ver_03-tour_03-lau2_07-day_05-300+_06-frt-1006_01-sng_00-n_00-n_00-n_00-n_00-n_00-n;1006;0;41719;0;N;531057;N;3;3026;0;R_PH_PL_2;20140321xFri;3_Beroun;Středočeský kraj;h00;93;461
02-o2_01-ver_03-tour_03-lau2_07-day_05-300+_06-frt-1006_01-sng_00-n_00-n_00-n_00-n_00-n_00-n;1006;0;41719;0;N;531189;N;5;3026;0;R_PH_PL_2;20140321xFri;5_Hořovice;Středočeský kraj;h00;4;32
02-o2_01-ver_03-tour_03-lau2_07-day_05-300+_06-frt-1006_01-sng_00-n_00-n_00-n_00-n_00-n_00-n;1006;0;41719;0;N;532011;N;4;3026;0;R_PH_PL_2;20140321xFri;4_Zdice;Středočeský kraj;h00;12;78
02-o2_01-ver_03-tour_03-lau2_07-day_05-300+_06-frt-1006_01-sng_00-n_00-n_00-n_00-n_00-n_00-n;1006;0;41719;0;N;539856;N;2;3026;0;R_PH_PL_2;20140321xFri;2_Všenory;Středočeský kraj;h00;2;95
02-o2_01-ver_03-tour_03-lau2_07-day_05-300+_06-frt-1006_01-sng_00-n_00-n_00-n_00-n_00-n_00-n;1006;0;41719;0;N;554782;N;1;3018;0;R_PH_PL_2;20140321xFri;1_Praha;Hlavní město Praha;h00;661;0
02-o2_01-ver_03-tour_03-lau2_07-day_05-300+_06-frt-1006_01-sng_00-n_00-n_00-n_00-n_00-n_00-n;1006;0;41719;0;N;554791;N;8;3042;0;R_PH_PL_2;20140321xFri;8_Plzeň;Plzeňský kraj;h00;0;141
02-o2_01-ver_03-tour_03-lau2_07-day_05-300+_06-frt-1006_01-sng_00-n_00-n_00-n_00-n_00-n_00-n;1006;0;41719;0;N;559717;N;7;3042;0;R_PH_PL_2;20140321xFri;7_Rokycany;Plzeňský kraj;h00;52;17
02-o2_01-ver_03-tour_03-lau2_07-day_05-300+_06-frt-1006_01-sng_00-n_00-n_00-n_00-n_00-n_00-n;1006;0;41719;0;N;559903;N;6;3042;0;R_PH_PL_2;20140321xFri;6_Kařez;Plzeňský kraj;h00;6;6
02-o2_01-ver_03-tour_03-lau2_07-day_05-300+_06-frt-1006_01-sng_00-n_00-n_00-n_00-n_00-n_00-n;1006;0;41720;0;N;531057;N;3;3026;0;R_PH_PL_2;20140322xSat;3_Beroun;Středočeský kraj;h00;61;309
02-o2_01-ver_03-tour_03-lau2_07-day_05-300+_06-frt-1006_01-sng_00-n_00-n_00-n_00-n_00-n_00-n;1006;0;41720;0;N;531189;N;5;3026;0;R_PH_PL_2;20140322xSat;5_Hořovice;Středočeský kraj;h00;6;22
02-o2_01-ver_03-tour_03-lau2_07-day_05-300+_06-frt-1006_01-sng_00-n_00-n_00-n_00-n_00-n_00-n;1006;0;41720;0;N;532011;N;4;3026;0;R_PH_PL_2;20140322xSat;4_Zdice;Středočeský kraj;h00;4;62
02-o2_01-ver_03-tour_03-lau2_07-day_05-300+_06-frt-1006_01-sng_00-n_00-n_00-n_00-n_00-n_00-n;1006;0;41720;0;N;539856;N;2;3026;0;R_PH_PL_2;20140322xSat;2_Všenory;Středočeský kraj;h00;2;91
02-o2_01-ver_03-tour_03-lau2_07-day_05-300+_06-frt-1006_01-sng_00-n_00-n_00-n_00-n_00-n_00-n;1006;0;41720;0;N;554782;N;1;3018;0;R_PH_PL_2;20140322xSat;1_Praha;Hlavní město Praha;h00;499;0
02-o2_01-ver_03-tour_03-lau2_07-day_05-300+_06-frt-1006_01-sng_00-n_00-n_00-n_00-n_00-n_00-n;1006;0;41720;0;N;554791;N;8;3042;0;R_PH_PL_2;20140322xSat;8_Plzeň;Plzeňský kraj;h00;0;90
02-o2_01-ver_03-tour_03-lau2_07-day_05-300+_06-frt-1006_01-sng_00-n_00-n_00-n_00-n_00-n_00-n;1006;0;41720;0;N;559717;N;7;3042;0;R_PH_PL_2;20140322xSat;7_Rokycany;Plzeňský kraj;h00;19;10
02-o2_01-ver_03-tour_03-lau2_07-day_05-300+_06-frt-1006_01-sng_00-n_00-n_00-n_00-n_00-n_00-n;1006;0;41720;0;N;559903;N;6;3042;0;R_PH_PL_2;20140322xSat;6_Kařez;Plzeňský kraj;h00;2;9
02-o2_01-ver_03-tour_03-lau2_07-day_05-300+_06-frt-1006_01-sng_00-n_00-n_00-n_00-n_00-n_00-n;1006;0;41721;0;N;531057;N;3;3026;0;R_PH_PL_2;20140323xSun;3_Beroun;Středočeský kraj;h00;64;287
02-o2_01-ver_03-tour_03-lau2_07-day_05-300+_06-frt-1006_01-sng_00-n_00-n_00-n_00-n_00-n_00-n;1006;0;41721;0;N;531189;N;5;3026;0;R_PH_PL_2;20140323xSun;5_Hořovice;Středočeský kraj;h00;7;18
02-o2_01-ver_03-tour_03-lau2_07-day_05-300+_06-frt-1006_01-sng_00-n_00-n_00-n_00-n_00-n_00-n;1006;0;41721;0;N;532011;N;4;3026;0;R_PH_PL_2;20140323xSun;4_Zdice;Středočeský kraj;h00;7;59
02-o2_01-ver_03-tour_03-lau2_07-day_05-300+_06-frt-1006_01-sng_00-n_00-n_00-n_00-n_00-n_00-n;1006;0;41721;0;N;539856;N;2;3026;0;R_PH_PL_2;20140323xSun;2_Všenory;Středočeský kraj;h00;0;48
02-o2_01-ver_03-tour_03-lau2_07-day_05-300+_06-frt-1006_01-sng_00-n_00-n_00-n_00-n_00-n_00-n;1006;0;41721;0;N;554782;N;1;3018;0;R_PH_PL_2;20140323xSun;1_Praha;Hlavní město Praha;h00;402;0
02-o2_01-ver_03-tour_03-lau2_07-day_05-300+_06-frt-1006_01-sng_00-n_00-n_00-n_00-n_00-n_00-n;1006;0;41721;0;N;554791;N;8;3042;0;R_PH_PL_2;20140323xSun;8_Plzeň;Plzeňský kraj;h00;0;89
02-o2_01-ver_03-tour_03-lau2_07-day_05-300+_06-frt-1006_01-sng_00-n_00-n_00-n_00-n_00-n_00-n;1006;0;41721;0;N;559717;N;7;3042;0;R_PH_PL_2;20140323xSun;7_Rokycany;Plzeňský kraj;h00;29;4
02-o2_01-ver_03-tour_03-lau2_07-day_05-300+_06-frt-1006_01-sng_00-n_00-n_00-n_00-n_00-n_00-n;1006;0;41721;0;N;559903;N;6;3042;0;R_PH_PL_2;20140323xSun;6_Kařez;Plzeňský kraj;h00;4;8
02-o2_01-ver_03-tour_03-lau2_07-day_05-300+_06-frt-1006_01-sng_00-n_00-n_00-n_00-n_00-n_00-n;1006;0;41722;0;N;531057;N;3;3026;0;R_PH_PL_2;20140324xMon;3_Beroun;Středočeský kraj;h00;152;438
02-o2_01-ver_03-tour_03-lau2_07-day_05-300+_06-frt-1006_01-sng_00-n_00-n_00-n_00-n_00-n_00-n;1006;0;41722;0;N;531189;N;5;3026;0;R_PH_PL_2;20140324xMon;5_Hořovice;Středočeský kraj;h00;8;44
02-o2_01-ver_03-tour_03-lau2_07-day_05-300+_06-frt-1006_01-sng_00-n_00-n_00-n_00-n_00-n_00-n;1006;0;41722;0;N;532011;N;4;3026;0;R_PH_PL_2;20140324xMon;4_Zdice;Středočeský kraj;h00;18;144
02-o2_01-ver_03-tour_03-lau2_07-day_05-300+_06-frt-1006_01-sng_00-n_00-n_00-n_00-n_00-n_00-n;1006;0;41722;0;N;539856;N;2;3026;0;R_PH_PL_2;20140324xMon;2_Všenory;Středočeský kraj;h00;3;94
02-o2_01-ver_03-tour_03-lau2_07-day_05-300+_06-frt-1006_01-sng_00-n_00-n_00-n_00-n_00-n_00-n;1006;0;41722;0;N;554782;N;1;3018;0;R_PH_PL_2;20140324xMon;1_Praha;Hlavní město Praha;h00;666;0
02-o2_01-ver_03-tour_03-lau2_07-day_05-300+_06-frt-1006_01-sng_00-n_00-n_00-n_00-n_00-n_00-n;1006;0;41722;0;N;554791;N;8;3042;0;R_PH_PL_2;20140324xMon;8_Plzeň;Plzeňský kraj;h00;0;165
02-o2_01-ver_03-tour_03-lau2_07-day_05-300+_06-frt-1006_01-sng_00-n_00-n_00-n_00-n_00-n_00-n;1006;0;41722;0;N;559717;N;7;3042;0;R_PH_PL_2;20140324xMon;7_Rokycany;Plzeňský kraj;h00;59;9
02-o2_01-ver_03-tour_03-lau2_07-day_05-300+_06-frt-1006_01-sng_00-n_00-n_00-n_00-n_00-n_00-n;1006;0;41722;0;N;559903;N;6;3042;0;R_PH_PL_2;20140324xMon;6_Kařez;Plzeňský kraj;h00;2;14
02-o2_01-ver_03-tour_03-lau2_07-day_05-300+_06-frt-1006_01-sng_00-n_00-n_00-n_00-n_00-n_00-n;1006;0;41723;0;N;531057;N;3;3026;0;R_PH_PL_2;20140325xTue;3_Beroun;Středočeský kraj;h00;170;487
02-o2_01-ver_03-tour_03-lau2_07-day_05-300+_06-frt-1006_01-sng_00-n_00-n_00-n_00-n_00-n_00-n;1006;0;41723;0;N;531189;N;5;3026;0;R_PH_PL_2;20140325xTue;5_Hořovice;Středočeský kraj;h00;4;46
02-o2_01-ver_03-tour_03-lau2_07-day_05-300+_06-frt-1006_01-sng_00-n_00-n_00-n_00-n_00-n_00-n;1006;0;41723;0;N;532011;N;4;3026;0;R_PH_PL_2;20140325xTue;4_Zdice;Středočeský kraj;h00;19;149
02-o2_01-ver_03-tour_03-lau2_07-day_05-300+_06-frt-1006_01-sng_00-n_00-n_00-n_00-n_00-n_00-n;1006;0;41723;0;N;539856;N;2;3026;0;R_PH_PL_2;20140325xTue;2_Všenory;Středočeský kraj;h00;1;118
02-o2_01-ver_03-tour_03-lau2_07-day_05-300+_06-frt-1006_01-sng_00-n_00-n_00-n_00-n_00-n_00-n;1006;0;41723;0;N;554782;N;1;3018;0;R_PH_PL_2;20140325xTue;1_Praha;Hlavní město Praha;h00;752;0
02-o2_01-ver_03-tour_03-lau2_07-day_05-300+_06-frt-1006_01-sng_00-n_00-n_00-n_00-n_00-n_00-n;1006;0;41723;0;N;554791;N;8;3042;0;R_PH_PL_2;20140325xTue;8_Plzeň;Plzeňský kraj;h00;0;186
02-o2_01-ver_03-tour_03-lau2_07-day_05-300+_06-frt-1006_01-sng_00-n_00-n_00-n_00-n_00-n_00-n;1006;0;41723;0;N;559717;N;7;3042;0;R_PH_PL_2;20140325xTue;7_Rokycany;Plzeňský kraj;h00;60;18
02-o2_01-ver_03-tour_03-lau2_07-day_05-300+_06-frt-1006_01-sng_00-n_00-n_00-n_00-n_00-n_00-n;1006;0;41723;0;N;559903;N;6;3042;0;R_PH_PL_2;20140325xTue;6_Kařez;Plzeňský kraj;h00;8;10
02-o2_01-ver_03-tour_03-lau2_07-day_05-300+_06-frt-1006_01-sng_00-n_00-n_00-n_00-n_00-n_00-n;1006;0;41724;0;N;531057;N;3;3026;0;R_PH_PL_2;20140326xWed;3_Beroun;Středočeský kraj;h00;180;457
02-o2_01-ver_03-tour_03-lau2_07-day_05-300+_06-frt-1006_01-sng_00-n_00-n_00-n_00-n_00-n_00-n;1006;0;41724;0;N;531189;N;5;3026;0;R_PH_PL_2;20140326xWed;5_Hořovice;Středočeský kraj;h00;16;46
02-o2_01-ver_03-tour_03-lau2_07-day_05-300+_06-frt-1006_01-sng_00-n_00-n_00-n_00-n_00-n_00-n;1006;0;41724;0;N;532011;N;4;3026;0;R_PH_PL_2;20140326xWed;4_Zdice;Středočeský kraj;h00;20;155
02-o2_01-ver_03-tour_03-lau2_07-day_05-300+_06-frt-1006_01-sng_00-n_00-n_00-n_00-n_00-n_00-n;1006;0;41724;0;N;539856;N;2;3026;0;R_PH_PL_2;20140326xWed;2_Všenory;Středočeský kraj;h00;1;113
02-o2_01-ver_03-tour_03-lau2_07-day_05-300+_06-frt-1006_01-sng_00-n_00-n_00-n_00-n_00-n_00-n;1006;0;41724;0;N;554782;N;1;3018;0;R_PH_PL_2;20140326xWed;1_Praha;Hlavní město Praha;h00;706;0
02-o2_01-ver_03-tour_03-lau2_07-day_05-300+_06-frt-1006_01-sng_00-n_00-n_00-n_00-n_00-n_00-n;1006;0;41724;0;N;554791;N;8;3042;0;R_PH_PL_2;20140326xWed;8_Plzeň;Plzeňský kraj;h00;0;175
02-o2_01-ver_03-tour_03-lau2_07-day_05-300+_06-frt-1006_01-sng_00-n_00-n_00-n_00-n_00-n_00-n;1006;0;41724;0;N;559717;N;7;3042;0;R_PH_PL_2;20140326xWed;7_Rokycany;Plzeňský kraj;h00;61;22
02-o2_01-ver_03-tour_03-lau2_07-day_05-300+_06-frt-1006_01-sng_00-n_00-n_00-n_00-n_00-n_00-n;1006;0;41724;0;N;559903;N;6;3042;0;R_PH_PL_2;20140326xWed;6_Kařez;Plzeňský kraj;h00;3;19
