02-o2_02-edg_04-pot_03-lau2_07-day_05-300+_03-frt-1003_01-sng_00-n_00-n_00-n_00-n_00-n_00-n;1003;0;41715;0;N;554961;555398;1;3051;0;OS_KV-PO_2;20140317xMon;01_Karlovy Vary_Nová Role;Karlovarský kraj;h00;253;N
02-o2_02-edg_04-pot_03-lau2_07-day_05-300+_03-frt-1003_01-sng_00-n_00-n_00-n_00-n_00-n_00-n;1003;0;41715;0;N;555398;555380;2;3051;0;OS_KV-PO_2;20140317xMon;02_Nová Role_Nejdek;Karlovarský kraj;h00;180;N
02-o2_02-edg_04-pot_03-lau2_07-day_05-300+_03-frt-1003_01-sng_00-n_00-n_00-n_00-n_00-n_00-n;1003;0;41715;0;N;555380;506494;3;3051;0;OS_KV-PO_2;20140317xMon;03_Nejdek_Nové Hamry;Karlovarský kraj;h00;95;N
02-o2_02-edg_04-pot_03-lau2_07-day_05-300+_03-frt-1003_01-sng_00-n_00-n_00-n_00-n_00-n_00-n;1003;0;41715;0;N;506494;555452;4;3051;0;OS_KV-PO_2;20140317xMon;04_Nové Hamry_Pernink;Karlovarský kraj;h00;37;N
02-o2_02-edg_04-pot_03-lau2_07-day_05-300+_03-frt-1003_01-sng_00-n_00-n_00-n_00-n_00-n_00-n;1003;0;41715;0;N;555452;555169;5;3051;0;OS_KV-PO_2;20140317xMon;05_Pernink_Horní Blatná;Karlovarský kraj;h00;43;N
02-o2_02-edg_04-pot_03-lau2_07-day_05-300+_03-frt-1003_01-sng_00-n_00-n_00-n_00-n_00-n_00-n;1003;0;41715;0;N;555169;555479;6;3051;0;OS_KV-PO_2;20140317xMon;06_Horní Blatná_Potůčky;Karlovarský kraj;h00;42;N
02-o2_02-edg_04-pot_03-lau2_07-day_05-300+_03-frt-1003_01-sng_00-n_00-n_00-n_00-n_00-n_00-n;1003;0;41720;0;N;554961;555398;1;3051;0;OS_KV-PO_2;20140322xSat;01_Karlovy Vary_Nová Role;Karlovarský kraj;h00;172;N
02-o2_02-edg_04-pot_03-lau2_07-day_05-300+_03-frt-1003_01-sng_00-n_00-n_00-n_00-n_00-n_00-n;1003;0;41720;0;N;555398;555380;2;3051;0;OS_KV-PO_2;20140322xSat;02_Nová Role_Nejdek;Karlovarský kraj;h00;129;N
02-o2_02-edg_04-pot_03-lau2_07-day_05-300+_03-frt-1003_01-sng_00-n_00-n_00-n_00-n_00-n_00-n;1003;0;41720;0;N;555380;506494;3;3051;0;OS_KV-PO_2;20140322xSat;03_Nejdek_Nové Hamry;Karlovarský kraj;h00;95;N
02-o2_02-edg_04-pot_03-lau2_07-day_05-300+_03-frt-1003_01-sng_00-n_00-n_00-n_00-n_00-n_00-n;1003;0;41720;0;N;506494;555452;4;3051;0;OS_KV-PO_2;20140322xSat;04_Nové Hamry_Pernink;Karlovarský kraj;h00;35;N
02-o2_02-edg_04-pot_03-lau2_07-day_05-300+_03-frt-1003_01-sng_00-n_00-n_00-n_00-n_00-n_00-n;1003;0;41720;0;N;555452;555169;5;3051;0;OS_KV-PO_2;20140322xSat;05_Pernink_Horní Blatná;Karlovarský kraj;h00;44;N
02-o2_02-edg_04-pot_03-lau2_07-day_05-300+_03-frt-1003_01-sng_00-n_00-n_00-n_00-n_00-n_00-n;1003;0;41720;0;N;555169;555479;6;3051;0;OS_KV-PO_2;20140322xSat;06_Horní Blatná_Potůčky;Karlovarský kraj;h00;53;N
02-o2_02-edg_04-pot_03-lau2_07-day_05-300+_03-frt-1003_01-sng_00-n_00-n_00-n_00-n_00-n_00-n;1003;0;41718;0;N;554961;555398;1;3051;0;OS_KV-PO_2;20140320xThu;01_Karlovy Vary_Nová Role;Karlovarský kraj;h00;292;N
02-o2_02-edg_04-pot_03-lau2_07-day_05-300+_03-frt-1003_01-sng_00-n_00-n_00-n_00-n_00-n_00-n;1003;0;41718;0;N;555398;555380;2;3051;0;OS_KV-PO_2;20140320xThu;02_Nová Role_Nejdek;Karlovarský kraj;h00;235;N
02-o2_02-edg_04-pot_03-lau2_07-day_05-300+_03-frt-1003_01-sng_00-n_00-n_00-n_00-n_00-n_00-n;1003;0;41718;0;N;555380;506494;3;3051;0;OS_KV-PO_2;20140320xThu;03_Nejdek_Nové Hamry;Karlovarský kraj;h00;140;N
02-o2_02-edg_04-pot_03-lau2_07-day_05-300+_03-frt-1003_01-sng_00-n_00-n_00-n_00-n_00-n_00-n;1003;0;41718;0;N;506494;555452;4;3051;0;OS_KV-PO_2;20140320xThu;04_Nové Hamry_Pernink;Karlovarský kraj;h00;49;N
02-o2_02-edg_04-pot_03-lau2_07-day_05-300+_03-frt-1003_01-sng_00-n_00-n_00-n_00-n_00-n_00-n;1003;0;41718;0;N;555452;555169;5;3051;0;OS_KV-PO_2;20140320xThu;05_Pernink_Horní Blatná;Karlovarský kraj;h00;60;N
02-o2_02-edg_04-pot_03-lau2_07-day_05-300+_03-frt-1003_01-sng_00-n_00-n_00-n_00-n_00-n_00-n;1003;0;41718;0;N;555169;555479;6;3051;0;OS_KV-PO_2;20140320xThu;06_Horní Blatná_Potůčky;Karlovarský kraj;h00;78;N
02-o2_02-edg_04-pot_03-lau2_07-day_05-300+_03-frt-1003_01-sng_00-n_00-n_00-n_00-n_00-n_00-n;1003;0;41714;0;N;554961;555398;1;3051;0;OS_KV-PO_2;20140316xSun;01_Karlovy Vary_Nová Role;Karlovarský kraj;h00;104;N
02-o2_02-edg_04-pot_03-lau2_07-day_05-300+_03-frt-1003_01-sng_00-n_00-n_00-n_00-n_00-n_00-n;1003;0;41714;0;N;555398;555380;2;3051;0;OS_KV-PO_2;20140316xSun;02_Nová Role_Nejdek;Karlovarský kraj;h00;73;N
02-o2_02-edg_04-pot_03-lau2_07-day_05-300+_03-frt-1003_01-sng_00-n_00-n_00-n_00-n_00-n_00-n;1003;0;41714;0;N;555380;506494;3;3051;0;OS_KV-PO_2;20140316xSun;03_Nejdek_Nové Hamry;Karlovarský kraj;h00;50;N
02-o2_02-edg_04-pot_03-lau2_07-day_05-300+_03-frt-1003_01-sng_00-n_00-n_00-n_00-n_00-n_00-n;1003;0;41714;0;N;506494;555452;4;3051;0;OS_KV-PO_2;20140316xSun;04_Nové Hamry_Pernink;Karlovarský kraj;h00;30;N
02-o2_02-edg_04-pot_03-lau2_07-day_05-300+_03-frt-1003_01-sng_00-n_00-n_00-n_00-n_00-n_00-n;1003;0;41714;0;N;555452;555169;5;3051;0;OS_KV-PO_2;20140316xSun;05_Pernink_Horní Blatná;Karlovarský kraj;h00;36;N
02-o2_02-edg_04-pot_03-lau2_07-day_05-300+_03-frt-1003_01-sng_00-n_00-n_00-n_00-n_00-n_00-n;1003;0;41714;0;N;555169;555479;6;3051;0;OS_KV-PO_2;20140316xSun;06_Horní Blatná_Potůčky;Karlovarský kraj;h00;47;N
02-o2_02-edg_04-pot_03-lau2_07-day_05-300+_03-frt-1003_01-sng_00-n_00-n_00-n_00-n_00-n_00-n;1003;0;41723;0;N;554961;555398;1;3051;0;OS_KV-PO_2;20140325xTue;01_Karlovy Vary_Nová Role;Karlovarský kraj;h00;248;N
02-o2_02-edg_04-pot_03-lau2_07-day_05-300+_03-frt-1003_01-sng_00-n_00-n_00-n_00-n_00-n_00-n;1003;0;41723;0;N;555398;555380;2;3051;0;OS_KV-PO_2;20140325xTue;02_Nová Role_Nejdek;Karlovarský kraj;h00;189;N
02-o2_02-edg_04-pot_03-lau2_07-day_05-300+_03-frt-1003_01-sng_00-n_00-n_00-n_00-n_00-n_00-n;1003;0;41723;0;N;555380;506494;3;3051;0;OS_KV-PO_2;20140325xTue;03_Nejdek_Nové Hamry;Karlovarský kraj;h00;104;N
02-o2_02-edg_04-pot_03-lau2_07-day_05-300+_03-frt-1003_01-sng_00-n_00-n_00-n_00-n_00-n_00-n;1003;0;41723;0;N;506494;555452;4;3051;0;OS_KV-PO_2;20140325xTue;04_Nové Hamry_Pernink;Karlovarský kraj;h00;42;N
02-o2_02-edg_04-pot_03-lau2_07-day_05-300+_03-frt-1003_01-sng_00-n_00-n_00-n_00-n_00-n_00-n;1003;0;41723;0;N;555452;555169;5;3051;0;OS_KV-PO_2;20140325xTue;05_Pernink_Horní Blatná;Karlovarský kraj;h00;59;N
02-o2_02-edg_04-pot_03-lau2_07-day_05-300+_03-frt-1003_01-sng_00-n_00-n_00-n_00-n_00-n_00-n;1003;0;41723;0;N;555169;555479;6;3051;0;OS_KV-PO_2;20140325xTue;06_Horní Blatná_Potůčky;Karlovarský kraj;h00;76;N
02-o2_02-edg_04-pot_03-lau2_07-day_05-300+_03-frt-1003_01-sng_00-n_00-n_00-n_00-n_00-n_00-n;1003;0;41717;0;N;554961;555398;1;3051;0;OS_KV-PO_2;20140319xWed;01_Karlovy Vary_Nová Role;Karlovarský kraj;h00;321;N
02-o2_02-edg_04-pot_03-lau2_07-day_05-300+_03-frt-1003_01-sng_00-n_00-n_00-n_00-n_00-n_00-n;1003;0;41717;0;N;555398;555380;2;3051;0;OS_KV-PO_2;20140319xWed;02_Nová Role_Nejdek;Karlovarský kraj;h00;232;N
02-o2_02-edg_04-pot_03-lau2_07-day_05-300+_03-frt-1003_01-sng_00-n_00-n_00-n_00-n_00-n_00-n;1003;0;41717;0;N;555380;506494;3;3051;0;OS_KV-PO_2;20140319xWed;03_Nejdek_Nové Hamry;Karlovarský kraj;h00;146;N
02-o2_02-edg_04-pot_03-lau2_07-day_05-300+_03-frt-1003_01-sng_00-n_00-n_00-n_00-n_00-n_00-n;1003;0;41717;0;N;506494;555452;4;3051;0;OS_KV-PO_2;20140319xWed;04_Nové Hamry_Pernink;Karlovarský kraj;h00;57;N
02-o2_02-edg_04-pot_03-lau2_07-day_05-300+_03-frt-1003_01-sng_00-n_00-n_00-n_00-n_00-n_00-n;1003;0;41717;0;N;555452;555169;5;3051;0;OS_KV-PO_2;20140319xWed;05_Pernink_Horní Blatná;Karlovarský kraj;h00;74;N
02-o2_02-edg_04-pot_03-lau2_07-day_05-300+_03-frt-1003_01-sng_00-n_00-n_00-n_00-n_00-n_00-n;1003;0;41717;0;N;555169;555479;6;3051;0;OS_KV-PO_2;20140319xWed;06_Horní Blatná_Potůčky;Karlovarský kraj;h00;85;N
02-o2_02-edg_04-pot_03-lau2_07-day_05-300+_03-frt-1003_01-sng_00-n_00-n_00-n_00-n_00-n_00-n;1003;0;41722;0;N;554961;555398;1;3051;0;OS_KV-PO_2;20140324xMon;01_Karlovy Vary_Nová Role;Karlovarský kraj;h00;287;N
02-o2_02-edg_04-pot_03-lau2_07-day_05-300+_03-frt-1003_01-sng_00-n_00-n_00-n_00-n_00-n_00-n;1003;0;41722;0;N;555398;555380;2;3051;0;OS_KV-PO_2;20140324xMon;02_Nová Role_Nejdek;Karlovarský kraj;h00;211;N
02-o2_02-edg_04-pot_03-lau2_07-day_05-300+_03-frt-1003_01-sng_00-n_00-n_00-n_00-n_00-n_00-n;1003;0;41722;0;N;555380;506494;3;3051;0;OS_KV-PO_2;20140324xMon;03_Nejdek_Nové Hamry;Karlovarský kraj;h00;124;N
02-o2_02-edg_04-pot_03-lau2_07-day_05-300+_03-frt-1003_01-sng_00-n_00-n_00-n_00-n_00-n_00-n;1003;0;41722;0;N;506494;555452;4;3051;0;OS_KV-PO_2;20140324xMon;04_Nové Hamry_Pernink;Karlovarský kraj;h00;55;N
02-o2_02-edg_04-pot_03-lau2_07-day_05-300+_03-frt-1003_01-sng_00-n_00-n_00-n_00-n_00-n_00-n;1003;0;41722;0;N;555452;555169;5;3051;0;OS_KV-PO_2;20140324xMon;05_Pernink_Horní Blatná;Karlovarský kraj;h00;65;N
02-o2_02-edg_04-pot_03-lau2_07-day_05-300+_03-frt-1003_01-sng_00-n_00-n_00-n_00-n_00-n_00-n;1003;0;41722;0;N;555169;555479;6;3051;0;OS_KV-PO_2;20140324xMon;06_Horní Blatná_Potůčky;Karlovarský kraj;h00;76;N
02-o2_02-edg_04-pot_03-lau2_07-day_05-300+_03-frt-1003_01-sng_00-n_00-n_00-n_00-n_00-n_00-n;1003;0;41713;0;N;554961;555398;1;3051;0;OS_KV-PO_2;20140315xSat;01_Karlovy Vary_Nová Role;Karlovarský kraj;h00;172;N
02-o2_02-edg_04-pot_03-lau2_07-day_05-300+_03-frt-1003_01-sng_00-n_00-n_00-n_00-n_00-n_00-n;1003;0;41713;0;N;555398;555380;2;3051;0;OS_KV-PO_2;20140315xSat;02_Nová Role_Nejdek;Karlovarský kraj;h00;129;N
02-o2_02-edg_04-pot_03-lau2_07-day_05-300+_03-frt-1003_01-sng_00-n_00-n_00-n_00-n_00-n_00-n;1003;0;41713;0;N;555380;506494;3;3051;0;OS_KV-PO_2;20140315xSat;03_Nejdek_Nové Hamry;Karlovarský kraj;h00;76;N
02-o2_02-edg_04-pot_03-lau2_07-day_05-300+_03-frt-1003_01-sng_00-n_00-n_00-n_00-n_00-n_00-n;1003;0;41713;0;N;506494;555452;4;3051;0;OS_KV-PO_2;20140315xSat;04_Nové Hamry_Pernink;Karlovarský kraj;h00;40;N
02-o2_02-edg_04-pot_03-lau2_07-day_05-300+_03-frt-1003_01-sng_00-n_00-n_00-n_00-n_00-n_00-n;1003;0;41713;0;N;555452;555169;5;3051;0;OS_KV-PO_2;20140315xSat;05_Pernink_Horní Blatná;Karlovarský kraj;h00;45;N
02-o2_02-edg_04-pot_03-lau2_07-day_05-300+_03-frt-1003_01-sng_00-n_00-n_00-n_00-n_00-n_00-n;1003;0;41713;0;N;555169;555479;6;3051;0;OS_KV-PO_2;20140315xSat;06_Horní Blatná_Potůčky;Karlovarský kraj;h00;62;N
02-o2_02-edg_04-pot_03-lau2_07-day_05-300+_03-frt-1003_01-sng_00-n_00-n_00-n_00-n_00-n_00-n;1003;0;41711;0;N;554961;555398;1;3051;0;OS_KV-PO_2;20140313xThu;01_Karlovy Vary_Nová Role;Karlovarský kraj;h00;248;N
02-o2_02-edg_04-pot_03-lau2_07-day_05-300+_03-frt-1003_01-sng_00-n_00-n_00-n_00-n_00-n_00-n;1003;0;41711;0;N;555398;555380;2;3051;0;OS_KV-PO_2;20140313xThu;02_Nová Role_Nejdek;Karlovarský kraj;h00;180;N
02-o2_02-edg_04-pot_03-lau2_07-day_05-300+_03-frt-1003_01-sng_00-n_00-n_00-n_00-n_00-n_00-n;1003;0;41711;0;N;555380;506494;3;3051;0;OS_KV-PO_2;20140313xThu;03_Nejdek_Nové Hamry;Karlovarský kraj;h00;118;N
02-o2_02-edg_04-pot_03-lau2_07-day_05-300+_03-frt-1003_01-sng_00-n_00-n_00-n_00-n_00-n_00-n;1003;0;41711;0;N;506494;555452;4;3051;0;OS_KV-PO_2;20140313xThu;04_Nové Hamry_Pernink;Karlovarský kraj;h00;57;N
02-o2_02-edg_04-pot_03-lau2_07-day_05-300+_03-frt-1003_01-sng_00-n_00-n_00-n_00-n_00-n_00-n;1003;0;41711;0;N;555452;555169;5;3051;0;OS_KV-PO_2;20140313xThu;05_Pernink_Horní Blatná;Karlovarský kraj;h00;59;N
02-o2_02-edg_04-pot_03-lau2_07-day_05-300+_03-frt-1003_01-sng_00-n_00-n_00-n_00-n_00-n_00-n;1003;0;41711;0;N;555169;555479;6;3051;0;OS_KV-PO_2;20140313xThu;06_Horní Blatná_Potůčky;Karlovarský kraj;h00;53;N
02-o2_02-edg_04-pot_03-lau2_07-day_05-300+_03-frt-1003_01-sng_00-n_00-n_00-n_00-n_00-n_00-n;1003;0;41716;0;N;554961;555398;1;3051;0;OS_KV-PO_2;20140318xTue;01_Karlovy Vary_Nová Role;Karlovarský kraj;h00;268;N
02-o2_02-edg_04-pot_03-lau2_07-day_05-300+_03-frt-1003_01-sng_00-n_00-n_00-n_00-n_00-n_00-n;1003;0;41716;0;N;555398;555380;2;3051;0;OS_KV-PO_2;20140318xTue;02_Nová Role_Nejdek;Karlovarský kraj;h00;185;N
02-o2_02-edg_04-pot_03-lau2_07-day_05-300+_03-frt-1003_01-sng_00-n_00-n_00-n_00-n_00-n_00-n;1003;0;41716;0;N;555380;506494;3;3051;0;OS_KV-PO_2;20140318xTue;03_Nejdek_Nové Hamry;Karlovarský kraj;h00;128;N
02-o2_02-edg_04-pot_03-lau2_07-day_05-300+_03-frt-1003_01-sng_00-n_00-n_00-n_00-n_00-n_00-n;1003;0;41716;0;N;506494;555452;4;3051;0;OS_KV-PO_2;20140318xTue;04_Nové Hamry_Pernink;Karlovarský kraj;h00;37;N
02-o2_02-edg_04-pot_03-lau2_07-day_05-300+_03-frt-1003_01-sng_00-n_00-n_00-n_00-n_00-n_00-n;1003;0;41716;0;N;555452;555169;5;3051;0;OS_KV-PO_2;20140318xTue;05_Pernink_Horní Blatná;Karlovarský kraj;h00;62;N
02-o2_02-edg_04-pot_03-lau2_07-day_05-300+_03-frt-1003_01-sng_00-n_00-n_00-n_00-n_00-n_00-n;1003;0;41716;0;N;555169;555479;6;3051;0;OS_KV-PO_2;20140318xTue;06_Horní Blatná_Potůčky;Karlovarský kraj;h00;69;N
02-o2_02-edg_04-pot_03-lau2_07-day_05-300+_03-frt-1003_01-sng_00-n_00-n_00-n_00-n_00-n_00-n;1003;0;41712;0;N;554961;555398;1;3051;0;OS_KV-PO_2;20140314xFri;01_Karlovy Vary_Nová Role;Karlovarský kraj;h00;272;N
02-o2_02-edg_04-pot_03-lau2_07-day_05-300+_03-frt-1003_01-sng_00-n_00-n_00-n_00-n_00-n_00-n;1003;0;41712;0;N;555398;555380;2;3051;0;OS_KV-PO_2;20140314xFri;02_Nová Role_Nejdek;Karlovarský kraj;h00;197;N
02-o2_02-edg_04-pot_03-lau2_07-day_05-300+_03-frt-1003_01-sng_00-n_00-n_00-n_00-n_00-n_00-n;1003;0;41712;0;N;555380;506494;3;3051;0;OS_KV-PO_2;20140314xFri;03_Nejdek_Nové Hamry;Karlovarský kraj;h00;161;N
02-o2_02-edg_04-pot_03-lau2_07-day_05-300+_03-frt-1003_01-sng_00-n_00-n_00-n_00-n_00-n_00-n;1003;0;41712;0;N;506494;555452;4;3051;0;OS_KV-PO_2;20140314xFri;04_Nové Hamry_Pernink;Karlovarský kraj;h00;72;N
02-o2_02-edg_04-pot_03-lau2_07-day_05-300+_03-frt-1003_01-sng_00-n_00-n_00-n_00-n_00-n_00-n;1003;0;41712;0;N;555452;555169;5;3051;0;OS_KV-PO_2;20140314xFri;05_Pernink_Horní Blatná;Karlovarský kraj;h00;69;N
02-o2_02-edg_04-pot_03-lau2_07-day_05-300+_03-frt-1003_01-sng_00-n_00-n_00-n_00-n_00-n_00-n;1003;0;41712;0;N;555169;555479;6;3051;0;OS_KV-PO_2;20140314xFri;06_Horní Blatná_Potůčky;Karlovarský kraj;h00;79;N
02-o2_02-edg_04-pot_03-lau2_07-day_05-300+_03-frt-1003_01-sng_00-n_00-n_00-n_00-n_00-n_00-n;1003;0;41721;0;N;554961;555398;1;3051;0;OS_KV-PO_2;20140323xSun;01_Karlovy Vary_Nová Role;Karlovarský kraj;h00;158;N
02-o2_02-edg_04-pot_03-lau2_07-day_05-300+_03-frt-1003_01-sng_00-n_00-n_00-n_00-n_00-n_00-n;1003;0;41721;0;N;555398;555380;2;3051;0;OS_KV-PO_2;20140323xSun;02_Nová Role_Nejdek;Karlovarský kraj;h00;96;N
02-o2_02-edg_04-pot_03-lau2_07-day_05-300+_03-frt-1003_01-sng_00-n_00-n_00-n_00-n_00-n_00-n;1003;0;41721;0;N;555380;506494;3;3051;0;OS_KV-PO_2;20140323xSun;03_Nejdek_Nové Hamry;Karlovarský kraj;h00;78;N
02-o2_02-edg_04-pot_03-lau2_07-day_05-300+_03-frt-1003_01-sng_00-n_00-n_00-n_00-n_00-n_00-n;1003;0;41721;0;N;506494;555452;4;3051;0;OS_KV-PO_2;20140323xSun;04_Nové Hamry_Pernink;Karlovarský kraj;h00;38;N
02-o2_02-edg_04-pot_03-lau2_07-day_05-300+_03-frt-1003_01-sng_00-n_00-n_00-n_00-n_00-n_00-n;1003;0;41721;0;N;555452;555169;5;3051;0;OS_KV-PO_2;20140323xSun;05_Pernink_Horní Blatná;Karlovarský kraj;h00;51;N
02-o2_02-edg_04-pot_03-lau2_07-day_05-300+_03-frt-1003_01-sng_00-n_00-n_00-n_00-n_00-n_00-n;1003;0;41721;0;N;555169;555479;6;3051;0;OS_KV-PO_2;20140323xSun;06_Horní Blatná_Potůčky;Karlovarský kraj;h00;65;N
02-o2_02-edg_04-pot_03-lau2_07-day_05-300+_03-frt-1003_01-sng_00-n_00-n_00-n_00-n_00-n_00-n;1003;0;41710;0;N;554961;555398;1;3051;0;OS_KV-PO_2;20140312xWed;01_Karlovy Vary_Nová Role;Karlovarský kraj;h00;125;N
02-o2_02-edg_04-pot_03-lau2_07-day_05-300+_03-frt-1003_01-sng_00-n_00-n_00-n_00-n_00-n_00-n;1003;0;41710;0;N;555398;555380;2;3051;0;OS_KV-PO_2;20140312xWed;02_Nová Role_Nejdek;Karlovarský kraj;h00;100;N
02-o2_02-edg_04-pot_03-lau2_07-day_05-300+_03-frt-1003_01-sng_00-n_00-n_00-n_00-n_00-n_00-n;1003;0;41710;0;N;555380;506494;3;3051;0;OS_KV-PO_2;20140312xWed;03_Nejdek_Nové Hamry;Karlovarský kraj;h00;59;N
02-o2_02-edg_04-pot_03-lau2_07-day_05-300+_03-frt-1003_01-sng_00-n_00-n_00-n_00-n_00-n_00-n;1003;0;41710;0;N;506494;555452;4;3051;0;OS_KV-PO_2;20140312xWed;04_Nové Hamry_Pernink;Karlovarský kraj;h00;24;N
02-o2_02-edg_04-pot_03-lau2_07-day_05-300+_03-frt-1003_01-sng_00-n_00-n_00-n_00-n_00-n_00-n;1003;0;41710;0;N;555452;555169;5;3051;0;OS_KV-PO_2;20140312xWed;05_Pernink_Horní Blatná;Karlovarský kraj;h00;30;N
02-o2_02-edg_04-pot_03-lau2_07-day_05-300+_03-frt-1003_01-sng_00-n_00-n_00-n_00-n_00-n_00-n;1003;0;41710;0;N;555169;555479;6;3051;0;OS_KV-PO_2;20140312xWed;06_Horní Blatná_Potůčky;Karlovarský kraj;h00;35;N
02-o2_02-edg_04-pot_03-lau2_07-day_05-300+_03-frt-1003_01-sng_00-n_00-n_00-n_00-n_00-n_00-n;1003;0;41719;0;N;554961;555398;1;3051;0;OS_KV-PO_2;20140321xFri;01_Karlovy Vary_Nová Role;Karlovarský kraj;h00;168;N
02-o2_02-edg_04-pot_03-lau2_07-day_05-300+_03-frt-1003_01-sng_00-n_00-n_00-n_00-n_00-n_00-n;1003;0;41719;0;N;555398;555380;2;3051;0;OS_KV-PO_2;20140321xFri;02_Nová Role_Nejdek;Karlovarský kraj;h00;132;N
02-o2_02-edg_04-pot_03-lau2_07-day_05-300+_03-frt-1003_01-sng_00-n_00-n_00-n_00-n_00-n_00-n;1003;0;41719;0;N;555380;506494;3;3051;0;OS_KV-PO_2;20140321xFri;03_Nejdek_Nové Hamry;Karlovarský kraj;h00;93;N
02-o2_02-edg_04-pot_03-lau2_07-day_05-300+_03-frt-1003_01-sng_00-n_00-n_00-n_00-n_00-n_00-n;1003;0;41719;0;N;506494;555452;4;3051;0;OS_KV-PO_2;20140321xFri;04_Nové Hamry_Pernink;Karlovarský kraj;h00;38;N
02-o2_02-edg_04-pot_03-lau2_07-day_05-300+_03-frt-1003_01-sng_00-n_00-n_00-n_00-n_00-n_00-n;1003;0;41719;0;N;555452;555169;5;3051;0;OS_KV-PO_2;20140321xFri;05_Pernink_Horní Blatná;Karlovarský kraj;h00;46;N
02-o2_02-edg_04-pot_03-lau2_07-day_05-300+_03-frt-1003_01-sng_00-n_00-n_00-n_00-n_00-n_00-n;1003;0;41719;0;N;555169;555479;6;3051;0;OS_KV-PO_2;20140321xFri;06_Horní Blatná_Potůčky;Karlovarský kraj;h00;56;N
02-o2_02-edg_04-pot_03-lau2_07-day_05-300+_03-frt-1003_01-sng_00-n_00-n_00-n_00-n_00-n_00-n;1003;0;41724;0;N;554961;555398;1;3051;0;OS_KV-PO_2;20140326xWed;01_Karlovy Vary_Nová Role;Karlovarský kraj;h00;242;N
02-o2_02-edg_04-pot_03-lau2_07-day_05-300+_03-frt-1003_01-sng_00-n_00-n_00-n_00-n_00-n_00-n;1003;0;41724;0;N;555398;555380;2;3051;0;OS_KV-PO_2;20140326xWed;02_Nová Role_Nejdek;Karlovarský kraj;h00;184;N
02-o2_02-edg_04-pot_03-lau2_07-day_05-300+_03-frt-1003_01-sng_00-n_00-n_00-n_00-n_00-n_00-n;1003;0;41724;0;N;555380;506494;3;3051;0;OS_KV-PO_2;20140326xWed;03_Nejdek_Nové Hamry;Karlovarský kraj;h00;102;N
02-o2_02-edg_04-pot_03-lau2_07-day_05-300+_03-frt-1003_01-sng_00-n_00-n_00-n_00-n_00-n_00-n;1003;0;41724;0;N;506494;555452;4;3051;0;OS_KV-PO_2;20140326xWed;04_Nové Hamry_Pernink;Karlovarský kraj;h00;56;N
02-o2_02-edg_04-pot_03-lau2_07-day_05-300+_03-frt-1003_01-sng_00-n_00-n_00-n_00-n_00-n_00-n;1003;0;41724;0;N;555452;555169;5;3051;0;OS_KV-PO_2;20140326xWed;05_Pernink_Horní Blatná;Karlovarský kraj;h00;79;N
02-o2_02-edg_04-pot_03-lau2_07-day_05-300+_03-frt-1003_01-sng_00-n_00-n_00-n_00-n_00-n_00-n;1003;0;41724;0;N;555169;555479;6;3051;0;OS_KV-PO_2;20140326xWed;06_Horní Blatná_Potůčky;Karlovarský kraj;h00;87;N
