02-o2_02-edg_03-tour_03-lau2_07-day_03-60_05-frt-1005_01-sng_00-n_00-n_00-n_00-n_00-n_00-n;1005;0;41722;0;N;559903;531057;4;3042;0;R_PL-PH_1;20140324xMon;04_Kařez_Beroun;Plzeňský kraj;h00;82;N
02-o2_02-edg_03-tour_03-lau2_07-day_03-60_05-frt-1005_01-sng_00-n_00-n_00-n_00-n_00-n_00-n;1005;0;41720;0;N;559717;559903;3;3042;0;R_PL-PH_1;20140322xSat;03_Rokycany_Kařez;Plzeňský kraj;h00;52;N
02-o2_02-edg_03-tour_03-lau2_07-day_03-60_05-frt-1005_01-sng_00-n_00-n_00-n_00-n_00-n_00-n;1005;0;41715;0;N;559717;559903;3;3042;0;R_PL-PH_1;20140317xMon;03_Rokycany_Kařez;Plzeňský kraj;h00;88;N
02-o2_02-edg_03-tour_03-lau2_07-day_03-60_05-frt-1005_01-sng_00-n_00-n_00-n_00-n_00-n_00-n;1005;0;41719;0;N;559717;559903;3;3042;0;R_PL-PH_1;20140321xFri;03_Rokycany_Kařez;Plzeňský kraj;h00;67;N
02-o2_02-edg_03-tour_03-lau2_07-day_03-60_05-frt-1005_01-sng_00-n_00-n_00-n_00-n_00-n_00-n;1005;0;41718;0;N;559717;559903;3;3042;0;R_PL-PH_1;20140320xThu;03_Rokycany_Kařez;Plzeňský kraj;h00;113;N
02-o2_02-edg_03-tour_03-lau2_07-day_03-60_05-frt-1005_01-sng_00-n_00-n_00-n_00-n_00-n_00-n;1005;0;41710;0;N;559717;559903;3;3042;0;R_PL-PH_1;20140312xWed;03_Rokycany_Kařez;Plzeňský kraj;h00;98;N
02-o2_02-edg_03-tour_03-lau2_07-day_03-60_05-frt-1005_01-sng_00-n_00-n_00-n_00-n_00-n_00-n;1005;0;41712;0;N;559717;559903;3;3042;0;R_PL-PH_1;20140314xFri;03_Rokycany_Kařez;Plzeňský kraj;h00;84;N
02-o2_02-edg_03-tour_03-lau2_07-day_03-60_05-frt-1005_01-sng_00-n_00-n_00-n_00-n_00-n_00-n;1005;0;41714;0;N;559717;559903;3;3042;0;R_PL-PH_1;20140316xSun;03_Rokycany_Kařez;Plzeňský kraj;h00;16;N
02-o2_02-edg_03-tour_03-lau2_07-day_03-60_05-frt-1005_01-sng_00-n_00-n_00-n_00-n_00-n_00-n;1005;0;41711;0;N;559717;559903;3;3042;0;R_PL-PH_1;20140313xThu;03_Rokycany_Kařez;Plzeňský kraj;h00;86;N
02-o2_02-edg_03-tour_03-lau2_07-day_03-60_05-frt-1005_01-sng_00-n_00-n_00-n_00-n_00-n_00-n;1005;0;41717;0;N;559717;559903;3;3042;0;R_PL-PH_1;20140319xWed;03_Rokycany_Kařez;Plzeňský kraj;h00;97;N
02-o2_02-edg_03-tour_03-lau2_07-day_03-60_05-frt-1005_01-sng_00-n_00-n_00-n_00-n_00-n_00-n;1005;0;41713;0;N;559717;559903;3;3042;0;R_PL-PH_1;20140315xSat;03_Rokycany_Kařez;Plzeňský kraj;h00;36;N
02-o2_02-edg_03-tour_03-lau2_07-day_03-60_05-frt-1005_01-sng_00-n_00-n_00-n_00-n_00-n_00-n;1005;0;41716;0;N;559717;559903;3;3042;0;R_PL-PH_1;20140318xTue;03_Rokycany_Kařez;Plzeňský kraj;h00;82;N
02-o2_02-edg_03-tour_03-lau2_07-day_03-60_05-frt-1005_01-sng_00-n_00-n_00-n_00-n_00-n_00-n;1005;0;41723;0;N;559717;559903;3;3042;0;R_PL-PH_1;20140325xTue;03_Rokycany_Kařez;Plzeňský kraj;h00;79;N
02-o2_02-edg_03-tour_03-lau2_07-day_03-60_05-frt-1005_01-sng_00-n_00-n_00-n_00-n_00-n_00-n;1005;0;41721;0;N;559717;559903;3;3042;0;R_PL-PH_1;20140323xSun;03_Rokycany_Kařez;Plzeňský kraj;h00;24;N
02-o2_02-edg_03-tour_03-lau2_07-day_03-60_05-frt-1005_01-sng_00-n_00-n_00-n_00-n_00-n_00-n;1005;0;41722;0;N;559717;559903;3;3042;0;R_PL-PH_1;20140324xMon;03_Rokycany_Kařez;Plzeňský kraj;h00;102;N
02-o2_02-edg_03-tour_03-lau2_07-day_03-60_05-frt-1005_01-sng_00-n_00-n_00-n_00-n_00-n_00-n;1005;0;41724;0;N;559717;559903;3;3042;0;R_PL-PH_1;20140326xWed;03_Rokycany_Kařez;Plzeňský kraj;h00;91;N
02-o2_02-edg_03-tour_03-lau2_07-day_03-60_05-frt-1005_01-sng_00-n_00-n_00-n_00-n_00-n_00-n;1005;0;41710;0;N;559717;554782;3;3042;0;R_PL-PH_1;20140312xWed;03_Rokycany_Praha;Plzeňský kraj;h00;81;N
02-o2_02-edg_03-tour_03-lau2_07-day_03-60_05-frt-1005_01-sng_00-n_00-n_00-n_00-n_00-n_00-n;1005;0;41715;0;N;559717;554782;3;3042;0;R_PL-PH_1;20140317xMon;03_Rokycany_Praha;Plzeňský kraj;h00;96;N
02-o2_02-edg_03-tour_03-lau2_07-day_03-60_05-frt-1005_01-sng_00-n_00-n_00-n_00-n_00-n_00-n;1005;0;41719;0;N;559717;554782;3;3042;0;R_PL-PH_1;20140321xFri;03_Rokycany_Praha;Plzeňský kraj;h00;133;N
02-o2_02-edg_03-tour_03-lau2_07-day_03-60_05-frt-1005_01-sng_00-n_00-n_00-n_00-n_00-n_00-n;1005;0;41711;0;N;559717;554782;3;3042;0;R_PL-PH_1;20140313xThu;03_Rokycany_Praha;Plzeňský kraj;h00;128;N
02-o2_02-edg_03-tour_03-lau2_07-day_03-60_05-frt-1005_01-sng_00-n_00-n_00-n_00-n_00-n_00-n;1005;0;41713;0;N;559717;554782;3;3042;0;R_PL-PH_1;20140315xSat;03_Rokycany_Praha;Plzeňský kraj;h00;90;N
02-o2_02-edg_03-tour_03-lau2_07-day_03-60_05-frt-1005_01-sng_00-n_00-n_00-n_00-n_00-n_00-n;1005;0;41717;0;N;559717;554782;3;3042;0;R_PL-PH_1;20140319xWed;03_Rokycany_Praha;Plzeňský kraj;h00;90;N
02-o2_02-edg_03-tour_03-lau2_07-day_03-60_05-frt-1005_01-sng_00-n_00-n_00-n_00-n_00-n_00-n;1005;0;41712;0;N;559717;554782;3;3042;0;R_PL-PH_1;20140314xFri;03_Rokycany_Praha;Plzeňský kraj;h00;141;N
02-o2_02-edg_03-tour_03-lau2_07-day_03-60_05-frt-1005_01-sng_00-n_00-n_00-n_00-n_00-n_00-n;1005;0;41716;0;N;559717;554782;3;3042;0;R_PL-PH_1;20140318xTue;03_Rokycany_Praha;Plzeňský kraj;h00;89;N
02-o2_02-edg_03-tour_03-lau2_07-day_03-60_05-frt-1005_01-sng_00-n_00-n_00-n_00-n_00-n_00-n;1005;0;41720;0;N;559717;554782;3;3042;0;R_PL-PH_1;20140322xSat;03_Rokycany_Praha;Plzeňský kraj;h00;58;N
02-o2_02-edg_03-tour_03-lau2_07-day_03-60_05-frt-1005_01-sng_00-n_00-n_00-n_00-n_00-n_00-n;1005;0;41714;0;N;559717;554782;3;3042;0;R_PL-PH_1;20140316xSun;03_Rokycany_Praha;Plzeňský kraj;h00;113;N
02-o2_02-edg_03-tour_03-lau2_07-day_03-60_05-frt-1005_01-sng_00-n_00-n_00-n_00-n_00-n_00-n;1005;0;41718;0;N;559717;554782;3;3042;0;R_PL-PH_1;20140320xThu;03_Rokycany_Praha;Plzeňský kraj;h00;106;N
02-o2_02-edg_03-tour_03-lau2_07-day_03-60_05-frt-1005_01-sng_00-n_00-n_00-n_00-n_00-n_00-n;1005;0;41721;0;N;559717;554782;3;3042;0;R_PL-PH_1;20140323xSun;03_Rokycany_Praha;Plzeňský kraj;h00;91;N
02-o2_02-edg_03-tour_03-lau2_07-day_03-60_05-frt-1005_01-sng_00-n_00-n_00-n_00-n_00-n_00-n;1005;0;41723;0;N;559717;554782;3;3042;0;R_PL-PH_1;20140325xTue;03_Rokycany_Praha;Plzeňský kraj;h00;132;N
02-o2_02-edg_03-tour_03-lau2_07-day_03-60_05-frt-1005_01-sng_00-n_00-n_00-n_00-n_00-n_00-n;1005;0;41724;0;N;559717;554782;3;3042;0;R_PL-PH_1;20140326xWed;03_Rokycany_Praha;Plzeňský kraj;h00;156;N
02-o2_02-edg_03-tour_03-lau2_07-day_03-60_05-frt-1005_01-sng_00-n_00-n_00-n_00-n_00-n_00-n;1005;0;41722;0;N;559717;554782;3;3042;0;R_PL-PH_1;20140324xMon;03_Rokycany_Praha;Plzeňský kraj;h00;122;N
02-o2_02-edg_03-tour_03-lau2_07-day_03-60_05-frt-1005_01-sng_00-n_00-n_00-n_00-n_00-n_00-n;1005;0;41717;0;N;559717;532011;3;3042;0;R_PL-PH_1;20140319xWed;03_Rokycany_Zdice;Plzeňský kraj;h00;3;N
02-o2_02-edg_03-tour_03-lau2_07-day_03-60_05-frt-1005_01-sng_00-n_00-n_00-n_00-n_00-n_00-n;1005;0;41713;0;N;559717;532011;3;3042;0;R_PL-PH_1;20140315xSat;03_Rokycany_Zdice;Plzeňský kraj;h00;2;N
02-o2_02-edg_03-tour_03-lau2_07-day_03-60_05-frt-1005_01-sng_00-n_00-n_00-n_00-n_00-n_00-n;1005;0;41710;0;N;559717;532011;3;3042;0;R_PL-PH_1;20140312xWed;03_Rokycany_Zdice;Plzeňský kraj;h00;4;N
02-o2_02-edg_03-tour_03-lau2_07-day_03-60_05-frt-1005_01-sng_00-n_00-n_00-n_00-n_00-n_00-n;1005;0;41720;0;N;559717;532011;3;3042;0;R_PL-PH_1;20140322xSat;03_Rokycany_Zdice;Plzeňský kraj;h00;3;N
02-o2_02-edg_03-tour_03-lau2_07-day_03-60_05-frt-1005_01-sng_00-n_00-n_00-n_00-n_00-n_00-n;1005;0;41719;0;N;559717;532011;3;3042;0;R_PL-PH_1;20140321xFri;03_Rokycany_Zdice;Plzeňský kraj;h00;8;N
02-o2_02-edg_03-tour_03-lau2_07-day_03-60_05-frt-1005_01-sng_00-n_00-n_00-n_00-n_00-n_00-n;1005;0;41712;0;N;559717;532011;3;3042;0;R_PL-PH_1;20140314xFri;03_Rokycany_Zdice;Plzeňský kraj;h00;2;N
02-o2_02-edg_03-tour_03-lau2_07-day_03-60_05-frt-1005_01-sng_00-n_00-n_00-n_00-n_00-n_00-n;1005;0;41723;0;N;559717;532011;3;3042;0;R_PL-PH_1;20140325xTue;03_Rokycany_Zdice;Plzeňský kraj;h00;5;N
02-o2_02-edg_03-tour_03-lau2_07-day_03-60_05-frt-1005_01-sng_00-n_00-n_00-n_00-n_00-n_00-n;1005;0;41721;0;N;559717;532011;3;3042;0;R_PL-PH_1;20140323xSun;03_Rokycany_Zdice;Plzeňský kraj;h00;2;N
02-o2_02-edg_03-tour_03-lau2_07-day_03-60_05-frt-1005_01-sng_00-n_00-n_00-n_00-n_00-n_00-n;1005;0;41724;0;N;559717;532011;3;3042;0;R_PL-PH_1;20140326xWed;03_Rokycany_Zdice;Plzeňský kraj;h00;3;N
02-o2_02-edg_03-tour_03-lau2_07-day_03-60_05-frt-1005_01-sng_00-n_00-n_00-n_00-n_00-n_00-n;1005;0;41722;0;N;559717;532011;3;3042;0;R_PL-PH_1;20140324xMon;03_Rokycany_Zdice;Plzeňský kraj;h00;2;N
02-o2_02-edg_03-tour_03-lau2_07-day_03-60_05-frt-1005_01-sng_00-n_00-n_00-n_00-n_00-n_00-n;1005;0;41710;0;N;559717;531189;3;3042;0;R_PL-PH_1;20140312xWed;03_Rokycany_Hořovice;Plzeňský kraj;h00;13;N
02-o2_02-edg_03-tour_03-lau2_07-day_03-60_05-frt-1005_01-sng_00-n_00-n_00-n_00-n_00-n_00-n;1005;0;41715;0;N;559717;531189;3;3042;0;R_PL-PH_1;20140317xMon;03_Rokycany_Hořovice;Plzeňský kraj;h00;11;N
02-o2_02-edg_03-tour_03-lau2_07-day_03-60_05-frt-1005_01-sng_00-n_00-n_00-n_00-n_00-n_00-n;1005;0;41720;0;N;559717;531189;3;3042;0;R_PL-PH_1;20140322xSat;03_Rokycany_Hořovice;Plzeňský kraj;h00;4;N
02-o2_02-edg_03-tour_03-lau2_07-day_03-60_05-frt-1005_01-sng_00-n_00-n_00-n_00-n_00-n_00-n;1005;0;41716;0;N;559717;531189;3;3042;0;R_PL-PH_1;20140318xTue;03_Rokycany_Hořovice;Plzeňský kraj;h00;12;N
02-o2_02-edg_03-tour_03-lau2_07-day_03-60_05-frt-1005_01-sng_00-n_00-n_00-n_00-n_00-n_00-n;1005;0;41711;0;N;559717;531189;3;3042;0;R_PL-PH_1;20140313xThu;03_Rokycany_Hořovice;Plzeňský kraj;h00;20;N
02-o2_02-edg_03-tour_03-lau2_07-day_03-60_05-frt-1005_01-sng_00-n_00-n_00-n_00-n_00-n_00-n;1005;0;41712;0;N;559717;531189;3;3042;0;R_PL-PH_1;20140314xFri;03_Rokycany_Hořovice;Plzeňský kraj;h00;13;N
02-o2_02-edg_03-tour_03-lau2_07-day_03-60_05-frt-1005_01-sng_00-n_00-n_00-n_00-n_00-n_00-n;1005;0;41719;0;N;559717;531189;3;3042;0;R_PL-PH_1;20140321xFri;03_Rokycany_Hořovice;Plzeňský kraj;h00;13;N
02-o2_02-edg_03-tour_03-lau2_07-day_03-60_05-frt-1005_01-sng_00-n_00-n_00-n_00-n_00-n_00-n;1005;0;41713;0;N;559717;531189;3;3042;0;R_PL-PH_1;20140315xSat;03_Rokycany_Hořovice;Plzeňský kraj;h00;4;N
02-o2_02-edg_03-tour_03-lau2_07-day_03-60_05-frt-1005_01-sng_00-n_00-n_00-n_00-n_00-n_00-n;1005;0;41718;0;N;559717;531189;3;3042;0;R_PL-PH_1;20140320xThu;03_Rokycany_Hořovice;Plzeňský kraj;h00;20;N
02-o2_02-edg_03-tour_03-lau2_07-day_03-60_05-frt-1005_01-sng_00-n_00-n_00-n_00-n_00-n_00-n;1005;0;41717;0;N;559717;531189;3;3042;0;R_PL-PH_1;20140319xWed;03_Rokycany_Hořovice;Plzeňský kraj;h00;14;N
02-o2_02-edg_03-tour_03-lau2_07-day_03-60_05-frt-1005_01-sng_00-n_00-n_00-n_00-n_00-n_00-n;1005;0;41714;0;N;559717;531189;3;3042;0;R_PL-PH_1;20140316xSun;03_Rokycany_Hořovice;Plzeňský kraj;h00;3;N
02-o2_02-edg_03-tour_03-lau2_07-day_03-60_05-frt-1005_01-sng_00-n_00-n_00-n_00-n_00-n_00-n;1005;0;41721;0;N;559717;531189;3;3042;0;R_PL-PH_1;20140323xSun;03_Rokycany_Hořovice;Plzeňský kraj;h00;6;N
02-o2_02-edg_03-tour_03-lau2_07-day_03-60_05-frt-1005_01-sng_00-n_00-n_00-n_00-n_00-n_00-n;1005;0;41722;0;N;559717;531189;3;3042;0;R_PL-PH_1;20140324xMon;03_Rokycany_Hořovice;Plzeňský kraj;h00;7;N
02-o2_02-edg_03-tour_03-lau2_07-day_03-60_05-frt-1005_01-sng_00-n_00-n_00-n_00-n_00-n_00-n;1005;0;41723;0;N;559717;531189;3;3042;0;R_PL-PH_1;20140325xTue;03_Rokycany_Hořovice;Plzeňský kraj;h00;12;N
02-o2_02-edg_03-tour_03-lau2_07-day_03-60_05-frt-1005_01-sng_00-n_00-n_00-n_00-n_00-n_00-n;1005;0;41724;0;N;559717;531189;3;3042;0;R_PL-PH_1;20140326xWed;03_Rokycany_Hořovice;Plzeňský kraj;h00;11;N
02-o2_02-edg_03-tour_03-lau2_07-day_03-60_05-frt-1005_01-sng_00-n_00-n_00-n_00-n_00-n_00-n;1005;0;41719;0;N;559717;531057;3;3042;0;R_PL-PH_1;20140321xFri;03_Rokycany_Beroun;Plzeňský kraj;h00;46;N
02-o2_02-edg_03-tour_03-lau2_07-day_03-60_05-frt-1005_01-sng_00-n_00-n_00-n_00-n_00-n_00-n;1005;0;41715;0;N;559717;531057;3;3042;0;R_PL-PH_1;20140317xMon;03_Rokycany_Beroun;Plzeňský kraj;h00;26;N
02-o2_02-edg_03-tour_03-lau2_07-day_03-60_05-frt-1005_01-sng_00-n_00-n_00-n_00-n_00-n_00-n;1005;0;41718;0;N;559717;531057;3;3042;0;R_PL-PH_1;20140320xThu;03_Rokycany_Beroun;Plzeňský kraj;h00;25;N
02-o2_02-edg_03-tour_03-lau2_07-day_03-60_05-frt-1005_01-sng_00-n_00-n_00-n_00-n_00-n_00-n;1005;0;41714;0;N;559717;531057;3;3042;0;R_PL-PH_1;20140316xSun;03_Rokycany_Beroun;Plzeňský kraj;h00;22;N
02-o2_02-edg_03-tour_03-lau2_07-day_03-60_05-frt-1005_01-sng_00-n_00-n_00-n_00-n_00-n_00-n;1005;0;41712;0;N;559717;531057;3;3042;0;R_PL-PH_1;20140314xFri;03_Rokycany_Beroun;Plzeňský kraj;h00;70;N
02-o2_02-edg_03-tour_03-lau2_07-day_03-60_05-frt-1005_01-sng_00-n_00-n_00-n_00-n_00-n_00-n;1005;0;41711;0;N;559717;531057;3;3042;0;R_PL-PH_1;20140313xThu;03_Rokycany_Beroun;Plzeňský kraj;h00;96;N
02-o2_02-edg_03-tour_03-lau2_07-day_03-60_05-frt-1005_01-sng_00-n_00-n_00-n_00-n_00-n_00-n;1005;0;41721;0;N;559717;531057;3;3042;0;R_PL-PH_1;20140323xSun;03_Rokycany_Beroun;Plzeňský kraj;h00;24;N
02-o2_02-edg_03-tour_03-lau2_07-day_03-60_05-frt-1005_01-sng_00-n_00-n_00-n_00-n_00-n_00-n;1005;0;41713;0;N;559717;531057;3;3042;0;R_PL-PH_1;20140315xSat;03_Rokycany_Beroun;Plzeňský kraj;h00;34;N
02-o2_02-edg_03-tour_03-lau2_07-day_03-60_05-frt-1005_01-sng_00-n_00-n_00-n_00-n_00-n_00-n;1005;0;41716;0;N;559717;531057;3;3042;0;R_PL-PH_1;20140318xTue;03_Rokycany_Beroun;Plzeňský kraj;h00;24;N
02-o2_02-edg_03-tour_03-lau2_07-day_03-60_05-frt-1005_01-sng_00-n_00-n_00-n_00-n_00-n_00-n;1005;0;41717;0;N;559717;531057;3;3042;0;R_PL-PH_1;20140319xWed;03_Rokycany_Beroun;Plzeňský kraj;h00;18;N
02-o2_02-edg_03-tour_03-lau2_07-day_03-60_05-frt-1005_01-sng_00-n_00-n_00-n_00-n_00-n_00-n;1005;0;41720;0;N;559717;531057;3;3042;0;R_PL-PH_1;20140322xSat;03_Rokycany_Beroun;Plzeňský kraj;h00;14;N
02-o2_02-edg_03-tour_03-lau2_07-day_03-60_05-frt-1005_01-sng_00-n_00-n_00-n_00-n_00-n_00-n;1005;0;41710;0;N;559717;531057;3;3042;0;R_PL-PH_1;20140312xWed;03_Rokycany_Beroun;Plzeňský kraj;h00;129;N
02-o2_02-edg_03-tour_03-lau2_07-day_03-60_05-frt-1005_01-sng_00-n_00-n_00-n_00-n_00-n_00-n;1005;0;41724;0;N;559717;531057;3;3042;0;R_PL-PH_1;20140326xWed;03_Rokycany_Beroun;Plzeňský kraj;h00;41;N
02-o2_02-edg_03-tour_03-lau2_07-day_03-60_05-frt-1005_01-sng_00-n_00-n_00-n_00-n_00-n_00-n;1005;0;41722;0;N;559717;531057;3;3042;0;R_PL-PH_1;20140324xMon;03_Rokycany_Beroun;Plzeňský kraj;h00;30;N
02-o2_02-edg_03-tour_03-lau2_07-day_03-60_05-frt-1005_01-sng_00-n_00-n_00-n_00-n_00-n_00-n;1005;0;41723;0;N;559717;531057;3;3042;0;R_PL-PH_1;20140325xTue;03_Rokycany_Beroun;Plzeňský kraj;h00;51;N
02-o2_02-edg_03-tour_03-lau2_07-day_03-60_05-frt-1005_01-sng_00-n_00-n_00-n_00-n_00-n_00-n;1005;0;41712;0;N;558966;559903;2;3042;0;R_PL-PH_1;20140314xFri;02_Chrást_Kařez;Plzeňský kraj;h00;3;N
02-o2_02-edg_03-tour_03-lau2_07-day_03-60_05-frt-1005_01-sng_00-n_00-n_00-n_00-n_00-n_00-n;1005;0;41710;0;N;558966;559903;2;3042;0;R_PL-PH_1;20140312xWed;02_Chrást_Kařez;Plzeňský kraj;h00;1;N
02-o2_02-edg_03-tour_03-lau2_07-day_03-60_05-frt-1005_01-sng_00-n_00-n_00-n_00-n_00-n_00-n;1005;0;41711;0;N;558966;559903;2;3042;0;R_PL-PH_1;20140313xThu;02_Chrást_Kařez;Plzeňský kraj;h00;1;N
02-o2_02-edg_03-tour_03-lau2_07-day_03-60_05-frt-1005_01-sng_00-n_00-n_00-n_00-n_00-n_00-n;1005;0;41718;0;N;558966;559903;2;3042;0;R_PL-PH_1;20140320xThu;02_Chrást_Kařez;Plzeňský kraj;h00;1;N
02-o2_02-edg_03-tour_03-lau2_07-day_03-60_05-frt-1005_01-sng_00-n_00-n_00-n_00-n_00-n_00-n;1005;0;41713;0;N;558966;559903;2;3042;0;R_PL-PH_1;20140315xSat;02_Chrást_Kařez;Plzeňský kraj;h00;3;N
02-o2_02-edg_03-tour_03-lau2_07-day_03-60_05-frt-1005_01-sng_00-n_00-n_00-n_00-n_00-n_00-n;1005;0;41715;0;N;558966;559903;2;3042;0;R_PL-PH_1;20140317xMon;02_Chrást_Kařez;Plzeňský kraj;h00;1;N
02-o2_02-edg_03-tour_03-lau2_07-day_03-60_05-frt-1005_01-sng_00-n_00-n_00-n_00-n_00-n_00-n;1005;0;41716;0;N;558966;559903;2;3042;0;R_PL-PH_1;20140318xTue;02_Chrást_Kařez;Plzeňský kraj;h00;2;N
02-o2_02-edg_03-tour_03-lau2_07-day_03-60_05-frt-1005_01-sng_00-n_00-n_00-n_00-n_00-n_00-n;1005;0;41720;0;N;558966;559903;2;3042;0;R_PL-PH_1;20140322xSat;02_Chrást_Kařez;Plzeňský kraj;h00;1;N
02-o2_02-edg_03-tour_03-lau2_07-day_03-60_05-frt-1005_01-sng_00-n_00-n_00-n_00-n_00-n_00-n;1005;0;41717;0;N;558966;559903;2;3042;0;R_PL-PH_1;20140319xWed;02_Chrást_Kařez;Plzeňský kraj;h00;1;N
02-o2_02-edg_03-tour_03-lau2_07-day_03-60_05-frt-1005_01-sng_00-n_00-n_00-n_00-n_00-n_00-n;1005;0;41723;0;N;558966;559903;2;3042;0;R_PL-PH_1;20140325xTue;02_Chrást_Kařez;Plzeňský kraj;h00;1;N
02-o2_02-edg_03-tour_03-lau2_07-day_03-60_05-frt-1005_01-sng_00-n_00-n_00-n_00-n_00-n_00-n;1005;0;41724;0;N;558966;559903;2;3042;0;R_PL-PH_1;20140326xWed;02_Chrást_Kařez;Plzeňský kraj;h00;3;N
02-o2_02-edg_03-tour_03-lau2_07-day_03-60_05-frt-1005_01-sng_00-n_00-n_00-n_00-n_00-n_00-n;1005;0;41722;0;N;558966;559903;2;3042;0;R_PL-PH_1;20140324xMon;02_Chrást_Kařez;Plzeňský kraj;h00;3;N
02-o2_02-edg_03-tour_03-lau2_07-day_03-60_05-frt-1005_01-sng_00-n_00-n_00-n_00-n_00-n_00-n;1005;0;41721;0;N;558966;559903;2;3042;0;R_PL-PH_1;20140323xSun;02_Chrást_Kařez;Plzeňský kraj;h00;1;N
02-o2_02-edg_03-tour_03-lau2_07-day_03-60_05-frt-1005_01-sng_00-n_00-n_00-n_00-n_00-n_00-n;1005;0;41717;0;N;558966;559717;2;3042;0;R_PL-PH_1;20140319xWed;02_Chrást_Rokycany;Plzeňský kraj;h00;17;N
02-o2_02-edg_03-tour_03-lau2_07-day_03-60_05-frt-1005_01-sng_00-n_00-n_00-n_00-n_00-n_00-n;1005;0;41713;0;N;558966;559717;2;3042;0;R_PL-PH_1;20140315xSat;02_Chrást_Rokycany;Plzeňský kraj;h00;3;N
02-o2_02-edg_03-tour_03-lau2_07-day_03-60_05-frt-1005_01-sng_00-n_00-n_00-n_00-n_00-n_00-n;1005;0;41711;0;N;558966;559717;2;3042;0;R_PL-PH_1;20140313xThu;02_Chrást_Rokycany;Plzeňský kraj;h00;11;N
02-o2_02-edg_03-tour_03-lau2_07-day_03-60_05-frt-1005_01-sng_00-n_00-n_00-n_00-n_00-n_00-n;1005;0;41718;0;N;558966;559717;2;3042;0;R_PL-PH_1;20140320xThu;02_Chrást_Rokycany;Plzeňský kraj;h00;14;N
02-o2_02-edg_03-tour_03-lau2_07-day_03-60_05-frt-1005_01-sng_00-n_00-n_00-n_00-n_00-n_00-n;1005;0;41719;0;N;558966;559717;2;3042;0;R_PL-PH_1;20140321xFri;02_Chrást_Rokycany;Plzeňský kraj;h00;21;N
02-o2_02-edg_03-tour_03-lau2_07-day_03-60_05-frt-1005_01-sng_00-n_00-n_00-n_00-n_00-n_00-n;1005;0;41710;0;N;558966;559717;2;3042;0;R_PL-PH_1;20140312xWed;02_Chrást_Rokycany;Plzeňský kraj;h00;12;N
02-o2_02-edg_03-tour_03-lau2_07-day_03-60_05-frt-1005_01-sng_00-n_00-n_00-n_00-n_00-n_00-n;1005;0;41714;0;N;558966;559717;2;3042;0;R_PL-PH_1;20140316xSun;02_Chrást_Rokycany;Plzeňský kraj;h00;2;N
02-o2_02-edg_03-tour_03-lau2_07-day_03-60_05-frt-1005_01-sng_00-n_00-n_00-n_00-n_00-n_00-n;1005;0;41720;0;N;558966;559717;2;3042;0;R_PL-PH_1;20140322xSat;02_Chrást_Rokycany;Plzeňský kraj;h00;9;N
02-o2_02-edg_03-tour_03-lau2_07-day_03-60_05-frt-1005_01-sng_00-n_00-n_00-n_00-n_00-n_00-n;1005;0;41716;0;N;558966;559717;2;3042;0;R_PL-PH_1;20140318xTue;02_Chrást_Rokycany;Plzeňský kraj;h00;13;N
02-o2_02-edg_03-tour_03-lau2_07-day_03-60_05-frt-1005_01-sng_00-n_00-n_00-n_00-n_00-n_00-n;1005;0;41715;0;N;558966;559717;2;3042;0;R_PL-PH_1;20140317xMon;02_Chrást_Rokycany;Plzeňský kraj;h00;12;N
02-o2_02-edg_03-tour_03-lau2_07-day_03-60_05-frt-1005_01-sng_00-n_00-n_00-n_00-n_00-n_00-n;1005;0;41712;0;N;558966;559717;2;3042;0;R_PL-PH_1;20140314xFri;02_Chrást_Rokycany;Plzeňský kraj;h00;13;N
02-o2_02-edg_03-tour_03-lau2_07-day_03-60_05-frt-1005_01-sng_00-n_00-n_00-n_00-n_00-n_00-n;1005;0;41724;0;N;558966;559717;2;3042;0;R_PL-PH_1;20140326xWed;02_Chrást_Rokycany;Plzeňský kraj;h00;16;N
02-o2_02-edg_03-tour_03-lau2_07-day_03-60_05-frt-1005_01-sng_00-n_00-n_00-n_00-n_00-n_00-n;1005;0;41721;0;N;558966;559717;2;3042;0;R_PL-PH_1;20140323xSun;02_Chrást_Rokycany;Plzeňský kraj;h00;7;N
02-o2_02-edg_03-tour_03-lau2_07-day_03-60_05-frt-1005_01-sng_00-n_00-n_00-n_00-n_00-n_00-n;1005;0;41723;0;N;558966;559717;2;3042;0;R_PL-PH_1;20140325xTue;02_Chrást_Rokycany;Plzeňský kraj;h00;10;N
02-o2_02-edg_03-tour_03-lau2_07-day_03-60_05-frt-1005_01-sng_00-n_00-n_00-n_00-n_00-n_00-n;1005;0;41722;0;N;558966;559717;2;3042;0;R_PL-PH_1;20140324xMon;02_Chrást_Rokycany;Plzeňský kraj;h00;17;N
02-o2_02-edg_03-tour_03-lau2_07-day_03-60_05-frt-1005_01-sng_00-n_00-n_00-n_00-n_00-n_00-n;1005;0;41718;0;N;558966;554782;2;3042;0;R_PL-PH_1;20140320xThu;02_Chrást_Praha;Plzeňský kraj;h00;7;N
02-o2_02-edg_03-tour_03-lau2_07-day_03-60_05-frt-1005_01-sng_00-n_00-n_00-n_00-n_00-n_00-n;1005;0;41717;0;N;558966;554782;2;3042;0;R_PL-PH_1;20140319xWed;02_Chrást_Praha;Plzeňský kraj;h00;10;N
02-o2_02-edg_03-tour_03-lau2_07-day_03-60_05-frt-1005_01-sng_00-n_00-n_00-n_00-n_00-n_00-n;1005;0;41716;0;N;558966;554782;2;3042;0;R_PL-PH_1;20140318xTue;02_Chrást_Praha;Plzeňský kraj;h00;11;N
02-o2_02-edg_03-tour_03-lau2_07-day_03-60_05-frt-1005_01-sng_00-n_00-n_00-n_00-n_00-n_00-n;1005;0;41711;0;N;558966;554782;2;3042;0;R_PL-PH_1;20140313xThu;02_Chrást_Praha;Plzeňský kraj;h00;6;N
02-o2_02-edg_03-tour_03-lau2_07-day_03-60_05-frt-1005_01-sng_00-n_00-n_00-n_00-n_00-n_00-n;1005;0;41712;0;N;558966;554782;2;3042;0;R_PL-PH_1;20140314xFri;02_Chrást_Praha;Plzeňský kraj;h00;8;N
02-o2_02-edg_03-tour_03-lau2_07-day_03-60_05-frt-1005_01-sng_00-n_00-n_00-n_00-n_00-n_00-n;1005;0;41714;0;N;558966;554782;2;3042;0;R_PL-PH_1;20140316xSun;02_Chrást_Praha;Plzeňský kraj;h00;13;N
02-o2_02-edg_03-tour_03-lau2_07-day_03-60_05-frt-1005_01-sng_00-n_00-n_00-n_00-n_00-n_00-n;1005;0;41710;0;N;558966;554782;2;3042;0;R_PL-PH_1;20140312xWed;02_Chrást_Praha;Plzeňský kraj;h00;10;N
02-o2_02-edg_03-tour_03-lau2_07-day_03-60_05-frt-1005_01-sng_00-n_00-n_00-n_00-n_00-n_00-n;1005;0;41719;0;N;558966;554782;2;3042;0;R_PL-PH_1;20140321xFri;02_Chrást_Praha;Plzeňský kraj;h00;10;N
02-o2_02-edg_03-tour_03-lau2_07-day_03-60_05-frt-1005_01-sng_00-n_00-n_00-n_00-n_00-n_00-n;1005;0;41720;0;N;558966;554782;2;3042;0;R_PL-PH_1;20140322xSat;02_Chrást_Praha;Plzeňský kraj;h00;8;N
02-o2_02-edg_03-tour_03-lau2_07-day_03-60_05-frt-1005_01-sng_00-n_00-n_00-n_00-n_00-n_00-n;1005;0;41713;0;N;558966;554782;2;3042;0;R_PL-PH_1;20140315xSat;02_Chrást_Praha;Plzeňský kraj;h00;6;N
02-o2_02-edg_03-tour_03-lau2_07-day_03-60_05-frt-1005_01-sng_00-n_00-n_00-n_00-n_00-n_00-n;1005;0;41715;0;N;558966;554782;2;3042;0;R_PL-PH_1;20140317xMon;02_Chrást_Praha;Plzeňský kraj;h00;12;N
02-o2_02-edg_03-tour_03-lau2_07-day_03-60_05-frt-1005_01-sng_00-n_00-n_00-n_00-n_00-n_00-n;1005;0;41722;0;N;558966;554782;2;3042;0;R_PL-PH_1;20140324xMon;02_Chrást_Praha;Plzeňský kraj;h00;12;N
02-o2_02-edg_03-tour_03-lau2_07-day_03-60_05-frt-1005_01-sng_00-n_00-n_00-n_00-n_00-n_00-n;1005;0;41723;0;N;558966;554782;2;3042;0;R_PL-PH_1;20140325xTue;02_Chrást_Praha;Plzeňský kraj;h00;8;N
02-o2_02-edg_03-tour_03-lau2_07-day_03-60_05-frt-1005_01-sng_00-n_00-n_00-n_00-n_00-n_00-n;1005;0;41721;0;N;558966;554782;2;3042;0;R_PL-PH_1;20140323xSun;02_Chrást_Praha;Plzeňský kraj;h00;11;N
02-o2_02-edg_03-tour_03-lau2_07-day_03-60_05-frt-1005_01-sng_00-n_00-n_00-n_00-n_00-n_00-n;1005;0;41724;0;N;558966;554782;2;3042;0;R_PL-PH_1;20140326xWed;02_Chrást_Praha;Plzeňský kraj;h00;8;N
02-o2_02-edg_03-tour_03-lau2_07-day_03-60_05-frt-1005_01-sng_00-n_00-n_00-n_00-n_00-n_00-n;1005;0;41719;0;N;558966;532011;2;3042;0;R_PL-PH_1;20140321xFri;02_Chrást_Zdice;Plzeňský kraj;h00;1;N
02-o2_02-edg_03-tour_03-lau2_07-day_03-60_05-frt-1005_01-sng_00-n_00-n_00-n_00-n_00-n_00-n;1005;0;41719;0;N;558966;531189;2;3042;0;R_PL-PH_1;20140321xFri;02_Chrást_Hořovice;Plzeňský kraj;h00;1;N
02-o2_02-edg_03-tour_03-lau2_07-day_03-60_05-frt-1005_01-sng_00-n_00-n_00-n_00-n_00-n_00-n;1005;0;41715;0;N;558966;531189;2;3042;0;R_PL-PH_1;20140317xMon;02_Chrást_Hořovice;Plzeňský kraj;h00;1;N
02-o2_02-edg_03-tour_03-lau2_07-day_03-60_05-frt-1005_01-sng_00-n_00-n_00-n_00-n_00-n_00-n;1005;0;41717;0;N;558966;531057;2;3042;0;R_PL-PH_1;20140319xWed;02_Chrást_Beroun;Plzeňský kraj;h00;2;N
02-o2_02-edg_03-tour_03-lau2_07-day_03-60_05-frt-1005_01-sng_00-n_00-n_00-n_00-n_00-n_00-n;1005;0;41721;0;N;558966;531057;2;3042;0;R_PL-PH_1;20140323xSun;02_Chrást_Beroun;Plzeňský kraj;h00;2;N
02-o2_02-edg_03-tour_03-lau2_07-day_03-60_05-frt-1005_01-sng_00-n_00-n_00-n_00-n_00-n_00-n;1005;0;41715;0;N;558966;531057;2;3042;0;R_PL-PH_1;20140317xMon;02_Chrást_Beroun;Plzeňský kraj;h00;3;N
02-o2_02-edg_03-tour_03-lau2_07-day_03-60_05-frt-1005_01-sng_00-n_00-n_00-n_00-n_00-n_00-n;1005;0;41719;0;N;558966;531057;2;3042;0;R_PL-PH_1;20140321xFri;02_Chrást_Beroun;Plzeňský kraj;h00;2;N
02-o2_02-edg_03-tour_03-lau2_07-day_03-60_05-frt-1005_01-sng_00-n_00-n_00-n_00-n_00-n_00-n;1005;0;41718;0;N;558966;531057;2;3042;0;R_PL-PH_1;20140320xThu;02_Chrást_Beroun;Plzeňský kraj;h00;4;N
02-o2_02-edg_03-tour_03-lau2_07-day_03-60_05-frt-1005_01-sng_00-n_00-n_00-n_00-n_00-n_00-n;1005;0;41712;0;N;558966;531057;2;3042;0;R_PL-PH_1;20140314xFri;02_Chrást_Beroun;Plzeňský kraj;h00;5;N
02-o2_02-edg_03-tour_03-lau2_07-day_03-60_05-frt-1005_01-sng_00-n_00-n_00-n_00-n_00-n_00-n;1005;0;41711;0;N;558966;531057;2;3042;0;R_PL-PH_1;20140313xThu;02_Chrást_Beroun;Plzeňský kraj;h00;1;N
02-o2_02-edg_03-tour_03-lau2_07-day_03-60_05-frt-1005_01-sng_00-n_00-n_00-n_00-n_00-n_00-n;1005;0;41713;0;N;558966;531057;2;3042;0;R_PL-PH_1;20140315xSat;02_Chrást_Beroun;Plzeňský kraj;h00;1;N
02-o2_02-edg_03-tour_03-lau2_07-day_03-60_05-frt-1005_01-sng_00-n_00-n_00-n_00-n_00-n_00-n;1005;0;41720;0;N;558966;531057;2;3042;0;R_PL-PH_1;20140322xSat;02_Chrást_Beroun;Plzeňský kraj;h00;3;N
02-o2_02-edg_03-tour_03-lau2_07-day_03-60_05-frt-1005_01-sng_00-n_00-n_00-n_00-n_00-n_00-n;1005;0;41716;0;N;558966;531057;2;3042;0;R_PL-PH_1;20140318xTue;02_Chrást_Beroun;Plzeňský kraj;h00;3;N
02-o2_02-edg_03-tour_03-lau2_07-day_03-60_05-frt-1005_01-sng_00-n_00-n_00-n_00-n_00-n_00-n;1005;0;41724;0;N;558966;531057;2;3042;0;R_PL-PH_1;20140326xWed;02_Chrást_Beroun;Plzeňský kraj;h00;1;N
02-o2_02-edg_03-tour_03-lau2_07-day_03-60_05-frt-1005_01-sng_00-n_00-n_00-n_00-n_00-n_00-n;1005;0;41723;0;N;558966;531057;2;3042;0;R_PL-PH_1;20140325xTue;02_Chrást_Beroun;Plzeňský kraj;h00;2;N
02-o2_02-edg_03-tour_03-lau2_07-day_03-60_05-frt-1005_01-sng_00-n_00-n_00-n_00-n_00-n_00-n;1005;0;41722;0;N;558966;531057;2;3042;0;R_PL-PH_1;20140324xMon;02_Chrást_Beroun;Plzeňský kraj;h00;1;N
02-o2_02-edg_03-tour_03-lau2_07-day_03-60_05-frt-1005_01-sng_00-n_00-n_00-n_00-n_00-n_00-n;1005;0;41716;0;N;554791;559903;1;3042;0;R_PL-PH_1;20140318xTue;01_Plzeň_Kařez;Plzeňský kraj;h00;270;N
02-o2_02-edg_03-tour_03-lau2_07-day_03-60_05-frt-1005_01-sng_00-n_00-n_00-n_00-n_00-n_00-n;1005;0;41718;0;N;554791;559903;1;3042;0;R_PL-PH_1;20140320xThu;01_Plzeň_Kařez;Plzeňský kraj;h00;330;N
02-o2_02-edg_03-tour_03-lau2_07-day_03-60_05-frt-1005_01-sng_00-n_00-n_00-n_00-n_00-n_00-n;1005;0;41710;0;N;554791;559903;1;3042;0;R_PL-PH_1;20140312xWed;01_Plzeň_Kařez;Plzeňský kraj;h00;219;N
02-o2_02-edg_03-tour_03-lau2_07-day_03-60_05-frt-1005_01-sng_00-n_00-n_00-n_00-n_00-n_00-n;1005;0;41715;0;N;554791;559903;1;3042;0;R_PL-PH_1;20140317xMon;01_Plzeň_Kařez;Plzeňský kraj;h00;191;N
02-o2_02-edg_03-tour_03-lau2_07-day_03-60_05-frt-1005_01-sng_00-n_00-n_00-n_00-n_00-n_00-n;1005;0;41714;0;N;554791;559903;1;3042;0;R_PL-PH_1;20140316xSun;01_Plzeň_Kařez;Plzeňský kraj;h00;64;N
02-o2_02-edg_03-tour_03-lau2_07-day_03-60_05-frt-1005_01-sng_00-n_00-n_00-n_00-n_00-n_00-n;1005;0;41711;0;N;554791;559903;1;3042;0;R_PL-PH_1;20140313xThu;01_Plzeň_Kařez;Plzeňský kraj;h00;279;N
02-o2_02-edg_03-tour_03-lau2_07-day_03-60_05-frt-1005_01-sng_00-n_00-n_00-n_00-n_00-n_00-n;1005;0;41713;0;N;554791;559903;1;3042;0;R_PL-PH_1;20140315xSat;01_Plzeň_Kařez;Plzeňský kraj;h00;152;N
02-o2_02-edg_03-tour_03-lau2_07-day_03-60_05-frt-1005_01-sng_00-n_00-n_00-n_00-n_00-n_00-n;1005;0;41720;0;N;554791;559903;1;3042;0;R_PL-PH_1;20140322xSat;01_Plzeň_Kařez;Plzeňský kraj;h00;184;N
02-o2_02-edg_03-tour_03-lau2_07-day_03-60_05-frt-1005_01-sng_00-n_00-n_00-n_00-n_00-n_00-n;1005;0;41717;0;N;554791;559903;1;3042;0;R_PL-PH_1;20140319xWed;01_Plzeň_Kařez;Plzeňský kraj;h00;287;N
02-o2_02-edg_03-tour_03-lau2_07-day_03-60_05-frt-1005_01-sng_00-n_00-n_00-n_00-n_00-n_00-n;1005;0;41712;0;N;554791;559903;1;3042;0;R_PL-PH_1;20140314xFri;01_Plzeň_Kařez;Plzeňský kraj;h00;294;N
02-o2_02-edg_03-tour_03-lau2_07-day_03-60_05-frt-1005_01-sng_00-n_00-n_00-n_00-n_00-n_00-n;1005;0;41719;0;N;554791;559903;1;3042;0;R_PL-PH_1;20140321xFri;01_Plzeň_Kařez;Plzeňský kraj;h00;237;N
02-o2_02-edg_03-tour_03-lau2_07-day_03-60_05-frt-1005_01-sng_00-n_00-n_00-n_00-n_00-n_00-n;1005;0;41722;0;N;554791;559903;1;3042;0;R_PL-PH_1;20140324xMon;01_Plzeň_Kařez;Plzeňský kraj;h00;241;N
02-o2_02-edg_03-tour_03-lau2_07-day_03-60_05-frt-1005_01-sng_00-n_00-n_00-n_00-n_00-n_00-n;1005;0;41721;0;N;554791;559903;1;3042;0;R_PL-PH_1;20140323xSun;01_Plzeň_Kařez;Plzeňský kraj;h00;142;N
02-o2_02-edg_03-tour_03-lau2_07-day_03-60_05-frt-1005_01-sng_00-n_00-n_00-n_00-n_00-n_00-n;1005;0;41724;0;N;554791;559903;1;3042;0;R_PL-PH_1;20140326xWed;01_Plzeň_Kařez;Plzeňský kraj;h00;317;N
02-o2_02-edg_03-tour_03-lau2_07-day_03-60_05-frt-1005_01-sng_00-n_00-n_00-n_00-n_00-n_00-n;1005;0;41723;0;N;554791;559903;1;3042;0;R_PL-PH_1;20140325xTue;01_Plzeň_Kařez;Plzeňský kraj;h00;229;N
02-o2_02-edg_03-tour_03-lau2_07-day_03-60_05-frt-1005_01-sng_00-n_00-n_00-n_00-n_00-n_00-n;1005;0;41712;0;N;554791;559717;1;3042;0;R_PL-PH_1;20140314xFri;01_Plzeň_Rokycany;Plzeňský kraj;h00;1124;N
02-o2_02-edg_03-tour_03-lau2_07-day_03-60_05-frt-1005_01-sng_00-n_00-n_00-n_00-n_00-n_00-n;1005;0;41711;0;N;554791;559717;1;3042;0;R_PL-PH_1;20140313xThu;01_Plzeň_Rokycany;Plzeňský kraj;h00;1125;N
02-o2_02-edg_03-tour_03-lau2_07-day_03-60_05-frt-1005_01-sng_00-n_00-n_00-n_00-n_00-n_00-n;1005;0;41720;0;N;554791;559717;1;3042;0;R_PL-PH_1;20140322xSat;01_Plzeň_Rokycany;Plzeňský kraj;h00;463;N
02-o2_02-edg_03-tour_03-lau2_07-day_03-60_05-frt-1005_01-sng_00-n_00-n_00-n_00-n_00-n_00-n;1005;0;41718;0;N;554791;559717;1;3042;0;R_PL-PH_1;20140320xThu;01_Plzeň_Rokycany;Plzeňský kraj;h00;1016;N
02-o2_02-edg_03-tour_03-lau2_07-day_03-60_05-frt-1005_01-sng_00-n_00-n_00-n_00-n_00-n_00-n;1005;0;41719;0;N;554791;559717;1;3042;0;R_PL-PH_1;20140321xFri;01_Plzeň_Rokycany;Plzeňský kraj;h00;938;N
02-o2_02-edg_03-tour_03-lau2_07-day_03-60_05-frt-1005_01-sng_00-n_00-n_00-n_00-n_00-n_00-n;1005;0;41715;0;N;554791;559717;1;3042;0;R_PL-PH_1;20140317xMon;01_Plzeň_Rokycany;Plzeňský kraj;h00;866;N
02-o2_02-edg_03-tour_03-lau2_07-day_03-60_05-frt-1005_01-sng_00-n_00-n_00-n_00-n_00-n_00-n;1005;0;41717;0;N;554791;559717;1;3042;0;R_PL-PH_1;20140319xWed;01_Plzeň_Rokycany;Plzeňský kraj;h00;1023;N
02-o2_02-edg_03-tour_03-lau2_07-day_03-60_05-frt-1005_01-sng_00-n_00-n_00-n_00-n_00-n_00-n;1005;0;41716;0;N;554791;559717;1;3042;0;R_PL-PH_1;20140318xTue;01_Plzeň_Rokycany;Plzeňský kraj;h00;946;N
02-o2_02-edg_03-tour_03-lau2_07-day_03-60_05-frt-1005_01-sng_00-n_00-n_00-n_00-n_00-n_00-n;1005;0;41710;0;N;554791;559717;1;3042;0;R_PL-PH_1;20140312xWed;01_Plzeň_Rokycany;Plzeňský kraj;h00;1165;N
02-o2_02-edg_03-tour_03-lau2_07-day_03-60_05-frt-1005_01-sng_00-n_00-n_00-n_00-n_00-n_00-n;1005;0;41713;0;N;554791;559717;1;3042;0;R_PL-PH_1;20140315xSat;01_Plzeň_Rokycany;Plzeňský kraj;h00;761;N
02-o2_02-edg_03-tour_03-lau2_07-day_03-60_05-frt-1005_01-sng_00-n_00-n_00-n_00-n_00-n_00-n;1005;0;41714;0;N;554791;559717;1;3042;0;R_PL-PH_1;20140316xSun;01_Plzeň_Rokycany;Plzeňský kraj;h00;501;N
02-o2_02-edg_03-tour_03-lau2_07-day_03-60_05-frt-1005_01-sng_00-n_00-n_00-n_00-n_00-n_00-n;1005;0;41722;0;N;554791;559717;1;3042;0;R_PL-PH_1;20140324xMon;01_Plzeň_Rokycany;Plzeňský kraj;h00;898;N
02-o2_02-edg_03-tour_03-lau2_07-day_03-60_05-frt-1005_01-sng_00-n_00-n_00-n_00-n_00-n_00-n;1005;0;41724;0;N;554791;559717;1;3042;0;R_PL-PH_1;20140326xWed;01_Plzeň_Rokycany;Plzeňský kraj;h00;1080;N
02-o2_02-edg_03-tour_03-lau2_07-day_03-60_05-frt-1005_01-sng_00-n_00-n_00-n_00-n_00-n_00-n;1005;0;41721;0;N;554791;559717;1;3042;0;R_PL-PH_1;20140323xSun;01_Plzeň_Rokycany;Plzeňský kraj;h00;456;N
02-o2_02-edg_03-tour_03-lau2_07-day_03-60_05-frt-1005_01-sng_00-n_00-n_00-n_00-n_00-n_00-n;1005;0;41723;0;N;554791;559717;1;3042;0;R_PL-PH_1;20140325xTue;01_Plzeň_Rokycany;Plzeňský kraj;h00;1087;N
02-o2_02-edg_03-tour_03-lau2_07-day_03-60_05-frt-1005_01-sng_00-n_00-n_00-n_00-n_00-n_00-n;1005;0;41710;0;N;554791;558966;1;3042;0;R_PL-PH_1;20140312xWed;01_Plzeň_Chrást;Plzeňský kraj;h00;445;N
02-o2_02-edg_03-tour_03-lau2_07-day_03-60_05-frt-1005_01-sng_00-n_00-n_00-n_00-n_00-n_00-n;1005;0;41720;0;N;554791;558966;1;3042;0;R_PL-PH_1;20140322xSat;01_Plzeň_Chrást;Plzeňský kraj;h00;321;N
02-o2_02-edg_03-tour_03-lau2_07-day_03-60_05-frt-1005_01-sng_00-n_00-n_00-n_00-n_00-n_00-n;1005;0;41714;0;N;554791;558966;1;3042;0;R_PL-PH_1;20140316xSun;01_Plzeň_Chrást;Plzeňský kraj;h00;141;N
02-o2_02-edg_03-tour_03-lau2_07-day_03-60_05-frt-1005_01-sng_00-n_00-n_00-n_00-n_00-n_00-n;1005;0;41717;0;N;554791;558966;1;3042;0;R_PL-PH_1;20140319xWed;01_Plzeň_Chrást;Plzeňský kraj;h00;484;N
02-o2_02-edg_03-tour_03-lau2_07-day_03-60_05-frt-1005_01-sng_00-n_00-n_00-n_00-n_00-n_00-n;1005;0;41715;0;N;554791;558966;1;3042;0;R_PL-PH_1;20140317xMon;01_Plzeň_Chrást;Plzeňský kraj;h00;413;N
02-o2_02-edg_03-tour_03-lau2_07-day_03-60_05-frt-1005_01-sng_00-n_00-n_00-n_00-n_00-n_00-n;1005;0;41712;0;N;554791;558966;1;3042;0;R_PL-PH_1;20140314xFri;01_Plzeň_Chrást;Plzeňský kraj;h00;487;N
02-o2_02-edg_03-tour_03-lau2_07-day_03-60_05-frt-1005_01-sng_00-n_00-n_00-n_00-n_00-n_00-n;1005;0;41718;0;N;554791;558966;1;3042;0;R_PL-PH_1;20140320xThu;01_Plzeň_Chrást;Plzeňský kraj;h00;558;N
02-o2_02-edg_03-tour_03-lau2_07-day_03-60_05-frt-1005_01-sng_00-n_00-n_00-n_00-n_00-n_00-n;1005;0;41719;0;N;554791;558966;1;3042;0;R_PL-PH_1;20140321xFri;01_Plzeň_Chrást;Plzeňský kraj;h00;317;N
02-o2_02-edg_03-tour_03-lau2_07-day_03-60_05-frt-1005_01-sng_00-n_00-n_00-n_00-n_00-n_00-n;1005;0;41713;0;N;554791;558966;1;3042;0;R_PL-PH_1;20140315xSat;01_Plzeň_Chrást;Plzeňský kraj;h00;236;N
02-o2_02-edg_03-tour_03-lau2_07-day_03-60_05-frt-1005_01-sng_00-n_00-n_00-n_00-n_00-n_00-n;1005;0;41711;0;N;554791;558966;1;3042;0;R_PL-PH_1;20140313xThu;01_Plzeň_Chrást;Plzeňský kraj;h00;480;N
02-o2_02-edg_03-tour_03-lau2_07-day_03-60_05-frt-1005_01-sng_00-n_00-n_00-n_00-n_00-n_00-n;1005;0;41716;0;N;554791;558966;1;3042;0;R_PL-PH_1;20140318xTue;01_Plzeň_Chrást;Plzeňský kraj;h00;507;N
02-o2_02-edg_03-tour_03-lau2_07-day_03-60_05-frt-1005_01-sng_00-n_00-n_00-n_00-n_00-n_00-n;1005;0;41722;0;N;554791;558966;1;3042;0;R_PL-PH_1;20140324xMon;01_Plzeň_Chrást;Plzeňský kraj;h00;459;N
02-o2_02-edg_03-tour_03-lau2_07-day_03-60_05-frt-1005_01-sng_00-n_00-n_00-n_00-n_00-n_00-n;1005;0;41723;0;N;554791;558966;1;3042;0;R_PL-PH_1;20140325xTue;01_Plzeň_Chrást;Plzeňský kraj;h00;419;N
02-o2_02-edg_03-tour_03-lau2_07-day_03-60_05-frt-1005_01-sng_00-n_00-n_00-n_00-n_00-n_00-n;1005;0;41721;0;N;554791;558966;1;3042;0;R_PL-PH_1;20140323xSun;01_Plzeň_Chrást;Plzeňský kraj;h00;238;N
02-o2_02-edg_03-tour_03-lau2_07-day_03-60_05-frt-1005_01-sng_00-n_00-n_00-n_00-n_00-n_00-n;1005;0;41724;0;N;554791;558966;1;3042;0;R_PL-PH_1;20140326xWed;01_Plzeň_Chrást;Plzeňský kraj;h00;443;N
02-o2_02-edg_03-tour_03-lau2_07-day_03-60_05-frt-1005_01-sng_00-n_00-n_00-n_00-n_00-n_00-n;1005;0;41720;0;N;554791;554782;1;3042;0;R_PL-PH_1;20140322xSat;01_Plzeň_Praha;Plzeňský kraj;h00;1188;N
02-o2_02-edg_03-tour_03-lau2_07-day_03-60_05-frt-1005_01-sng_00-n_00-n_00-n_00-n_00-n_00-n;1005;0;41711;0;N;554791;554782;1;3042;0;R_PL-PH_1;20140313xThu;01_Plzeň_Praha;Plzeňský kraj;h00;1644;N
02-o2_02-edg_03-tour_03-lau2_07-day_03-60_05-frt-1005_01-sng_00-n_00-n_00-n_00-n_00-n_00-n;1005;0;41718;0;N;554791;554782;1;3042;0;R_PL-PH_1;20140320xThu;01_Plzeň_Praha;Plzeňský kraj;h00;1790;N
02-o2_02-edg_03-tour_03-lau2_07-day_03-60_05-frt-1005_01-sng_00-n_00-n_00-n_00-n_00-n_00-n;1005;0;41713;0;N;554791;554782;1;3042;0;R_PL-PH_1;20140315xSat;01_Plzeň_Praha;Plzeňský kraj;h00;1366;N
02-o2_02-edg_03-tour_03-lau2_07-day_03-60_05-frt-1005_01-sng_00-n_00-n_00-n_00-n_00-n_00-n;1005;0;41719;0;N;554791;554782;1;3042;0;R_PL-PH_1;20140321xFri;01_Plzeň_Praha;Plzeňský kraj;h00;1431;N
02-o2_02-edg_03-tour_03-lau2_07-day_03-60_05-frt-1005_01-sng_00-n_00-n_00-n_00-n_00-n_00-n;1005;0;41712;0;N;554791;554782;1;3042;0;R_PL-PH_1;20140314xFri;01_Plzeň_Praha;Plzeňský kraj;h00;1710;N
02-o2_02-edg_03-tour_03-lau2_07-day_03-60_05-frt-1005_01-sng_00-n_00-n_00-n_00-n_00-n_00-n;1005;0;41716;0;N;554791;554782;1;3042;0;R_PL-PH_1;20140318xTue;01_Plzeň_Praha;Plzeňský kraj;h00;1755;N
02-o2_02-edg_03-tour_03-lau2_07-day_03-60_05-frt-1005_01-sng_00-n_00-n_00-n_00-n_00-n_00-n;1005;0;41710;0;N;554791;554782;1;3042;0;R_PL-PH_1;20140312xWed;01_Plzeň_Praha;Plzeňský kraj;h00;1569;N
02-o2_02-edg_03-tour_03-lau2_07-day_03-60_05-frt-1005_01-sng_00-n_00-n_00-n_00-n_00-n_00-n;1005;0;41714;0;N;554791;554782;1;3042;0;R_PL-PH_1;20140316xSun;01_Plzeň_Praha;Plzeňský kraj;h00;1591;N
02-o2_02-edg_03-tour_03-lau2_07-day_03-60_05-frt-1005_01-sng_00-n_00-n_00-n_00-n_00-n_00-n;1005;0;41717;0;N;554791;554782;1;3042;0;R_PL-PH_1;20140319xWed;01_Plzeň_Praha;Plzeňský kraj;h00;1747;N
02-o2_02-edg_03-tour_03-lau2_07-day_03-60_05-frt-1005_01-sng_00-n_00-n_00-n_00-n_00-n_00-n;1005;0;41715;0;N;554791;554782;1;3042;0;R_PL-PH_1;20140317xMon;01_Plzeň_Praha;Plzeňský kraj;h00;1567;N
02-o2_02-edg_03-tour_03-lau2_07-day_03-60_05-frt-1005_01-sng_00-n_00-n_00-n_00-n_00-n_00-n;1005;0;41721;0;N;554791;554782;1;3042;0;R_PL-PH_1;20140323xSun;01_Plzeň_Praha;Plzeňský kraj;h00;1500;N
02-o2_02-edg_03-tour_03-lau2_07-day_03-60_05-frt-1005_01-sng_00-n_00-n_00-n_00-n_00-n_00-n;1005;0;41723;0;N;554791;554782;1;3042;0;R_PL-PH_1;20140325xTue;01_Plzeň_Praha;Plzeňský kraj;h00;1591;N
02-o2_02-edg_03-tour_03-lau2_07-day_03-60_05-frt-1005_01-sng_00-n_00-n_00-n_00-n_00-n_00-n;1005;0;41724;0;N;554791;554782;1;3042;0;R_PL-PH_1;20140326xWed;01_Plzeň_Praha;Plzeňský kraj;h00;1656;N
02-o2_02-edg_03-tour_03-lau2_07-day_03-60_05-frt-1005_01-sng_00-n_00-n_00-n_00-n_00-n_00-n;1005;0;41722;0;N;554791;554782;1;3042;0;R_PL-PH_1;20140324xMon;01_Plzeň_Praha;Plzeňský kraj;h00;1503;N
02-o2_02-edg_03-tour_03-lau2_07-day_03-60_05-frt-1005_01-sng_00-n_00-n_00-n_00-n_00-n_00-n;1005;0;41712;0;N;554791;532011;1;3042;0;R_PL-PH_1;20140314xFri;01_Plzeň_Zdice;Plzeňský kraj;h00;15;N
02-o2_02-edg_03-tour_03-lau2_07-day_03-60_05-frt-1005_01-sng_00-n_00-n_00-n_00-n_00-n_00-n;1005;0;41718;0;N;554791;532011;1;3042;0;R_PL-PH_1;20140320xThu;01_Plzeň_Zdice;Plzeňský kraj;h00;17;N
02-o2_02-edg_03-tour_03-lau2_07-day_03-60_05-frt-1005_01-sng_00-n_00-n_00-n_00-n_00-n_00-n;1005;0;41715;0;N;554791;532011;1;3042;0;R_PL-PH_1;20140317xMon;01_Plzeň_Zdice;Plzeňský kraj;h00;13;N
02-o2_02-edg_03-tour_03-lau2_07-day_03-60_05-frt-1005_01-sng_00-n_00-n_00-n_00-n_00-n_00-n;1005;0;41717;0;N;554791;532011;1;3042;0;R_PL-PH_1;20140319xWed;01_Plzeň_Zdice;Plzeňský kraj;h00;14;N
02-o2_02-edg_03-tour_03-lau2_07-day_03-60_05-frt-1005_01-sng_00-n_00-n_00-n_00-n_00-n_00-n;1005;0;41714;0;N;554791;532011;1;3042;0;R_PL-PH_1;20140316xSun;01_Plzeň_Zdice;Plzeňský kraj;h00;9;N
02-o2_02-edg_03-tour_03-lau2_07-day_03-60_05-frt-1005_01-sng_00-n_00-n_00-n_00-n_00-n_00-n;1005;0;41713;0;N;554791;532011;1;3042;0;R_PL-PH_1;20140315xSat;01_Plzeň_Zdice;Plzeňský kraj;h00;9;N
02-o2_02-edg_03-tour_03-lau2_07-day_03-60_05-frt-1005_01-sng_00-n_00-n_00-n_00-n_00-n_00-n;1005;0;41710;0;N;554791;532011;1;3042;0;R_PL-PH_1;20140312xWed;01_Plzeň_Zdice;Plzeňský kraj;h00;14;N
02-o2_02-edg_03-tour_03-lau2_07-day_03-60_05-frt-1005_01-sng_00-n_00-n_00-n_00-n_00-n_00-n;1005;0;41716;0;N;554791;532011;1;3042;0;R_PL-PH_1;20140318xTue;01_Plzeň_Zdice;Plzeňský kraj;h00;15;N
02-o2_02-edg_03-tour_03-lau2_07-day_03-60_05-frt-1005_01-sng_00-n_00-n_00-n_00-n_00-n_00-n;1005;0;41720;0;N;554791;532011;1;3042;0;R_PL-PH_1;20140322xSat;01_Plzeň_Zdice;Plzeňský kraj;h00;15;N
02-o2_02-edg_03-tour_03-lau2_07-day_03-60_05-frt-1005_01-sng_00-n_00-n_00-n_00-n_00-n_00-n;1005;0;41711;0;N;554791;532011;1;3042;0;R_PL-PH_1;20140313xThu;01_Plzeň_Zdice;Plzeňský kraj;h00;18;N
02-o2_02-edg_03-tour_03-lau2_07-day_03-60_05-frt-1005_01-sng_00-n_00-n_00-n_00-n_00-n_00-n;1005;0;41719;0;N;554791;532011;1;3042;0;R_PL-PH_1;20140321xFri;01_Plzeň_Zdice;Plzeňský kraj;h00;13;N
02-o2_02-edg_03-tour_03-lau2_07-day_03-60_05-frt-1005_01-sng_00-n_00-n_00-n_00-n_00-n_00-n;1005;0;41724;0;N;554791;532011;1;3042;0;R_PL-PH_1;20140326xWed;01_Plzeň_Zdice;Plzeňský kraj;h00;17;N
02-o2_02-edg_03-tour_03-lau2_07-day_03-60_05-frt-1005_01-sng_00-n_00-n_00-n_00-n_00-n_00-n;1005;0;41722;0;N;554791;532011;1;3042;0;R_PL-PH_1;20140324xMon;01_Plzeň_Zdice;Plzeňský kraj;h00;10;N
02-o2_02-edg_03-tour_03-lau2_07-day_03-60_05-frt-1005_01-sng_00-n_00-n_00-n_00-n_00-n_00-n;1005;0;41721;0;N;554791;532011;1;3042;0;R_PL-PH_1;20140323xSun;01_Plzeň_Zdice;Plzeňský kraj;h00;2;N
02-o2_02-edg_03-tour_03-lau2_07-day_03-60_05-frt-1005_01-sng_00-n_00-n_00-n_00-n_00-n_00-n;1005;0;41723;0;N;554791;532011;1;3042;0;R_PL-PH_1;20140325xTue;01_Plzeň_Zdice;Plzeňský kraj;h00;14;N
02-o2_02-edg_03-tour_03-lau2_07-day_03-60_05-frt-1005_01-sng_00-n_00-n_00-n_00-n_00-n_00-n;1005;0;41715;0;N;554791;531189;1;3042;0;R_PL-PH_1;20140317xMon;01_Plzeň_Hořovice;Plzeňský kraj;h00;22;N
02-o2_02-edg_03-tour_03-lau2_07-day_03-60_05-frt-1005_01-sng_00-n_00-n_00-n_00-n_00-n_00-n;1005;0;41711;0;N;554791;531189;1;3042;0;R_PL-PH_1;20140313xThu;01_Plzeň_Hořovice;Plzeňský kraj;h00;22;N
02-o2_02-edg_03-tour_03-lau2_07-day_03-60_05-frt-1005_01-sng_00-n_00-n_00-n_00-n_00-n_00-n;1005;0;41719;0;N;554791;531189;1;3042;0;R_PL-PH_1;20140321xFri;01_Plzeň_Hořovice;Plzeňský kraj;h00;27;N
02-o2_02-edg_03-tour_03-lau2_07-day_03-60_05-frt-1005_01-sng_00-n_00-n_00-n_00-n_00-n_00-n;1005;0;41720;0;N;554791;531189;1;3042;0;R_PL-PH_1;20140322xSat;01_Plzeň_Hořovice;Plzeňský kraj;h00;19;N
02-o2_02-edg_03-tour_03-lau2_07-day_03-60_05-frt-1005_01-sng_00-n_00-n_00-n_00-n_00-n_00-n;1005;0;41710;0;N;554791;531189;1;3042;0;R_PL-PH_1;20140312xWed;01_Plzeň_Hořovice;Plzeňský kraj;h00;19;N
02-o2_02-edg_03-tour_03-lau2_07-day_03-60_05-frt-1005_01-sng_00-n_00-n_00-n_00-n_00-n_00-n;1005;0;41716;0;N;554791;531189;1;3042;0;R_PL-PH_1;20140318xTue;01_Plzeň_Hořovice;Plzeňský kraj;h00;32;N
02-o2_02-edg_03-tour_03-lau2_07-day_03-60_05-frt-1005_01-sng_00-n_00-n_00-n_00-n_00-n_00-n;1005;0;41714;0;N;554791;531189;1;3042;0;R_PL-PH_1;20140316xSun;01_Plzeň_Hořovice;Plzeňský kraj;h00;10;N
02-o2_02-edg_03-tour_03-lau2_07-day_03-60_05-frt-1005_01-sng_00-n_00-n_00-n_00-n_00-n_00-n;1005;0;41717;0;N;554791;531189;1;3042;0;R_PL-PH_1;20140319xWed;01_Plzeň_Hořovice;Plzeňský kraj;h00;29;N
02-o2_02-edg_03-tour_03-lau2_07-day_03-60_05-frt-1005_01-sng_00-n_00-n_00-n_00-n_00-n_00-n;1005;0;41718;0;N;554791;531189;1;3042;0;R_PL-PH_1;20140320xThu;01_Plzeň_Hořovice;Plzeňský kraj;h00;32;N
02-o2_02-edg_03-tour_03-lau2_07-day_03-60_05-frt-1005_01-sng_00-n_00-n_00-n_00-n_00-n_00-n;1005;0;41712;0;N;554791;531189;1;3042;0;R_PL-PH_1;20140314xFri;01_Plzeň_Hořovice;Plzeňský kraj;h00;24;N
02-o2_02-edg_03-tour_03-lau2_07-day_03-60_05-frt-1005_01-sng_00-n_00-n_00-n_00-n_00-n_00-n;1005;0;41713;0;N;554791;531189;1;3042;0;R_PL-PH_1;20140315xSat;01_Plzeň_Hořovice;Plzeňský kraj;h00;17;N
02-o2_02-edg_03-tour_03-lau2_07-day_03-60_05-frt-1005_01-sng_00-n_00-n_00-n_00-n_00-n_00-n;1005;0;41724;0;N;554791;531189;1;3042;0;R_PL-PH_1;20140326xWed;01_Plzeň_Hořovice;Plzeňský kraj;h00;30;N
02-o2_02-edg_03-tour_03-lau2_07-day_03-60_05-frt-1005_01-sng_00-n_00-n_00-n_00-n_00-n_00-n;1005;0;41722;0;N;554791;531189;1;3042;0;R_PL-PH_1;20140324xMon;01_Plzeň_Hořovice;Plzeňský kraj;h00;28;N
02-o2_02-edg_03-tour_03-lau2_07-day_03-60_05-frt-1005_01-sng_00-n_00-n_00-n_00-n_00-n_00-n;1005;0;41723;0;N;554791;531189;1;3042;0;R_PL-PH_1;20140325xTue;01_Plzeň_Hořovice;Plzeňský kraj;h00;29;N
02-o2_02-edg_03-tour_03-lau2_07-day_03-60_05-frt-1005_01-sng_00-n_00-n_00-n_00-n_00-n_00-n;1005;0;41721;0;N;554791;531189;1;3042;0;R_PL-PH_1;20140323xSun;01_Plzeň_Hořovice;Plzeňský kraj;h00;21;N
02-o2_02-edg_03-tour_03-lau2_07-day_03-60_05-frt-1005_01-sng_00-n_00-n_00-n_00-n_00-n_00-n;1005;0;41716;0;N;554791;531057;1;3042;0;R_PL-PH_1;20140318xTue;01_Plzeň_Beroun;Plzeňský kraj;h00;224;N
02-o2_02-edg_03-tour_03-lau2_07-day_03-60_05-frt-1005_01-sng_00-n_00-n_00-n_00-n_00-n_00-n;1005;0;41718;0;N;554791;531057;1;3042;0;R_PL-PH_1;20140320xThu;01_Plzeň_Beroun;Plzeňský kraj;h00;254;N
02-o2_02-edg_03-tour_03-lau2_07-day_03-60_05-frt-1005_01-sng_00-n_00-n_00-n_00-n_00-n_00-n;1005;0;41714;0;N;554791;531057;1;3042;0;R_PL-PH_1;20140316xSun;01_Plzeň_Beroun;Plzeňský kraj;h00;196;N
02-o2_02-edg_03-tour_03-lau2_07-day_03-60_05-frt-1005_01-sng_00-n_00-n_00-n_00-n_00-n_00-n;1005;0;41715;0;N;554791;531057;1;3042;0;R_PL-PH_1;20140317xMon;01_Plzeň_Beroun;Plzeňský kraj;h00;221;N
02-o2_02-edg_03-tour_03-lau2_07-day_03-60_05-frt-1005_01-sng_00-n_00-n_00-n_00-n_00-n_00-n;1005;0;41720;0;N;554791;531057;1;3042;0;R_PL-PH_1;20140322xSat;01_Plzeň_Beroun;Plzeňský kraj;h00;204;N
02-o2_02-edg_03-tour_03-lau2_07-day_03-60_05-frt-1005_01-sng_00-n_00-n_00-n_00-n_00-n_00-n;1005;0;41711;0;N;554791;531057;1;3042;0;R_PL-PH_1;20140313xThu;01_Plzeň_Beroun;Plzeňský kraj;h00;497;N
02-o2_02-edg_03-tour_03-lau2_07-day_03-60_05-frt-1005_01-sng_00-n_00-n_00-n_00-n_00-n_00-n;1005;0;41719;0;N;554791;531057;1;3042;0;R_PL-PH_1;20140321xFri;01_Plzeň_Beroun;Plzeňský kraj;h00;305;N
02-o2_02-edg_03-tour_03-lau2_07-day_03-60_05-frt-1005_01-sng_00-n_00-n_00-n_00-n_00-n_00-n;1005;0;41713;0;N;554791;531057;1;3042;0;R_PL-PH_1;20140315xSat;01_Plzeň_Beroun;Plzeňský kraj;h00;213;N
02-o2_02-edg_03-tour_03-lau2_07-day_03-60_05-frt-1005_01-sng_00-n_00-n_00-n_00-n_00-n_00-n;1005;0;41712;0;N;554791;531057;1;3042;0;R_PL-PH_1;20140314xFri;01_Plzeň_Beroun;Plzeňský kraj;h00;248;N
02-o2_02-edg_03-tour_03-lau2_07-day_03-60_05-frt-1005_01-sng_00-n_00-n_00-n_00-n_00-n_00-n;1005;0;41717;0;N;554791;531057;1;3042;0;R_PL-PH_1;20140319xWed;01_Plzeň_Beroun;Plzeňský kraj;h00;231;N
02-o2_02-edg_03-tour_03-lau2_07-day_03-60_05-frt-1005_01-sng_00-n_00-n_00-n_00-n_00-n_00-n;1005;0;41710;0;N;554791;531057;1;3042;0;R_PL-PH_1;20140312xWed;01_Plzeň_Beroun;Plzeňský kraj;h00;531;N
02-o2_02-edg_03-tour_03-lau2_07-day_03-60_05-frt-1005_01-sng_00-n_00-n_00-n_00-n_00-n_00-n;1005;0;41721;0;N;554791;531057;1;3042;0;R_PL-PH_1;20140323xSun;01_Plzeň_Beroun;Plzeňský kraj;h00;226;N
02-o2_02-edg_03-tour_03-lau2_07-day_03-60_05-frt-1005_01-sng_00-n_00-n_00-n_00-n_00-n_00-n;1005;0;41723;0;N;554791;531057;1;3042;0;R_PL-PH_1;20140325xTue;01_Plzeň_Beroun;Plzeňský kraj;h00;215;N
02-o2_02-edg_03-tour_03-lau2_07-day_03-60_05-frt-1005_01-sng_00-n_00-n_00-n_00-n_00-n_00-n;1005;0;41722;0;N;554791;531057;1;3042;0;R_PL-PH_1;20140324xMon;01_Plzeň_Beroun;Plzeňský kraj;h00;191;N
02-o2_02-edg_03-tour_03-lau2_07-day_03-60_05-frt-1005_01-sng_00-n_00-n_00-n_00-n_00-n_00-n;1005;0;41724;0;N;554791;531057;1;3042;0;R_PL-PH_1;20140326xWed;01_Plzeň_Beroun;Plzeňský kraj;h00;235;N
02-o2_02-edg_03-tour_03-lau2_07-day_03-60_05-frt-1005_01-sng_00-n_00-n_00-n_00-n_00-n_00-n;1005;0;41716;0;N;532011;554782;6;3026;0;R_PL-PH_1;20140318xTue;06_Zdice_Praha;Středočeský kraj;h00;135;N
02-o2_02-edg_03-tour_03-lau2_07-day_03-60_05-frt-1005_01-sng_00-n_00-n_00-n_00-n_00-n_00-n;1005;0;41720;0;N;532011;554782;6;3026;0;R_PL-PH_1;20140322xSat;06_Zdice_Praha;Středočeský kraj;h00;71;N
02-o2_02-edg_03-tour_03-lau2_07-day_03-60_05-frt-1005_01-sng_00-n_00-n_00-n_00-n_00-n_00-n;1005;0;41718;0;N;532011;554782;6;3026;0;R_PL-PH_1;20140320xThu;06_Zdice_Praha;Středočeský kraj;h00;162;N
02-o2_02-edg_03-tour_03-lau2_07-day_03-60_05-frt-1005_01-sng_00-n_00-n_00-n_00-n_00-n_00-n;1005;0;41717;0;N;532011;554782;6;3026;0;R_PL-PH_1;20140319xWed;06_Zdice_Praha;Středočeský kraj;h00;178;N
02-o2_02-edg_03-tour_03-lau2_07-day_03-60_05-frt-1005_01-sng_00-n_00-n_00-n_00-n_00-n_00-n;1005;0;41710;0;N;532011;554782;6;3026;0;R_PL-PH_1;20140312xWed;06_Zdice_Praha;Středočeský kraj;h00;180;N
02-o2_02-edg_03-tour_03-lau2_07-day_03-60_05-frt-1005_01-sng_00-n_00-n_00-n_00-n_00-n_00-n;1005;0;41714;0;N;532011;554782;6;3026;0;R_PL-PH_1;20140316xSun;06_Zdice_Praha;Středočeský kraj;h00;63;N
02-o2_02-edg_03-tour_03-lau2_07-day_03-60_05-frt-1005_01-sng_00-n_00-n_00-n_00-n_00-n_00-n;1005;0;41715;0;N;532011;554782;6;3026;0;R_PL-PH_1;20140317xMon;06_Zdice_Praha;Středočeský kraj;h00;127;N
02-o2_02-edg_03-tour_03-lau2_07-day_03-60_05-frt-1005_01-sng_00-n_00-n_00-n_00-n_00-n_00-n;1005;0;41711;0;N;532011;554782;6;3026;0;R_PL-PH_1;20140313xThu;06_Zdice_Praha;Středočeský kraj;h00;146;N
02-o2_02-edg_03-tour_03-lau2_07-day_03-60_05-frt-1005_01-sng_00-n_00-n_00-n_00-n_00-n_00-n;1005;0;41719;0;N;532011;554782;6;3026;0;R_PL-PH_1;20140321xFri;06_Zdice_Praha;Středočeský kraj;h00;139;N
02-o2_02-edg_03-tour_03-lau2_07-day_03-60_05-frt-1005_01-sng_00-n_00-n_00-n_00-n_00-n_00-n;1005;0;41713;0;N;532011;554782;6;3026;0;R_PL-PH_1;20140315xSat;06_Zdice_Praha;Středočeský kraj;h00;86;N
02-o2_02-edg_03-tour_03-lau2_07-day_03-60_05-frt-1005_01-sng_00-n_00-n_00-n_00-n_00-n_00-n;1005;0;41712;0;N;532011;554782;6;3026;0;R_PL-PH_1;20140314xFri;06_Zdice_Praha;Středočeský kraj;h00;153;N
02-o2_02-edg_03-tour_03-lau2_07-day_03-60_05-frt-1005_01-sng_00-n_00-n_00-n_00-n_00-n_00-n;1005;0;41721;0;N;532011;554782;6;3026;0;R_PL-PH_1;20140323xSun;06_Zdice_Praha;Středočeský kraj;h00;88;N
02-o2_02-edg_03-tour_03-lau2_07-day_03-60_05-frt-1005_01-sng_00-n_00-n_00-n_00-n_00-n_00-n;1005;0;41724;0;N;532011;554782;6;3026;0;R_PL-PH_1;20140326xWed;06_Zdice_Praha;Středočeský kraj;h00;149;N
02-o2_02-edg_03-tour_03-lau2_07-day_03-60_05-frt-1005_01-sng_00-n_00-n_00-n_00-n_00-n_00-n;1005;0;41722;0;N;532011;554782;6;3026;0;R_PL-PH_1;20140324xMon;06_Zdice_Praha;Středočeský kraj;h00;125;N
02-o2_02-edg_03-tour_03-lau2_07-day_03-60_05-frt-1005_01-sng_00-n_00-n_00-n_00-n_00-n_00-n;1005;0;41723;0;N;532011;554782;6;3026;0;R_PL-PH_1;20140325xTue;06_Zdice_Praha;Středočeský kraj;h00;127;N
02-o2_02-edg_03-tour_03-lau2_07-day_03-60_05-frt-1005_01-sng_00-n_00-n_00-n_00-n_00-n_00-n;1005;0;41720;0;N;532011;531057;6;3026;0;R_PL-PH_1;20140322xSat;06_Zdice_Beroun;Středočeský kraj;h00;256;N
02-o2_02-edg_03-tour_03-lau2_07-day_03-60_05-frt-1005_01-sng_00-n_00-n_00-n_00-n_00-n_00-n;1005;0;41714;0;N;532011;531057;6;3026;0;R_PL-PH_1;20140316xSun;06_Zdice_Beroun;Středočeský kraj;h00;126;N
02-o2_02-edg_03-tour_03-lau2_07-day_03-60_05-frt-1005_01-sng_00-n_00-n_00-n_00-n_00-n_00-n;1005;0;41711;0;N;532011;531057;6;3026;0;R_PL-PH_1;20140313xThu;06_Zdice_Beroun;Středočeský kraj;h00;415;N
02-o2_02-edg_03-tour_03-lau2_07-day_03-60_05-frt-1005_01-sng_00-n_00-n_00-n_00-n_00-n_00-n;1005;0;41716;0;N;532011;531057;6;3026;0;R_PL-PH_1;20140318xTue;06_Zdice_Beroun;Středočeský kraj;h00;421;N
02-o2_02-edg_03-tour_03-lau2_07-day_03-60_05-frt-1005_01-sng_00-n_00-n_00-n_00-n_00-n_00-n;1005;0;41717;0;N;532011;531057;6;3026;0;R_PL-PH_1;20140319xWed;06_Zdice_Beroun;Středočeský kraj;h00;458;N
02-o2_02-edg_03-tour_03-lau2_07-day_03-60_05-frt-1005_01-sng_00-n_00-n_00-n_00-n_00-n_00-n;1005;0;41719;0;N;532011;531057;6;3026;0;R_PL-PH_1;20140321xFri;06_Zdice_Beroun;Středočeský kraj;h00;387;N
02-o2_02-edg_03-tour_03-lau2_07-day_03-60_05-frt-1005_01-sng_00-n_00-n_00-n_00-n_00-n_00-n;1005;0;41710;0;N;532011;531057;6;3026;0;R_PL-PH_1;20140312xWed;06_Zdice_Beroun;Středočeský kraj;h00;452;N
02-o2_02-edg_03-tour_03-lau2_07-day_03-60_05-frt-1005_01-sng_00-n_00-n_00-n_00-n_00-n_00-n;1005;0;41718;0;N;532011;531057;6;3026;0;R_PL-PH_1;20140320xThu;06_Zdice_Beroun;Středočeský kraj;h00;460;N
02-o2_02-edg_03-tour_03-lau2_07-day_03-60_05-frt-1005_01-sng_00-n_00-n_00-n_00-n_00-n_00-n;1005;0;41712;0;N;532011;531057;6;3026;0;R_PL-PH_1;20140314xFri;06_Zdice_Beroun;Středočeský kraj;h00;427;N
02-o2_02-edg_03-tour_03-lau2_07-day_03-60_05-frt-1005_01-sng_00-n_00-n_00-n_00-n_00-n_00-n;1005;0;41715;0;N;532011;531057;6;3026;0;R_PL-PH_1;20140317xMon;06_Zdice_Beroun;Středočeský kraj;h00;341;N
02-o2_02-edg_03-tour_03-lau2_07-day_03-60_05-frt-1005_01-sng_00-n_00-n_00-n_00-n_00-n_00-n;1005;0;41713;0;N;532011;531057;6;3026;0;R_PL-PH_1;20140315xSat;06_Zdice_Beroun;Středočeský kraj;h00;256;N
02-o2_02-edg_03-tour_03-lau2_07-day_03-60_05-frt-1005_01-sng_00-n_00-n_00-n_00-n_00-n_00-n;1005;0;41723;0;N;532011;531057;6;3026;0;R_PL-PH_1;20140325xTue;06_Zdice_Beroun;Středočeský kraj;h00;378;N
02-o2_02-edg_03-tour_03-lau2_07-day_03-60_05-frt-1005_01-sng_00-n_00-n_00-n_00-n_00-n_00-n;1005;0;41722;0;N;532011;531057;6;3026;0;R_PL-PH_1;20140324xMon;06_Zdice_Beroun;Středočeský kraj;h00;398;N
02-o2_02-edg_03-tour_03-lau2_07-day_03-60_05-frt-1005_01-sng_00-n_00-n_00-n_00-n_00-n_00-n;1005;0;41724;0;N;532011;531057;6;3026;0;R_PL-PH_1;20140326xWed;06_Zdice_Beroun;Středočeský kraj;h00;431;N
02-o2_02-edg_03-tour_03-lau2_07-day_03-60_05-frt-1005_01-sng_00-n_00-n_00-n_00-n_00-n_00-n;1005;0;41721;0;N;532011;531057;6;3026;0;R_PL-PH_1;20140323xSun;06_Zdice_Beroun;Středočeský kraj;h00;200;N
02-o2_02-edg_03-tour_03-lau2_07-day_03-60_05-frt-1005_01-sng_00-n_00-n_00-n_00-n_00-n_00-n;1005;0;41710;0;N;531189;554782;5;3026;0;R_PL-PH_1;20140312xWed;05_Hořovice_Praha;Středočeský kraj;h00;108;N
02-o2_02-edg_03-tour_03-lau2_07-day_03-60_05-frt-1005_01-sng_00-n_00-n_00-n_00-n_00-n_00-n;1005;0;41713;0;N;531189;554782;5;3026;0;R_PL-PH_1;20140315xSat;05_Hořovice_Praha;Středočeský kraj;h00;73;N
02-o2_02-edg_03-tour_03-lau2_07-day_03-60_05-frt-1005_01-sng_00-n_00-n_00-n_00-n_00-n_00-n;1005;0;41717;0;N;531189;554782;5;3026;0;R_PL-PH_1;20140319xWed;05_Hořovice_Praha;Středočeský kraj;h00;154;N
02-o2_02-edg_03-tour_03-lau2_07-day_03-60_05-frt-1005_01-sng_00-n_00-n_00-n_00-n_00-n_00-n;1005;0;41716;0;N;531189;554782;5;3026;0;R_PL-PH_1;20140318xTue;05_Hořovice_Praha;Středočeský kraj;h00;135;N
02-o2_02-edg_03-tour_03-lau2_07-day_03-60_05-frt-1005_01-sng_00-n_00-n_00-n_00-n_00-n_00-n;1005;0;41715;0;N;531189;554782;5;3026;0;R_PL-PH_1;20140317xMon;05_Hořovice_Praha;Středočeský kraj;h00;121;N
02-o2_02-edg_03-tour_03-lau2_07-day_03-60_05-frt-1005_01-sng_00-n_00-n_00-n_00-n_00-n_00-n;1005;0;41718;0;N;531189;554782;5;3026;0;R_PL-PH_1;20140320xThu;05_Hořovice_Praha;Středočeský kraj;h00;107;N
02-o2_02-edg_03-tour_03-lau2_07-day_03-60_05-frt-1005_01-sng_00-n_00-n_00-n_00-n_00-n_00-n;1005;0;41720;0;N;531189;554782;5;3026;0;R_PL-PH_1;20140322xSat;05_Hořovice_Praha;Středočeský kraj;h00;69;N
02-o2_02-edg_03-tour_03-lau2_07-day_03-60_05-frt-1005_01-sng_00-n_00-n_00-n_00-n_00-n_00-n;1005;0;41714;0;N;531189;554782;5;3026;0;R_PL-PH_1;20140316xSun;05_Hořovice_Praha;Středočeský kraj;h00;54;N
02-o2_02-edg_03-tour_03-lau2_07-day_03-60_05-frt-1005_01-sng_00-n_00-n_00-n_00-n_00-n_00-n;1005;0;41719;0;N;531189;554782;5;3026;0;R_PL-PH_1;20140321xFri;05_Hořovice_Praha;Středočeský kraj;h00;87;N
02-o2_02-edg_03-tour_03-lau2_07-day_03-60_05-frt-1005_01-sng_00-n_00-n_00-n_00-n_00-n_00-n;1005;0;41712;0;N;531189;554782;5;3026;0;R_PL-PH_1;20140314xFri;05_Hořovice_Praha;Středočeský kraj;h00;121;N
02-o2_02-edg_03-tour_03-lau2_07-day_03-60_05-frt-1005_01-sng_00-n_00-n_00-n_00-n_00-n_00-n;1005;0;41711;0;N;531189;554782;5;3026;0;R_PL-PH_1;20140313xThu;05_Hořovice_Praha;Středočeský kraj;h00;90;N
02-o2_02-edg_03-tour_03-lau2_07-day_03-60_05-frt-1005_01-sng_00-n_00-n_00-n_00-n_00-n_00-n;1005;0;41723;0;N;531189;554782;5;3026;0;R_PL-PH_1;20140325xTue;05_Hořovice_Praha;Středočeský kraj;h00;108;N
02-o2_02-edg_03-tour_03-lau2_07-day_03-60_05-frt-1005_01-sng_00-n_00-n_00-n_00-n_00-n_00-n;1005;0;41722;0;N;531189;554782;5;3026;0;R_PL-PH_1;20140324xMon;05_Hořovice_Praha;Středočeský kraj;h00;111;N
02-o2_02-edg_03-tour_03-lau2_07-day_03-60_05-frt-1005_01-sng_00-n_00-n_00-n_00-n_00-n_00-n;1005;0;41721;0;N;531189;554782;5;3026;0;R_PL-PH_1;20140323xSun;05_Hořovice_Praha;Středočeský kraj;h00;79;N
02-o2_02-edg_03-tour_03-lau2_07-day_03-60_05-frt-1005_01-sng_00-n_00-n_00-n_00-n_00-n_00-n;1005;0;41724;0;N;531189;554782;5;3026;0;R_PL-PH_1;20140326xWed;05_Hořovice_Praha;Středočeský kraj;h00;109;N
02-o2_02-edg_03-tour_03-lau2_07-day_03-60_05-frt-1005_01-sng_00-n_00-n_00-n_00-n_00-n_00-n;1005;0;41719;0;N;531189;532011;5;3026;0;R_PL-PH_1;20140321xFri;05_Hořovice_Zdice;Středočeský kraj;h00;68;N
02-o2_02-edg_03-tour_03-lau2_07-day_03-60_05-frt-1005_01-sng_00-n_00-n_00-n_00-n_00-n_00-n;1005;0;41717;0;N;531189;532011;5;3026;0;R_PL-PH_1;20140319xWed;05_Hořovice_Zdice;Středočeský kraj;h00;102;N
02-o2_02-edg_03-tour_03-lau2_07-day_03-60_05-frt-1005_01-sng_00-n_00-n_00-n_00-n_00-n_00-n;1005;0;41712;0;N;531189;532011;5;3026;0;R_PL-PH_1;20140314xFri;05_Hořovice_Zdice;Středočeský kraj;h00;74;N
02-o2_02-edg_03-tour_03-lau2_07-day_03-60_05-frt-1005_01-sng_00-n_00-n_00-n_00-n_00-n_00-n;1005;0;41716;0;N;531189;532011;5;3026;0;R_PL-PH_1;20140318xTue;05_Hořovice_Zdice;Středočeský kraj;h00;86;N
02-o2_02-edg_03-tour_03-lau2_07-day_03-60_05-frt-1005_01-sng_00-n_00-n_00-n_00-n_00-n_00-n;1005;0;41711;0;N;531189;532011;5;3026;0;R_PL-PH_1;20140313xThu;05_Hořovice_Zdice;Středočeský kraj;h00;78;N
02-o2_02-edg_03-tour_03-lau2_07-day_03-60_05-frt-1005_01-sng_00-n_00-n_00-n_00-n_00-n_00-n;1005;0;41710;0;N;531189;532011;5;3026;0;R_PL-PH_1;20140312xWed;05_Hořovice_Zdice;Středočeský kraj;h00;76;N
02-o2_02-edg_03-tour_03-lau2_07-day_03-60_05-frt-1005_01-sng_00-n_00-n_00-n_00-n_00-n_00-n;1005;0;41713;0;N;531189;532011;5;3026;0;R_PL-PH_1;20140315xSat;05_Hořovice_Zdice;Středočeský kraj;h00;27;N
02-o2_02-edg_03-tour_03-lau2_07-day_03-60_05-frt-1005_01-sng_00-n_00-n_00-n_00-n_00-n_00-n;1005;0;41720;0;N;531189;532011;5;3026;0;R_PL-PH_1;20140322xSat;05_Hořovice_Zdice;Středočeský kraj;h00;40;N
02-o2_02-edg_03-tour_03-lau2_07-day_03-60_05-frt-1005_01-sng_00-n_00-n_00-n_00-n_00-n_00-n;1005;0;41718;0;N;531189;532011;5;3026;0;R_PL-PH_1;20140320xThu;05_Hořovice_Zdice;Středočeský kraj;h00;107;N
02-o2_02-edg_03-tour_03-lau2_07-day_03-60_05-frt-1005_01-sng_00-n_00-n_00-n_00-n_00-n_00-n;1005;0;41714;0;N;531189;532011;5;3026;0;R_PL-PH_1;20140316xSun;05_Hořovice_Zdice;Středočeský kraj;h00;28;N
02-o2_02-edg_03-tour_03-lau2_07-day_03-60_05-frt-1005_01-sng_00-n_00-n_00-n_00-n_00-n_00-n;1005;0;41715;0;N;531189;532011;5;3026;0;R_PL-PH_1;20140317xMon;05_Hořovice_Zdice;Středočeský kraj;h00;61;N
02-o2_02-edg_03-tour_03-lau2_07-day_03-60_05-frt-1005_01-sng_00-n_00-n_00-n_00-n_00-n_00-n;1005;0;41724;0;N;531189;532011;5;3026;0;R_PL-PH_1;20140326xWed;05_Hořovice_Zdice;Středočeský kraj;h00;84;N
02-o2_02-edg_03-tour_03-lau2_07-day_03-60_05-frt-1005_01-sng_00-n_00-n_00-n_00-n_00-n_00-n;1005;0;41721;0;N;531189;532011;5;3026;0;R_PL-PH_1;20140323xSun;05_Hořovice_Zdice;Středočeský kraj;h00;42;N
02-o2_02-edg_03-tour_03-lau2_07-day_03-60_05-frt-1005_01-sng_00-n_00-n_00-n_00-n_00-n_00-n;1005;0;41722;0;N;531189;532011;5;3026;0;R_PL-PH_1;20140324xMon;05_Hořovice_Zdice;Středočeský kraj;h00;87;N
02-o2_02-edg_03-tour_03-lau2_07-day_03-60_05-frt-1005_01-sng_00-n_00-n_00-n_00-n_00-n_00-n;1005;0;41723;0;N;531189;532011;5;3026;0;R_PL-PH_1;20140325xTue;05_Hořovice_Zdice;Středočeský kraj;h00;77;N
02-o2_02-edg_03-tour_03-lau2_07-day_03-60_05-frt-1005_01-sng_00-n_00-n_00-n_00-n_00-n_00-n;1005;0;41721;0;N;531189;531057;5;3026;0;R_PL-PH_1;20140323xSun;05_Hořovice_Beroun;Středočeský kraj;h00;47;N
02-o2_02-edg_03-tour_03-lau2_07-day_03-60_05-frt-1005_01-sng_00-n_00-n_00-n_00-n_00-n_00-n;1005;0;41719;0;N;531189;531057;5;3026;0;R_PL-PH_1;20140321xFri;05_Hořovice_Beroun;Středočeský kraj;h00;131;N
02-o2_02-edg_03-tour_03-lau2_07-day_03-60_05-frt-1005_01-sng_00-n_00-n_00-n_00-n_00-n_00-n;1005;0;41711;0;N;531189;531057;5;3026;0;R_PL-PH_1;20140313xThu;05_Hořovice_Beroun;Středočeský kraj;h00;149;N
02-o2_02-edg_03-tour_03-lau2_07-day_03-60_05-frt-1005_01-sng_00-n_00-n_00-n_00-n_00-n_00-n;1005;0;41710;0;N;531189;531057;5;3026;0;R_PL-PH_1;20140312xWed;05_Hořovice_Beroun;Středočeský kraj;h00;140;N
02-o2_02-edg_03-tour_03-lau2_07-day_03-60_05-frt-1005_01-sng_00-n_00-n_00-n_00-n_00-n_00-n;1005;0;41714;0;N;531189;531057;5;3026;0;R_PL-PH_1;20140316xSun;05_Hořovice_Beroun;Středočeský kraj;h00;46;N
02-o2_02-edg_03-tour_03-lau2_07-day_03-60_05-frt-1005_01-sng_00-n_00-n_00-n_00-n_00-n_00-n;1005;0;41716;0;N;531189;531057;5;3026;0;R_PL-PH_1;20140318xTue;05_Hořovice_Beroun;Středočeský kraj;h00;164;N
02-o2_02-edg_03-tour_03-lau2_07-day_03-60_05-frt-1005_01-sng_00-n_00-n_00-n_00-n_00-n_00-n;1005;0;41712;0;N;531189;531057;5;3026;0;R_PL-PH_1;20140314xFri;05_Hořovice_Beroun;Středočeský kraj;h00;151;N
02-o2_02-edg_03-tour_03-lau2_07-day_03-60_05-frt-1005_01-sng_00-n_00-n_00-n_00-n_00-n_00-n;1005;0;41717;0;N;531189;531057;5;3026;0;R_PL-PH_1;20140319xWed;05_Hořovice_Beroun;Středočeský kraj;h00;172;N
02-o2_02-edg_03-tour_03-lau2_07-day_03-60_05-frt-1005_01-sng_00-n_00-n_00-n_00-n_00-n_00-n;1005;0;41720;0;N;531189;531057;5;3026;0;R_PL-PH_1;20140322xSat;05_Hořovice_Beroun;Středočeský kraj;h00;63;N
02-o2_02-edg_03-tour_03-lau2_07-day_03-60_05-frt-1005_01-sng_00-n_00-n_00-n_00-n_00-n_00-n;1005;0;41718;0;N;531189;531057;5;3026;0;R_PL-PH_1;20140320xThu;05_Hořovice_Beroun;Středočeský kraj;h00;141;N
02-o2_02-edg_03-tour_03-lau2_07-day_03-60_05-frt-1005_01-sng_00-n_00-n_00-n_00-n_00-n_00-n;1005;0;41715;0;N;531189;531057;5;3026;0;R_PL-PH_1;20140317xMon;05_Hořovice_Beroun;Středočeský kraj;h00;101;N
02-o2_02-edg_03-tour_03-lau2_07-day_03-60_05-frt-1005_01-sng_00-n_00-n_00-n_00-n_00-n_00-n;1005;0;41713;0;N;531189;531057;5;3026;0;R_PL-PH_1;20140315xSat;05_Hořovice_Beroun;Středočeský kraj;h00;68;N
02-o2_02-edg_03-tour_03-lau2_07-day_03-60_05-frt-1005_01-sng_00-n_00-n_00-n_00-n_00-n_00-n;1005;0;41723;0;N;531189;531057;5;3026;0;R_PL-PH_1;20140325xTue;05_Hořovice_Beroun;Středočeský kraj;h00;154;N
02-o2_02-edg_03-tour_03-lau2_07-day_03-60_05-frt-1005_01-sng_00-n_00-n_00-n_00-n_00-n_00-n;1005;0;41724;0;N;531189;531057;5;3026;0;R_PL-PH_1;20140326xWed;05_Hořovice_Beroun;Středočeský kraj;h00;154;N
02-o2_02-edg_03-tour_03-lau2_07-day_03-60_05-frt-1005_01-sng_00-n_00-n_00-n_00-n_00-n_00-n;1005;0;41722;0;N;531189;531057;5;3026;0;R_PL-PH_1;20140324xMon;05_Hořovice_Beroun;Středočeský kraj;h00;147;N
02-o2_02-edg_03-tour_03-lau2_07-day_03-60_05-frt-1005_01-sng_00-n_00-n_00-n_00-n_00-n_00-n;1005;0;41711;0;N;531057;554782;7;3026;0;R_PL-PH_1;20140313xThu;07_Beroun_Praha;Středočeský kraj;h00;3645;N
02-o2_02-edg_03-tour_03-lau2_07-day_03-60_05-frt-1005_01-sng_00-n_00-n_00-n_00-n_00-n_00-n;1005;0;41720;0;N;531057;554782;7;3026;0;R_PL-PH_1;20140322xSat;07_Beroun_Praha;Středočeský kraj;h00;2061;N
02-o2_02-edg_03-tour_03-lau2_07-day_03-60_05-frt-1005_01-sng_00-n_00-n_00-n_00-n_00-n_00-n;1005;0;41713;0;N;531057;554782;7;3026;0;R_PL-PH_1;20140315xSat;07_Beroun_Praha;Středočeský kraj;h00;2277;N
02-o2_02-edg_03-tour_03-lau2_07-day_03-60_05-frt-1005_01-sng_00-n_00-n_00-n_00-n_00-n_00-n;1005;0;41715;0;N;531057;554782;7;3026;0;R_PL-PH_1;20140317xMon;07_Beroun_Praha;Středočeský kraj;h00;2760;N
02-o2_02-edg_03-tour_03-lau2_07-day_03-60_05-frt-1005_01-sng_00-n_00-n_00-n_00-n_00-n_00-n;1005;0;41719;0;N;531057;554782;7;3026;0;R_PL-PH_1;20140321xFri;07_Beroun_Praha;Středočeský kraj;h00;2848;N
02-o2_02-edg_03-tour_03-lau2_07-day_03-60_05-frt-1005_01-sng_00-n_00-n_00-n_00-n_00-n_00-n;1005;0;41717;0;N;531057;554782;7;3026;0;R_PL-PH_1;20140319xWed;07_Beroun_Praha;Středočeský kraj;h00;3082;N
02-o2_02-edg_03-tour_03-lau2_07-day_03-60_05-frt-1005_01-sng_00-n_00-n_00-n_00-n_00-n_00-n;1005;0;41718;0;N;531057;554782;7;3026;0;R_PL-PH_1;20140320xThu;07_Beroun_Praha;Středočeský kraj;h00;3047;N
02-o2_02-edg_03-tour_03-lau2_07-day_03-60_05-frt-1005_01-sng_00-n_00-n_00-n_00-n_00-n_00-n;1005;0;41710;0;N;531057;554782;7;3026;0;R_PL-PH_1;20140312xWed;07_Beroun_Praha;Středočeský kraj;h00;3353;N
02-o2_02-edg_03-tour_03-lau2_07-day_03-60_05-frt-1005_01-sng_00-n_00-n_00-n_00-n_00-n_00-n;1005;0;41714;0;N;531057;554782;7;3026;0;R_PL-PH_1;20140316xSun;07_Beroun_Praha;Středočeský kraj;h00;1906;N
02-o2_02-edg_03-tour_03-lau2_07-day_03-60_05-frt-1005_01-sng_00-n_00-n_00-n_00-n_00-n_00-n;1005;0;41712;0;N;531057;554782;7;3026;0;R_PL-PH_1;20140314xFri;07_Beroun_Praha;Středočeský kraj;h00;3490;N
02-o2_02-edg_03-tour_03-lau2_07-day_03-60_05-frt-1005_01-sng_00-n_00-n_00-n_00-n_00-n_00-n;1005;0;41716;0;N;531057;554782;7;3026;0;R_PL-PH_1;20140318xTue;07_Beroun_Praha;Středočeský kraj;h00;2936;N
02-o2_02-edg_03-tour_03-lau2_07-day_03-60_05-frt-1005_01-sng_00-n_00-n_00-n_00-n_00-n_00-n;1005;0;41722;0;N;531057;554782;7;3026;0;R_PL-PH_1;20140324xMon;07_Beroun_Praha;Středočeský kraj;h00;2921;N
02-o2_02-edg_03-tour_03-lau2_07-day_03-60_05-frt-1005_01-sng_00-n_00-n_00-n_00-n_00-n_00-n;1005;0;41723;0;N;531057;554782;7;3026;0;R_PL-PH_1;20140325xTue;07_Beroun_Praha;Středočeský kraj;h00;3024;N
02-o2_02-edg_03-tour_03-lau2_07-day_03-60_05-frt-1005_01-sng_00-n_00-n_00-n_00-n_00-n_00-n;1005;0;41721;0;N;531057;554782;7;3026;0;R_PL-PH_1;20140323xSun;07_Beroun_Praha;Středočeský kraj;h00;1861;N
02-o2_02-edg_03-tour_03-lau2_07-day_03-60_05-frt-1005_01-sng_00-n_00-n_00-n_00-n_00-n_00-n;1005;0;41724;0;N;531057;554782;7;3026;0;R_PL-PH_1;20140326xWed;07_Beroun_Praha;Středočeský kraj;h00;3157;N
02-o2_02-edg_03-tour_03-lau2_07-day_03-60_05-frt-1005_01-sng_00-n_00-n_00-n_00-n_00-n_00-n;1005;0;41723;0;N;559903;531057;4;3042;0;R_PL-PH_1;20140325xTue;04_Kařez_Beroun;Plzeňský kraj;h00;82;N
02-o2_02-edg_03-tour_03-lau2_07-day_03-60_05-frt-1005_01-sng_00-n_00-n_00-n_00-n_00-n_00-n;1005;0;41714;0;N;559903;554782;4;3042;0;R_PL-PH_1;20140316xSun;04_Kařez_Praha;Plzeňský kraj;h00;132;N
02-o2_02-edg_03-tour_03-lau2_07-day_03-60_05-frt-1005_01-sng_00-n_00-n_00-n_00-n_00-n_00-n;1005;0;41711;0;N;559903;554782;4;3042;0;R_PL-PH_1;20140313xThu;04_Kařez_Praha;Plzeňský kraj;h00;314;N
02-o2_02-edg_03-tour_03-lau2_07-day_03-60_05-frt-1005_01-sng_00-n_00-n_00-n_00-n_00-n_00-n;1005;0;41716;0;N;559903;554782;4;3042;0;R_PL-PH_1;20140318xTue;04_Kařez_Praha;Plzeňský kraj;h00;263;N
02-o2_02-edg_03-tour_03-lau2_07-day_03-60_05-frt-1005_01-sng_00-n_00-n_00-n_00-n_00-n_00-n;1005;0;41720;0;N;559903;554782;4;3042;0;R_PL-PH_1;20140322xSat;04_Kařez_Praha;Plzeňský kraj;h00;272;N
02-o2_02-edg_03-tour_03-lau2_07-day_03-60_05-frt-1005_01-sng_00-n_00-n_00-n_00-n_00-n_00-n;1005;0;41719;0;N;559903;554782;4;3042;0;R_PL-PH_1;20140321xFri;04_Kařez_Praha;Plzeňský kraj;h00;217;N
02-o2_02-edg_03-tour_03-lau2_07-day_03-60_05-frt-1005_01-sng_00-n_00-n_00-n_00-n_00-n_00-n;1005;0;41715;0;N;559903;554782;4;3042;0;R_PL-PH_1;20140317xMon;04_Kařez_Praha;Plzeňský kraj;h00;221;N
02-o2_02-edg_03-tour_03-lau2_07-day_03-60_05-frt-1005_01-sng_00-n_00-n_00-n_00-n_00-n_00-n;1005;0;41718;0;N;559903;554782;4;3042;0;R_PL-PH_1;20140320xThu;04_Kařez_Praha;Plzeňský kraj;h00;244;N
02-o2_02-edg_03-tour_03-lau2_07-day_03-60_05-frt-1005_01-sng_00-n_00-n_00-n_00-n_00-n_00-n;1005;0;41712;0;N;559903;554782;4;3042;0;R_PL-PH_1;20140314xFri;04_Kařez_Praha;Plzeňský kraj;h00;322;N
02-o2_02-edg_03-tour_03-lau2_07-day_03-60_05-frt-1005_01-sng_00-n_00-n_00-n_00-n_00-n_00-n;1005;0;41713;0;N;559903;554782;4;3042;0;R_PL-PH_1;20140315xSat;04_Kařez_Praha;Plzeňský kraj;h00;323;N
02-o2_02-edg_03-tour_03-lau2_07-day_03-60_05-frt-1005_01-sng_00-n_00-n_00-n_00-n_00-n_00-n;1005;0;41717;0;N;559903;554782;4;3042;0;R_PL-PH_1;20140319xWed;04_Kařez_Praha;Plzeňský kraj;h00;289;N
02-o2_02-edg_03-tour_03-lau2_07-day_03-60_05-frt-1005_01-sng_00-n_00-n_00-n_00-n_00-n_00-n;1005;0;41710;0;N;559903;554782;4;3042;0;R_PL-PH_1;20140312xWed;04_Kařez_Praha;Plzeňský kraj;h00;283;N
02-o2_02-edg_03-tour_03-lau2_07-day_03-60_05-frt-1005_01-sng_00-n_00-n_00-n_00-n_00-n_00-n;1005;0;41721;0;N;559903;554782;4;3042;0;R_PL-PH_1;20140323xSun;04_Kařez_Praha;Plzeňský kraj;h00;233;N
02-o2_02-edg_03-tour_03-lau2_07-day_03-60_05-frt-1005_01-sng_00-n_00-n_00-n_00-n_00-n_00-n;1005;0;41722;0;N;559903;554782;4;3042;0;R_PL-PH_1;20140324xMon;04_Kařez_Praha;Plzeňský kraj;h00;295;N
02-o2_02-edg_03-tour_03-lau2_07-day_03-60_05-frt-1005_01-sng_00-n_00-n_00-n_00-n_00-n_00-n;1005;0;41724;0;N;559903;554782;4;3042;0;R_PL-PH_1;20140326xWed;04_Kařez_Praha;Plzeňský kraj;h00;247;N
02-o2_02-edg_03-tour_03-lau2_07-day_03-60_05-frt-1005_01-sng_00-n_00-n_00-n_00-n_00-n_00-n;1005;0;41723;0;N;559903;554782;4;3042;0;R_PL-PH_1;20140325xTue;04_Kařez_Praha;Plzeňský kraj;h00;226;N
02-o2_02-edg_03-tour_03-lau2_07-day_03-60_05-frt-1005_01-sng_00-n_00-n_00-n_00-n_00-n_00-n;1005;0;41711;0;N;559903;532011;4;3042;0;R_PL-PH_1;20140313xThu;04_Kařez_Zdice;Plzeňský kraj;h00;24;N
02-o2_02-edg_03-tour_03-lau2_07-day_03-60_05-frt-1005_01-sng_00-n_00-n_00-n_00-n_00-n_00-n;1005;0;41717;0;N;559903;532011;4;3042;0;R_PL-PH_1;20140319xWed;04_Kařez_Zdice;Plzeňský kraj;h00;25;N
02-o2_02-edg_03-tour_03-lau2_07-day_03-60_05-frt-1005_01-sng_00-n_00-n_00-n_00-n_00-n_00-n;1005;0;41719;0;N;559903;532011;4;3042;0;R_PL-PH_1;20140321xFri;04_Kařez_Zdice;Plzeňský kraj;h00;15;N
02-o2_02-edg_03-tour_03-lau2_07-day_03-60_05-frt-1005_01-sng_00-n_00-n_00-n_00-n_00-n_00-n;1005;0;41718;0;N;559903;532011;4;3042;0;R_PL-PH_1;20140320xThu;04_Kařez_Zdice;Plzeňský kraj;h00;24;N
02-o2_02-edg_03-tour_03-lau2_07-day_03-60_05-frt-1005_01-sng_00-n_00-n_00-n_00-n_00-n_00-n;1005;0;41712;0;N;559903;532011;4;3042;0;R_PL-PH_1;20140314xFri;04_Kařez_Zdice;Plzeňský kraj;h00;16;N
02-o2_02-edg_03-tour_03-lau2_07-day_03-60_05-frt-1005_01-sng_00-n_00-n_00-n_00-n_00-n_00-n;1005;0;41710;0;N;559903;532011;4;3042;0;R_PL-PH_1;20140312xWed;04_Kařez_Zdice;Plzeňský kraj;h00;26;N
02-o2_02-edg_03-tour_03-lau2_07-day_03-60_05-frt-1005_01-sng_00-n_00-n_00-n_00-n_00-n_00-n;1005;0;41715;0;N;559903;532011;4;3042;0;R_PL-PH_1;20140317xMon;04_Kařez_Zdice;Plzeňský kraj;h00;13;N
02-o2_02-edg_03-tour_03-lau2_07-day_03-60_05-frt-1005_01-sng_00-n_00-n_00-n_00-n_00-n_00-n;1005;0;41716;0;N;559903;532011;4;3042;0;R_PL-PH_1;20140318xTue;04_Kařez_Zdice;Plzeňský kraj;h00;17;N
02-o2_02-edg_03-tour_03-lau2_07-day_03-60_05-frt-1005_01-sng_00-n_00-n_00-n_00-n_00-n_00-n;1005;0;41720;0;N;559903;532011;4;3042;0;R_PL-PH_1;20140322xSat;04_Kařez_Zdice;Plzeňský kraj;h00;16;N
02-o2_02-edg_03-tour_03-lau2_07-day_03-60_05-frt-1005_01-sng_00-n_00-n_00-n_00-n_00-n_00-n;1005;0;41714;0;N;559903;532011;4;3042;0;R_PL-PH_1;20140316xSun;04_Kařez_Zdice;Plzeňský kraj;h00;4;N
02-o2_02-edg_03-tour_03-lau2_07-day_03-60_05-frt-1005_01-sng_00-n_00-n_00-n_00-n_00-n_00-n;1005;0;41713;0;N;559903;532011;4;3042;0;R_PL-PH_1;20140315xSat;04_Kařez_Zdice;Plzeňský kraj;h00;13;N
02-o2_02-edg_03-tour_03-lau2_07-day_03-60_05-frt-1005_01-sng_00-n_00-n_00-n_00-n_00-n_00-n;1005;0;41721;0;N;559903;532011;4;3042;0;R_PL-PH_1;20140323xSun;04_Kařez_Zdice;Plzeňský kraj;h00;10;N
02-o2_02-edg_03-tour_03-lau2_07-day_03-60_05-frt-1005_01-sng_00-n_00-n_00-n_00-n_00-n_00-n;1005;0;41723;0;N;559903;532011;4;3042;0;R_PL-PH_1;20140325xTue;04_Kařez_Zdice;Plzeňský kraj;h00;16;N
02-o2_02-edg_03-tour_03-lau2_07-day_03-60_05-frt-1005_01-sng_00-n_00-n_00-n_00-n_00-n_00-n;1005;0;41724;0;N;559903;532011;4;3042;0;R_PL-PH_1;20140326xWed;04_Kařez_Zdice;Plzeňský kraj;h00;24;N
02-o2_02-edg_03-tour_03-lau2_07-day_03-60_05-frt-1005_01-sng_00-n_00-n_00-n_00-n_00-n_00-n;1005;0;41722;0;N;559903;532011;4;3042;0;R_PL-PH_1;20140324xMon;04_Kařez_Zdice;Plzeňský kraj;h00;22;N
02-o2_02-edg_03-tour_03-lau2_07-day_03-60_05-frt-1005_01-sng_00-n_00-n_00-n_00-n_00-n_00-n;1005;0;41710;0;N;559903;531189;4;3042;0;R_PL-PH_1;20140312xWed;04_Kařez_Hořovice;Plzeňský kraj;h00;39;N
02-o2_02-edg_03-tour_03-lau2_07-day_03-60_05-frt-1005_01-sng_00-n_00-n_00-n_00-n_00-n_00-n;1005;0;41720;0;N;559903;531189;4;3042;0;R_PL-PH_1;20140322xSat;04_Kařez_Hořovice;Plzeňský kraj;h00;34;N
02-o2_02-edg_03-tour_03-lau2_07-day_03-60_05-frt-1005_01-sng_00-n_00-n_00-n_00-n_00-n_00-n;1005;0;41717;0;N;559903;531189;4;3042;0;R_PL-PH_1;20140319xWed;04_Kařez_Hořovice;Plzeňský kraj;h00;52;N
02-o2_02-edg_03-tour_03-lau2_07-day_03-60_05-frt-1005_01-sng_00-n_00-n_00-n_00-n_00-n_00-n;1005;0;41715;0;N;559903;531189;4;3042;0;R_PL-PH_1;20140317xMon;04_Kařez_Hořovice;Plzeňský kraj;h00;31;N
02-o2_02-edg_03-tour_03-lau2_07-day_03-60_05-frt-1005_01-sng_00-n_00-n_00-n_00-n_00-n_00-n;1005;0;41718;0;N;559903;531189;4;3042;0;R_PL-PH_1;20140320xThu;04_Kařez_Hořovice;Plzeňský kraj;h00;52;N
02-o2_02-edg_03-tour_03-lau2_07-day_03-60_05-frt-1005_01-sng_00-n_00-n_00-n_00-n_00-n_00-n;1005;0;41719;0;N;559903;531189;4;3042;0;R_PL-PH_1;20140321xFri;04_Kařez_Hořovice;Plzeňský kraj;h00;31;N
02-o2_02-edg_03-tour_03-lau2_07-day_03-60_05-frt-1005_01-sng_00-n_00-n_00-n_00-n_00-n_00-n;1005;0;41713;0;N;559903;531189;4;3042;0;R_PL-PH_1;20140315xSat;04_Kařez_Hořovice;Plzeňský kraj;h00;25;N
02-o2_02-edg_03-tour_03-lau2_07-day_03-60_05-frt-1005_01-sng_00-n_00-n_00-n_00-n_00-n_00-n;1005;0;41712;0;N;559903;531189;4;3042;0;R_PL-PH_1;20140314xFri;04_Kařez_Hořovice;Plzeňský kraj;h00;66;N
02-o2_02-edg_03-tour_03-lau2_07-day_03-60_05-frt-1005_01-sng_00-n_00-n_00-n_00-n_00-n_00-n;1005;0;41711;0;N;559903;531189;4;3042;0;R_PL-PH_1;20140313xThu;04_Kařez_Hořovice;Plzeňský kraj;h00;35;N
02-o2_02-edg_03-tour_03-lau2_07-day_03-60_05-frt-1005_01-sng_00-n_00-n_00-n_00-n_00-n_00-n;1005;0;41714;0;N;559903;531189;4;3042;0;R_PL-PH_1;20140316xSun;04_Kařez_Hořovice;Plzeňský kraj;h00;7;N
02-o2_02-edg_03-tour_03-lau2_07-day_03-60_05-frt-1005_01-sng_00-n_00-n_00-n_00-n_00-n_00-n;1005;0;41716;0;N;559903;531189;4;3042;0;R_PL-PH_1;20140318xTue;04_Kařez_Hořovice;Plzeňský kraj;h00;41;N
02-o2_02-edg_03-tour_03-lau2_07-day_03-60_05-frt-1005_01-sng_00-n_00-n_00-n_00-n_00-n_00-n;1005;0;41721;0;N;559903;531189;4;3042;0;R_PL-PH_1;20140323xSun;04_Kařez_Hořovice;Plzeňský kraj;h00;18;N
02-o2_02-edg_03-tour_03-lau2_07-day_03-60_05-frt-1005_01-sng_00-n_00-n_00-n_00-n_00-n_00-n;1005;0;41723;0;N;559903;531189;4;3042;0;R_PL-PH_1;20140325xTue;04_Kařez_Hořovice;Plzeňský kraj;h00;37;N
02-o2_02-edg_03-tour_03-lau2_07-day_03-60_05-frt-1005_01-sng_00-n_00-n_00-n_00-n_00-n_00-n;1005;0;41724;0;N;559903;531189;4;3042;0;R_PL-PH_1;20140326xWed;04_Kařez_Hořovice;Plzeňský kraj;h00;38;N
02-o2_02-edg_03-tour_03-lau2_07-day_03-60_05-frt-1005_01-sng_00-n_00-n_00-n_00-n_00-n_00-n;1005;0;41722;0;N;559903;531189;4;3042;0;R_PL-PH_1;20140324xMon;04_Kařez_Hořovice;Plzeňský kraj;h00;35;N
02-o2_02-edg_03-tour_03-lau2_07-day_03-60_05-frt-1005_01-sng_00-n_00-n_00-n_00-n_00-n_00-n;1005;0;41710;0;N;559903;531057;4;3042;0;R_PL-PH_1;20140312xWed;04_Kařez_Beroun;Plzeňský kraj;h00;83;N
02-o2_02-edg_03-tour_03-lau2_07-day_03-60_05-frt-1005_01-sng_00-n_00-n_00-n_00-n_00-n_00-n;1005;0;41720;0;N;559903;531057;4;3042;0;R_PL-PH_1;20140322xSat;04_Kařez_Beroun;Plzeňský kraj;h00;64;N
02-o2_02-edg_03-tour_03-lau2_07-day_03-60_05-frt-1005_01-sng_00-n_00-n_00-n_00-n_00-n_00-n;1005;0;41712;0;N;559903;531057;4;3042;0;R_PL-PH_1;20140314xFri;04_Kařez_Beroun;Plzeňský kraj;h00;98;N
02-o2_02-edg_03-tour_03-lau2_07-day_03-60_05-frt-1005_01-sng_00-n_00-n_00-n_00-n_00-n_00-n;1005;0;41721;0;N;559903;531057;4;3042;0;R_PL-PH_1;20140323xSun;04_Kařez_Beroun;Plzeňský kraj;h00;58;N
02-o2_02-edg_03-tour_03-lau2_07-day_03-60_05-frt-1005_01-sng_00-n_00-n_00-n_00-n_00-n_00-n;1005;0;41719;0;N;559903;531057;4;3042;0;R_PL-PH_1;20140321xFri;04_Kařez_Beroun;Plzeňský kraj;h00;47;N
02-o2_02-edg_03-tour_03-lau2_07-day_03-60_05-frt-1005_01-sng_00-n_00-n_00-n_00-n_00-n_00-n;1005;0;41714;0;N;559903;531057;4;3042;0;R_PL-PH_1;20140316xSun;04_Kařez_Beroun;Plzeňský kraj;h00;16;N
02-o2_02-edg_03-tour_03-lau2_07-day_03-60_05-frt-1005_01-sng_00-n_00-n_00-n_00-n_00-n_00-n;1005;0;41715;0;N;559903;531057;4;3042;0;R_PL-PH_1;20140317xMon;04_Kařez_Beroun;Plzeňský kraj;h00;57;N
02-o2_02-edg_03-tour_03-lau2_07-day_03-60_05-frt-1005_01-sng_00-n_00-n_00-n_00-n_00-n_00-n;1005;0;41713;0;N;559903;531057;4;3042;0;R_PL-PH_1;20140315xSat;04_Kařez_Beroun;Plzeňský kraj;h00;32;N
02-o2_02-edg_03-tour_03-lau2_07-day_03-60_05-frt-1005_01-sng_00-n_00-n_00-n_00-n_00-n_00-n;1005;0;41718;0;N;559903;531057;4;3042;0;R_PL-PH_1;20140320xThu;04_Kařez_Beroun;Plzeňský kraj;h00;92;N
02-o2_02-edg_03-tour_03-lau2_07-day_03-60_05-frt-1005_01-sng_00-n_00-n_00-n_00-n_00-n_00-n;1005;0;41716;0;N;559903;531057;4;3042;0;R_PL-PH_1;20140318xTue;04_Kařez_Beroun;Plzeňský kraj;h00;91;N
02-o2_02-edg_03-tour_03-lau2_07-day_03-60_05-frt-1005_01-sng_00-n_00-n_00-n_00-n_00-n_00-n;1005;0;41711;0;N;559903;531057;4;3042;0;R_PL-PH_1;20140313xThu;04_Kařez_Beroun;Plzeňský kraj;h00;80;N
02-o2_02-edg_03-tour_03-lau2_07-day_03-60_05-frt-1005_01-sng_00-n_00-n_00-n_00-n_00-n_00-n;1005;0;41717;0;N;559903;531057;4;3042;0;R_PL-PH_1;20140319xWed;04_Kařez_Beroun;Plzeňský kraj;h00;84;N
02-o2_02-edg_03-tour_03-lau2_07-day_03-60_05-frt-1005_01-sng_00-n_00-n_00-n_00-n_00-n_00-n;1005;0;41724;0;N;559903;531057;4;3042;0;R_PL-PH_1;20140326xWed;04_Kařez_Beroun;Plzeňský kraj;h00;84;N
