02-o2_01-ver_03-tour_03-lau2_07-day_05-300+_04-frt-1004_01-sng_00-n_00-n_00-n_00-n_00-n_00-n;1004;0;41710;0;N;506494;N;5;3051;0;OS_PO-KV_1;20140312xWed;5_Nové Hamry;Karlovarský kraj;h00;1;34
02-o2_01-ver_03-tour_03-lau2_07-day_05-300+_04-frt-1004_01-sng_00-n_00-n_00-n_00-n_00-n_00-n;1004;0;41710;0;N;554961;N;7;3051;0;OS_PO-KV_1;20140312xWed;7_Karlovy Vary;Karlovarský kraj;h00;0;36
02-o2_01-ver_03-tour_03-lau2_07-day_05-300+_04-frt-1004_01-sng_00-n_00-n_00-n_00-n_00-n_00-n;1004;0;41710;0;N;555169;N;2;3051;0;OS_PO-KV_1;20140312xWed;2_Horní Blatná;Karlovarský kraj;h00;4;4
02-o2_01-ver_03-tour_03-lau2_07-day_05-300+_04-frt-1004_01-sng_00-n_00-n_00-n_00-n_00-n_00-n;1004;0;41710;0;N;555380;N;4;3051;0;OS_PO-KV_1;20140312xWed;4_Nejdek;Karlovarský kraj;h00;51;1
02-o2_01-ver_03-tour_03-lau2_07-day_05-300+_04-frt-1004_01-sng_00-n_00-n_00-n_00-n_00-n_00-n;1004;0;41710;0;N;555398;N;6;3051;0;OS_PO-KV_1;20140312xWed;6_Nová Role;Karlovarský kraj;h00;22;8
02-o2_01-ver_03-tour_03-lau2_07-day_05-300+_04-frt-1004_01-sng_00-n_00-n_00-n_00-n_00-n_00-n;1004;0;41710;0;N;555452;N;3;3051;0;OS_PO-KV_1;20140312xWed;3_Pernink;Karlovarský kraj;h00;1;4
02-o2_01-ver_03-tour_03-lau2_07-day_05-300+_04-frt-1004_01-sng_00-n_00-n_00-n_00-n_00-n_00-n;1004;0;41710;0;N;555479;N;1;3051;0;OS_PO-KV_1;20140312xWed;1_Potůčky;Karlovarský kraj;h00;8;0
02-o2_01-ver_03-tour_03-lau2_07-day_05-300+_04-frt-1004_01-sng_00-n_00-n_00-n_00-n_00-n_00-n;1004;0;41711;0;N;506494;N;5;3051;0;OS_PO-KV_1;20140313xThu;5_Nové Hamry;Karlovarský kraj;h00;0;55
02-o2_01-ver_03-tour_03-lau2_07-day_05-300+_04-frt-1004_01-sng_00-n_00-n_00-n_00-n_00-n_00-n;1004;0;41711;0;N;554961;N;7;3051;0;OS_PO-KV_1;20140313xThu;7_Karlovy Vary;Karlovarský kraj;h00;0;74
02-o2_01-ver_03-tour_03-lau2_07-day_05-300+_04-frt-1004_01-sng_00-n_00-n_00-n_00-n_00-n_00-n;1004;0;41711;0;N;555169;N;2;3051;0;OS_PO-KV_1;20140313xThu;2_Horní Blatná;Karlovarský kraj;h00;22;8
02-o2_01-ver_03-tour_03-lau2_07-day_05-300+_04-frt-1004_01-sng_00-n_00-n_00-n_00-n_00-n_00-n;1004;0;41711;0;N;555380;N;4;3051;0;OS_PO-KV_1;20140313xThu;4_Nejdek;Karlovarský kraj;h00;75;5
02-o2_01-ver_03-tour_03-lau2_07-day_05-300+_04-frt-1004_01-sng_00-n_00-n_00-n_00-n_00-n_00-n;1004;0;41711;0;N;555398;N;6;3051;0;OS_PO-KV_1;20140313xThu;6_Nová Role;Karlovarský kraj;h00;57;13
02-o2_01-ver_03-tour_03-lau2_07-day_05-300+_04-frt-1004_01-sng_00-n_00-n_00-n_00-n_00-n_00-n;1004;0;41711;0;N;555452;N;3;3051;0;OS_PO-KV_1;20140313xThu;3_Pernink;Karlovarský kraj;h00;6;21
02-o2_01-ver_03-tour_03-lau2_07-day_05-300+_04-frt-1004_01-sng_00-n_00-n_00-n_00-n_00-n_00-n;1004;0;41711;0;N;555479;N;1;3051;0;OS_PO-KV_1;20140313xThu;1_Potůčky;Karlovarský kraj;h00;16;0
02-o2_01-ver_03-tour_03-lau2_07-day_05-300+_04-frt-1004_01-sng_00-n_00-n_00-n_00-n_00-n_00-n;1004;0;41712;0;N;506494;N;5;3051;0;OS_PO-KV_1;20140314xFri;5_Nové Hamry;Karlovarský kraj;h00;1;79
02-o2_01-ver_03-tour_03-lau2_07-day_05-300+_04-frt-1004_01-sng_00-n_00-n_00-n_00-n_00-n_00-n;1004;0;41712;0;N;554961;N;7;3051;0;OS_PO-KV_1;20140314xFri;7_Karlovy Vary;Karlovarský kraj;h00;0;93
02-o2_01-ver_03-tour_03-lau2_07-day_05-300+_04-frt-1004_01-sng_00-n_00-n_00-n_00-n_00-n_00-n;1004;0;41712;0;N;555169;N;2;3051;0;OS_PO-KV_1;20140314xFri;2_Horní Blatná;Karlovarský kraj;h00;21;21
02-o2_01-ver_03-tour_03-lau2_07-day_05-300+_04-frt-1004_01-sng_00-n_00-n_00-n_00-n_00-n_00-n;1004;0;41712;0;N;555380;N;4;3051;0;OS_PO-KV_1;20140314xFri;4_Nejdek;Karlovarský kraj;h00;119;12
02-o2_01-ver_03-tour_03-lau2_07-day_05-300+_04-frt-1004_01-sng_00-n_00-n_00-n_00-n_00-n_00-n;1004;0;41712;0;N;555398;N;6;3051;0;OS_PO-KV_1;20140314xFri;6_Nová Role;Karlovarský kraj;h00;65;22
02-o2_01-ver_03-tour_03-lau2_07-day_05-300+_04-frt-1004_01-sng_00-n_00-n_00-n_00-n_00-n_00-n;1004;0;41712;0;N;555452;N;3;3051;0;OS_PO-KV_1;20140314xFri;3_Pernink;Karlovarský kraj;h00;6;27
02-o2_01-ver_03-tour_03-lau2_07-day_05-300+_04-frt-1004_01-sng_00-n_00-n_00-n_00-n_00-n_00-n;1004;0;41712;0;N;555479;N;1;3051;0;OS_PO-KV_1;20140314xFri;1_Potůčky;Karlovarský kraj;h00;42;0
02-o2_01-ver_03-tour_03-lau2_07-day_05-300+_04-frt-1004_01-sng_00-n_00-n_00-n_00-n_00-n_00-n;1004;0;41713;0;N;506494;N;5;3051;0;OS_PO-KV_1;20140315xSat;5_Nové Hamry;Karlovarský kraj;h00;1;37
02-o2_01-ver_03-tour_03-lau2_07-day_05-300+_04-frt-1004_01-sng_00-n_00-n_00-n_00-n_00-n_00-n;1004;0;41713;0;N;554961;N;7;3051;0;OS_PO-KV_1;20140315xSat;7_Karlovy Vary;Karlovarský kraj;h00;0;60
02-o2_01-ver_03-tour_03-lau2_07-day_05-300+_04-frt-1004_01-sng_00-n_00-n_00-n_00-n_00-n_00-n;1004;0;41713;0;N;555169;N;2;3051;0;OS_PO-KV_1;20140315xSat;2_Horní Blatná;Karlovarský kraj;h00;15;9
02-o2_01-ver_03-tour_03-lau2_07-day_05-300+_04-frt-1004_01-sng_00-n_00-n_00-n_00-n_00-n_00-n;1004;0;41713;0;N;555380;N;4;3051;0;OS_PO-KV_1;20140315xSat;4_Nejdek;Karlovarský kraj;h00;61;4
02-o2_01-ver_03-tour_03-lau2_07-day_05-300+_04-frt-1004_01-sng_00-n_00-n_00-n_00-n_00-n_00-n;1004;0;41713;0;N;555398;N;6;3051;0;OS_PO-KV_1;20140315xSat;6_Nová Role;Karlovarský kraj;h00;42;15
02-o2_01-ver_03-tour_03-lau2_07-day_05-300+_04-frt-1004_01-sng_00-n_00-n_00-n_00-n_00-n_00-n;1004;0;41713;0;N;555452;N;3;3051;0;OS_PO-KV_1;20140315xSat;3_Pernink;Karlovarský kraj;h00;4;13
02-o2_01-ver_03-tour_03-lau2_07-day_05-300+_04-frt-1004_01-sng_00-n_00-n_00-n_00-n_00-n_00-n;1004;0;41713;0;N;555479;N;1;3051;0;OS_PO-KV_1;20140315xSat;1_Potůčky;Karlovarský kraj;h00;15;0
02-o2_01-ver_03-tour_03-lau2_07-day_05-300+_04-frt-1004_01-sng_00-n_00-n_00-n_00-n_00-n_00-n;1004;0;41714;0;N;506494;N;5;3051;0;OS_PO-KV_1;20140316xSun;5_Nové Hamry;Karlovarský kraj;h00;1;18
02-o2_01-ver_03-tour_03-lau2_07-day_05-300+_04-frt-1004_01-sng_00-n_00-n_00-n_00-n_00-n_00-n;1004;0;41714;0;N;554961;N;7;3051;0;OS_PO-KV_1;20140316xSun;7_Karlovy Vary;Karlovarský kraj;h00;0;46
02-o2_01-ver_03-tour_03-lau2_07-day_05-300+_04-frt-1004_01-sng_00-n_00-n_00-n_00-n_00-n_00-n;1004;0;41714;0;N;555169;N;2;3051;0;OS_PO-KV_1;20140316xSun;2_Horní Blatná;Karlovarský kraj;h00;9;3
02-o2_01-ver_03-tour_03-lau2_07-day_05-300+_04-frt-1004_01-sng_00-n_00-n_00-n_00-n_00-n_00-n;1004;0;41714;0;N;555380;N;4;3051;0;OS_PO-KV_1;20140316xSun;4_Nejdek;Karlovarský kraj;h00;38;5
02-o2_01-ver_03-tour_03-lau2_07-day_05-300+_04-frt-1004_01-sng_00-n_00-n_00-n_00-n_00-n_00-n;1004;0;41714;0;N;555398;N;6;3051;0;OS_PO-KV_1;20140316xSun;6_Nová Role;Karlovarský kraj;h00;30;8
02-o2_01-ver_03-tour_03-lau2_07-day_05-300+_04-frt-1004_01-sng_00-n_00-n_00-n_00-n_00-n_00-n;1004;0;41714;0;N;555452;N;3;3051;0;OS_PO-KV_1;20140316xSun;3_Pernink;Karlovarský kraj;h00;1;8
02-o2_01-ver_03-tour_03-lau2_07-day_05-300+_04-frt-1004_01-sng_00-n_00-n_00-n_00-n_00-n_00-n;1004;0;41714;0;N;555479;N;1;3051;0;OS_PO-KV_1;20140316xSun;1_Potůčky;Karlovarský kraj;h00;9;0
02-o2_01-ver_03-tour_03-lau2_07-day_05-300+_04-frt-1004_01-sng_00-n_00-n_00-n_00-n_00-n_00-n;1004;0;41715;0;N;506494;N;5;3051;0;OS_PO-KV_1;20140317xMon;5_Nové Hamry;Karlovarský kraj;h00;3;52
02-o2_01-ver_03-tour_03-lau2_07-day_05-300+_04-frt-1004_01-sng_00-n_00-n_00-n_00-n_00-n_00-n;1004;0;41715;0;N;554961;N;7;3051;0;OS_PO-KV_1;20140317xMon;7_Karlovy Vary;Karlovarský kraj;h00;0;56
02-o2_01-ver_03-tour_03-lau2_07-day_05-300+_04-frt-1004_01-sng_00-n_00-n_00-n_00-n_00-n_00-n;1004;0;41715;0;N;555169;N;2;3051;0;OS_PO-KV_1;20140317xMon;2_Horní Blatná;Karlovarský kraj;h00;17;10
02-o2_01-ver_03-tour_03-lau2_07-day_05-300+_04-frt-1004_01-sng_00-n_00-n_00-n_00-n_00-n_00-n;1004;0;41715;0;N;555380;N;4;3051;0;OS_PO-KV_1;20140317xMon;4_Nejdek;Karlovarský kraj;h00;86;8
02-o2_01-ver_03-tour_03-lau2_07-day_05-300+_04-frt-1004_01-sng_00-n_00-n_00-n_00-n_00-n_00-n;1004;0;41715;0;N;555398;N;6;3051;0;OS_PO-KV_1;20140317xMon;6_Nová Role;Karlovarský kraj;h00;39;25
02-o2_01-ver_03-tour_03-lau2_07-day_05-300+_04-frt-1004_01-sng_00-n_00-n_00-n_00-n_00-n_00-n;1004;0;41715;0;N;555452;N;3;3051;0;OS_PO-KV_1;20140317xMon;3_Pernink;Karlovarský kraj;h00;8;18
02-o2_01-ver_03-tour_03-lau2_07-day_05-300+_04-frt-1004_01-sng_00-n_00-n_00-n_00-n_00-n_00-n;1004;0;41715;0;N;555479;N;1;3051;0;OS_PO-KV_1;20140317xMon;1_Potůčky;Karlovarský kraj;h00;16;0
02-o2_01-ver_03-tour_03-lau2_07-day_05-300+_04-frt-1004_01-sng_00-n_00-n_00-n_00-n_00-n_00-n;1004;0;41716;0;N;506494;N;5;3051;0;OS_PO-KV_1;20140318xTue;5_Nové Hamry;Karlovarský kraj;h00;1;82
02-o2_01-ver_03-tour_03-lau2_07-day_05-300+_04-frt-1004_01-sng_00-n_00-n_00-n_00-n_00-n_00-n;1004;0;41716;0;N;554961;N;7;3051;0;OS_PO-KV_1;20140318xTue;7_Karlovy Vary;Karlovarský kraj;h00;0;107
02-o2_01-ver_03-tour_03-lau2_07-day_05-300+_04-frt-1004_01-sng_00-n_00-n_00-n_00-n_00-n_00-n;1004;0;41716;0;N;555169;N;2;3051;0;OS_PO-KV_1;20140318xTue;2_Horní Blatná;Karlovarský kraj;h00;15;10
02-o2_01-ver_03-tour_03-lau2_07-day_05-300+_04-frt-1004_01-sng_00-n_00-n_00-n_00-n_00-n_00-n;1004;0;41716;0;N;555380;N;4;3051;0;OS_PO-KV_1;20140318xTue;4_Nejdek;Karlovarský kraj;h00;127;9
02-o2_01-ver_03-tour_03-lau2_07-day_05-300+_04-frt-1004_01-sng_00-n_00-n_00-n_00-n_00-n_00-n;1004;0;41716;0;N;555398;N;6;3051;0;OS_PO-KV_1;20140318xTue;6_Nová Role;Karlovarský kraj;h00;77;21
02-o2_01-ver_03-tour_03-lau2_07-day_05-300+_04-frt-1004_01-sng_00-n_00-n_00-n_00-n_00-n_00-n;1004;0;41716;0;N;555452;N;3;3051;0;OS_PO-KV_1;20140318xTue;3_Pernink;Karlovarský kraj;h00;4;22
02-o2_01-ver_03-tour_03-lau2_07-day_05-300+_04-frt-1004_01-sng_00-n_00-n_00-n_00-n_00-n_00-n;1004;0;41716;0;N;555479;N;1;3051;0;OS_PO-KV_1;20140318xTue;1_Potůčky;Karlovarský kraj;h00;27;0
02-o2_01-ver_03-tour_03-lau2_07-day_05-300+_04-frt-1004_01-sng_00-n_00-n_00-n_00-n_00-n_00-n;1004;0;41717;0;N;506494;N;5;3051;0;OS_PO-KV_1;20140319xWed;5_Nové Hamry;Karlovarský kraj;h00;0;81
02-o2_01-ver_03-tour_03-lau2_07-day_05-300+_04-frt-1004_01-sng_00-n_00-n_00-n_00-n_00-n_00-n;1004;0;41717;0;N;554961;N;7;3051;0;OS_PO-KV_1;20140319xWed;7_Karlovy Vary;Karlovarský kraj;h00;0;100
02-o2_01-ver_03-tour_03-lau2_07-day_05-300+_04-frt-1004_01-sng_00-n_00-n_00-n_00-n_00-n_00-n;1004;0;41717;0;N;555169;N;2;3051;0;OS_PO-KV_1;20140319xWed;2_Horní Blatná;Karlovarský kraj;h00;18;12
02-o2_01-ver_03-tour_03-lau2_07-day_05-300+_04-frt-1004_01-sng_00-n_00-n_00-n_00-n_00-n_00-n;1004;0;41717;0;N;555380;N;4;3051;0;OS_PO-KV_1;20140319xWed;4_Nejdek;Karlovarský kraj;h00;127;4
02-o2_01-ver_03-tour_03-lau2_07-day_05-300+_04-frt-1004_01-sng_00-n_00-n_00-n_00-n_00-n_00-n;1004;0;41717;0;N;555398;N;6;3051;0;OS_PO-KV_1;20140319xWed;6_Nová Role;Karlovarský kraj;h00;80;32
02-o2_01-ver_03-tour_03-lau2_07-day_05-300+_04-frt-1004_01-sng_00-n_00-n_00-n_00-n_00-n_00-n;1004;0;41717;0;N;555452;N;3;3051;0;OS_PO-KV_1;20140319xWed;3_Pernink;Karlovarský kraj;h00;3;23
02-o2_01-ver_03-tour_03-lau2_07-day_05-300+_04-frt-1004_01-sng_00-n_00-n_00-n_00-n_00-n_00-n;1004;0;41717;0;N;555479;N;1;3051;0;OS_PO-KV_1;20140319xWed;1_Potůčky;Karlovarský kraj;h00;24;0
02-o2_01-ver_03-tour_03-lau2_07-day_05-300+_04-frt-1004_01-sng_00-n_00-n_00-n_00-n_00-n_00-n;1004;0;41718;0;N;506494;N;5;3051;0;OS_PO-KV_1;20140320xThu;5_Nové Hamry;Karlovarský kraj;h00;3;83
02-o2_01-ver_03-tour_03-lau2_07-day_05-300+_04-frt-1004_01-sng_00-n_00-n_00-n_00-n_00-n_00-n;1004;0;41718;0;N;554961;N;7;3051;0;OS_PO-KV_1;20140320xThu;7_Karlovy Vary;Karlovarský kraj;h00;0;97
02-o2_01-ver_03-tour_03-lau2_07-day_05-300+_04-frt-1004_01-sng_00-n_00-n_00-n_00-n_00-n_00-n;1004;0;41718;0;N;555169;N;2;3051;0;OS_PO-KV_1;20140320xThu;2_Horní Blatná;Karlovarský kraj;h00;13;12
02-o2_01-ver_03-tour_03-lau2_07-day_05-300+_04-frt-1004_01-sng_00-n_00-n_00-n_00-n_00-n_00-n;1004;0;41718;0;N;555380;N;4;3051;0;OS_PO-KV_1;20140320xThu;4_Nejdek;Karlovarský kraj;h00;131;6
02-o2_01-ver_03-tour_03-lau2_07-day_05-300+_04-frt-1004_01-sng_00-n_00-n_00-n_00-n_00-n_00-n;1004;0;41718;0;N;555398;N;6;3051;0;OS_PO-KV_1;20140320xThu;6_Nová Role;Karlovarský kraj;h00;66;28
02-o2_01-ver_03-tour_03-lau2_07-day_05-300+_04-frt-1004_01-sng_00-n_00-n_00-n_00-n_00-n_00-n;1004;0;41718;0;N;555452;N;3;3051;0;OS_PO-KV_1;20140320xThu;3_Pernink;Karlovarský kraj;h00;4;19
02-o2_01-ver_03-tour_03-lau2_07-day_05-300+_04-frt-1004_01-sng_00-n_00-n_00-n_00-n_00-n_00-n;1004;0;41718;0;N;555479;N;1;3051;0;OS_PO-KV_1;20140320xThu;1_Potůčky;Karlovarský kraj;h00;28;0
02-o2_01-ver_03-tour_03-lau2_07-day_05-300+_04-frt-1004_01-sng_00-n_00-n_00-n_00-n_00-n_00-n;1004;0;41719;0;N;506494;N;5;3051;0;OS_PO-KV_1;20140321xFri;5_Nové Hamry;Karlovarský kraj;h00;3;48
02-o2_01-ver_03-tour_03-lau2_07-day_05-300+_04-frt-1004_01-sng_00-n_00-n_00-n_00-n_00-n_00-n;1004;0;41719;0;N;554961;N;7;3051;0;OS_PO-KV_1;20140321xFri;7_Karlovy Vary;Karlovarský kraj;h00;0;68
02-o2_01-ver_03-tour_03-lau2_07-day_05-300+_04-frt-1004_01-sng_00-n_00-n_00-n_00-n_00-n_00-n;1004;0;41719;0;N;555169;N;2;3051;0;OS_PO-KV_1;20140321xFri;2_Horní Blatná;Karlovarský kraj;h00;4;9
02-o2_01-ver_03-tour_03-lau2_07-day_05-300+_04-frt-1004_01-sng_00-n_00-n_00-n_00-n_00-n_00-n;1004;0;41719;0;N;555380;N;4;3051;0;OS_PO-KV_1;20140321xFri;4_Nejdek;Karlovarský kraj;h00;82;4
02-o2_01-ver_03-tour_03-lau2_07-day_05-300+_04-frt-1004_01-sng_00-n_00-n_00-n_00-n_00-n_00-n;1004;0;41719;0;N;555398;N;6;3051;0;OS_PO-KV_1;20140321xFri;6_Nová Role;Karlovarský kraj;h00;34;8
02-o2_01-ver_03-tour_03-lau2_07-day_05-300+_04-frt-1004_01-sng_00-n_00-n_00-n_00-n_00-n_00-n;1004;0;41719;0;N;555452;N;3;3051;0;OS_PO-KV_1;20140321xFri;3_Pernink;Karlovarský kraj;h00;4;7
02-o2_01-ver_03-tour_03-lau2_07-day_05-300+_04-frt-1004_01-sng_00-n_00-n_00-n_00-n_00-n_00-n;1004;0;41719;0;N;555479;N;1;3051;0;OS_PO-KV_1;20140321xFri;1_Potůčky;Karlovarský kraj;h00;17;0
02-o2_01-ver_03-tour_03-lau2_07-day_05-300+_04-frt-1004_01-sng_00-n_00-n_00-n_00-n_00-n_00-n;1004;0;41720;0;N;506494;N;5;3051;0;OS_PO-KV_1;20140322xSat;5_Nové Hamry;Karlovarský kraj;h00;5;55
02-o2_01-ver_03-tour_03-lau2_07-day_05-300+_04-frt-1004_01-sng_00-n_00-n_00-n_00-n_00-n_00-n;1004;0;41720;0;N;554961;N;7;3051;0;OS_PO-KV_1;20140322xSat;7_Karlovy Vary;Karlovarský kraj;h00;0;53
02-o2_01-ver_03-tour_03-lau2_07-day_05-300+_04-frt-1004_01-sng_00-n_00-n_00-n_00-n_00-n_00-n;1004;0;41720;0;N;555169;N;2;3051;0;OS_PO-KV_1;20140322xSat;2_Horní Blatná;Karlovarský kraj;h00;22;12
02-o2_01-ver_03-tour_03-lau2_07-day_05-300+_04-frt-1004_01-sng_00-n_00-n_00-n_00-n_00-n_00-n;1004;0;41720;0;N;555380;N;4;3051;0;OS_PO-KV_1;20140322xSat;4_Nejdek;Karlovarský kraj;h00;87;6
02-o2_01-ver_03-tour_03-lau2_07-day_05-300+_04-frt-1004_01-sng_00-n_00-n_00-n_00-n_00-n_00-n;1004;0;41720;0;N;555398;N;6;3051;0;OS_PO-KV_1;20140322xSat;6_Nová Role;Karlovarský kraj;h00;31;25
02-o2_01-ver_03-tour_03-lau2_07-day_05-300+_04-frt-1004_01-sng_00-n_00-n_00-n_00-n_00-n_00-n;1004;0;41720;0;N;555452;N;3;3051;0;OS_PO-KV_1;20140322xSat;3_Pernink;Karlovarský kraj;h00;5;19
02-o2_01-ver_03-tour_03-lau2_07-day_05-300+_04-frt-1004_01-sng_00-n_00-n_00-n_00-n_00-n_00-n;1004;0;41720;0;N;555479;N;1;3051;0;OS_PO-KV_1;20140322xSat;1_Potůčky;Karlovarský kraj;h00;20;0
02-o2_01-ver_03-tour_03-lau2_07-day_05-300+_04-frt-1004_01-sng_00-n_00-n_00-n_00-n_00-n_00-n;1004;0;41721;0;N;506494;N;5;3051;0;OS_PO-KV_1;20140323xSun;5_Nové Hamry;Karlovarský kraj;h00;3;38
02-o2_01-ver_03-tour_03-lau2_07-day_05-300+_04-frt-1004_01-sng_00-n_00-n_00-n_00-n_00-n_00-n;1004;0;41721;0;N;554961;N;7;3051;0;OS_PO-KV_1;20140323xSun;7_Karlovy Vary;Karlovarský kraj;h00;0;86
02-o2_01-ver_03-tour_03-lau2_07-day_05-300+_04-frt-1004_01-sng_00-n_00-n_00-n_00-n_00-n_00-n;1004;0;41721;0;N;555169;N;2;3051;0;OS_PO-KV_1;20140323xSun;2_Horní Blatná;Karlovarský kraj;h00;9;13
02-o2_01-ver_03-tour_03-lau2_07-day_05-300+_04-frt-1004_01-sng_00-n_00-n_00-n_00-n_00-n_00-n;1004;0;41721;0;N;555380;N;4;3051;0;OS_PO-KV_1;20140323xSun;4_Nejdek;Karlovarský kraj;h00;68;4
02-o2_01-ver_03-tour_03-lau2_07-day_05-300+_04-frt-1004_01-sng_00-n_00-n_00-n_00-n_00-n_00-n;1004;0;41721;0;N;555398;N;6;3051;0;OS_PO-KV_1;20140323xSun;6_Nová Role;Karlovarský kraj;h00;57;12
02-o2_01-ver_03-tour_03-lau2_07-day_05-300+_04-frt-1004_01-sng_00-n_00-n_00-n_00-n_00-n_00-n;1004;0;41721;0;N;555452;N;3;3051;0;OS_PO-KV_1;20140323xSun;3_Pernink;Karlovarský kraj;h00;3;11
02-o2_01-ver_03-tour_03-lau2_07-day_05-300+_04-frt-1004_01-sng_00-n_00-n_00-n_00-n_00-n_00-n;1004;0;41721;0;N;555479;N;1;3051;0;OS_PO-KV_1;20140323xSun;1_Potůčky;Karlovarský kraj;h00;24;0
02-o2_01-ver_03-tour_03-lau2_07-day_05-300+_04-frt-1004_01-sng_00-n_00-n_00-n_00-n_00-n_00-n;1004;0;41722;0;N;506494;N;5;3051;0;OS_PO-KV_1;20140324xMon;5_Nové Hamry;Karlovarský kraj;h00;0;67
02-o2_01-ver_03-tour_03-lau2_07-day_05-300+_04-frt-1004_01-sng_00-n_00-n_00-n_00-n_00-n_00-n;1004;0;41722;0;N;554961;N;7;3051;0;OS_PO-KV_1;20140324xMon;7_Karlovy Vary;Karlovarský kraj;h00;0;82
02-o2_01-ver_03-tour_03-lau2_07-day_05-300+_04-frt-1004_01-sng_00-n_00-n_00-n_00-n_00-n_00-n;1004;0;41722;0;N;555169;N;2;3051;0;OS_PO-KV_1;20140324xMon;2_Horní Blatná;Karlovarský kraj;h00;13;11
02-o2_01-ver_03-tour_03-lau2_07-day_05-300+_04-frt-1004_01-sng_00-n_00-n_00-n_00-n_00-n_00-n;1004;0;41722;0;N;555380;N;4;3051;0;OS_PO-KV_1;20140324xMon;4_Nejdek;Karlovarský kraj;h00;107;7
02-o2_01-ver_03-tour_03-lau2_07-day_05-300+_04-frt-1004_01-sng_00-n_00-n_00-n_00-n_00-n_00-n;1004;0;41722;0;N;555398;N;6;3051;0;OS_PO-KV_1;20140324xMon;6_Nová Role;Karlovarský kraj;h00;60;24
02-o2_01-ver_03-tour_03-lau2_07-day_05-300+_04-frt-1004_01-sng_00-n_00-n_00-n_00-n_00-n_00-n;1004;0;41722;0;N;555452;N;3;3051;0;OS_PO-KV_1;20140324xMon;3_Pernink;Karlovarský kraj;h00;8;18
02-o2_01-ver_03-tour_03-lau2_07-day_05-300+_04-frt-1004_01-sng_00-n_00-n_00-n_00-n_00-n_00-n;1004;0;41722;0;N;555479;N;1;3051;0;OS_PO-KV_1;20140324xMon;1_Potůčky;Karlovarský kraj;h00;21;0
02-o2_01-ver_03-tour_03-lau2_07-day_05-300+_04-frt-1004_01-sng_00-n_00-n_00-n_00-n_00-n_00-n;1004;0;41723;0;N;506494;N;5;3051;0;OS_PO-KV_1;20140325xTue;5_Nové Hamry;Karlovarský kraj;h00;2;51
02-o2_01-ver_03-tour_03-lau2_07-day_05-300+_04-frt-1004_01-sng_00-n_00-n_00-n_00-n_00-n_00-n;1004;0;41723;0;N;554961;N;7;3051;0;OS_PO-KV_1;20140325xTue;7_Karlovy Vary;Karlovarský kraj;h00;0;116
02-o2_01-ver_03-tour_03-lau2_07-day_05-300+_04-frt-1004_01-sng_00-n_00-n_00-n_00-n_00-n_00-n;1004;0;41723;0;N;555169;N;2;3051;0;OS_PO-KV_1;20140325xTue;2_Horní Blatná;Karlovarský kraj;h00;22;10
02-o2_01-ver_03-tour_03-lau2_07-day_05-300+_04-frt-1004_01-sng_00-n_00-n_00-n_00-n_00-n_00-n;1004;0;41723;0;N;555380;N;4;3051;0;OS_PO-KV_1;20140325xTue;4_Nejdek;Karlovarský kraj;h00;108;7
02-o2_01-ver_03-tour_03-lau2_07-day_05-300+_04-frt-1004_01-sng_00-n_00-n_00-n_00-n_00-n_00-n;1004;0;41723;0;N;555398;N;6;3051;0;OS_PO-KV_1;20140325xTue;6_Nová Role;Karlovarský kraj;h00;82;29
02-o2_01-ver_03-tour_03-lau2_07-day_05-300+_04-frt-1004_01-sng_00-n_00-n_00-n_00-n_00-n_00-n;1004;0;41723;0;N;555452;N;3;3051;0;OS_PO-KV_1;20140325xTue;3_Pernink;Karlovarský kraj;h00;2;21
02-o2_01-ver_03-tour_03-lau2_07-day_05-300+_04-frt-1004_01-sng_00-n_00-n_00-n_00-n_00-n_00-n;1004;0;41723;0;N;555479;N;1;3051;0;OS_PO-KV_1;20140325xTue;1_Potůčky;Karlovarský kraj;h00;18;0
02-o2_01-ver_03-tour_03-lau2_07-day_05-300+_04-frt-1004_01-sng_00-n_00-n_00-n_00-n_00-n_00-n;1004;0;41724;0;N;506494;N;5;3051;0;OS_PO-KV_1;20140326xWed;5_Nové Hamry;Karlovarský kraj;h00;2;46
02-o2_01-ver_03-tour_03-lau2_07-day_05-300+_04-frt-1004_01-sng_00-n_00-n_00-n_00-n_00-n_00-n;1004;0;41724;0;N;554961;N;7;3051;0;OS_PO-KV_1;20140326xWed;7_Karlovy Vary;Karlovarský kraj;h00;0;104
02-o2_01-ver_03-tour_03-lau2_07-day_05-300+_04-frt-1004_01-sng_00-n_00-n_00-n_00-n_00-n_00-n;1004;0;41724;0;N;555169;N;2;3051;0;OS_PO-KV_1;20140326xWed;2_Horní Blatná;Karlovarský kraj;h00;23;11
02-o2_01-ver_03-tour_03-lau2_07-day_05-300+_04-frt-1004_01-sng_00-n_00-n_00-n_00-n_00-n_00-n;1004;0;41724;0;N;555380;N;4;3051;0;OS_PO-KV_1;20140326xWed;4_Nejdek;Karlovarský kraj;h00;88;4
02-o2_01-ver_03-tour_03-lau2_07-day_05-300+_04-frt-1004_01-sng_00-n_00-n_00-n_00-n_00-n_00-n;1004;0;41724;0;N;555398;N;6;3051;0;OS_PO-KV_1;20140326xWed;6_Nová Role;Karlovarský kraj;h00;82;31
02-o2_01-ver_03-tour_03-lau2_07-day_05-300+_04-frt-1004_01-sng_00-n_00-n_00-n_00-n_00-n_00-n;1004;0;41724;0;N;555452;N;3;3051;0;OS_PO-KV_1;20140326xWed;3_Pernink;Karlovarský kraj;h00;3;24
02-o2_01-ver_03-tour_03-lau2_07-day_05-300+_04-frt-1004_01-sng_00-n_00-n_00-n_00-n_00-n_00-n;1004;0;41724;0;N;555479;N;1;3051;0;OS_PO-KV_1;20140326xWed;1_Potůčky;Karlovarský kraj;h00;22;0
