02-o2_01-ver_02-vis_03-lau2_07-day_05-300+_05-frt-1005_01-rep_00-n_00-n_00-n_00-n_00-n_00-n;1005;0;41710;0;N;531057;N;7;3026;0;R_PL-PH_1;20140312xWed;7_Beroun;Středočeský kraj;h00;1913;241
02-o2_01-ver_02-vis_03-lau2_07-day_05-300+_05-frt-1005_01-rep_00-n_00-n_00-n_00-n_00-n_00-n;1005;0;41710;0;N;531189;N;5;3026;0;R_PL-PH_1;20140312xWed;5_Hořovice;Středočeský kraj;h00;129;1
02-o2_01-ver_02-vis_03-lau2_07-day_05-300+_05-frt-1005_01-rep_00-n_00-n_00-n_00-n_00-n_00-n;1005;0;41710;0;N;532011;N;6;3026;0;R_PL-PH_1;20140312xWed;6_Zdice;Středočeský kraj;h00;208;29
02-o2_01-ver_02-vis_03-lau2_07-day_05-300+_05-frt-1005_01-rep_00-n_00-n_00-n_00-n_00-n_00-n;1005;0;41710;0;N;554782;N;8;3018;0;R_PL-PH_1;20140312xWed;8_Praha;Hlavní město Praha;h00;0;2761
02-o2_01-ver_02-vis_03-lau2_07-day_05-300+_05-frt-1005_01-rep_00-n_00-n_00-n_00-n_00-n_00-n;1005;0;41710;0;N;554791;N;1;3042;0;R_PL-PH_1;20140312xWed;1_Plzeň;Plzeňský kraj;h00;993;0
02-o2_01-ver_02-vis_03-lau2_07-day_05-300+_05-frt-1005_01-rep_00-n_00-n_00-n_00-n_00-n_00-n;1005;0;41710;0;N;558966;N;2;3042;0;R_PL-PH_1;20140312xWed;2_Chrást;Plzeňský kraj;h00;17;58
02-o2_01-ver_02-vis_03-lau2_07-day_05-300+_05-frt-1005_01-rep_00-n_00-n_00-n_00-n_00-n_00-n;1005;0;41710;0;N;559717;N;3;3042;0;R_PL-PH_1;20140312xWed;3_Rokycany;Plzeňský kraj;h00;63;233
02-o2_01-ver_02-vis_03-lau2_07-day_05-300+_05-frt-1005_01-rep_00-n_00-n_00-n_00-n_00-n_00-n;1005;0;41710;0;N;559903;N;4;3042;0;R_PL-PH_1;20140312xWed;4_Kařez;Plzeňský kraj;h00;5;5
02-o2_01-ver_02-vis_03-lau2_07-day_05-300+_05-frt-1005_01-rep_00-n_00-n_00-n_00-n_00-n_00-n;1005;0;41711;0;N;531057;N;7;3026;0;R_PL-PH_1;20140313xThu;7_Beroun;Středočeský kraj;h00;2146;190
02-o2_01-ver_02-vis_03-lau2_07-day_05-300+_05-frt-1005_01-rep_00-n_00-n_00-n_00-n_00-n_00-n;1005;0;41711;0;N;531189;N;5;3026;0;R_PL-PH_1;20140313xThu;5_Hořovice;Středočeský kraj;h00;242;26
02-o2_01-ver_02-vis_03-lau2_07-day_05-300+_05-frt-1005_01-rep_00-n_00-n_00-n_00-n_00-n_00-n;1005;0;41711;0;N;532011;N;6;3026;0;R_PL-PH_1;20140313xThu;6_Zdice;Středočeský kraj;h00;191;61
02-o2_01-ver_02-vis_03-lau2_07-day_05-300+_05-frt-1005_01-rep_00-n_00-n_00-n_00-n_00-n_00-n;1005;0;41711;0;N;554782;N;8;3018;0;R_PL-PH_1;20140313xThu;8_Praha;Hlavní město Praha;h00;0;3065
02-o2_01-ver_02-vis_03-lau2_07-day_05-300+_05-frt-1005_01-rep_00-n_00-n_00-n_00-n_00-n_00-n;1005;0;41711;0;N;554791;N;1;3042;0;R_PL-PH_1;20140313xThu;1_Plzeň;Plzeňský kraj;h00;948;0
02-o2_01-ver_02-vis_03-lau2_07-day_05-300+_05-frt-1005_01-rep_00-n_00-n_00-n_00-n_00-n_00-n;1005;0;41711;0;N;558966;N;2;3042;0;R_PL-PH_1;20140313xThu;2_Chrást;Plzeňský kraj;h00;15;57
02-o2_01-ver_02-vis_03-lau2_07-day_05-300+_05-frt-1005_01-rep_00-n_00-n_00-n_00-n_00-n_00-n;1005;0;41711;0;N;559717;N;3;3042;0;R_PL-PH_1;20140313xThu;3_Rokycany;Plzeňský kraj;h00;80;241
02-o2_01-ver_02-vis_03-lau2_07-day_05-300+_05-frt-1005_01-rep_00-n_00-n_00-n_00-n_00-n_00-n;1005;0;41711;0;N;559903;N;4;3042;0;R_PL-PH_1;20140313xThu;4_Kařez;Plzeňský kraj;h00;21;3
02-o2_01-ver_02-vis_03-lau2_07-day_05-300+_05-frt-1005_01-rep_00-n_00-n_00-n_00-n_00-n_00-n;1005;0;41712;0;N;531057;N;7;3026;0;R_PL-PH_1;20140314xFri;7_Beroun;Středočeský kraj;h00;2241;225
02-o2_01-ver_02-vis_03-lau2_07-day_05-300+_05-frt-1005_01-rep_00-n_00-n_00-n_00-n_00-n_00-n;1005;0;41712;0;N;531189;N;5;3026;0;R_PL-PH_1;20140314xFri;5_Hořovice;Středočeský kraj;h00;166;17
02-o2_01-ver_02-vis_03-lau2_07-day_05-300+_05-frt-1005_01-rep_00-n_00-n_00-n_00-n_00-n_00-n;1005;0;41712;0;N;532011;N;6;3026;0;R_PL-PH_1;20140314xFri;6_Zdice;Středočeský kraj;h00;249;35
02-o2_01-ver_02-vis_03-lau2_07-day_05-300+_05-frt-1005_01-rep_00-n_00-n_00-n_00-n_00-n_00-n;1005;0;41712;0;N;554782;N;8;3018;0;R_PL-PH_1;20140314xFri;8_Praha;Hlavní město Praha;h00;0;3091
02-o2_01-ver_02-vis_03-lau2_07-day_05-300+_05-frt-1005_01-rep_00-n_00-n_00-n_00-n_00-n_00-n;1005;0;41712;0;N;554791;N;1;3042;0;R_PL-PH_1;20140314xFri;1_Plzeň;Plzeňský kraj;h00;860;0
02-o2_01-ver_02-vis_03-lau2_07-day_05-300+_05-frt-1005_01-rep_00-n_00-n_00-n_00-n_00-n_00-n;1005;0;41712;0;N;558966;N;2;3042;0;R_PL-PH_1;20140314xFri;2_Chrást;Plzeňský kraj;h00;13;72
02-o2_01-ver_02-vis_03-lau2_07-day_05-300+_05-frt-1005_01-rep_00-n_00-n_00-n_00-n_00-n_00-n;1005;0;41712;0;N;559717;N;3;3042;0;R_PL-PH_1;20140314xFri;3_Rokycany;Plzeňský kraj;h00;84;184
02-o2_01-ver_02-vis_03-lau2_07-day_05-300+_05-frt-1005_01-rep_00-n_00-n_00-n_00-n_00-n_00-n;1005;0;41712;0;N;559903;N;4;3042;0;R_PL-PH_1;20140314xFri;4_Kařez;Plzeňský kraj;h00;13;2
02-o2_01-ver_02-vis_03-lau2_07-day_05-300+_05-frt-1005_01-rep_00-n_00-n_00-n_00-n_00-n_00-n;1005;0;41713;0;N;531057;N;7;3026;0;R_PL-PH_1;20140315xSat;7_Beroun;Středočeský kraj;h00;678;77
02-o2_01-ver_02-vis_03-lau2_07-day_05-300+_05-frt-1005_01-rep_00-n_00-n_00-n_00-n_00-n_00-n;1005;0;41713;0;N;531189;N;5;3026;0;R_PL-PH_1;20140315xSat;5_Hořovice;Středočeský kraj;h00;53;6
02-o2_01-ver_02-vis_03-lau2_07-day_05-300+_05-frt-1005_01-rep_00-n_00-n_00-n_00-n_00-n_00-n;1005;0;41713;0;N;532011;N;6;3026;0;R_PL-PH_1;20140315xSat;6_Zdice;Středočeský kraj;h00;75;12
02-o2_01-ver_02-vis_03-lau2_07-day_05-300+_05-frt-1005_01-rep_00-n_00-n_00-n_00-n_00-n_00-n;1005;0;41713;0;N;554782;N;8;3018;0;R_PL-PH_1;20140315xSat;8_Praha;Hlavní město Praha;h00;0;1084
02-o2_01-ver_02-vis_03-lau2_07-day_05-300+_05-frt-1005_01-rep_00-n_00-n_00-n_00-n_00-n_00-n;1005;0;41713;0;N;554791;N;1;3042;0;R_PL-PH_1;20140315xSat;1_Plzeň;Plzeňský kraj;h00;436;0
02-o2_01-ver_02-vis_03-lau2_07-day_05-300+_05-frt-1005_01-rep_00-n_00-n_00-n_00-n_00-n_00-n;1005;0;41713;0;N;558966;N;2;3042;0;R_PL-PH_1;20140315xSat;2_Chrást;Plzeňský kraj;h00;5;32
02-o2_01-ver_02-vis_03-lau2_07-day_05-300+_05-frt-1005_01-rep_00-n_00-n_00-n_00-n_00-n_00-n;1005;0;41713;0;N;559717;N;3;3042;0;R_PL-PH_1;20140315xSat;3_Rokycany;Plzeňský kraj;h00;38;73
02-o2_01-ver_02-vis_03-lau2_07-day_05-300+_05-frt-1005_01-rep_00-n_00-n_00-n_00-n_00-n_00-n;1005;0;41713;0;N;559903;N;4;3042;0;R_PL-PH_1;20140315xSat;4_Kařez;Plzeňský kraj;h00;0;1
02-o2_01-ver_02-vis_03-lau2_07-day_05-300+_05-frt-1005_01-rep_00-n_00-n_00-n_00-n_00-n_00-n;1005;0;41714;0;N;531057;N;7;3026;0;R_PL-PH_1;20140316xSun;7_Beroun;Středočeský kraj;h00;432;27
02-o2_01-ver_02-vis_03-lau2_07-day_05-300+_05-frt-1005_01-rep_00-n_00-n_00-n_00-n_00-n_00-n;1005;0;41714;0;N;531189;N;5;3026;0;R_PL-PH_1;20140316xSun;5_Hořovice;Středočeský kraj;h00;21;1
02-o2_01-ver_02-vis_03-lau2_07-day_05-300+_05-frt-1005_01-rep_00-n_00-n_00-n_00-n_00-n_00-n;1005;0;41714;0;N;532011;N;6;3026;0;R_PL-PH_1;20140316xSun;6_Zdice;Středočeský kraj;h00;14;10
02-o2_01-ver_02-vis_03-lau2_07-day_05-300+_05-frt-1005_01-rep_00-n_00-n_00-n_00-n_00-n_00-n;1005;0;41714;0;N;554782;N;8;3018;0;R_PL-PH_1;20140316xSun;8_Praha;Hlavní město Praha;h00;0;624
02-o2_01-ver_02-vis_03-lau2_07-day_05-300+_05-frt-1005_01-rep_00-n_00-n_00-n_00-n_00-n_00-n;1005;0;41714;0;N;554791;N;1;3042;0;R_PL-PH_1;20140316xSun;1_Plzeň;Plzeňský kraj;h00;212;0
02-o2_01-ver_02-vis_03-lau2_07-day_05-300+_05-frt-1005_01-rep_00-n_00-n_00-n_00-n_00-n_00-n;1005;0;41714;0;N;558966;N;2;3042;0;R_PL-PH_1;20140316xSun;2_Chrást;Plzeňský kraj;h00;0;21
02-o2_01-ver_02-vis_03-lau2_07-day_05-300+_05-frt-1005_01-rep_00-n_00-n_00-n_00-n_00-n_00-n;1005;0;41714;0;N;559717;N;3;3042;0;R_PL-PH_1;20140316xSun;3_Rokycany;Plzeňský kraj;h00;13;13
02-o2_01-ver_02-vis_03-lau2_07-day_05-300+_05-frt-1005_01-rep_00-n_00-n_00-n_00-n_00-n_00-n;1005;0;41714;0;N;559903;N;4;3042;0;R_PL-PH_1;20140316xSun;4_Kařez;Plzeňský kraj;h00;4;0
02-o2_01-ver_02-vis_03-lau2_07-day_05-300+_05-frt-1005_01-rep_00-n_00-n_00-n_00-n_00-n_00-n;1005;0;41715;0;N;531057;N;7;3026;0;R_PL-PH_1;20140317xMon;7_Beroun;Středočeský kraj;h00;1913;147
02-o2_01-ver_02-vis_03-lau2_07-day_05-300+_05-frt-1005_01-rep_00-n_00-n_00-n_00-n_00-n_00-n;1005;0;41715;0;N;531189;N;5;3026;0;R_PL-PH_1;20140317xMon;5_Hořovice;Středočeský kraj;h00;50;3
02-o2_01-ver_02-vis_03-lau2_07-day_05-300+_05-frt-1005_01-rep_00-n_00-n_00-n_00-n_00-n_00-n;1005;0;41715;0;N;532011;N;6;3026;0;R_PL-PH_1;20140317xMon;6_Zdice;Středočeský kraj;h00;130;22
02-o2_01-ver_02-vis_03-lau2_07-day_05-300+_05-frt-1005_01-rep_00-n_00-n_00-n_00-n_00-n_00-n;1005;0;41715;0;N;554782;N;8;3018;0;R_PL-PH_1;20140317xMon;8_Praha;Hlavní město Praha;h00;0;2665
02-o2_01-ver_02-vis_03-lau2_07-day_05-300+_05-frt-1005_01-rep_00-n_00-n_00-n_00-n_00-n_00-n;1005;0;41715;0;N;554791;N;1;3042;0;R_PL-PH_1;20140317xMon;1_Plzeň;Plzeňský kraj;h00;879;0
02-o2_01-ver_02-vis_03-lau2_07-day_05-300+_05-frt-1005_01-rep_00-n_00-n_00-n_00-n_00-n_00-n;1005;0;41715;0;N;558966;N;2;3042;0;R_PL-PH_1;20140317xMon;2_Chrást;Plzeňský kraj;h00;0;37
02-o2_01-ver_02-vis_03-lau2_07-day_05-300+_05-frt-1005_01-rep_00-n_00-n_00-n_00-n_00-n_00-n;1005;0;41715;0;N;559717;N;3;3042;0;R_PL-PH_1;20140317xMon;3_Rokycany;Plzeňský kraj;h00;94;206
02-o2_01-ver_02-vis_03-lau2_07-day_05-300+_05-frt-1005_01-rep_00-n_00-n_00-n_00-n_00-n_00-n;1005;0;41715;0;N;559903;N;4;3042;0;R_PL-PH_1;20140317xMon;4_Kařez;Plzeňský kraj;h00;18;4
02-o2_01-ver_02-vis_03-lau2_07-day_05-300+_05-frt-1005_01-rep_00-n_00-n_00-n_00-n_00-n_00-n;1005;0;41716;0;N;531057;N;7;3026;0;R_PL-PH_1;20140318xTue;7_Beroun;Středočeský kraj;h00;2596;219
02-o2_01-ver_02-vis_03-lau2_07-day_05-300+_05-frt-1005_01-rep_00-n_00-n_00-n_00-n_00-n_00-n;1005;0;41716;0;N;531189;N;5;3026;0;R_PL-PH_1;20140318xTue;5_Hořovice;Středočeský kraj;h00;160;6
02-o2_01-ver_02-vis_03-lau2_07-day_05-300+_05-frt-1005_01-rep_00-n_00-n_00-n_00-n_00-n_00-n;1005;0;41716;0;N;532011;N;6;3026;0;R_PL-PH_1;20140318xTue;6_Zdice;Středočeský kraj;h00;215;32
02-o2_01-ver_02-vis_03-lau2_07-day_05-300+_05-frt-1005_01-rep_00-n_00-n_00-n_00-n_00-n_00-n;1005;0;41716;0;N;554782;N;8;3018;0;R_PL-PH_1;20140318xTue;8_Praha;Hlavní město Praha;h00;0;3857
02-o2_01-ver_02-vis_03-lau2_07-day_05-300+_05-frt-1005_01-rep_00-n_00-n_00-n_00-n_00-n_00-n;1005;0;41716;0;N;554791;N;1;3042;0;R_PL-PH_1;20140318xTue;1_Plzeň;Plzeňský kraj;h00;1328;0
02-o2_01-ver_02-vis_03-lau2_07-day_05-300+_05-frt-1005_01-rep_00-n_00-n_00-n_00-n_00-n_00-n;1005;0;41716;0;N;558966;N;2;3042;0;R_PL-PH_1;20140318xTue;2_Chrást;Plzeňský kraj;h00;22;63
02-o2_01-ver_02-vis_03-lau2_07-day_05-300+_05-frt-1005_01-rep_00-n_00-n_00-n_00-n_00-n_00-n;1005;0;41716;0;N;559717;N;3;3042;0;R_PL-PH_1;20140318xTue;3_Rokycany;Plzeňský kraj;h00;104;258
02-o2_01-ver_02-vis_03-lau2_07-day_05-300+_05-frt-1005_01-rep_00-n_00-n_00-n_00-n_00-n_00-n;1005;0;41716;0;N;559903;N;4;3042;0;R_PL-PH_1;20140318xTue;4_Kařez;Plzeňský kraj;h00;17;7
02-o2_01-ver_02-vis_03-lau2_07-day_05-300+_05-frt-1005_01-rep_00-n_00-n_00-n_00-n_00-n_00-n;1005;0;41717;0;N;531057;N;7;3026;0;R_PL-PH_1;20140319xWed;7_Beroun;Středočeský kraj;h00;2570;303
02-o2_01-ver_02-vis_03-lau2_07-day_05-300+_05-frt-1005_01-rep_00-n_00-n_00-n_00-n_00-n_00-n;1005;0;41717;0;N;531189;N;5;3026;0;R_PL-PH_1;20140319xWed;5_Hořovice;Středočeský kraj;h00;195;22
02-o2_01-ver_02-vis_03-lau2_07-day_05-300+_05-frt-1005_01-rep_00-n_00-n_00-n_00-n_00-n_00-n;1005;0;41717;0;N;532011;N;6;3026;0;R_PL-PH_1;20140319xWed;6_Zdice;Středočeský kraj;h00;290;47
02-o2_01-ver_02-vis_03-lau2_07-day_05-300+_05-frt-1005_01-rep_00-n_00-n_00-n_00-n_00-n_00-n;1005;0;41717;0;N;554782;N;8;3018;0;R_PL-PH_1;20140319xWed;8_Praha;Hlavní město Praha;h00;0;3588
02-o2_01-ver_02-vis_03-lau2_07-day_05-300+_05-frt-1005_01-rep_00-n_00-n_00-n_00-n_00-n_00-n;1005;0;41717;0;N;554791;N;1;3042;0;R_PL-PH_1;20140319xWed;1_Plzeň;Plzeňský kraj;h00;1087;0
02-o2_01-ver_02-vis_03-lau2_07-day_05-300+_05-frt-1005_01-rep_00-n_00-n_00-n_00-n_00-n_00-n;1005;0;41717;0;N;558966;N;2;3042;0;R_PL-PH_1;20140319xWed;2_Chrást;Plzeňský kraj;h00;20;91
02-o2_01-ver_02-vis_03-lau2_07-day_05-300+_05-frt-1005_01-rep_00-n_00-n_00-n_00-n_00-n_00-n;1005;0;41717;0;N;559717;N;3;3042;0;R_PL-PH_1;20140319xWed;3_Rokycany;Plzeňský kraj;h00;77;210
02-o2_01-ver_02-vis_03-lau2_07-day_05-300+_05-frt-1005_01-rep_00-n_00-n_00-n_00-n_00-n_00-n;1005;0;41717;0;N;559903;N;4;3042;0;R_PL-PH_1;20140319xWed;4_Kařez;Plzeňský kraj;h00;24;2
02-o2_01-ver_02-vis_03-lau2_07-day_05-300+_05-frt-1005_01-rep_00-n_00-n_00-n_00-n_00-n_00-n;1005;0;41718;0;N;531057;N;7;3026;0;R_PL-PH_1;20140320xThu;7_Beroun;Středočeský kraj;h00;2385;336
02-o2_01-ver_02-vis_03-lau2_07-day_05-300+_05-frt-1005_01-rep_00-n_00-n_00-n_00-n_00-n_00-n;1005;0;41718;0;N;531189;N;5;3026;0;R_PL-PH_1;20140320xThu;5_Hořovice;Středočeský kraj;h00;185;11
02-o2_01-ver_02-vis_03-lau2_07-day_05-300+_05-frt-1005_01-rep_00-n_00-n_00-n_00-n_00-n_00-n;1005;0;41718;0;N;532011;N;6;3026;0;R_PL-PH_1;20140320xThu;6_Zdice;Středočeský kraj;h00;355;50
02-o2_01-ver_02-vis_03-lau2_07-day_05-300+_05-frt-1005_01-rep_00-n_00-n_00-n_00-n_00-n_00-n;1005;0;41718;0;N;554782;N;8;3018;0;R_PL-PH_1;20140320xThu;8_Praha;Hlavní město Praha;h00;0;3325
02-o2_01-ver_02-vis_03-lau2_07-day_05-300+_05-frt-1005_01-rep_00-n_00-n_00-n_00-n_00-n_00-n;1005;0;41718;0;N;554791;N;1;3042;0;R_PL-PH_1;20140320xThu;1_Plzeň;Plzeňský kraj;h00;1014;0
02-o2_01-ver_02-vis_03-lau2_07-day_05-300+_05-frt-1005_01-rep_00-n_00-n_00-n_00-n_00-n_00-n;1005;0;41718;0;N;558966;N;2;3042;0;R_PL-PH_1;20140320xThu;2_Chrást;Plzeňský kraj;h00;25;73
02-o2_01-ver_02-vis_03-lau2_07-day_05-300+_05-frt-1005_01-rep_00-n_00-n_00-n_00-n_00-n_00-n;1005;0;41718;0;N;559717;N;3;3042;0;R_PL-PH_1;20140320xThu;3_Rokycany;Plzeňský kraj;h00;79;259
02-o2_01-ver_02-vis_03-lau2_07-day_05-300+_05-frt-1005_01-rep_00-n_00-n_00-n_00-n_00-n_00-n;1005;0;41718;0;N;559903;N;4;3042;0;R_PL-PH_1;20140320xThu;4_Kařez;Plzeňský kraj;h00;16;5
02-o2_01-ver_02-vis_03-lau2_07-day_05-300+_05-frt-1005_01-rep_00-n_00-n_00-n_00-n_00-n_00-n;1005;0;41719;0;N;531057;N;7;3026;0;R_PL-PH_1;20140321xFri;7_Beroun;Středočeský kraj;h00;1581;77
02-o2_01-ver_02-vis_03-lau2_07-day_05-300+_05-frt-1005_01-rep_00-n_00-n_00-n_00-n_00-n_00-n;1005;0;41719;0;N;531189;N;5;3026;0;R_PL-PH_1;20140321xFri;5_Hořovice;Středočeský kraj;h00;65;3
02-o2_01-ver_02-vis_03-lau2_07-day_05-300+_05-frt-1005_01-rep_00-n_00-n_00-n_00-n_00-n_00-n;1005;0;41719;0;N;532011;N;6;3026;0;R_PL-PH_1;20140321xFri;6_Zdice;Středočeský kraj;h00;71;19
02-o2_01-ver_02-vis_03-lau2_07-day_05-300+_05-frt-1005_01-rep_00-n_00-n_00-n_00-n_00-n_00-n;1005;0;41719;0;N;554782;N;8;3018;0;R_PL-PH_1;20140321xFri;8_Praha;Hlavní město Praha;h00;0;2140
02-o2_01-ver_02-vis_03-lau2_07-day_05-300+_05-frt-1005_01-rep_00-n_00-n_00-n_00-n_00-n_00-n;1005;0;41719;0;N;554791;N;1;3042;0;R_PL-PH_1;20140321xFri;1_Plzeň;Plzeňský kraj;h00;601;0
02-o2_01-ver_02-vis_03-lau2_07-day_05-300+_05-frt-1005_01-rep_00-n_00-n_00-n_00-n_00-n_00-n;1005;0;41719;0;N;558966;N;2;3042;0;R_PL-PH_1;20140321xFri;2_Chrást;Plzeňský kraj;h00;9;19
02-o2_01-ver_02-vis_03-lau2_07-day_05-300+_05-frt-1005_01-rep_00-n_00-n_00-n_00-n_00-n_00-n;1005;0;41719;0;N;559717;N;3;3042;0;R_PL-PH_1;20140321xFri;3_Rokycany;Plzeňský kraj;h00;68;136
02-o2_01-ver_02-vis_03-lau2_07-day_05-300+_05-frt-1005_01-rep_00-n_00-n_00-n_00-n_00-n_00-n;1005;0;41719;0;N;559903;N;4;3042;0;R_PL-PH_1;20140321xFri;4_Kařez;Plzeňský kraj;h00;0;1
02-o2_01-ver_02-vis_03-lau2_07-day_05-300+_05-frt-1005_01-rep_00-n_00-n_00-n_00-n_00-n_00-n;1005;0;41720;0;N;531057;N;7;3026;0;R_PL-PH_1;20140322xSat;7_Beroun;Středočeský kraj;h00;633;42
02-o2_01-ver_02-vis_03-lau2_07-day_05-300+_05-frt-1005_01-rep_00-n_00-n_00-n_00-n_00-n_00-n;1005;0;41720;0;N;531189;N;5;3026;0;R_PL-PH_1;20140322xSat;5_Hořovice;Středočeský kraj;h00;18;7
02-o2_01-ver_02-vis_03-lau2_07-day_05-300+_05-frt-1005_01-rep_00-n_00-n_00-n_00-n_00-n_00-n;1005;0;41720;0;N;532011;N;6;3026;0;R_PL-PH_1;20140322xSat;6_Zdice;Středočeský kraj;h00;41;4
02-o2_01-ver_02-vis_03-lau2_07-day_05-300+_05-frt-1005_01-rep_00-n_00-n_00-n_00-n_00-n_00-n;1005;0;41720;0;N;554782;N;8;3018;0;R_PL-PH_1;20140322xSat;8_Praha;Hlavní město Praha;h00;0;907
02-o2_01-ver_02-vis_03-lau2_07-day_05-300+_05-frt-1005_01-rep_00-n_00-n_00-n_00-n_00-n_00-n;1005;0;41720;0;N;554791;N;1;3042;0;R_PL-PH_1;20140322xSat;1_Plzeň;Plzeňský kraj;h00;377;0
02-o2_01-ver_02-vis_03-lau2_07-day_05-300+_05-frt-1005_01-rep_00-n_00-n_00-n_00-n_00-n_00-n;1005;0;41720;0;N;558966;N;2;3042;0;R_PL-PH_1;20140322xSat;2_Chrást;Plzeňský kraj;h00;0;55
02-o2_01-ver_02-vis_03-lau2_07-day_05-300+_05-frt-1005_01-rep_00-n_00-n_00-n_00-n_00-n_00-n;1005;0;41720;0;N;559717;N;3;3042;0;R_PL-PH_1;20140322xSat;3_Rokycany;Plzeňský kraj;h00;3;59
02-o2_01-ver_02-vis_03-lau2_07-day_05-300+_05-frt-1005_01-rep_00-n_00-n_00-n_00-n_00-n_00-n;1005;0;41720;0;N;559903;N;4;3042;0;R_PL-PH_1;20140322xSat;4_Kařez;Plzeňský kraj;h00;4;2
02-o2_01-ver_02-vis_03-lau2_07-day_05-300+_05-frt-1005_01-rep_00-n_00-n_00-n_00-n_00-n_00-n;1005;0;41721;0;N;531057;N;7;3026;0;R_PL-PH_1;20140323xSun;7_Beroun;Středočeský kraj;h00;409;77
02-o2_01-ver_02-vis_03-lau2_07-day_05-300+_05-frt-1005_01-rep_00-n_00-n_00-n_00-n_00-n_00-n;1005;0;41721;0;N;531189;N;5;3026;0;R_PL-PH_1;20140323xSun;5_Hořovice;Středočeský kraj;h00;14;5
02-o2_01-ver_02-vis_03-lau2_07-day_05-300+_05-frt-1005_01-rep_00-n_00-n_00-n_00-n_00-n_00-n;1005;0;41721;0;N;532011;N;6;3026;0;R_PL-PH_1;20140323xSun;6_Zdice;Středočeský kraj;h00;58;6
02-o2_01-ver_02-vis_03-lau2_07-day_05-300+_05-frt-1005_01-rep_00-n_00-n_00-n_00-n_00-n_00-n;1005;0;41721;0;N;554782;N;8;3018;0;R_PL-PH_1;20140323xSun;8_Praha;Hlavní město Praha;h00;0;557
02-o2_01-ver_02-vis_03-lau2_07-day_05-300+_05-frt-1005_01-rep_00-n_00-n_00-n_00-n_00-n_00-n;1005;0;41721;0;N;554791;N;1;3042;0;R_PL-PH_1;20140323xSun;1_Plzeň;Plzeňský kraj;h00;228;0
02-o2_01-ver_02-vis_03-lau2_07-day_05-300+_05-frt-1005_01-rep_00-n_00-n_00-n_00-n_00-n_00-n;1005;0;41721;0;N;558966;N;2;3042;0;R_PL-PH_1;20140323xSun;2_Chrást;Plzeňský kraj;h00;0;28
02-o2_01-ver_02-vis_03-lau2_07-day_05-300+_05-frt-1005_01-rep_00-n_00-n_00-n_00-n_00-n_00-n;1005;0;41721;0;N;559717;N;3;3042;0;R_PL-PH_1;20140323xSun;3_Rokycany;Plzeňský kraj;h00;5;41
02-o2_01-ver_02-vis_03-lau2_07-day_05-300+_05-frt-1005_01-rep_00-n_00-n_00-n_00-n_00-n_00-n;1005;0;41722;0;N;531057;N;7;3026;0;R_PL-PH_1;20140324xMon;7_Beroun;Středočeský kraj;h00;2208;307
02-o2_01-ver_02-vis_03-lau2_07-day_05-300+_05-frt-1005_01-rep_00-n_00-n_00-n_00-n_00-n_00-n;1005;0;41722;0;N;531189;N;5;3026;0;R_PL-PH_1;20140324xMon;5_Hořovice;Středočeský kraj;h00;184;18
02-o2_01-ver_02-vis_03-lau2_07-day_05-300+_05-frt-1005_01-rep_00-n_00-n_00-n_00-n_00-n_00-n;1005;0;41722;0;N;532011;N;6;3026;0;R_PL-PH_1;20140324xMon;6_Zdice;Středočeský kraj;h00;239;43
02-o2_01-ver_02-vis_03-lau2_07-day_05-300+_05-frt-1005_01-rep_00-n_00-n_00-n_00-n_00-n_00-n;1005;0;41722;0;N;554782;N;8;3018;0;R_PL-PH_1;20140324xMon;8_Praha;Hlavní město Praha;h00;0;3087
02-o2_01-ver_02-vis_03-lau2_07-day_05-300+_05-frt-1005_01-rep_00-n_00-n_00-n_00-n_00-n_00-n;1005;0;41722;0;N;554791;N;1;3042;0;R_PL-PH_1;20140324xMon;1_Plzeň;Plzeňský kraj;h00;948;0
02-o2_01-ver_02-vis_03-lau2_07-day_05-300+_05-frt-1005_01-rep_00-n_00-n_00-n_00-n_00-n_00-n;1005;0;41722;0;N;558966;N;2;3042;0;R_PL-PH_1;20140324xMon;2_Chrást;Plzeňský kraj;h00;8;67
02-o2_01-ver_02-vis_03-lau2_07-day_05-300+_05-frt-1005_01-rep_00-n_00-n_00-n_00-n_00-n_00-n;1005;0;41722;0;N;559717;N;3;3042;0;R_PL-PH_1;20140324xMon;3_Rokycany;Plzeňský kraj;h00;97;187
02-o2_01-ver_02-vis_03-lau2_07-day_05-300+_05-frt-1005_01-rep_00-n_00-n_00-n_00-n_00-n_00-n;1005;0;41722;0;N;559903;N;4;3042;0;R_PL-PH_1;20140324xMon;4_Kařez;Plzeňský kraj;h00;33;8
02-o2_01-ver_02-vis_03-lau2_07-day_05-300+_05-frt-1005_01-rep_00-n_00-n_00-n_00-n_00-n_00-n;1005;0;41723;0;N;531057;N;7;3026;0;R_PL-PH_1;20140325xTue;7_Beroun;Středočeský kraj;h00;2342;305
02-o2_01-ver_02-vis_03-lau2_07-day_05-300+_05-frt-1005_01-rep_00-n_00-n_00-n_00-n_00-n_00-n;1005;0;41723;0;N;531189;N;5;3026;0;R_PL-PH_1;20140325xTue;5_Hořovice;Středočeský kraj;h00;159;12
02-o2_01-ver_02-vis_03-lau2_07-day_05-300+_05-frt-1005_01-rep_00-n_00-n_00-n_00-n_00-n_00-n;1005;0;41723;0;N;532011;N;6;3026;0;R_PL-PH_1;20140325xTue;6_Zdice;Středočeský kraj;h00;237;43
02-o2_01-ver_02-vis_03-lau2_07-day_05-300+_05-frt-1005_01-rep_00-n_00-n_00-n_00-n_00-n_00-n;1005;0;41723;0;N;554782;N;8;3018;0;R_PL-PH_1;20140325xTue;8_Praha;Hlavní město Praha;h00;0;3406
02-o2_01-ver_02-vis_03-lau2_07-day_05-300+_05-frt-1005_01-rep_00-n_00-n_00-n_00-n_00-n_00-n;1005;0;41723;0;N;554791;N;1;3042;0;R_PL-PH_1;20140325xTue;1_Plzeň;Plzeňský kraj;h00;1190;0
02-o2_01-ver_02-vis_03-lau2_07-day_05-300+_05-frt-1005_01-rep_00-n_00-n_00-n_00-n_00-n_00-n;1005;0;41723;0;N;558966;N;2;3042;0;R_PL-PH_1;20140325xTue;2_Chrást;Plzeňský kraj;h00;10;47
02-o2_01-ver_02-vis_03-lau2_07-day_05-300+_05-frt-1005_01-rep_00-n_00-n_00-n_00-n_00-n_00-n;1005;0;41723;0;N;559717;N;3;3042;0;R_PL-PH_1;20140325xTue;3_Rokycany;Plzeňský kraj;h00;84;222
02-o2_01-ver_02-vis_03-lau2_07-day_05-300+_05-frt-1005_01-rep_00-n_00-n_00-n_00-n_00-n_00-n;1005;0;41723;0;N;559903;N;4;3042;0;R_PL-PH_1;20140325xTue;4_Kařez;Plzeňský kraj;h00;16;3
02-o2_01-ver_02-vis_03-lau2_07-day_05-300+_05-frt-1005_01-rep_00-n_00-n_00-n_00-n_00-n_00-n;1005;0;41724;0;N;531057;N;7;3026;0;R_PL-PH_1;20140326xWed;7_Beroun;Středočeský kraj;h00;2153;294
02-o2_01-ver_02-vis_03-lau2_07-day_05-300+_05-frt-1005_01-rep_00-n_00-n_00-n_00-n_00-n_00-n;1005;0;41724;0;N;531189;N;5;3026;0;R_PL-PH_1;20140326xWed;5_Hořovice;Středočeský kraj;h00;151;10
02-o2_01-ver_02-vis_03-lau2_07-day_05-300+_05-frt-1005_01-rep_00-n_00-n_00-n_00-n_00-n_00-n;1005;0;41724;0;N;532011;N;6;3026;0;R_PL-PH_1;20140326xWed;6_Zdice;Středočeský kraj;h00;278;37
02-o2_01-ver_02-vis_03-lau2_07-day_05-300+_05-frt-1005_01-rep_00-n_00-n_00-n_00-n_00-n_00-n;1005;0;41724;0;N;554782;N;8;3018;0;R_PL-PH_1;20140326xWed;8_Praha;Hlavní město Praha;h00;0;3170
02-o2_01-ver_02-vis_03-lau2_07-day_05-300+_05-frt-1005_01-rep_00-n_00-n_00-n_00-n_00-n_00-n;1005;0;41724;0;N;554791;N;1;3042;0;R_PL-PH_1;20140326xWed;1_Plzeň;Plzeňský kraj;h00;1061;0
02-o2_01-ver_02-vis_03-lau2_07-day_05-300+_05-frt-1005_01-rep_00-n_00-n_00-n_00-n_00-n_00-n;1005;0;41724;0;N;558966;N;2;3042;0;R_PL-PH_1;20140326xWed;2_Chrást;Plzeňský kraj;h00;18;65
02-o2_01-ver_02-vis_03-lau2_07-day_05-300+_05-frt-1005_01-rep_00-n_00-n_00-n_00-n_00-n_00-n;1005;0;41724;0;N;559717;N;3;3042;0;R_PL-PH_1;20140326xWed;3_Rokycany;Plzeňský kraj;h00;86;186
02-o2_01-ver_02-vis_03-lau2_07-day_05-300+_05-frt-1005_01-rep_00-n_00-n_00-n_00-n_00-n_00-n;1005;0;41724;0;N;559903;N;4;3042;0;R_PL-PH_1;20140326xWed;4_Kařez;Plzeňský kraj;h00;19;4
