02-o2_02-edg_04-pot_03-lau2_07-day_03-60_06-frt-1006_01-sng_00-n_00-n_00-n_00-n_00-n_00-n;1006;0;41713;0;N;554782;539856;1;3018;0;R_PH_PL_2;20140315xSat;01_Praha_Všenory;Hlavní město Praha;h00;3890;N
02-o2_02-edg_04-pot_03-lau2_07-day_03-60_06-frt-1006_01-sng_00-n_00-n_00-n_00-n_00-n_00-n;1006;0;41713;0;N;539856;531057;2;3026;0;R_PH_PL_2;20140315xSat;02_Všenory_Beroun;Středočeský kraj;h00;3543;N
02-o2_02-edg_04-pot_03-lau2_07-day_03-60_06-frt-1006_01-sng_00-n_00-n_00-n_00-n_00-n_00-n;1006;0;41713;0;N;531057;532011;3;3026;0;R_PH_PL_2;20140315xSat;03_Beroun_Zdice;Středočeský kraj;h00;2013;N
02-o2_02-edg_04-pot_03-lau2_07-day_03-60_06-frt-1006_01-sng_00-n_00-n_00-n_00-n_00-n_00-n;1006;0;41713;0;N;532011;531189;4;3026;0;R_PH_PL_2;20140315xSat;04_Zdice_Hořovice;Středočeský kraj;h00;1684;N
02-o2_02-edg_04-pot_03-lau2_07-day_03-60_06-frt-1006_01-sng_00-n_00-n_00-n_00-n_00-n_00-n;1006;0;41713;0;N;531189;559903;5;3026;0;R_PH_PL_2;20140315xSat;05_Hořovice_Kařez;Středočeský kraj;h00;1572;N
02-o2_02-edg_04-pot_03-lau2_07-day_03-60_06-frt-1006_01-sng_00-n_00-n_00-n_00-n_00-n_00-n;1006;0;41713;0;N;559903;559717;6;3042;0;R_PH_PL_2;20140315xSat;06_Kařez_Rokycany;Plzeňský kraj;h00;1547;N
02-o2_02-edg_04-pot_03-lau2_07-day_03-60_06-frt-1006_01-sng_00-n_00-n_00-n_00-n_00-n_00-n;1006;0;41713;0;N;559717;554791;7;3042;0;R_PH_PL_2;20140315xSat;07_Rokycany_Plzeň;Plzeňský kraj;h00;2023;N
02-o2_02-edg_04-pot_03-lau2_07-day_03-60_06-frt-1006_01-sng_00-n_00-n_00-n_00-n_00-n_00-n;1006;0;41722;0;N;554782;539856;1;3018;0;R_PH_PL_2;20140324xMon;01_Praha_Všenory;Hlavní město Praha;h00;4763;N
02-o2_02-edg_04-pot_03-lau2_07-day_03-60_06-frt-1006_01-sng_00-n_00-n_00-n_00-n_00-n_00-n;1006;0;41722;0;N;539856;531057;2;3026;0;R_PH_PL_2;20140324xMon;02_Všenory_Beroun;Středočeský kraj;h00;4306;N
02-o2_02-edg_04-pot_03-lau2_07-day_03-60_06-frt-1006_01-sng_00-n_00-n_00-n_00-n_00-n_00-n;1006;0;41722;0;N;531057;532011;3;3026;0;R_PH_PL_2;20140324xMon;03_Beroun_Zdice;Středočeský kraj;h00;2619;N
02-o2_02-edg_04-pot_03-lau2_07-day_03-60_06-frt-1006_01-sng_00-n_00-n_00-n_00-n_00-n_00-n;1006;0;41722;0;N;532011;531189;4;3026;0;R_PH_PL_2;20140324xMon;04_Zdice_Hořovice;Středočeský kraj;h00;2172;N
02-o2_02-edg_04-pot_03-lau2_07-day_03-60_06-frt-1006_01-sng_00-n_00-n_00-n_00-n_00-n_00-n;1006;0;41722;0;N;531189;559903;5;3026;0;R_PH_PL_2;20140324xMon;05_Hořovice_Kařez;Středočeský kraj;h00;1952;N
02-o2_02-edg_04-pot_03-lau2_07-day_03-60_06-frt-1006_01-sng_00-n_00-n_00-n_00-n_00-n_00-n;1006;0;41722;0;N;559903;559717;6;3042;0;R_PH_PL_2;20140324xMon;06_Kařez_Rokycany;Plzeňský kraj;h00;1967;N
02-o2_02-edg_04-pot_03-lau2_07-day_03-60_06-frt-1006_01-sng_00-n_00-n_00-n_00-n_00-n_00-n;1006;0;41722;0;N;559717;554791;7;3042;0;R_PH_PL_2;20140324xMon;07_Rokycany_Plzeň;Plzeňský kraj;h00;2621;N
02-o2_02-edg_04-pot_03-lau2_07-day_03-60_06-frt-1006_01-sng_00-n_00-n_00-n_00-n_00-n_00-n;1006;0;41718;0;N;554782;539856;1;3018;0;R_PH_PL_2;20140320xThu;01_Praha_Všenory;Hlavní město Praha;h00;5306;N
02-o2_02-edg_04-pot_03-lau2_07-day_03-60_06-frt-1006_01-sng_00-n_00-n_00-n_00-n_00-n_00-n;1006;0;41718;0;N;539856;531057;2;3026;0;R_PH_PL_2;20140320xThu;02_Všenory_Beroun;Středočeský kraj;h00;4724;N
02-o2_02-edg_04-pot_03-lau2_07-day_03-60_06-frt-1006_01-sng_00-n_00-n_00-n_00-n_00-n_00-n;1006;0;41718;0;N;531057;532011;3;3026;0;R_PH_PL_2;20140320xThu;03_Beroun_Zdice;Středočeský kraj;h00;2947;N
02-o2_02-edg_04-pot_03-lau2_07-day_03-60_06-frt-1006_01-sng_00-n_00-n_00-n_00-n_00-n_00-n;1006;0;41718;0;N;532011;531189;4;3026;0;R_PH_PL_2;20140320xThu;04_Zdice_Hořovice;Středočeský kraj;h00;2402;N
02-o2_02-edg_04-pot_03-lau2_07-day_03-60_06-frt-1006_01-sng_00-n_00-n_00-n_00-n_00-n_00-n;1006;0;41718;0;N;531189;559903;5;3026;0;R_PH_PL_2;20140320xThu;05_Hořovice_Kařez;Středočeský kraj;h00;2190;N
02-o2_02-edg_04-pot_03-lau2_07-day_03-60_06-frt-1006_01-sng_00-n_00-n_00-n_00-n_00-n_00-n;1006;0;41718;0;N;559903;559717;6;3042;0;R_PH_PL_2;20140320xThu;06_Kařez_Rokycany;Plzeňský kraj;h00;2174;N
02-o2_02-edg_04-pot_03-lau2_07-day_03-60_06-frt-1006_01-sng_00-n_00-n_00-n_00-n_00-n_00-n;1006;0;41718;0;N;559717;554791;7;3042;0;R_PH_PL_2;20140320xThu;07_Rokycany_Plzeň;Plzeňský kraj;h00;2901;N
02-o2_02-edg_04-pot_03-lau2_07-day_03-60_06-frt-1006_01-sng_00-n_00-n_00-n_00-n_00-n_00-n;1006;0;41723;0;N;554782;539856;1;3018;0;R_PH_PL_2;20140325xTue;01_Praha_Všenory;Hlavní město Praha;h00;5432;N
02-o2_02-edg_04-pot_03-lau2_07-day_03-60_06-frt-1006_01-sng_00-n_00-n_00-n_00-n_00-n_00-n;1006;0;41723;0;N;539856;531057;2;3026;0;R_PH_PL_2;20140325xTue;02_Všenory_Beroun;Středočeský kraj;h00;4867;N
02-o2_02-edg_04-pot_03-lau2_07-day_03-60_06-frt-1006_01-sng_00-n_00-n_00-n_00-n_00-n_00-n;1006;0;41723;0;N;531057;532011;3;3026;0;R_PH_PL_2;20140325xTue;03_Beroun_Zdice;Středočeský kraj;h00;2810;N
02-o2_02-edg_04-pot_03-lau2_07-day_03-60_06-frt-1006_01-sng_00-n_00-n_00-n_00-n_00-n_00-n;1006;0;41723;0;N;532011;531189;4;3026;0;R_PH_PL_2;20140325xTue;04_Zdice_Hořovice;Středočeský kraj;h00;2373;N
02-o2_02-edg_04-pot_03-lau2_07-day_03-60_06-frt-1006_01-sng_00-n_00-n_00-n_00-n_00-n_00-n;1006;0;41723;0;N;531189;559903;5;3026;0;R_PH_PL_2;20140325xTue;05_Hořovice_Kařez;Středočeský kraj;h00;2151;N
02-o2_02-edg_04-pot_03-lau2_07-day_03-60_06-frt-1006_01-sng_00-n_00-n_00-n_00-n_00-n_00-n;1006;0;41723;0;N;559903;559717;6;3042;0;R_PH_PL_2;20140325xTue;06_Kařez_Rokycany;Plzeňský kraj;h00;2158;N
02-o2_02-edg_04-pot_03-lau2_07-day_03-60_06-frt-1006_01-sng_00-n_00-n_00-n_00-n_00-n_00-n;1006;0;41723;0;N;559717;554791;7;3042;0;R_PH_PL_2;20140325xTue;07_Rokycany_Plzeň;Plzeňský kraj;h00;2850;N
02-o2_02-edg_04-pot_03-lau2_07-day_03-60_06-frt-1006_01-sng_00-n_00-n_00-n_00-n_00-n_00-n;1006;0;41714;0;N;554782;539856;1;3018;0;R_PH_PL_2;20140316xSun;01_Praha_Všenory;Hlavní město Praha;h00;2823;N
02-o2_02-edg_04-pot_03-lau2_07-day_03-60_06-frt-1006_01-sng_00-n_00-n_00-n_00-n_00-n_00-n;1006;0;41714;0;N;539856;531057;2;3026;0;R_PH_PL_2;20140316xSun;02_Všenory_Beroun;Středočeský kraj;h00;2617;N
02-o2_02-edg_04-pot_03-lau2_07-day_03-60_06-frt-1006_01-sng_00-n_00-n_00-n_00-n_00-n_00-n;1006;0;41714;0;N;531057;532011;3;3026;0;R_PH_PL_2;20140316xSun;03_Beroun_Zdice;Středočeský kraj;h00;1458;N
02-o2_02-edg_04-pot_03-lau2_07-day_03-60_06-frt-1006_01-sng_00-n_00-n_00-n_00-n_00-n_00-n;1006;0;41714;0;N;532011;531189;4;3026;0;R_PH_PL_2;20140316xSun;04_Zdice_Hořovice;Středočeský kraj;h00;1290;N
02-o2_02-edg_04-pot_03-lau2_07-day_03-60_06-frt-1006_01-sng_00-n_00-n_00-n_00-n_00-n_00-n;1006;0;41714;0;N;531189;559903;5;3026;0;R_PH_PL_2;20140316xSun;05_Hořovice_Kařez;Středočeský kraj;h00;1223;N
02-o2_02-edg_04-pot_03-lau2_07-day_03-60_06-frt-1006_01-sng_00-n_00-n_00-n_00-n_00-n_00-n;1006;0;41714;0;N;559903;559717;6;3042;0;R_PH_PL_2;20140316xSun;06_Kařez_Rokycany;Plzeňský kraj;h00;1236;N
02-o2_02-edg_04-pot_03-lau2_07-day_03-60_06-frt-1006_01-sng_00-n_00-n_00-n_00-n_00-n_00-n;1006;0;41714;0;N;559717;554791;7;3042;0;R_PH_PL_2;20140316xSun;07_Rokycany_Plzeň;Plzeňský kraj;h00;1578;N
02-o2_02-edg_04-pot_03-lau2_07-day_03-60_06-frt-1006_01-sng_00-n_00-n_00-n_00-n_00-n_00-n;1006;0;41724;0;N;554782;539856;1;3018;0;R_PH_PL_2;20140326xWed;01_Praha_Všenory;Hlavní město Praha;h00;5441;N
02-o2_02-edg_04-pot_03-lau2_07-day_03-60_06-frt-1006_01-sng_00-n_00-n_00-n_00-n_00-n_00-n;1006;0;41724;0;N;539856;531057;2;3026;0;R_PH_PL_2;20140326xWed;02_Všenory_Beroun;Středočeský kraj;h00;4892;N
02-o2_02-edg_04-pot_03-lau2_07-day_03-60_06-frt-1006_01-sng_00-n_00-n_00-n_00-n_00-n_00-n;1006;0;41724;0;N;531057;532011;3;3026;0;R_PH_PL_2;20140326xWed;03_Beroun_Zdice;Středočeský kraj;h00;2893;N
02-o2_02-edg_04-pot_03-lau2_07-day_03-60_06-frt-1006_01-sng_00-n_00-n_00-n_00-n_00-n_00-n;1006;0;41724;0;N;532011;531189;4;3026;0;R_PH_PL_2;20140326xWed;04_Zdice_Hořovice;Středočeský kraj;h00;2461;N
02-o2_02-edg_04-pot_03-lau2_07-day_03-60_06-frt-1006_01-sng_00-n_00-n_00-n_00-n_00-n_00-n;1006;0;41724;0;N;531189;559903;5;3026;0;R_PH_PL_2;20140326xWed;05_Hořovice_Kařez;Středočeský kraj;h00;2167;N
02-o2_02-edg_04-pot_03-lau2_07-day_03-60_06-frt-1006_01-sng_00-n_00-n_00-n_00-n_00-n_00-n;1006;0;41724;0;N;559903;559717;6;3042;0;R_PH_PL_2;20140326xWed;06_Kařez_Rokycany;Plzeňský kraj;h00;2181;N
02-o2_02-edg_04-pot_03-lau2_07-day_03-60_06-frt-1006_01-sng_00-n_00-n_00-n_00-n_00-n_00-n;1006;0;41724;0;N;559717;554791;7;3042;0;R_PH_PL_2;20140326xWed;07_Rokycany_Plzeň;Plzeňský kraj;h00;2977;N
02-o2_02-edg_04-pot_03-lau2_07-day_03-60_06-frt-1006_01-sng_00-n_00-n_00-n_00-n_00-n_00-n;1006;0;41719;0;N;554782;539856;1;3018;0;R_PH_PL_2;20140321xFri;01_Praha_Všenory;Hlavní město Praha;h00;5463;N
02-o2_02-edg_04-pot_03-lau2_07-day_03-60_06-frt-1006_01-sng_00-n_00-n_00-n_00-n_00-n_00-n;1006;0;41719;0;N;539856;531057;2;3026;0;R_PH_PL_2;20140321xFri;02_Všenory_Beroun;Středočeský kraj;h00;4939;N
02-o2_02-edg_04-pot_03-lau2_07-day_03-60_06-frt-1006_01-sng_00-n_00-n_00-n_00-n_00-n_00-n;1006;0;41719;0;N;531057;532011;3;3026;0;R_PH_PL_2;20140321xFri;03_Beroun_Zdice;Středočeský kraj;h00;2819;N
02-o2_02-edg_04-pot_03-lau2_07-day_03-60_06-frt-1006_01-sng_00-n_00-n_00-n_00-n_00-n_00-n;1006;0;41719;0;N;532011;531189;4;3026;0;R_PH_PL_2;20140321xFri;04_Zdice_Hořovice;Středočeský kraj;h00;2416;N
02-o2_02-edg_04-pot_03-lau2_07-day_03-60_06-frt-1006_01-sng_00-n_00-n_00-n_00-n_00-n_00-n;1006;0;41719;0;N;531189;559903;5;3026;0;R_PH_PL_2;20140321xFri;05_Hořovice_Kařez;Středočeský kraj;h00;2226;N
02-o2_02-edg_04-pot_03-lau2_07-day_03-60_06-frt-1006_01-sng_00-n_00-n_00-n_00-n_00-n_00-n;1006;0;41719;0;N;559903;559717;6;3042;0;R_PH_PL_2;20140321xFri;06_Kařez_Rokycany;Plzeňský kraj;h00;2211;N
02-o2_02-edg_04-pot_03-lau2_07-day_03-60_06-frt-1006_01-sng_00-n_00-n_00-n_00-n_00-n_00-n;1006;0;41719;0;N;559717;554791;7;3042;0;R_PH_PL_2;20140321xFri;07_Rokycany_Plzeň;Plzeňský kraj;h00;2808;N
02-o2_02-edg_04-pot_03-lau2_07-day_03-60_06-frt-1006_01-sng_00-n_00-n_00-n_00-n_00-n_00-n;1006;0;41710;0;N;554782;539856;1;3018;0;R_PH_PL_2;20140312xWed;01_Praha_Všenory;Hlavní město Praha;h00;5121;N
02-o2_02-edg_04-pot_03-lau2_07-day_03-60_06-frt-1006_01-sng_00-n_00-n_00-n_00-n_00-n_00-n;1006;0;41710;0;N;539856;531057;2;3026;0;R_PH_PL_2;20140312xWed;02_Všenory_Beroun;Středočeský kraj;h00;4616;N
02-o2_02-edg_04-pot_03-lau2_07-day_03-60_06-frt-1006_01-sng_00-n_00-n_00-n_00-n_00-n_00-n;1006;0;41710;0;N;531057;532011;3;3026;0;R_PH_PL_2;20140312xWed;03_Beroun_Zdice;Středočeský kraj;h00;3007;N
02-o2_02-edg_04-pot_03-lau2_07-day_03-60_06-frt-1006_01-sng_00-n_00-n_00-n_00-n_00-n_00-n;1006;0;41710;0;N;532011;531189;4;3026;0;R_PH_PL_2;20140312xWed;04_Zdice_Hořovice;Středočeský kraj;h00;2497;N
02-o2_02-edg_04-pot_03-lau2_07-day_03-60_06-frt-1006_01-sng_00-n_00-n_00-n_00-n_00-n_00-n;1006;0;41710;0;N;531189;559903;5;3026;0;R_PH_PL_2;20140312xWed;05_Hořovice_Kařez;Středočeský kraj;h00;2265;N
02-o2_02-edg_04-pot_03-lau2_07-day_03-60_06-frt-1006_01-sng_00-n_00-n_00-n_00-n_00-n_00-n;1006;0;41710;0;N;559903;559717;6;3042;0;R_PH_PL_2;20140312xWed;06_Kařez_Rokycany;Plzeňský kraj;h00;2255;N
02-o2_02-edg_04-pot_03-lau2_07-day_03-60_06-frt-1006_01-sng_00-n_00-n_00-n_00-n_00-n_00-n;1006;0;41710;0;N;559717;554791;7;3042;0;R_PH_PL_2;20140312xWed;07_Rokycany_Plzeň;Plzeňský kraj;h00;3076;N
02-o2_02-edg_04-pot_03-lau2_07-day_03-60_06-frt-1006_01-sng_00-n_00-n_00-n_00-n_00-n_00-n;1006;0;41720;0;N;554782;539856;1;3018;0;R_PH_PL_2;20140322xSat;01_Praha_Všenory;Hlavní město Praha;h00;3907;N
02-o2_02-edg_04-pot_03-lau2_07-day_03-60_06-frt-1006_01-sng_00-n_00-n_00-n_00-n_00-n_00-n;1006;0;41720;0;N;539856;531057;2;3026;0;R_PH_PL_2;20140322xSat;02_Všenory_Beroun;Středočeský kraj;h00;3405;N
02-o2_02-edg_04-pot_03-lau2_07-day_03-60_06-frt-1006_01-sng_00-n_00-n_00-n_00-n_00-n_00-n;1006;0;41720;0;N;531057;532011;3;3026;0;R_PH_PL_2;20140322xSat;03_Beroun_Zdice;Středočeský kraj;h00;1933;N
02-o2_02-edg_04-pot_03-lau2_07-day_03-60_06-frt-1006_01-sng_00-n_00-n_00-n_00-n_00-n_00-n;1006;0;41720;0;N;532011;531189;4;3026;0;R_PH_PL_2;20140322xSat;04_Zdice_Hořovice;Středočeský kraj;h00;1622;N
02-o2_02-edg_04-pot_03-lau2_07-day_03-60_06-frt-1006_01-sng_00-n_00-n_00-n_00-n_00-n_00-n;1006;0;41720;0;N;531189;559903;5;3026;0;R_PH_PL_2;20140322xSat;05_Hořovice_Kařez;Středočeský kraj;h00;1499;N
02-o2_02-edg_04-pot_03-lau2_07-day_03-60_06-frt-1006_01-sng_00-n_00-n_00-n_00-n_00-n_00-n;1006;0;41720;0;N;559903;559717;6;3042;0;R_PH_PL_2;20140322xSat;06_Kařez_Rokycany;Plzeňský kraj;h00;1466;N
02-o2_02-edg_04-pot_03-lau2_07-day_03-60_06-frt-1006_01-sng_00-n_00-n_00-n_00-n_00-n_00-n;1006;0;41720;0;N;559717;554791;7;3042;0;R_PH_PL_2;20140322xSat;07_Rokycany_Plzeň;Plzeňský kraj;h00;1768;N
02-o2_02-edg_04-pot_03-lau2_07-day_03-60_06-frt-1006_01-sng_00-n_00-n_00-n_00-n_00-n_00-n;1006;0;41715;0;N;554782;539856;1;3018;0;R_PH_PL_2;20140317xMon;01_Praha_Všenory;Hlavní město Praha;h00;4955;N
02-o2_02-edg_04-pot_03-lau2_07-day_03-60_06-frt-1006_01-sng_00-n_00-n_00-n_00-n_00-n_00-n;1006;0;41715;0;N;539856;531057;2;3026;0;R_PH_PL_2;20140317xMon;02_Všenory_Beroun;Středočeský kraj;h00;4466;N
02-o2_02-edg_04-pot_03-lau2_07-day_03-60_06-frt-1006_01-sng_00-n_00-n_00-n_00-n_00-n_00-n;1006;0;41715;0;N;531057;532011;3;3026;0;R_PH_PL_2;20140317xMon;03_Beroun_Zdice;Středočeský kraj;h00;2575;N
02-o2_02-edg_04-pot_03-lau2_07-day_03-60_06-frt-1006_01-sng_00-n_00-n_00-n_00-n_00-n_00-n;1006;0;41715;0;N;532011;531189;4;3026;0;R_PH_PL_2;20140317xMon;04_Zdice_Hořovice;Středočeský kraj;h00;2108;N
02-o2_02-edg_04-pot_03-lau2_07-day_03-60_06-frt-1006_01-sng_00-n_00-n_00-n_00-n_00-n_00-n;1006;0;41715;0;N;531189;559903;5;3026;0;R_PH_PL_2;20140317xMon;05_Hořovice_Kařez;Středočeský kraj;h00;1893;N
02-o2_02-edg_04-pot_03-lau2_07-day_03-60_06-frt-1006_01-sng_00-n_00-n_00-n_00-n_00-n_00-n;1006;0;41715;0;N;559903;559717;6;3042;0;R_PH_PL_2;20140317xMon;06_Kařez_Rokycany;Plzeňský kraj;h00;1891;N
02-o2_02-edg_04-pot_03-lau2_07-day_03-60_06-frt-1006_01-sng_00-n_00-n_00-n_00-n_00-n_00-n;1006;0;41715;0;N;559717;554791;7;3042;0;R_PH_PL_2;20140317xMon;07_Rokycany_Plzeň;Plzeňský kraj;h00;2464;N
02-o2_02-edg_04-pot_03-lau2_07-day_03-60_06-frt-1006_01-sng_00-n_00-n_00-n_00-n_00-n_00-n;1006;0;41716;0;N;554782;539856;1;3018;0;R_PH_PL_2;20140318xTue;01_Praha_Všenory;Hlavní město Praha;h00;5353;N
02-o2_02-edg_04-pot_03-lau2_07-day_03-60_06-frt-1006_01-sng_00-n_00-n_00-n_00-n_00-n_00-n;1006;0;41716;0;N;539856;531057;2;3026;0;R_PH_PL_2;20140318xTue;02_Všenory_Beroun;Středočeský kraj;h00;4803;N
02-o2_02-edg_04-pot_03-lau2_07-day_03-60_06-frt-1006_01-sng_00-n_00-n_00-n_00-n_00-n_00-n;1006;0;41716;0;N;531057;532011;3;3026;0;R_PH_PL_2;20140318xTue;03_Beroun_Zdice;Středočeský kraj;h00;2824;N
02-o2_02-edg_04-pot_03-lau2_07-day_03-60_06-frt-1006_01-sng_00-n_00-n_00-n_00-n_00-n_00-n;1006;0;41716;0;N;532011;531189;4;3026;0;R_PH_PL_2;20140318xTue;04_Zdice_Hořovice;Středočeský kraj;h00;2352;N
02-o2_02-edg_04-pot_03-lau2_07-day_03-60_06-frt-1006_01-sng_00-n_00-n_00-n_00-n_00-n_00-n;1006;0;41716;0;N;531189;559903;5;3026;0;R_PH_PL_2;20140318xTue;05_Hořovice_Kařez;Středočeský kraj;h00;2110;N
02-o2_02-edg_04-pot_03-lau2_07-day_03-60_06-frt-1006_01-sng_00-n_00-n_00-n_00-n_00-n_00-n;1006;0;41716;0;N;559903;559717;6;3042;0;R_PH_PL_2;20140318xTue;06_Kařez_Rokycany;Plzeňský kraj;h00;2089;N
02-o2_02-edg_04-pot_03-lau2_07-day_03-60_06-frt-1006_01-sng_00-n_00-n_00-n_00-n_00-n_00-n;1006;0;41716;0;N;559717;554791;7;3042;0;R_PH_PL_2;20140318xTue;07_Rokycany_Plzeň;Plzeňský kraj;h00;2774;N
02-o2_02-edg_04-pot_03-lau2_07-day_03-60_06-frt-1006_01-sng_00-n_00-n_00-n_00-n_00-n_00-n;1006;0;41711;0;N;554782;539856;1;3018;0;R_PH_PL_2;20140313xThu;01_Praha_Všenory;Hlavní město Praha;h00;5365;N
02-o2_02-edg_04-pot_03-lau2_07-day_03-60_06-frt-1006_01-sng_00-n_00-n_00-n_00-n_00-n_00-n;1006;0;41711;0;N;539856;531057;2;3026;0;R_PH_PL_2;20140313xThu;02_Všenory_Beroun;Středočeský kraj;h00;4798;N
02-o2_02-edg_04-pot_03-lau2_07-day_03-60_06-frt-1006_01-sng_00-n_00-n_00-n_00-n_00-n_00-n;1006;0;41711;0;N;531057;532011;3;3026;0;R_PH_PL_2;20140313xThu;03_Beroun_Zdice;Středočeský kraj;h00;3017;N
02-o2_02-edg_04-pot_03-lau2_07-day_03-60_06-frt-1006_01-sng_00-n_00-n_00-n_00-n_00-n_00-n;1006;0;41711;0;N;532011;531189;4;3026;0;R_PH_PL_2;20140313xThu;04_Zdice_Hořovice;Středočeský kraj;h00;2541;N
02-o2_02-edg_04-pot_03-lau2_07-day_03-60_06-frt-1006_01-sng_00-n_00-n_00-n_00-n_00-n_00-n;1006;0;41711;0;N;531189;559903;5;3026;0;R_PH_PL_2;20140313xThu;05_Hořovice_Kařez;Středočeský kraj;h00;2315;N
02-o2_02-edg_04-pot_03-lau2_07-day_03-60_06-frt-1006_01-sng_00-n_00-n_00-n_00-n_00-n_00-n;1006;0;41711;0;N;559903;559717;6;3042;0;R_PH_PL_2;20140313xThu;06_Kařez_Rokycany;Plzeňský kraj;h00;2293;N
02-o2_02-edg_04-pot_03-lau2_07-day_03-60_06-frt-1006_01-sng_00-n_00-n_00-n_00-n_00-n_00-n;1006;0;41711;0;N;559717;554791;7;3042;0;R_PH_PL_2;20140313xThu;07_Rokycany_Plzeň;Plzeňský kraj;h00;3049;N
02-o2_02-edg_04-pot_03-lau2_07-day_03-60_06-frt-1006_01-sng_00-n_00-n_00-n_00-n_00-n_00-n;1006;0;41721;0;N;554782;539856;1;3018;0;R_PH_PL_2;20140323xSun;01_Praha_Všenory;Hlavní město Praha;h00;2885;N
02-o2_02-edg_04-pot_03-lau2_07-day_03-60_06-frt-1006_01-sng_00-n_00-n_00-n_00-n_00-n_00-n;1006;0;41721;0;N;539856;531057;2;3026;0;R_PH_PL_2;20140323xSun;02_Všenory_Beroun;Středočeský kraj;h00;2609;N
02-o2_02-edg_04-pot_03-lau2_07-day_03-60_06-frt-1006_01-sng_00-n_00-n_00-n_00-n_00-n_00-n;1006;0;41721;0;N;531057;532011;3;3026;0;R_PH_PL_2;20140323xSun;03_Beroun_Zdice;Středočeský kraj;h00;1607;N
02-o2_02-edg_04-pot_03-lau2_07-day_03-60_06-frt-1006_01-sng_00-n_00-n_00-n_00-n_00-n_00-n;1006;0;41721;0;N;532011;531189;4;3026;0;R_PH_PL_2;20140323xSun;04_Zdice_Hořovice;Středočeský kraj;h00;1338;N
02-o2_02-edg_04-pot_03-lau2_07-day_03-60_06-frt-1006_01-sng_00-n_00-n_00-n_00-n_00-n_00-n;1006;0;41721;0;N;531189;559903;5;3026;0;R_PH_PL_2;20140323xSun;05_Hořovice_Kařez;Středočeský kraj;h00;1270;N
02-o2_02-edg_04-pot_03-lau2_07-day_03-60_06-frt-1006_01-sng_00-n_00-n_00-n_00-n_00-n_00-n;1006;0;41721;0;N;559903;559717;6;3042;0;R_PH_PL_2;20140323xSun;06_Kařez_Rokycany;Plzeňský kraj;h00;1255;N
02-o2_02-edg_04-pot_03-lau2_07-day_03-60_06-frt-1006_01-sng_00-n_00-n_00-n_00-n_00-n_00-n;1006;0;41721;0;N;559717;554791;7;3042;0;R_PH_PL_2;20140323xSun;07_Rokycany_Plzeň;Plzeňský kraj;h00;1553;N
02-o2_02-edg_04-pot_03-lau2_07-day_03-60_06-frt-1006_01-sng_00-n_00-n_00-n_00-n_00-n_00-n;1006;0;41712;0;N;554782;539856;1;3018;0;R_PH_PL_2;20140314xFri;01_Praha_Všenory;Hlavní město Praha;h00;6455;N
02-o2_02-edg_04-pot_03-lau2_07-day_03-60_06-frt-1006_01-sng_00-n_00-n_00-n_00-n_00-n_00-n;1006;0;41712;0;N;539856;531057;2;3026;0;R_PH_PL_2;20140314xFri;02_Všenory_Beroun;Středočeský kraj;h00;5831;N
02-o2_02-edg_04-pot_03-lau2_07-day_03-60_06-frt-1006_01-sng_00-n_00-n_00-n_00-n_00-n_00-n;1006;0;41712;0;N;531057;532011;3;3026;0;R_PH_PL_2;20140314xFri;03_Beroun_Zdice;Středočeský kraj;h00;3367;N
02-o2_02-edg_04-pot_03-lau2_07-day_03-60_06-frt-1006_01-sng_00-n_00-n_00-n_00-n_00-n_00-n;1006;0;41712;0;N;532011;531189;4;3026;0;R_PH_PL_2;20140314xFri;04_Zdice_Hořovice;Středočeský kraj;h00;2846;N
02-o2_02-edg_04-pot_03-lau2_07-day_03-60_06-frt-1006_01-sng_00-n_00-n_00-n_00-n_00-n_00-n;1006;0;41712;0;N;531189;559903;5;3026;0;R_PH_PL_2;20140314xFri;05_Hořovice_Kařez;Středočeský kraj;h00;2630;N
02-o2_02-edg_04-pot_03-lau2_07-day_03-60_06-frt-1006_01-sng_00-n_00-n_00-n_00-n_00-n_00-n;1006;0;41712;0;N;559903;559717;6;3042;0;R_PH_PL_2;20140314xFri;06_Kařez_Rokycany;Plzeňský kraj;h00;2571;N
02-o2_02-edg_04-pot_03-lau2_07-day_03-60_06-frt-1006_01-sng_00-n_00-n_00-n_00-n_00-n_00-n;1006;0;41712;0;N;559717;554791;7;3042;0;R_PH_PL_2;20140314xFri;07_Rokycany_Plzeň;Plzeňský kraj;h00;3365;N
02-o2_02-edg_04-pot_03-lau2_07-day_03-60_06-frt-1006_01-sng_00-n_00-n_00-n_00-n_00-n_00-n;1006;0;41717;0;N;554782;539856;1;3018;0;R_PH_PL_2;20140319xWed;01_Praha_Všenory;Hlavní město Praha;h00;5367;N
02-o2_02-edg_04-pot_03-lau2_07-day_03-60_06-frt-1006_01-sng_00-n_00-n_00-n_00-n_00-n_00-n;1006;0;41717;0;N;539856;531057;2;3026;0;R_PH_PL_2;20140319xWed;02_Všenory_Beroun;Středočeský kraj;h00;4830;N
02-o2_02-edg_04-pot_03-lau2_07-day_03-60_06-frt-1006_01-sng_00-n_00-n_00-n_00-n_00-n_00-n;1006;0;41717;0;N;531057;532011;3;3026;0;R_PH_PL_2;20140319xWed;03_Beroun_Zdice;Středočeský kraj;h00;2926;N
02-o2_02-edg_04-pot_03-lau2_07-day_03-60_06-frt-1006_01-sng_00-n_00-n_00-n_00-n_00-n_00-n;1006;0;41717;0;N;532011;531189;4;3026;0;R_PH_PL_2;20140319xWed;04_Zdice_Hořovice;Středočeský kraj;h00;2403;N
02-o2_02-edg_04-pot_03-lau2_07-day_03-60_06-frt-1006_01-sng_00-n_00-n_00-n_00-n_00-n_00-n;1006;0;41717;0;N;531189;559903;5;3026;0;R_PH_PL_2;20140319xWed;05_Hořovice_Kařez;Středočeský kraj;h00;2117;N
02-o2_02-edg_04-pot_03-lau2_07-day_03-60_06-frt-1006_01-sng_00-n_00-n_00-n_00-n_00-n_00-n;1006;0;41717;0;N;559903;559717;6;3042;0;R_PH_PL_2;20140319xWed;06_Kařez_Rokycany;Plzeňský kraj;h00;2118;N
02-o2_02-edg_04-pot_03-lau2_07-day_03-60_06-frt-1006_01-sng_00-n_00-n_00-n_00-n_00-n_00-n;1006;0;41717;0;N;559717;554791;7;3042;0;R_PH_PL_2;20140319xWed;07_Rokycany_Plzeň;Plzeňský kraj;h00;2817;N
