02-o2_01-ver_03-tour_03-lau2_07-day_03-60_02-frt-1002_01-sng_00-n_00-n_00-n_00-n_00-n_00-n;1002;0;41710;0;N;533165;N;2;3026;0;EC_PH-BR_1;20140312xWed;2_Kolín;Středočeský kraj;h00;110;691
02-o2_01-ver_03-tour_03-lau2_07-day_03-60_02-frt-1002_01-sng_00-n_00-n_00-n_00-n_00-n_00-n;1002;0;41710;0;N;554782;N;1;3018;0;EC_PH-BR_1;20140312xWed;1_Praha;Hlavní město Praha;h00;1648;0
02-o2_01-ver_03-tour_03-lau2_07-day_03-60_02-frt-1002_01-sng_00-n_00-n_00-n_00-n_00-n_00-n;1002;0;41710;0;N;555134;N;3;3093;0;EC_PH-BR_1;20140312xWed;3_Pardubice;Pardubický kraj;h00;75;617
02-o2_01-ver_03-tour_03-lau2_07-day_03-60_02-frt-1002_01-sng_00-n_00-n_00-n_00-n_00-n_00-n;1002;0;41710;0;N;580031;N;4;3093;0;EC_PH-BR_1;20140312xWed;4_Česká Třebová;Pardubický kraj;h00;26;78
02-o2_01-ver_03-tour_03-lau2_07-day_03-60_02-frt-1002_01-sng_00-n_00-n_00-n_00-n_00-n_00-n;1002;0;41710;0;N;582786;N;5;3115;0;EC_PH-BR_1;20140312xWed;5_Brno;Jihomoravský kraj;h00;0;473
02-o2_01-ver_03-tour_03-lau2_07-day_03-60_02-frt-1002_01-sng_00-n_00-n_00-n_00-n_00-n_00-n;1002;0;41711;0;N;533165;N;2;3026;0;EC_PH-BR_1;20140313xThu;2_Kolín;Středočeský kraj;h00;127;718
02-o2_01-ver_03-tour_03-lau2_07-day_03-60_02-frt-1002_01-sng_00-n_00-n_00-n_00-n_00-n_00-n;1002;0;41711;0;N;554782;N;1;3018;0;EC_PH-BR_1;20140313xThu;1_Praha;Hlavní město Praha;h00;1815;0
02-o2_01-ver_03-tour_03-lau2_07-day_03-60_02-frt-1002_01-sng_00-n_00-n_00-n_00-n_00-n_00-n;1002;0;41711;0;N;555134;N;3;3093;0;EC_PH-BR_1;20140313xThu;3_Pardubice;Pardubický kraj;h00;102;670
02-o2_01-ver_03-tour_03-lau2_07-day_03-60_02-frt-1002_01-sng_00-n_00-n_00-n_00-n_00-n_00-n;1002;0;41711;0;N;580031;N;4;3093;0;EC_PH-BR_1;20140313xThu;4_Česká Třebová;Pardubický kraj;h00;24;98
02-o2_01-ver_03-tour_03-lau2_07-day_03-60_02-frt-1002_01-sng_00-n_00-n_00-n_00-n_00-n_00-n;1002;0;41711;0;N;582786;N;5;3115;0;EC_PH-BR_1;20140313xThu;5_Brno;Jihomoravský kraj;h00;0;582
02-o2_01-ver_03-tour_03-lau2_07-day_03-60_02-frt-1002_01-sng_00-n_00-n_00-n_00-n_00-n_00-n;1002;0;41712;0;N;533165;N;2;3026;0;EC_PH-BR_1;20140314xFri;2_Kolín;Středočeský kraj;h00;132;761
02-o2_01-ver_03-tour_03-lau2_07-day_03-60_02-frt-1002_01-sng_00-n_00-n_00-n_00-n_00-n_00-n;1002;0;41712;0;N;554782;N;1;3018;0;EC_PH-BR_1;20140314xFri;1_Praha;Hlavní město Praha;h00;2043;0
02-o2_01-ver_03-tour_03-lau2_07-day_03-60_02-frt-1002_01-sng_00-n_00-n_00-n_00-n_00-n_00-n;1002;0;41712;0;N;555134;N;3;3093;0;EC_PH-BR_1;20140314xFri;3_Pardubice;Pardubický kraj;h00;102;727
02-o2_01-ver_03-tour_03-lau2_07-day_03-60_02-frt-1002_01-sng_00-n_00-n_00-n_00-n_00-n_00-n;1002;0;41712;0;N;580031;N;4;3093;0;EC_PH-BR_1;20140314xFri;4_Česká Třebová;Pardubický kraj;h00;75;145
02-o2_01-ver_03-tour_03-lau2_07-day_03-60_02-frt-1002_01-sng_00-n_00-n_00-n_00-n_00-n_00-n;1002;0;41712;0;N;582786;N;5;3115;0;EC_PH-BR_1;20140314xFri;5_Brno;Jihomoravský kraj;h00;0;719
02-o2_01-ver_03-tour_03-lau2_07-day_03-60_02-frt-1002_01-sng_00-n_00-n_00-n_00-n_00-n_00-n;1002;0;41713;0;N;533165;N;2;3026;0;EC_PH-BR_1;20140315xSat;2_Kolín;Středočeský kraj;h00;70;462
02-o2_01-ver_03-tour_03-lau2_07-day_03-60_02-frt-1002_01-sng_00-n_00-n_00-n_00-n_00-n_00-n;1002;0;41713;0;N;554782;N;1;3018;0;EC_PH-BR_1;20140315xSat;1_Praha;Hlavní město Praha;h00;1201;0
02-o2_01-ver_03-tour_03-lau2_07-day_03-60_02-frt-1002_01-sng_00-n_00-n_00-n_00-n_00-n_00-n;1002;0;41713;0;N;555134;N;3;3093;0;EC_PH-BR_1;20140315xSat;3_Pardubice;Pardubický kraj;h00;72;451
02-o2_01-ver_03-tour_03-lau2_07-day_03-60_02-frt-1002_01-sng_00-n_00-n_00-n_00-n_00-n_00-n;1002;0;41713;0;N;580031;N;4;3093;0;EC_PH-BR_1;20140315xSat;4_Česká Třebová;Pardubický kraj;h00;57;91
02-o2_01-ver_03-tour_03-lau2_07-day_03-60_02-frt-1002_01-sng_00-n_00-n_00-n_00-n_00-n_00-n;1002;0;41713;0;N;582786;N;5;3115;0;EC_PH-BR_1;20140315xSat;5_Brno;Jihomoravský kraj;h00;0;396
02-o2_01-ver_03-tour_03-lau2_07-day_03-60_02-frt-1002_01-sng_00-n_00-n_00-n_00-n_00-n_00-n;1002;0;41714;0;N;533165;N;2;3026;0;EC_PH-BR_1;20140316xSun;2_Kolín;Středočeský kraj;h00;56;322
02-o2_01-ver_03-tour_03-lau2_07-day_03-60_02-frt-1002_01-sng_00-n_00-n_00-n_00-n_00-n_00-n;1002;0;41714;0;N;554782;N;1;3018;0;EC_PH-BR_1;20140316xSun;1_Praha;Hlavní město Praha;h00;1020;0
02-o2_01-ver_03-tour_03-lau2_07-day_03-60_02-frt-1002_01-sng_00-n_00-n_00-n_00-n_00-n_00-n;1002;0;41714;0;N;555134;N;3;3093;0;EC_PH-BR_1;20140316xSun;3_Pardubice;Pardubický kraj;h00;99;391
02-o2_01-ver_03-tour_03-lau2_07-day_03-60_02-frt-1002_01-sng_00-n_00-n_00-n_00-n_00-n_00-n;1002;0;41714;0;N;580031;N;4;3093;0;EC_PH-BR_1;20140316xSun;4_Česká Třebová;Pardubický kraj;h00;80;70
02-o2_01-ver_03-tour_03-lau2_07-day_03-60_02-frt-1002_01-sng_00-n_00-n_00-n_00-n_00-n_00-n;1002;0;41714;0;N;582786;N;5;3115;0;EC_PH-BR_1;20140316xSun;5_Brno;Jihomoravský kraj;h00;0;472
02-o2_01-ver_03-tour_03-lau2_07-day_03-60_02-frt-1002_01-sng_00-n_00-n_00-n_00-n_00-n_00-n;1002;0;41715;0;N;533165;N;2;3026;0;EC_PH-BR_1;20140317xMon;2_Kolín;Středočeský kraj;h00;132;755
02-o2_01-ver_03-tour_03-lau2_07-day_03-60_02-frt-1002_01-sng_00-n_00-n_00-n_00-n_00-n_00-n;1002;0;41715;0;N;554782;N;1;3018;0;EC_PH-BR_1;20140317xMon;1_Praha;Hlavní město Praha;h00;1614;0
02-o2_01-ver_03-tour_03-lau2_07-day_03-60_02-frt-1002_01-sng_00-n_00-n_00-n_00-n_00-n_00-n;1002;0;41715;0;N;555134;N;3;3093;0;EC_PH-BR_1;20140317xMon;3_Pardubice;Pardubický kraj;h00;132;520
02-o2_01-ver_03-tour_03-lau2_07-day_03-60_02-frt-1002_01-sng_00-n_00-n_00-n_00-n_00-n_00-n;1002;0;41715;0;N;580031;N;4;3093;0;EC_PH-BR_1;20140317xMon;4_Česká Třebová;Pardubický kraj;h00;87;87
02-o2_01-ver_03-tour_03-lau2_07-day_03-60_02-frt-1002_01-sng_00-n_00-n_00-n_00-n_00-n_00-n;1002;0;41715;0;N;582786;N;5;3115;0;EC_PH-BR_1;20140317xMon;5_Brno;Jihomoravský kraj;h00;0;603
02-o2_01-ver_03-tour_03-lau2_07-day_03-60_02-frt-1002_01-sng_00-n_00-n_00-n_00-n_00-n_00-n;1002;0;41716;0;N;533165;N;2;3026;0;EC_PH-BR_1;20140318xTue;2_Kolín;Středočeský kraj;h00;134;789
02-o2_01-ver_03-tour_03-lau2_07-day_03-60_02-frt-1002_01-sng_00-n_00-n_00-n_00-n_00-n_00-n;1002;0;41716;0;N;554782;N;1;3018;0;EC_PH-BR_1;20140318xTue;1_Praha;Hlavní město Praha;h00;1911;0
02-o2_01-ver_03-tour_03-lau2_07-day_03-60_02-frt-1002_01-sng_00-n_00-n_00-n_00-n_00-n_00-n;1002;0;41716;0;N;555134;N;3;3093;0;EC_PH-BR_1;20140318xTue;3_Pardubice;Pardubický kraj;h00;110;597
02-o2_01-ver_03-tour_03-lau2_07-day_03-60_02-frt-1002_01-sng_00-n_00-n_00-n_00-n_00-n_00-n;1002;0;41716;0;N;580031;N;4;3093;0;EC_PH-BR_1;20140318xTue;4_Česká Třebová;Pardubický kraj;h00;67;109
02-o2_01-ver_03-tour_03-lau2_07-day_03-60_02-frt-1002_01-sng_00-n_00-n_00-n_00-n_00-n_00-n;1002;0;41716;0;N;582786;N;5;3115;0;EC_PH-BR_1;20140318xTue;5_Brno;Jihomoravský kraj;h00;0;727
02-o2_01-ver_03-tour_03-lau2_07-day_03-60_02-frt-1002_01-sng_00-n_00-n_00-n_00-n_00-n_00-n;1002;0;41717;0;N;533165;N;2;3026;0;EC_PH-BR_1;20140319xWed;2_Kolín;Středočeský kraj;h00;132;804
02-o2_01-ver_03-tour_03-lau2_07-day_03-60_02-frt-1002_01-sng_00-n_00-n_00-n_00-n_00-n_00-n;1002;0;41717;0;N;554782;N;1;3018;0;EC_PH-BR_1;20140319xWed;1_Praha;Hlavní město Praha;h00;1970;0
02-o2_01-ver_03-tour_03-lau2_07-day_03-60_02-frt-1002_01-sng_00-n_00-n_00-n_00-n_00-n_00-n;1002;0;41717;0;N;555134;N;3;3093;0;EC_PH-BR_1;20140319xWed;3_Pardubice;Pardubický kraj;h00;96;616
02-o2_01-ver_03-tour_03-lau2_07-day_03-60_02-frt-1002_01-sng_00-n_00-n_00-n_00-n_00-n_00-n;1002;0;41717;0;N;580031;N;4;3093;0;EC_PH-BR_1;20140319xWed;4_Česká Třebová;Pardubický kraj;h00;70;94
02-o2_01-ver_03-tour_03-lau2_07-day_03-60_02-frt-1002_01-sng_00-n_00-n_00-n_00-n_00-n_00-n;1002;0;41717;0;N;582786;N;5;3115;0;EC_PH-BR_1;20140319xWed;5_Brno;Jihomoravský kraj;h00;0;754
02-o2_01-ver_03-tour_03-lau2_07-day_03-60_02-frt-1002_01-sng_00-n_00-n_00-n_00-n_00-n_00-n;1002;0;41718;0;N;533165;N;2;3026;0;EC_PH-BR_1;20140320xThu;2_Kolín;Středočeský kraj;h00;143;710
02-o2_01-ver_03-tour_03-lau2_07-day_03-60_02-frt-1002_01-sng_00-n_00-n_00-n_00-n_00-n_00-n;1002;0;41718;0;N;554782;N;1;3018;0;EC_PH-BR_1;20140320xThu;1_Praha;Hlavní město Praha;h00;1798;0
02-o2_01-ver_03-tour_03-lau2_07-day_03-60_02-frt-1002_01-sng_00-n_00-n_00-n_00-n_00-n_00-n;1002;0;41718;0;N;555134;N;3;3093;0;EC_PH-BR_1;20140320xThu;3_Pardubice;Pardubický kraj;h00;102;653
02-o2_01-ver_03-tour_03-lau2_07-day_03-60_02-frt-1002_01-sng_00-n_00-n_00-n_00-n_00-n_00-n;1002;0;41718;0;N;580031;N;4;3093;0;EC_PH-BR_1;20140320xThu;4_Česká Třebová;Pardubický kraj;h00;77;109
02-o2_01-ver_03-tour_03-lau2_07-day_03-60_02-frt-1002_01-sng_00-n_00-n_00-n_00-n_00-n_00-n;1002;0;41718;0;N;582786;N;5;3115;0;EC_PH-BR_1;20140320xThu;5_Brno;Jihomoravský kraj;h00;0;648
02-o2_01-ver_03-tour_03-lau2_07-day_03-60_02-frt-1002_01-sng_00-n_00-n_00-n_00-n_00-n_00-n;1002;0;41719;0;N;533165;N;2;3026;0;EC_PH-BR_1;20140321xFri;2_Kolín;Středočeský kraj;h00;121;818
02-o2_01-ver_03-tour_03-lau2_07-day_03-60_02-frt-1002_01-sng_00-n_00-n_00-n_00-n_00-n_00-n;1002;0;41719;0;N;554782;N;1;3018;0;EC_PH-BR_1;20140321xFri;1_Praha;Hlavní město Praha;h00;2012;0
02-o2_01-ver_03-tour_03-lau2_07-day_03-60_02-frt-1002_01-sng_00-n_00-n_00-n_00-n_00-n_00-n;1002;0;41719;0;N;555134;N;3;3093;0;EC_PH-BR_1;20140321xFri;3_Pardubice;Pardubický kraj;h00;106;614
02-o2_01-ver_03-tour_03-lau2_07-day_03-60_02-frt-1002_01-sng_00-n_00-n_00-n_00-n_00-n_00-n;1002;0;41719;0;N;580031;N;4;3093;0;EC_PH-BR_1;20140321xFri;4_Česká Třebová;Pardubický kraj;h00;62;149
02-o2_01-ver_03-tour_03-lau2_07-day_03-60_02-frt-1002_01-sng_00-n_00-n_00-n_00-n_00-n_00-n;1002;0;41719;0;N;582786;N;5;3115;0;EC_PH-BR_1;20140321xFri;5_Brno;Jihomoravský kraj;h00;0;720
02-o2_01-ver_03-tour_03-lau2_07-day_03-60_02-frt-1002_01-sng_00-n_00-n_00-n_00-n_00-n_00-n;1002;0;41720;0;N;533165;N;2;3026;0;EC_PH-BR_1;20140322xSat;2_Kolín;Středočeský kraj;h00;92;444
02-o2_01-ver_03-tour_03-lau2_07-day_03-60_02-frt-1002_01-sng_00-n_00-n_00-n_00-n_00-n_00-n;1002;0;41720;0;N;554782;N;1;3018;0;EC_PH-BR_1;20140322xSat;1_Praha;Hlavní město Praha;h00;1165;0
02-o2_01-ver_03-tour_03-lau2_07-day_03-60_02-frt-1002_01-sng_00-n_00-n_00-n_00-n_00-n_00-n;1002;0;41720;0;N;555134;N;3;3093;0;EC_PH-BR_1;20140322xSat;3_Pardubice;Pardubický kraj;h00;54;474
02-o2_01-ver_03-tour_03-lau2_07-day_03-60_02-frt-1002_01-sng_00-n_00-n_00-n_00-n_00-n_00-n;1002;0;41720;0;N;580031;N;4;3093;0;EC_PH-BR_1;20140322xSat;4_Česká Třebová;Pardubický kraj;h00;47;87
02-o2_01-ver_03-tour_03-lau2_07-day_03-60_02-frt-1002_01-sng_00-n_00-n_00-n_00-n_00-n_00-n;1002;0;41720;0;N;582786;N;5;3115;0;EC_PH-BR_1;20140322xSat;5_Brno;Jihomoravský kraj;h00;0;353
02-o2_01-ver_03-tour_03-lau2_07-day_03-60_02-frt-1002_01-sng_00-n_00-n_00-n_00-n_00-n_00-n;1002;0;41721;0;N;533165;N;2;3026;0;EC_PH-BR_1;20140323xSun;2_Kolín;Středočeský kraj;h00;72;331
02-o2_01-ver_03-tour_03-lau2_07-day_03-60_02-frt-1002_01-sng_00-n_00-n_00-n_00-n_00-n_00-n;1002;0;41721;0;N;554782;N;1;3018;0;EC_PH-BR_1;20140323xSun;1_Praha;Hlavní město Praha;h00;890;0
02-o2_01-ver_03-tour_03-lau2_07-day_03-60_02-frt-1002_01-sng_00-n_00-n_00-n_00-n_00-n_00-n;1002;0;41721;0;N;555134;N;3;3093;0;EC_PH-BR_1;20140323xSun;3_Pardubice;Pardubický kraj;h00;64;301
02-o2_01-ver_03-tour_03-lau2_07-day_03-60_02-frt-1002_01-sng_00-n_00-n_00-n_00-n_00-n_00-n;1002;0;41721;0;N;580031;N;4;3093;0;EC_PH-BR_1;20140323xSun;4_Česká Třebová;Pardubický kraj;h00;66;71
02-o2_01-ver_03-tour_03-lau2_07-day_03-60_02-frt-1002_01-sng_00-n_00-n_00-n_00-n_00-n_00-n;1002;0;41721;0;N;582786;N;5;3115;0;EC_PH-BR_1;20140323xSun;5_Brno;Jihomoravský kraj;h00;0;389
02-o2_01-ver_03-tour_03-lau2_07-day_03-60_02-frt-1002_01-sng_00-n_00-n_00-n_00-n_00-n_00-n;1002;0;41722;0;N;533165;N;2;3026;0;EC_PH-BR_1;20140324xMon;2_Kolín;Středočeský kraj;h00;149;674
02-o2_01-ver_03-tour_03-lau2_07-day_03-60_02-frt-1002_01-sng_00-n_00-n_00-n_00-n_00-n_00-n;1002;0;41722;0;N;554782;N;1;3018;0;EC_PH-BR_1;20140324xMon;1_Praha;Hlavní město Praha;h00;1491;0
02-o2_01-ver_03-tour_03-lau2_07-day_03-60_02-frt-1002_01-sng_00-n_00-n_00-n_00-n_00-n_00-n;1002;0;41722;0;N;555134;N;3;3093;0;EC_PH-BR_1;20140324xMon;3_Pardubice;Pardubický kraj;h00;109;530
02-o2_01-ver_03-tour_03-lau2_07-day_03-60_02-frt-1002_01-sng_00-n_00-n_00-n_00-n_00-n_00-n;1002;0;41722;0;N;580031;N;4;3093;0;EC_PH-BR_1;20140324xMon;4_Česká Třebová;Pardubický kraj;h00;68;93
02-o2_01-ver_03-tour_03-lau2_07-day_03-60_02-frt-1002_01-sng_00-n_00-n_00-n_00-n_00-n_00-n;1002;0;41722;0;N;582786;N;5;3115;0;EC_PH-BR_1;20140324xMon;5_Brno;Jihomoravský kraj;h00;0;520
02-o2_01-ver_03-tour_03-lau2_07-day_03-60_02-frt-1002_01-sng_00-n_00-n_00-n_00-n_00-n_00-n;1002;0;41723;0;N;533165;N;2;3026;0;EC_PH-BR_1;20140325xTue;2_Kolín;Středočeský kraj;h00;138;722
02-o2_01-ver_03-tour_03-lau2_07-day_03-60_02-frt-1002_01-sng_00-n_00-n_00-n_00-n_00-n_00-n;1002;0;41723;0;N;554782;N;1;3018;0;EC_PH-BR_1;20140325xTue;1_Praha;Hlavní město Praha;h00;1648;0
02-o2_01-ver_03-tour_03-lau2_07-day_03-60_02-frt-1002_01-sng_00-n_00-n_00-n_00-n_00-n_00-n;1002;0;41723;0;N;555134;N;3;3093;0;EC_PH-BR_1;20140325xTue;3_Pardubice;Pardubický kraj;h00;94;614
02-o2_01-ver_03-tour_03-lau2_07-day_03-60_02-frt-1002_01-sng_00-n_00-n_00-n_00-n_00-n_00-n;1002;0;41723;0;N;580031;N;4;3093;0;EC_PH-BR_1;20140325xTue;4_Česká Třebová;Pardubický kraj;h00;43;130
02-o2_01-ver_03-tour_03-lau2_07-day_03-60_02-frt-1002_01-sng_00-n_00-n_00-n_00-n_00-n_00-n;1002;0;41723;0;N;582786;N;5;3115;0;EC_PH-BR_1;20140325xTue;5_Brno;Jihomoravský kraj;h00;0;457
02-o2_01-ver_03-tour_03-lau2_07-day_03-60_02-frt-1002_01-sng_00-n_00-n_00-n_00-n_00-n_00-n;1002;0;41724;0;N;533165;N;2;3026;0;EC_PH-BR_1;20140326xWed;2_Kolín;Středočeský kraj;h00;130;769
02-o2_01-ver_03-tour_03-lau2_07-day_03-60_02-frt-1002_01-sng_00-n_00-n_00-n_00-n_00-n_00-n;1002;0;41724;0;N;554782;N;1;3018;0;EC_PH-BR_1;20140326xWed;1_Praha;Hlavní město Praha;h00;1776;0
02-o2_01-ver_03-tour_03-lau2_07-day_03-60_02-frt-1002_01-sng_00-n_00-n_00-n_00-n_00-n_00-n;1002;0;41724;0;N;555134;N;3;3093;0;EC_PH-BR_1;20140326xWed;3_Pardubice;Pardubický kraj;h00;98;610
02-o2_01-ver_03-tour_03-lau2_07-day_03-60_02-frt-1002_01-sng_00-n_00-n_00-n_00-n_00-n_00-n;1002;0;41724;0;N;580031;N;4;3093;0;EC_PH-BR_1;20140326xWed;4_Česká Třebová;Pardubický kraj;h00;56;134
02-o2_01-ver_03-tour_03-lau2_07-day_03-60_02-frt-1002_01-sng_00-n_00-n_00-n_00-n_00-n_00-n;1002;0;41724;0;N;582786;N;5;3115;0;EC_PH-BR_1;20140326xWed;5_Brno;Jihomoravský kraj;h00;0;547
