02-o2_02-edg_04-pot_03-lau2_07-day_05-300+_05-frt-1005_01-sng_00-n_00-n_00-n_00-n_00-n_00-n;1005;0;41717;0;N;554791;558966;1;3042;0;R_PL-PH_1;20140319xWed;01_Plzeň_Chrást;Plzeňský kraj;h00;313;N
02-o2_02-edg_04-pot_03-lau2_07-day_05-300+_05-frt-1005_01-sng_00-n_00-n_00-n_00-n_00-n_00-n;1005;0;41717;0;N;558966;559717;2;3042;0;R_PL-PH_1;20140319xWed;02_Chrást_Rokycany;Plzeňský kraj;h00;237;N
02-o2_02-edg_04-pot_03-lau2_07-day_05-300+_05-frt-1005_01-sng_00-n_00-n_00-n_00-n_00-n_00-n;1005;0;41717;0;N;559717;559903;3;3042;0;R_PL-PH_1;20140319xWed;03_Rokycany_Kařez;Plzeňský kraj;h00;132;N
02-o2_02-edg_04-pot_03-lau2_07-day_05-300+_05-frt-1005_01-sng_00-n_00-n_00-n_00-n_00-n_00-n;1005;0;41717;0;N;559903;531189;4;3042;0;R_PL-PH_1;20140319xWed;04_Kařez_Hořovice;Plzeňský kraj;h00;157;N
02-o2_02-edg_04-pot_03-lau2_07-day_05-300+_05-frt-1005_01-sng_00-n_00-n_00-n_00-n_00-n_00-n;1005;0;41717;0;N;531189;532011;5;3026;0;R_PL-PH_1;20140319xWed;05_Hořovice_Zdice;Středočeský kraj;h00;210;N
02-o2_02-edg_04-pot_03-lau2_07-day_05-300+_05-frt-1005_01-sng_00-n_00-n_00-n_00-n_00-n_00-n;1005;0;41717;0;N;532011;531057;6;3026;0;R_PL-PH_1;20140319xWed;06_Zdice_Beroun;Středočeský kraj;h00;238;N
02-o2_02-edg_04-pot_03-lau2_07-day_05-300+_05-frt-1005_01-sng_00-n_00-n_00-n_00-n_00-n_00-n;1005;0;41717;0;N;531057;554782;7;3026;0;R_PL-PH_1;20140319xWed;07_Beroun_Praha;Středočeský kraj;h00;681;N
02-o2_02-edg_04-pot_03-lau2_07-day_05-300+_05-frt-1005_01-sng_00-n_00-n_00-n_00-n_00-n_00-n;1005;0;41712;0;N;554791;558966;1;3042;0;R_PL-PH_1;20140314xFri;01_Plzeň_Chrást;Plzeňský kraj;h00;316;N
02-o2_02-edg_04-pot_03-lau2_07-day_05-300+_05-frt-1005_01-sng_00-n_00-n_00-n_00-n_00-n_00-n;1005;0;41712;0;N;558966;559717;2;3042;0;R_PL-PH_1;20140314xFri;02_Chrást_Rokycany;Plzeňský kraj;h00;238;N
02-o2_02-edg_04-pot_03-lau2_07-day_05-300+_05-frt-1005_01-sng_00-n_00-n_00-n_00-n_00-n_00-n;1005;0;41712;0;N;559717;559903;3;3042;0;R_PL-PH_1;20140314xFri;03_Rokycany_Kařez;Plzeňský kraj;h00;129;N
02-o2_02-edg_04-pot_03-lau2_07-day_05-300+_05-frt-1005_01-sng_00-n_00-n_00-n_00-n_00-n_00-n;1005;0;41712;0;N;559903;531189;4;3042;0;R_PL-PH_1;20140314xFri;04_Kařez_Hořovice;Plzeňský kraj;h00;143;N
02-o2_02-edg_04-pot_03-lau2_07-day_05-300+_05-frt-1005_01-sng_00-n_00-n_00-n_00-n_00-n_00-n;1005;0;41712;0;N;531189;532011;5;3026;0;R_PL-PH_1;20140314xFri;05_Hořovice_Zdice;Středočeský kraj;h00;190;N
02-o2_02-edg_04-pot_03-lau2_07-day_05-300+_05-frt-1005_01-sng_00-n_00-n_00-n_00-n_00-n_00-n;1005;0;41712;0;N;532011;531057;6;3026;0;R_PL-PH_1;20140314xFri;06_Zdice_Beroun;Středočeský kraj;h00;225;N
02-o2_02-edg_04-pot_03-lau2_07-day_05-300+_05-frt-1005_01-sng_00-n_00-n_00-n_00-n_00-n_00-n;1005;0;41712;0;N;531057;554782;7;3026;0;R_PL-PH_1;20140314xFri;07_Beroun_Praha;Středočeský kraj;h00;683;N
02-o2_02-edg_04-pot_03-lau2_07-day_05-300+_05-frt-1005_01-sng_00-n_00-n_00-n_00-n_00-n_00-n;1005;0;41721;0;N;554791;558966;1;3042;0;R_PL-PH_1;20140323xSun;01_Plzeň_Chrást;Plzeňský kraj;h00;198;N
02-o2_02-edg_04-pot_03-lau2_07-day_05-300+_05-frt-1005_01-sng_00-n_00-n_00-n_00-n_00-n_00-n;1005;0;41721;0;N;558966;559717;2;3042;0;R_PL-PH_1;20140323xSun;02_Chrást_Rokycany;Plzeňský kraj;h00;165;N
02-o2_02-edg_04-pot_03-lau2_07-day_05-300+_05-frt-1005_01-sng_00-n_00-n_00-n_00-n_00-n_00-n;1005;0;41721;0;N;559717;559903;3;3042;0;R_PL-PH_1;20140323xSun;03_Rokycany_Kařez;Plzeňský kraj;h00;129;N
02-o2_02-edg_04-pot_03-lau2_07-day_05-300+_05-frt-1005_01-sng_00-n_00-n_00-n_00-n_00-n_00-n;1005;0;41721;0;N;559903;531189;4;3042;0;R_PL-PH_1;20140323xSun;04_Kařez_Hořovice;Plzeňský kraj;h00;151;N
02-o2_02-edg_04-pot_03-lau2_07-day_05-300+_05-frt-1005_01-sng_00-n_00-n_00-n_00-n_00-n_00-n;1005;0;41721;0;N;531189;532011;5;3026;0;R_PL-PH_1;20140323xSun;05_Hořovice_Zdice;Středočeský kraj;h00;163;N
02-o2_02-edg_04-pot_03-lau2_07-day_05-300+_05-frt-1005_01-sng_00-n_00-n_00-n_00-n_00-n_00-n;1005;0;41721;0;N;532011;531057;6;3026;0;R_PL-PH_1;20140323xSun;06_Zdice_Beroun;Středočeský kraj;h00;175;N
02-o2_02-edg_04-pot_03-lau2_07-day_05-300+_05-frt-1005_01-sng_00-n_00-n_00-n_00-n_00-n_00-n;1005;0;41721;0;N;531057;554782;7;3026;0;R_PL-PH_1;20140323xSun;07_Beroun_Praha;Středočeský kraj;h00;444;N
02-o2_02-edg_04-pot_03-lau2_07-day_05-300+_05-frt-1005_01-sng_00-n_00-n_00-n_00-n_00-n_00-n;1005;0;41716;0;N;554791;558966;1;3042;0;R_PL-PH_1;20140318xTue;01_Plzeň_Chrást;Plzeňský kraj;h00;373;N
02-o2_02-edg_04-pot_03-lau2_07-day_05-300+_05-frt-1005_01-sng_00-n_00-n_00-n_00-n_00-n_00-n;1005;0;41716;0;N;558966;559717;2;3042;0;R_PL-PH_1;20140318xTue;02_Chrást_Rokycany;Plzeňský kraj;h00;286;N
02-o2_02-edg_04-pot_03-lau2_07-day_05-300+_05-frt-1005_01-sng_00-n_00-n_00-n_00-n_00-n_00-n;1005;0;41716;0;N;559717;559903;3;3042;0;R_PL-PH_1;20140318xTue;03_Rokycany_Kařez;Plzeňský kraj;h00;183;N
02-o2_02-edg_04-pot_03-lau2_07-day_05-300+_05-frt-1005_01-sng_00-n_00-n_00-n_00-n_00-n_00-n;1005;0;41716;0;N;559903;531189;4;3042;0;R_PL-PH_1;20140318xTue;04_Kařez_Hořovice;Plzeňský kraj;h00;197;N
02-o2_02-edg_04-pot_03-lau2_07-day_05-300+_05-frt-1005_01-sng_00-n_00-n_00-n_00-n_00-n_00-n;1005;0;41716;0;N;531189;532011;5;3026;0;R_PL-PH_1;20140318xTue;05_Hořovice_Zdice;Středočeský kraj;h00;264;N
02-o2_02-edg_04-pot_03-lau2_07-day_05-300+_05-frt-1005_01-sng_00-n_00-n_00-n_00-n_00-n_00-n;1005;0;41716;0;N;532011;531057;6;3026;0;R_PL-PH_1;20140318xTue;06_Zdice_Beroun;Středočeský kraj;h00;281;N
02-o2_02-edg_04-pot_03-lau2_07-day_05-300+_05-frt-1005_01-sng_00-n_00-n_00-n_00-n_00-n_00-n;1005;0;41716;0;N;531057;554782;7;3026;0;R_PL-PH_1;20140318xTue;07_Beroun_Praha;Středočeský kraj;h00;716;N
02-o2_02-edg_04-pot_03-lau2_07-day_05-300+_05-frt-1005_01-sng_00-n_00-n_00-n_00-n_00-n_00-n;1005;0;41711;0;N;554791;558966;1;3042;0;R_PL-PH_1;20140313xThu;01_Plzeň_Chrást;Plzeňský kraj;h00;353;N
02-o2_02-edg_04-pot_03-lau2_07-day_05-300+_05-frt-1005_01-sng_00-n_00-n_00-n_00-n_00-n_00-n;1005;0;41711;0;N;558966;559717;2;3042;0;R_PL-PH_1;20140313xThu;02_Chrást_Rokycany;Plzeňský kraj;h00;269;N
02-o2_02-edg_04-pot_03-lau2_07-day_05-300+_05-frt-1005_01-sng_00-n_00-n_00-n_00-n_00-n_00-n;1005;0;41711;0;N;559717;559903;3;3042;0;R_PL-PH_1;20140313xThu;03_Rokycany_Kařez;Plzeňský kraj;h00;155;N
02-o2_02-edg_04-pot_03-lau2_07-day_05-300+_05-frt-1005_01-sng_00-n_00-n_00-n_00-n_00-n_00-n;1005;0;41711;0;N;559903;531189;4;3042;0;R_PL-PH_1;20140313xThu;04_Kařez_Hořovice;Plzeňský kraj;h00;185;N
02-o2_02-edg_04-pot_03-lau2_07-day_05-300+_05-frt-1005_01-sng_00-n_00-n_00-n_00-n_00-n_00-n;1005;0;41711;0;N;531189;532011;5;3026;0;R_PL-PH_1;20140313xThu;05_Hořovice_Zdice;Středočeský kraj;h00;232;N
02-o2_02-edg_04-pot_03-lau2_07-day_05-300+_05-frt-1005_01-sng_00-n_00-n_00-n_00-n_00-n_00-n;1005;0;41711;0;N;532011;531057;6;3026;0;R_PL-PH_1;20140313xThu;06_Zdice_Beroun;Středočeský kraj;h00;266;N
02-o2_02-edg_04-pot_03-lau2_07-day_05-300+_05-frt-1005_01-sng_00-n_00-n_00-n_00-n_00-n_00-n;1005;0;41711;0;N;531057;554782;7;3026;0;R_PL-PH_1;20140313xThu;07_Beroun_Praha;Středočeský kraj;h00;852;N
02-o2_02-edg_04-pot_03-lau2_07-day_05-300+_05-frt-1005_01-sng_00-n_00-n_00-n_00-n_00-n_00-n;1005;0;41720;0;N;554791;558966;1;3042;0;R_PL-PH_1;20140322xSat;01_Plzeň_Chrást;Plzeňský kraj;h00;185;N
02-o2_02-edg_04-pot_03-lau2_07-day_05-300+_05-frt-1005_01-sng_00-n_00-n_00-n_00-n_00-n_00-n;1005;0;41720;0;N;558966;559717;2;3042;0;R_PL-PH_1;20140322xSat;02_Chrást_Rokycany;Plzeňský kraj;h00;147;N
02-o2_02-edg_04-pot_03-lau2_07-day_05-300+_05-frt-1005_01-sng_00-n_00-n_00-n_00-n_00-n_00-n;1005;0;41720;0;N;559717;559903;3;3042;0;R_PL-PH_1;20140322xSat;03_Rokycany_Kařez;Plzeňský kraj;h00;102;N
02-o2_02-edg_04-pot_03-lau2_07-day_05-300+_05-frt-1005_01-sng_00-n_00-n_00-n_00-n_00-n_00-n;1005;0;41720;0;N;559903;531189;4;3042;0;R_PL-PH_1;20140322xSat;04_Kařez_Hořovice;Plzeňský kraj;h00;128;N
02-o2_02-edg_04-pot_03-lau2_07-day_05-300+_05-frt-1005_01-sng_00-n_00-n_00-n_00-n_00-n_00-n;1005;0;41720;0;N;531189;532011;5;3026;0;R_PL-PH_1;20140322xSat;05_Hořovice_Zdice;Středočeský kraj;h00;137;N
02-o2_02-edg_04-pot_03-lau2_07-day_05-300+_05-frt-1005_01-sng_00-n_00-n_00-n_00-n_00-n_00-n;1005;0;41720;0;N;532011;531057;6;3026;0;R_PL-PH_1;20140322xSat;06_Zdice_Beroun;Středočeský kraj;h00;155;N
02-o2_02-edg_04-pot_03-lau2_07-day_05-300+_05-frt-1005_01-sng_00-n_00-n_00-n_00-n_00-n_00-n;1005;0;41720;0;N;531057;554782;7;3026;0;R_PL-PH_1;20140322xSat;07_Beroun_Praha;Středočeský kraj;h00;456;N
02-o2_02-edg_04-pot_03-lau2_07-day_05-300+_05-frt-1005_01-sng_00-n_00-n_00-n_00-n_00-n_00-n;1005;0;41715;0;N;554791;558966;1;3042;0;R_PL-PH_1;20140317xMon;01_Plzeň_Chrást;Plzeňský kraj;h00;294;N
02-o2_02-edg_04-pot_03-lau2_07-day_05-300+_05-frt-1005_01-sng_00-n_00-n_00-n_00-n_00-n_00-n;1005;0;41715;0;N;558966;559717;2;3042;0;R_PL-PH_1;20140317xMon;02_Chrást_Rokycany;Plzeňský kraj;h00;231;N
02-o2_02-edg_04-pot_03-lau2_07-day_05-300+_05-frt-1005_01-sng_00-n_00-n_00-n_00-n_00-n_00-n;1005;0;41715;0;N;559717;559903;3;3042;0;R_PL-PH_1;20140317xMon;03_Rokycany_Kařez;Plzeňský kraj;h00;156;N
02-o2_02-edg_04-pot_03-lau2_07-day_05-300+_05-frt-1005_01-sng_00-n_00-n_00-n_00-n_00-n_00-n;1005;0;41715;0;N;559903;531189;4;3042;0;R_PL-PH_1;20140317xMon;04_Kařez_Hořovice;Plzeňský kraj;h00;167;N
02-o2_02-edg_04-pot_03-lau2_07-day_05-300+_05-frt-1005_01-sng_00-n_00-n_00-n_00-n_00-n_00-n;1005;0;41715;0;N;531189;532011;5;3026;0;R_PL-PH_1;20140317xMon;05_Hořovice_Zdice;Středočeský kraj;h00;197;N
02-o2_02-edg_04-pot_03-lau2_07-day_05-300+_05-frt-1005_01-sng_00-n_00-n_00-n_00-n_00-n_00-n;1005;0;41715;0;N;532011;531057;6;3026;0;R_PL-PH_1;20140317xMon;06_Zdice_Beroun;Středočeský kraj;h00;210;N
02-o2_02-edg_04-pot_03-lau2_07-day_05-300+_05-frt-1005_01-sng_00-n_00-n_00-n_00-n_00-n_00-n;1005;0;41715;0;N;531057;554782;7;3026;0;R_PL-PH_1;20140317xMon;07_Beroun_Praha;Středočeský kraj;h00;574;N
02-o2_02-edg_04-pot_03-lau2_07-day_05-300+_05-frt-1005_01-sng_00-n_00-n_00-n_00-n_00-n_00-n;1005;0;41724;0;N;554791;558966;1;3042;0;R_PL-PH_1;20140326xWed;01_Plzeň_Chrást;Plzeňský kraj;h00;326;N
02-o2_02-edg_04-pot_03-lau2_07-day_05-300+_05-frt-1005_01-sng_00-n_00-n_00-n_00-n_00-n_00-n;1005;0;41724;0;N;558966;559717;2;3042;0;R_PL-PH_1;20140326xWed;02_Chrást_Rokycany;Plzeňský kraj;h00;267;N
02-o2_02-edg_04-pot_03-lau2_07-day_05-300+_05-frt-1005_01-sng_00-n_00-n_00-n_00-n_00-n_00-n;1005;0;41724;0;N;559717;559903;3;3042;0;R_PL-PH_1;20140326xWed;03_Rokycany_Kařez;Plzeňský kraj;h00;152;N
02-o2_02-edg_04-pot_03-lau2_07-day_05-300+_05-frt-1005_01-sng_00-n_00-n_00-n_00-n_00-n_00-n;1005;0;41724;0;N;559903;531189;4;3042;0;R_PL-PH_1;20140326xWed;04_Kařez_Hořovice;Plzeňský kraj;h00;173;N
02-o2_02-edg_04-pot_03-lau2_07-day_05-300+_05-frt-1005_01-sng_00-n_00-n_00-n_00-n_00-n_00-n;1005;0;41724;0;N;531189;532011;5;3026;0;R_PL-PH_1;20140326xWed;05_Hořovice_Zdice;Středočeský kraj;h00;212;N
02-o2_02-edg_04-pot_03-lau2_07-day_05-300+_05-frt-1005_01-sng_00-n_00-n_00-n_00-n_00-n_00-n;1005;0;41724;0;N;532011;531057;6;3026;0;R_PL-PH_1;20140326xWed;06_Zdice_Beroun;Středočeský kraj;h00;252;N
02-o2_02-edg_04-pot_03-lau2_07-day_05-300+_05-frt-1005_01-sng_00-n_00-n_00-n_00-n_00-n_00-n;1005;0;41724;0;N;531057;554782;7;3026;0;R_PL-PH_1;20140326xWed;07_Beroun_Praha;Středočeský kraj;h00;748;N
02-o2_02-edg_04-pot_03-lau2_07-day_05-300+_05-frt-1005_01-sng_00-n_00-n_00-n_00-n_00-n_00-n;1005;0;41710;0;N;554791;558966;1;3042;0;R_PL-PH_1;20140312xWed;01_Plzeň_Chrást;Plzeňský kraj;h00;375;N
02-o2_02-edg_04-pot_03-lau2_07-day_05-300+_05-frt-1005_01-sng_00-n_00-n_00-n_00-n_00-n_00-n;1005;0;41710;0;N;558966;559717;2;3042;0;R_PL-PH_1;20140312xWed;02_Chrást_Rokycany;Plzeňský kraj;h00;298;N
02-o2_02-edg_04-pot_03-lau2_07-day_05-300+_05-frt-1005_01-sng_00-n_00-n_00-n_00-n_00-n_00-n;1005;0;41710;0;N;559717;559903;3;3042;0;R_PL-PH_1;20140312xWed;03_Rokycany_Kařez;Plzeňský kraj;h00;198;N
02-o2_02-edg_04-pot_03-lau2_07-day_05-300+_05-frt-1005_01-sng_00-n_00-n_00-n_00-n_00-n_00-n;1005;0;41710;0;N;559903;531189;4;3042;0;R_PL-PH_1;20140312xWed;04_Kařez_Hořovice;Plzeňský kraj;h00;205;N
02-o2_02-edg_04-pot_03-lau2_07-day_05-300+_05-frt-1005_01-sng_00-n_00-n_00-n_00-n_00-n_00-n;1005;0;41710;0;N;531189;532011;5;3026;0;R_PL-PH_1;20140312xWed;05_Hořovice_Zdice;Středočeský kraj;h00;276;N
02-o2_02-edg_04-pot_03-lau2_07-day_05-300+_05-frt-1005_01-sng_00-n_00-n_00-n_00-n_00-n_00-n;1005;0;41710;0;N;532011;531057;6;3026;0;R_PL-PH_1;20140312xWed;06_Zdice_Beroun;Středočeský kraj;h00;299;N
02-o2_02-edg_04-pot_03-lau2_07-day_05-300+_05-frt-1005_01-sng_00-n_00-n_00-n_00-n_00-n_00-n;1005;0;41710;0;N;531057;554782;7;3026;0;R_PL-PH_1;20140312xWed;07_Beroun_Praha;Středočeský kraj;h00;869;N
02-o2_02-edg_04-pot_03-lau2_07-day_05-300+_05-frt-1005_01-sng_00-n_00-n_00-n_00-n_00-n_00-n;1005;0;41719;0;N;554791;558966;1;3042;0;R_PL-PH_1;20140321xFri;01_Plzeň_Chrást;Plzeňský kraj;h00;235;N
02-o2_02-edg_04-pot_03-lau2_07-day_05-300+_05-frt-1005_01-sng_00-n_00-n_00-n_00-n_00-n_00-n;1005;0;41719;0;N;558966;559717;2;3042;0;R_PL-PH_1;20140321xFri;02_Chrást_Rokycany;Plzeňský kraj;h00;198;N
02-o2_02-edg_04-pot_03-lau2_07-day_05-300+_05-frt-1005_01-sng_00-n_00-n_00-n_00-n_00-n_00-n;1005;0;41719;0;N;559717;559903;3;3042;0;R_PL-PH_1;20140321xFri;03_Rokycany_Kařez;Plzeňský kraj;h00;127;N
02-o2_02-edg_04-pot_03-lau2_07-day_05-300+_05-frt-1005_01-sng_00-n_00-n_00-n_00-n_00-n_00-n;1005;0;41719;0;N;559903;531189;4;3042;0;R_PL-PH_1;20140321xFri;04_Kařez_Hořovice;Plzeňský kraj;h00;130;N
02-o2_02-edg_04-pot_03-lau2_07-day_05-300+_05-frt-1005_01-sng_00-n_00-n_00-n_00-n_00-n_00-n;1005;0;41719;0;N;531189;532011;5;3026;0;R_PL-PH_1;20140321xFri;05_Hořovice_Zdice;Středočeský kraj;h00;161;N
02-o2_02-edg_04-pot_03-lau2_07-day_05-300+_05-frt-1005_01-sng_00-n_00-n_00-n_00-n_00-n_00-n;1005;0;41719;0;N;532011;531057;6;3026;0;R_PL-PH_1;20140321xFri;06_Zdice_Beroun;Středočeský kraj;h00;173;N
02-o2_02-edg_04-pot_03-lau2_07-day_05-300+_05-frt-1005_01-sng_00-n_00-n_00-n_00-n_00-n_00-n;1005;0;41719;0;N;531057;554782;7;3026;0;R_PL-PH_1;20140321xFri;07_Beroun_Praha;Středočeský kraj;h00;646;N
02-o2_02-edg_04-pot_03-lau2_07-day_05-300+_05-frt-1005_01-sng_00-n_00-n_00-n_00-n_00-n_00-n;1005;0;41714;0;N;554791;558966;1;3042;0;R_PL-PH_1;20140316xSun;01_Plzeň_Chrást;Plzeňský kraj;h00;187;N
02-o2_02-edg_04-pot_03-lau2_07-day_05-300+_05-frt-1005_01-sng_00-n_00-n_00-n_00-n_00-n_00-n;1005;0;41714;0;N;558966;559717;2;3042;0;R_PL-PH_1;20140316xSun;02_Chrást_Rokycany;Plzeňský kraj;h00;167;N
02-o2_02-edg_04-pot_03-lau2_07-day_05-300+_05-frt-1005_01-sng_00-n_00-n_00-n_00-n_00-n_00-n;1005;0;41714;0;N;559717;559903;3;3042;0;R_PL-PH_1;20140316xSun;03_Rokycany_Kařez;Plzeňský kraj;h00;144;N
02-o2_02-edg_04-pot_03-lau2_07-day_05-300+_05-frt-1005_01-sng_00-n_00-n_00-n_00-n_00-n_00-n;1005;0;41714;0;N;559903;531189;4;3042;0;R_PL-PH_1;20140316xSun;04_Kařez_Hořovice;Plzeňský kraj;h00;159;N
02-o2_02-edg_04-pot_03-lau2_07-day_05-300+_05-frt-1005_01-sng_00-n_00-n_00-n_00-n_00-n_00-n;1005;0;41714;0;N;531189;532011;5;3026;0;R_PL-PH_1;20140316xSun;05_Hořovice_Zdice;Středočeský kraj;h00;166;N
02-o2_02-edg_04-pot_03-lau2_07-day_05-300+_05-frt-1005_01-sng_00-n_00-n_00-n_00-n_00-n_00-n;1005;0;41714;0;N;532011;531057;6;3026;0;R_PL-PH_1;20140316xSun;06_Zdice_Beroun;Středočeský kraj;h00;178;N
02-o2_02-edg_04-pot_03-lau2_07-day_05-300+_05-frt-1005_01-sng_00-n_00-n_00-n_00-n_00-n_00-n;1005;0;41714;0;N;531057;554782;7;3026;0;R_PL-PH_1;20140316xSun;07_Beroun_Praha;Středočeský kraj;h00;465;N
02-o2_02-edg_04-pot_03-lau2_07-day_05-300+_05-frt-1005_01-sng_00-n_00-n_00-n_00-n_00-n_00-n;1005;0;41723;0;N;554791;558966;1;3042;0;R_PL-PH_1;20140325xTue;01_Plzeň_Chrást;Plzeňský kraj;h00;333;N
02-o2_02-edg_04-pot_03-lau2_07-day_05-300+_05-frt-1005_01-sng_00-n_00-n_00-n_00-n_00-n_00-n;1005;0;41723;0;N;558966;559717;2;3042;0;R_PL-PH_1;20140325xTue;02_Chrást_Rokycany;Plzeňský kraj;h00;264;N
02-o2_02-edg_04-pot_03-lau2_07-day_05-300+_05-frt-1005_01-sng_00-n_00-n_00-n_00-n_00-n_00-n;1005;0;41723;0;N;559717;559903;3;3042;0;R_PL-PH_1;20140325xTue;03_Rokycany_Kařez;Plzeňský kraj;h00;172;N
02-o2_02-edg_04-pot_03-lau2_07-day_05-300+_05-frt-1005_01-sng_00-n_00-n_00-n_00-n_00-n_00-n;1005;0;41723;0;N;559903;531189;4;3042;0;R_PL-PH_1;20140325xTue;04_Kařez_Hořovice;Plzeňský kraj;h00;194;N
02-o2_02-edg_04-pot_03-lau2_07-day_05-300+_05-frt-1005_01-sng_00-n_00-n_00-n_00-n_00-n_00-n;1005;0;41723;0;N;531189;532011;5;3026;0;R_PL-PH_1;20140325xTue;05_Hořovice_Zdice;Středočeský kraj;h00;242;N
02-o2_02-edg_04-pot_03-lau2_07-day_05-300+_05-frt-1005_01-sng_00-n_00-n_00-n_00-n_00-n_00-n;1005;0;41723;0;N;532011;531057;6;3026;0;R_PL-PH_1;20140325xTue;06_Zdice_Beroun;Středočeský kraj;h00;272;N
02-o2_02-edg_04-pot_03-lau2_07-day_05-300+_05-frt-1005_01-sng_00-n_00-n_00-n_00-n_00-n_00-n;1005;0;41723;0;N;531057;554782;7;3026;0;R_PL-PH_1;20140325xTue;07_Beroun_Praha;Středočeský kraj;h00;688;N
02-o2_02-edg_04-pot_03-lau2_07-day_05-300+_05-frt-1005_01-sng_00-n_00-n_00-n_00-n_00-n_00-n;1005;0;41718;0;N;554791;558966;1;3042;0;R_PL-PH_1;20140320xThu;01_Plzeň_Chrást;Plzeňský kraj;h00;318;N
02-o2_02-edg_04-pot_03-lau2_07-day_05-300+_05-frt-1005_01-sng_00-n_00-n_00-n_00-n_00-n_00-n;1005;0;41718;0;N;558966;559717;2;3042;0;R_PL-PH_1;20140320xThu;02_Chrást_Rokycany;Plzeňský kraj;h00;242;N
02-o2_02-edg_04-pot_03-lau2_07-day_05-300+_05-frt-1005_01-sng_00-n_00-n_00-n_00-n_00-n_00-n;1005;0;41718;0;N;559717;559903;3;3042;0;R_PL-PH_1;20140320xThu;03_Rokycany_Kařez;Plzeňský kraj;h00;146;N
02-o2_02-edg_04-pot_03-lau2_07-day_05-300+_05-frt-1005_01-sng_00-n_00-n_00-n_00-n_00-n_00-n;1005;0;41718;0;N;559903;531189;4;3042;0;R_PL-PH_1;20140320xThu;04_Kařez_Hořovice;Plzeňský kraj;h00;170;N
02-o2_02-edg_04-pot_03-lau2_07-day_05-300+_05-frt-1005_01-sng_00-n_00-n_00-n_00-n_00-n_00-n;1005;0;41718;0;N;531189;532011;5;3026;0;R_PL-PH_1;20140320xThu;05_Hořovice_Zdice;Středočeský kraj;h00;218;N
02-o2_02-edg_04-pot_03-lau2_07-day_05-300+_05-frt-1005_01-sng_00-n_00-n_00-n_00-n_00-n_00-n;1005;0;41718;0;N;532011;531057;6;3026;0;R_PL-PH_1;20140320xThu;06_Zdice_Beroun;Středočeský kraj;h00;232;N
02-o2_02-edg_04-pot_03-lau2_07-day_05-300+_05-frt-1005_01-sng_00-n_00-n_00-n_00-n_00-n_00-n;1005;0;41718;0;N;531057;554782;7;3026;0;R_PL-PH_1;20140320xThu;07_Beroun_Praha;Středočeský kraj;h00;678;N
02-o2_02-edg_04-pot_03-lau2_07-day_05-300+_05-frt-1005_01-sng_00-n_00-n_00-n_00-n_00-n_00-n;1005;0;41713;0;N;554791;558966;1;3042;0;R_PL-PH_1;20140315xSat;01_Plzeň_Chrást;Plzeňský kraj;h00;216;N
02-o2_02-edg_04-pot_03-lau2_07-day_05-300+_05-frt-1005_01-sng_00-n_00-n_00-n_00-n_00-n_00-n;1005;0;41713;0;N;558966;559717;2;3042;0;R_PL-PH_1;20140315xSat;02_Chrást_Rokycany;Plzeňský kraj;h00;180;N
02-o2_02-edg_04-pot_03-lau2_07-day_05-300+_05-frt-1005_01-sng_00-n_00-n_00-n_00-n_00-n_00-n;1005;0;41713;0;N;559717;559903;3;3042;0;R_PL-PH_1;20140315xSat;03_Rokycany_Kařez;Plzeňský kraj;h00;103;N
02-o2_02-edg_04-pot_03-lau2_07-day_05-300+_05-frt-1005_01-sng_00-n_00-n_00-n_00-n_00-n_00-n;1005;0;41713;0;N;559903;531189;4;3042;0;R_PL-PH_1;20140315xSat;04_Kařez_Hořovice;Plzeňský kraj;h00;119;N
02-o2_02-edg_04-pot_03-lau2_07-day_05-300+_05-frt-1005_01-sng_00-n_00-n_00-n_00-n_00-n_00-n;1005;0;41713;0;N;531189;532011;5;3026;0;R_PL-PH_1;20140315xSat;05_Hořovice_Zdice;Středočeský kraj;h00;127;N
02-o2_02-edg_04-pot_03-lau2_07-day_05-300+_05-frt-1005_01-sng_00-n_00-n_00-n_00-n_00-n_00-n;1005;0;41713;0;N;532011;531057;6;3026;0;R_PL-PH_1;20140315xSat;06_Zdice_Beroun;Středočeský kraj;h00;142;N
02-o2_02-edg_04-pot_03-lau2_07-day_05-300+_05-frt-1005_01-sng_00-n_00-n_00-n_00-n_00-n_00-n;1005;0;41713;0;N;531057;554782;7;3026;0;R_PL-PH_1;20140315xSat;07_Beroun_Praha;Středočeský kraj;h00;446;N
02-o2_02-edg_04-pot_03-lau2_07-day_05-300+_05-frt-1005_01-sng_00-n_00-n_00-n_00-n_00-n_00-n;1005;0;41722;0;N;554791;558966;1;3042;0;R_PL-PH_1;20140324xMon;01_Plzeň_Chrást;Plzeňský kraj;h00;314;N
02-o2_02-edg_04-pot_03-lau2_07-day_05-300+_05-frt-1005_01-sng_00-n_00-n_00-n_00-n_00-n_00-n;1005;0;41722;0;N;558966;559717;2;3042;0;R_PL-PH_1;20140324xMon;02_Chrást_Rokycany;Plzeňský kraj;h00;245;N
02-o2_02-edg_04-pot_03-lau2_07-day_05-300+_05-frt-1005_01-sng_00-n_00-n_00-n_00-n_00-n_00-n;1005;0;41722;0;N;559717;559903;3;3042;0;R_PL-PH_1;20140324xMon;03_Rokycany_Kařez;Plzeňský kraj;h00;143;N
02-o2_02-edg_04-pot_03-lau2_07-day_05-300+_05-frt-1005_01-sng_00-n_00-n_00-n_00-n_00-n_00-n;1005;0;41722;0;N;559903;531189;4;3042;0;R_PL-PH_1;20140324xMon;04_Kařez_Hořovice;Plzeňský kraj;h00;168;N
02-o2_02-edg_04-pot_03-lau2_07-day_05-300+_05-frt-1005_01-sng_00-n_00-n_00-n_00-n_00-n_00-n;1005;0;41722;0;N;531189;532011;5;3026;0;R_PL-PH_1;20140324xMon;05_Hořovice_Zdice;Středočeský kraj;h00;212;N
02-o2_02-edg_04-pot_03-lau2_07-day_05-300+_05-frt-1005_01-sng_00-n_00-n_00-n_00-n_00-n_00-n;1005;0;41722;0;N;532011;531057;6;3026;0;R_PL-PH_1;20140324xMon;06_Zdice_Beroun;Středočeský kraj;h00;232;N
02-o2_02-edg_04-pot_03-lau2_07-day_05-300+_05-frt-1005_01-sng_00-n_00-n_00-n_00-n_00-n_00-n;1005;0;41722;0;N;531057;554782;7;3026;0;R_PL-PH_1;20140324xMon;07_Beroun_Praha;Středočeský kraj;h00;637;N
