02-o2_01-ver_02-vis_03-lau2_07-day_03-60_08-frt-1008_01-sng_00-n_00-n_00-n_00-n_00-n_00-n;1008;0;41710;0;N;531057;N;9;3026;0;PM_PH-BE_2;20140312xWed;9_Beroun;Středočeský kraj;h00;0;476
02-o2_01-ver_02-vis_03-lau2_07-day_03-60_08-frt-1008_01-sng_00-n_00-n_00-n_00-n_00-n_00-n;1008;0;41710;0;N;531316;N;7;3026;0;PM_PH-BE_2;20140312xWed;7_Karlštejn;Středočeský kraj;h00;47;61
02-o2_01-ver_02-vis_03-lau2_07-day_03-60_08-frt-1008_01-sng_00-n_00-n_00-n_00-n_00-n_00-n;1008;0;41710;0;N;531758;N;8;3026;0;PM_PH-BE_2;20140312xWed;8_Srbsko;Středočeský kraj;h00;51;11
02-o2_01-ver_02-vis_03-lau2_07-day_03-60_08-frt-1008_01-sng_00-n_00-n_00-n_00-n_00-n_00-n;1008;0;41710;0;N;531979;N;6;3026;0;PM_PH-BE_2;20140312xWed;6_Zadní Třebaň;Středočeský kraj;h00;27;55
02-o2_01-ver_02-vis_03-lau2_07-day_03-60_08-frt-1008_01-sng_00-n_00-n_00-n_00-n_00-n_00-n;1008;0;41710;0;N;539139;N;2;3026;0;PM_PH-BE_2;20140312xWed;2_Černošice;Středočeský kraj;h00;221;290
02-o2_01-ver_02-vis_03-lau2_07-day_03-60_08-frt-1008_01-sng_00-n_00-n_00-n_00-n_00-n_00-n;1008;0;41710;0;N;539198;N;4;3026;0;PM_PH-BE_2;20140312xWed;4_Dobřichovice;Středočeský kraj;h00;43;276
02-o2_01-ver_02-vis_03-lau2_07-day_03-60_08-frt-1008_01-sng_00-n_00-n_00-n_00-n_00-n_00-n;1008;0;41710;0;N;539643;N;5;3026;0;PM_PH-BE_2;20140312xWed;5_Řevnice;Středočeský kraj;h00;67;64
02-o2_01-ver_02-vis_03-lau2_07-day_03-60_08-frt-1008_01-sng_00-n_00-n_00-n_00-n_00-n_00-n;1008;0;41710;0;N;539856;N;3;3026;0;PM_PH-BE_2;20140312xWed;3_Všenory;Středočeský kraj;h00;159;231
02-o2_01-ver_02-vis_03-lau2_07-day_03-60_08-frt-1008_01-sng_00-n_00-n_00-n_00-n_00-n_00-n;1008;0;41710;0;N;554782;N;1;3018;0;PM_PH-BE_2;20140312xWed;1_Praha;Hlavní město Praha;h00;849;0
02-o2_01-ver_02-vis_03-lau2_07-day_03-60_08-frt-1008_01-sng_00-n_00-n_00-n_00-n_00-n_00-n;1008;0;41711;0;N;531057;N;9;3026;0;PM_PH-BE_2;20140313xThu;9_Beroun;Středočeský kraj;h00;0;413
02-o2_01-ver_02-vis_03-lau2_07-day_03-60_08-frt-1008_01-sng_00-n_00-n_00-n_00-n_00-n_00-n;1008;0;41711;0;N;531316;N;7;3026;0;PM_PH-BE_2;20140313xThu;7_Karlštejn;Středočeský kraj;h00;27;84
02-o2_01-ver_02-vis_03-lau2_07-day_03-60_08-frt-1008_01-sng_00-n_00-n_00-n_00-n_00-n_00-n;1008;0;41711;0;N;531758;N;8;3026;0;PM_PH-BE_2;20140313xThu;8_Srbsko;Středočeský kraj;h00;44;6
02-o2_01-ver_02-vis_03-lau2_07-day_03-60_08-frt-1008_01-sng_00-n_00-n_00-n_00-n_00-n_00-n;1008;0;41711;0;N;531979;N;6;3026;0;PM_PH-BE_2;20140313xThu;6_Zadní Třebaň;Středočeský kraj;h00;38;47
02-o2_01-ver_02-vis_03-lau2_07-day_03-60_08-frt-1008_01-sng_00-n_00-n_00-n_00-n_00-n_00-n;1008;0;41711;0;N;539139;N;2;3026;0;PM_PH-BE_2;20140313xThu;2_Černošice;Středočeský kraj;h00;268;356
02-o2_01-ver_02-vis_03-lau2_07-day_03-60_08-frt-1008_01-sng_00-n_00-n_00-n_00-n_00-n_00-n;1008;0;41711;0;N;539198;N;4;3026;0;PM_PH-BE_2;20140313xThu;4_Dobřichovice;Středočeský kraj;h00;71;307
02-o2_01-ver_02-vis_03-lau2_07-day_03-60_08-frt-1008_01-sng_00-n_00-n_00-n_00-n_00-n_00-n;1008;0;41711;0;N;539643;N;5;3026;0;PM_PH-BE_2;20140313xThu;5_Řevnice;Středočeský kraj;h00;55;85
02-o2_01-ver_02-vis_03-lau2_07-day_03-60_08-frt-1008_01-sng_00-n_00-n_00-n_00-n_00-n_00-n;1008;0;41711;0;N;539856;N;3;3026;0;PM_PH-BE_2;20140313xThu;3_Všenory;Středočeský kraj;h00;193;292
02-o2_01-ver_02-vis_03-lau2_07-day_03-60_08-frt-1008_01-sng_00-n_00-n_00-n_00-n_00-n_00-n;1008;0;41711;0;N;554782;N;1;3018;0;PM_PH-BE_2;20140313xThu;1_Praha;Hlavní město Praha;h00;894;0
02-o2_01-ver_02-vis_03-lau2_07-day_03-60_08-frt-1008_01-sng_00-n_00-n_00-n_00-n_00-n_00-n;1008;0;41712;0;N;531057;N;9;3026;0;PM_PH-BE_2;20140314xFri;9_Beroun;Středočeský kraj;h00;0;504
02-o2_01-ver_02-vis_03-lau2_07-day_03-60_08-frt-1008_01-sng_00-n_00-n_00-n_00-n_00-n_00-n;1008;0;41712;0;N;531316;N;7;3026;0;PM_PH-BE_2;20140314xFri;7_Karlštejn;Středočeský kraj;h00;38;91
02-o2_01-ver_02-vis_03-lau2_07-day_03-60_08-frt-1008_01-sng_00-n_00-n_00-n_00-n_00-n_00-n;1008;0;41712;0;N;531758;N;8;3026;0;PM_PH-BE_2;20140314xFri;8_Srbsko;Středočeský kraj;h00;31;9
02-o2_01-ver_02-vis_03-lau2_07-day_03-60_08-frt-1008_01-sng_00-n_00-n_00-n_00-n_00-n_00-n;1008;0;41712;0;N;531979;N;6;3026;0;PM_PH-BE_2;20140314xFri;6_Zadní Třebaň;Středočeský kraj;h00;25;56
02-o2_01-ver_02-vis_03-lau2_07-day_03-60_08-frt-1008_01-sng_00-n_00-n_00-n_00-n_00-n_00-n;1008;0;41712;0;N;539139;N;2;3026;0;PM_PH-BE_2;20140314xFri;2_Černošice;Středočeský kraj;h00;317;290
02-o2_01-ver_02-vis_03-lau2_07-day_03-60_08-frt-1008_01-sng_00-n_00-n_00-n_00-n_00-n_00-n;1008;0;41712;0;N;539198;N;4;3026;0;PM_PH-BE_2;20140314xFri;4_Dobřichovice;Středočeský kraj;h00;134;320
02-o2_01-ver_02-vis_03-lau2_07-day_03-60_08-frt-1008_01-sng_00-n_00-n_00-n_00-n_00-n_00-n;1008;0;41712;0;N;539643;N;5;3026;0;PM_PH-BE_2;20140314xFri;5_Řevnice;Středočeský kraj;h00;41;146
02-o2_01-ver_02-vis_03-lau2_07-day_03-60_08-frt-1008_01-sng_00-n_00-n_00-n_00-n_00-n_00-n;1008;0;41712;0;N;539856;N;3;3026;0;PM_PH-BE_2;20140314xFri;3_Všenory;Středočeský kraj;h00;131;351
02-o2_01-ver_02-vis_03-lau2_07-day_03-60_08-frt-1008_01-sng_00-n_00-n_00-n_00-n_00-n_00-n;1008;0;41712;0;N;554782;N;1;3018;0;PM_PH-BE_2;20140314xFri;1_Praha;Hlavní město Praha;h00;1050;0
02-o2_01-ver_02-vis_03-lau2_07-day_03-60_08-frt-1008_01-sng_00-n_00-n_00-n_00-n_00-n_00-n;1008;0;41713;0;N;531057;N;9;3026;0;PM_PH-BE_2;20140315xSat;9_Beroun;Středočeský kraj;h00;0;448
02-o2_01-ver_02-vis_03-lau2_07-day_03-60_08-frt-1008_01-sng_00-n_00-n_00-n_00-n_00-n_00-n;1008;0;41713;0;N;531316;N;7;3026;0;PM_PH-BE_2;20140315xSat;7_Karlštejn;Středočeský kraj;h00;18;47
02-o2_01-ver_02-vis_03-lau2_07-day_03-60_08-frt-1008_01-sng_00-n_00-n_00-n_00-n_00-n_00-n;1008;0;41713;0;N;531758;N;8;3026;0;PM_PH-BE_2;20140315xSat;8_Srbsko;Středočeský kraj;h00;21;6
02-o2_01-ver_02-vis_03-lau2_07-day_03-60_08-frt-1008_01-sng_00-n_00-n_00-n_00-n_00-n_00-n;1008;0;41713;0;N;531979;N;6;3026;0;PM_PH-BE_2;20140315xSat;6_Zadní Třebaň;Středočeský kraj;h00;8;48
02-o2_01-ver_02-vis_03-lau2_07-day_03-60_08-frt-1008_01-sng_00-n_00-n_00-n_00-n_00-n_00-n;1008;0;41713;0;N;539139;N;2;3026;0;PM_PH-BE_2;20140315xSat;2_Černošice;Středočeský kraj;h00;223;500
02-o2_01-ver_02-vis_03-lau2_07-day_03-60_08-frt-1008_01-sng_00-n_00-n_00-n_00-n_00-n_00-n;1008;0;41713;0;N;539198;N;4;3026;0;PM_PH-BE_2;20140315xSat;4_Dobřichovice;Středočeský kraj;h00;47;229
02-o2_01-ver_02-vis_03-lau2_07-day_03-60_08-frt-1008_01-sng_00-n_00-n_00-n_00-n_00-n_00-n;1008;0;41713;0;N;539643;N;5;3026;0;PM_PH-BE_2;20140315xSat;5_Řevnice;Středočeský kraj;h00;40;61
02-o2_01-ver_02-vis_03-lau2_07-day_03-60_08-frt-1008_01-sng_00-n_00-n_00-n_00-n_00-n_00-n;1008;0;41713;0;N;539856;N;3;3026;0;PM_PH-BE_2;20140315xSat;3_Všenory;Středočeský kraj;h00;119;264
02-o2_01-ver_02-vis_03-lau2_07-day_03-60_08-frt-1008_01-sng_00-n_00-n_00-n_00-n_00-n_00-n;1008;0;41713;0;N;554782;N;1;3018;0;PM_PH-BE_2;20140315xSat;1_Praha;Hlavní město Praha;h00;1127;0
02-o2_01-ver_02-vis_03-lau2_07-day_03-60_08-frt-1008_01-sng_00-n_00-n_00-n_00-n_00-n_00-n;1008;0;41714;0;N;531057;N;9;3026;0;PM_PH-BE_2;20140316xSun;9_Beroun;Středočeský kraj;h00;0;279
02-o2_01-ver_02-vis_03-lau2_07-day_03-60_08-frt-1008_01-sng_00-n_00-n_00-n_00-n_00-n_00-n;1008;0;41714;0;N;531316;N;7;3026;0;PM_PH-BE_2;20140316xSun;7_Karlštejn;Středočeský kraj;h00;9;58
02-o2_01-ver_02-vis_03-lau2_07-day_03-60_08-frt-1008_01-sng_00-n_00-n_00-n_00-n_00-n_00-n;1008;0;41714;0;N;531758;N;8;3026;0;PM_PH-BE_2;20140316xSun;8_Srbsko;Středočeský kraj;h00;3;3
02-o2_01-ver_02-vis_03-lau2_07-day_03-60_08-frt-1008_01-sng_00-n_00-n_00-n_00-n_00-n_00-n;1008;0;41714;0;N;531979;N;6;3026;0;PM_PH-BE_2;20140316xSun;6_Zadní Třebaň;Středočeský kraj;h00;15;21
02-o2_01-ver_02-vis_03-lau2_07-day_03-60_08-frt-1008_01-sng_00-n_00-n_00-n_00-n_00-n_00-n;1008;0;41714;0;N;539139;N;2;3026;0;PM_PH-BE_2;20140316xSun;2_Černošice;Středočeský kraj;h00;186;148
02-o2_01-ver_02-vis_03-lau2_07-day_03-60_08-frt-1008_01-sng_00-n_00-n_00-n_00-n_00-n_00-n;1008;0;41714;0;N;539198;N;4;3026;0;PM_PH-BE_2;20140316xSun;4_Dobřichovice;Středočeský kraj;h00;34;224
02-o2_01-ver_02-vis_03-lau2_07-day_03-60_08-frt-1008_01-sng_00-n_00-n_00-n_00-n_00-n_00-n;1008;0;41714;0;N;539643;N;5;3026;0;PM_PH-BE_2;20140316xSun;5_Řevnice;Středočeský kraj;h00;20;75
02-o2_01-ver_02-vis_03-lau2_07-day_03-60_08-frt-1008_01-sng_00-n_00-n_00-n_00-n_00-n_00-n;1008;0;41714;0;N;539856;N;3;3026;0;PM_PH-BE_2;20140316xSun;3_Všenory;Středočeský kraj;h00;198;191
02-o2_01-ver_02-vis_03-lau2_07-day_03-60_08-frt-1008_01-sng_00-n_00-n_00-n_00-n_00-n_00-n;1008;0;41714;0;N;554782;N;1;3018;0;PM_PH-BE_2;20140316xSun;1_Praha;Hlavní město Praha;h00;534;0
02-o2_01-ver_02-vis_03-lau2_07-day_03-60_08-frt-1008_01-sng_00-n_00-n_00-n_00-n_00-n_00-n;1008;0;41715;0;N;531057;N;9;3026;0;PM_PH-BE_2;20140317xMon;9_Beroun;Středočeský kraj;h00;0;360
02-o2_01-ver_02-vis_03-lau2_07-day_03-60_08-frt-1008_01-sng_00-n_00-n_00-n_00-n_00-n_00-n;1008;0;41715;0;N;531316;N;7;3026;0;PM_PH-BE_2;20140317xMon;7_Karlštejn;Středočeský kraj;h00;20;17
02-o2_01-ver_02-vis_03-lau2_07-day_03-60_08-frt-1008_01-sng_00-n_00-n_00-n_00-n_00-n_00-n;1008;0;41715;0;N;531758;N;8;3026;0;PM_PH-BE_2;20140317xMon;8_Srbsko;Středočeský kraj;h00;15;1
02-o2_01-ver_02-vis_03-lau2_07-day_03-60_08-frt-1008_01-sng_00-n_00-n_00-n_00-n_00-n_00-n;1008;0;41715;0;N;531979;N;6;3026;0;PM_PH-BE_2;20140317xMon;6_Zadní Třebaň;Středočeský kraj;h00;3;19
02-o2_01-ver_02-vis_03-lau2_07-day_03-60_08-frt-1008_01-sng_00-n_00-n_00-n_00-n_00-n_00-n;1008;0;41715;0;N;539139;N;2;3026;0;PM_PH-BE_2;20140317xMon;2_Černošice;Středočeský kraj;h00;220;180
02-o2_01-ver_02-vis_03-lau2_07-day_03-60_08-frt-1008_01-sng_00-n_00-n_00-n_00-n_00-n_00-n;1008;0;41715;0;N;539198;N;4;3026;0;PM_PH-BE_2;20140317xMon;4_Dobřichovice;Středočeský kraj;h00;13;123
02-o2_01-ver_02-vis_03-lau2_07-day_03-60_08-frt-1008_01-sng_00-n_00-n_00-n_00-n_00-n_00-n;1008;0;41715;0;N;539643;N;5;3026;0;PM_PH-BE_2;20140317xMon;5_Řevnice;Středočeský kraj;h00;20;22
02-o2_01-ver_02-vis_03-lau2_07-day_03-60_08-frt-1008_01-sng_00-n_00-n_00-n_00-n_00-n_00-n;1008;0;41715;0;N;539856;N;3;3026;0;PM_PH-BE_2;20140317xMon;3_Všenory;Středočeský kraj;h00;55;236
02-o2_01-ver_02-vis_03-lau2_07-day_03-60_08-frt-1008_01-sng_00-n_00-n_00-n_00-n_00-n_00-n;1008;0;41715;0;N;554782;N;1;3018;0;PM_PH-BE_2;20140317xMon;1_Praha;Hlavní město Praha;h00;612;0
02-o2_01-ver_02-vis_03-lau2_07-day_03-60_08-frt-1008_01-sng_00-n_00-n_00-n_00-n_00-n_00-n;1008;0;41716;0;N;531057;N;9;3026;0;PM_PH-BE_2;20140318xTue;9_Beroun;Středočeský kraj;h00;0;516
02-o2_01-ver_02-vis_03-lau2_07-day_03-60_08-frt-1008_01-sng_00-n_00-n_00-n_00-n_00-n_00-n;1008;0;41716;0;N;531316;N;7;3026;0;PM_PH-BE_2;20140318xTue;7_Karlštejn;Středočeský kraj;h00;35;61
02-o2_01-ver_02-vis_03-lau2_07-day_03-60_08-frt-1008_01-sng_00-n_00-n_00-n_00-n_00-n_00-n;1008;0;41716;0;N;531758;N;8;3026;0;PM_PH-BE_2;20140318xTue;8_Srbsko;Středočeský kraj;h00;40;1
02-o2_01-ver_02-vis_03-lau2_07-day_03-60_08-frt-1008_01-sng_00-n_00-n_00-n_00-n_00-n_00-n;1008;0;41716;0;N;531979;N;6;3026;0;PM_PH-BE_2;20140318xTue;6_Zadní Třebaň;Středočeský kraj;h00;15;50
02-o2_01-ver_02-vis_03-lau2_07-day_03-60_08-frt-1008_01-sng_00-n_00-n_00-n_00-n_00-n_00-n;1008;0;41716;0;N;539139;N;2;3026;0;PM_PH-BE_2;20140318xTue;2_Černošice;Středočeský kraj;h00;371;282
02-o2_01-ver_02-vis_03-lau2_07-day_03-60_08-frt-1008_01-sng_00-n_00-n_00-n_00-n_00-n_00-n;1008;0;41716;0;N;539198;N;4;3026;0;PM_PH-BE_2;20140318xTue;4_Dobřichovice;Středočeský kraj;h00;56;290
02-o2_01-ver_02-vis_03-lau2_07-day_03-60_08-frt-1008_01-sng_00-n_00-n_00-n_00-n_00-n_00-n;1008;0;41716;0;N;539643;N;5;3026;0;PM_PH-BE_2;20140318xTue;5_Řevnice;Středočeský kraj;h00;53;61
02-o2_01-ver_02-vis_03-lau2_07-day_03-60_08-frt-1008_01-sng_00-n_00-n_00-n_00-n_00-n_00-n;1008;0;41716;0;N;539856;N;3;3026;0;PM_PH-BE_2;20140318xTue;3_Všenory;Středočeský kraj;h00;141;374
02-o2_01-ver_02-vis_03-lau2_07-day_03-60_08-frt-1008_01-sng_00-n_00-n_00-n_00-n_00-n_00-n;1008;0;41716;0;N;554782;N;1;3018;0;PM_PH-BE_2;20140318xTue;1_Praha;Hlavní město Praha;h00;924;0
02-o2_01-ver_02-vis_03-lau2_07-day_03-60_08-frt-1008_01-sng_00-n_00-n_00-n_00-n_00-n_00-n;1008;0;41717;0;N;531057;N;9;3026;0;PM_PH-BE_2;20140319xWed;9_Beroun;Středočeský kraj;h00;0;519
02-o2_01-ver_02-vis_03-lau2_07-day_03-60_08-frt-1008_01-sng_00-n_00-n_00-n_00-n_00-n_00-n;1008;0;41717;0;N;531316;N;7;3026;0;PM_PH-BE_2;20140319xWed;7_Karlštejn;Středočeský kraj;h00;53;48
02-o2_01-ver_02-vis_03-lau2_07-day_03-60_08-frt-1008_01-sng_00-n_00-n_00-n_00-n_00-n_00-n;1008;0;41717;0;N;531758;N;8;3026;0;PM_PH-BE_2;20140319xWed;8_Srbsko;Středočeský kraj;h00;32;1
02-o2_01-ver_02-vis_03-lau2_07-day_03-60_08-frt-1008_01-sng_00-n_00-n_00-n_00-n_00-n_00-n;1008;0;41717;0;N;531979;N;6;3026;0;PM_PH-BE_2;20140319xWed;6_Zadní Třebaň;Středočeský kraj;h00;19;72
02-o2_01-ver_02-vis_03-lau2_07-day_03-60_08-frt-1008_01-sng_00-n_00-n_00-n_00-n_00-n_00-n;1008;0;41717;0;N;539139;N;2;3026;0;PM_PH-BE_2;20140319xWed;2_Černošice;Středočeský kraj;h00;415;278
02-o2_01-ver_02-vis_03-lau2_07-day_03-60_08-frt-1008_01-sng_00-n_00-n_00-n_00-n_00-n_00-n;1008;0;41717;0;N;539198;N;4;3026;0;PM_PH-BE_2;20140319xWed;4_Dobřichovice;Středočeský kraj;h00;65;250
02-o2_01-ver_02-vis_03-lau2_07-day_03-60_08-frt-1008_01-sng_00-n_00-n_00-n_00-n_00-n_00-n;1008;0;41717;0;N;539643;N;5;3026;0;PM_PH-BE_2;20140319xWed;5_Řevnice;Středočeský kraj;h00;84;79
02-o2_01-ver_02-vis_03-lau2_07-day_03-60_08-frt-1008_01-sng_00-n_00-n_00-n_00-n_00-n_00-n;1008;0;41717;0;N;539856;N;3;3026;0;PM_PH-BE_2;20140319xWed;3_Všenory;Středočeský kraj;h00;93;376
02-o2_01-ver_02-vis_03-lau2_07-day_03-60_08-frt-1008_01-sng_00-n_00-n_00-n_00-n_00-n_00-n;1008;0;41717;0;N;554782;N;1;3018;0;PM_PH-BE_2;20140319xWed;1_Praha;Hlavní město Praha;h00;862;0
02-o2_01-ver_02-vis_03-lau2_07-day_03-60_08-frt-1008_01-sng_00-n_00-n_00-n_00-n_00-n_00-n;1008;0;41718;0;N;531057;N;9;3026;0;PM_PH-BE_2;20140320xThu;9_Beroun;Středočeský kraj;h00;0;519
02-o2_01-ver_02-vis_03-lau2_07-day_03-60_08-frt-1008_01-sng_00-n_00-n_00-n_00-n_00-n_00-n;1008;0;41718;0;N;531316;N;7;3026;0;PM_PH-BE_2;20140320xThu;7_Karlštejn;Středočeský kraj;h00;44;98
02-o2_01-ver_02-vis_03-lau2_07-day_03-60_08-frt-1008_01-sng_00-n_00-n_00-n_00-n_00-n_00-n;1008;0;41718;0;N;531758;N;8;3026;0;PM_PH-BE_2;20140320xThu;8_Srbsko;Středočeský kraj;h00;43;10
02-o2_01-ver_02-vis_03-lau2_07-day_03-60_08-frt-1008_01-sng_00-n_00-n_00-n_00-n_00-n_00-n;1008;0;41718;0;N;531979;N;6;3026;0;PM_PH-BE_2;20140320xThu;6_Zadní Třebaň;Středočeský kraj;h00;59;102
02-o2_01-ver_02-vis_03-lau2_07-day_03-60_08-frt-1008_01-sng_00-n_00-n_00-n_00-n_00-n_00-n;1008;0;41718;0;N;539139;N;2;3026;0;PM_PH-BE_2;20140320xThu;2_Černošice;Středočeský kraj;h00;295;303
02-o2_01-ver_02-vis_03-lau2_07-day_03-60_08-frt-1008_01-sng_00-n_00-n_00-n_00-n_00-n_00-n;1008;0;41718;0;N;539198;N;4;3026;0;PM_PH-BE_2;20140320xThu;4_Dobřichovice;Středočeský kraj;h00;83;298
02-o2_01-ver_02-vis_03-lau2_07-day_03-60_08-frt-1008_01-sng_00-n_00-n_00-n_00-n_00-n_00-n;1008;0;41718;0;N;539643;N;5;3026;0;PM_PH-BE_2;20140320xThu;5_Řevnice;Středočeský kraj;h00;104;91
02-o2_01-ver_02-vis_03-lau2_07-day_03-60_08-frt-1008_01-sng_00-n_00-n_00-n_00-n_00-n_00-n;1008;0;41718;0;N;539856;N;3;3026;0;PM_PH-BE_2;20140320xThu;3_Všenory;Středočeský kraj;h00;157;324
02-o2_01-ver_02-vis_03-lau2_07-day_03-60_08-frt-1008_01-sng_00-n_00-n_00-n_00-n_00-n_00-n;1008;0;41718;0;N;554782;N;1;3018;0;PM_PH-BE_2;20140320xThu;1_Praha;Hlavní město Praha;h00;960;0
02-o2_01-ver_02-vis_03-lau2_07-day_03-60_08-frt-1008_01-sng_00-n_00-n_00-n_00-n_00-n_00-n;1008;0;41719;0;N;531057;N;9;3026;0;PM_PH-BE_2;20140321xFri;9_Beroun;Středočeský kraj;h00;0;409
02-o2_01-ver_02-vis_03-lau2_07-day_03-60_08-frt-1008_01-sng_00-n_00-n_00-n_00-n_00-n_00-n;1008;0;41719;0;N;531316;N;7;3026;0;PM_PH-BE_2;20140321xFri;7_Karlštejn;Středočeský kraj;h00;17;53
02-o2_01-ver_02-vis_03-lau2_07-day_03-60_08-frt-1008_01-sng_00-n_00-n_00-n_00-n_00-n_00-n;1008;0;41719;0;N;531758;N;8;3026;0;PM_PH-BE_2;20140321xFri;8_Srbsko;Středočeský kraj;h00;22;17
02-o2_01-ver_02-vis_03-lau2_07-day_03-60_08-frt-1008_01-sng_00-n_00-n_00-n_00-n_00-n_00-n;1008;0;41719;0;N;531979;N;6;3026;0;PM_PH-BE_2;20140321xFri;6_Zadní Třebaň;Středočeský kraj;h00;6;23
02-o2_01-ver_02-vis_03-lau2_07-day_03-60_08-frt-1008_01-sng_00-n_00-n_00-n_00-n_00-n_00-n;1008;0;41719;0;N;539139;N;2;3026;0;PM_PH-BE_2;20140321xFri;2_Černošice;Středočeský kraj;h00;259;180
02-o2_01-ver_02-vis_03-lau2_07-day_03-60_08-frt-1008_01-sng_00-n_00-n_00-n_00-n_00-n_00-n;1008;0;41719;0;N;539198;N;4;3026;0;PM_PH-BE_2;20140321xFri;4_Dobřichovice;Středočeský kraj;h00;53;183
02-o2_01-ver_02-vis_03-lau2_07-day_03-60_08-frt-1008_01-sng_00-n_00-n_00-n_00-n_00-n_00-n;1008;0;41719;0;N;539643;N;5;3026;0;PM_PH-BE_2;20140321xFri;5_Řevnice;Středočeský kraj;h00;18;67
02-o2_01-ver_02-vis_03-lau2_07-day_03-60_08-frt-1008_01-sng_00-n_00-n_00-n_00-n_00-n_00-n;1008;0;41719;0;N;539856;N;3;3026;0;PM_PH-BE_2;20140321xFri;3_Všenory;Středočeský kraj;h00;82;324
02-o2_01-ver_02-vis_03-lau2_07-day_03-60_08-frt-1008_01-sng_00-n_00-n_00-n_00-n_00-n_00-n;1008;0;41719;0;N;554782;N;1;3018;0;PM_PH-BE_2;20140321xFri;1_Praha;Hlavní město Praha;h00;799;0
02-o2_01-ver_02-vis_03-lau2_07-day_03-60_08-frt-1008_01-sng_00-n_00-n_00-n_00-n_00-n_00-n;1008;0;41720;0;N;531057;N;9;3026;0;PM_PH-BE_2;20140322xSat;9_Beroun;Středočeský kraj;h00;0;573
02-o2_01-ver_02-vis_03-lau2_07-day_03-60_08-frt-1008_01-sng_00-n_00-n_00-n_00-n_00-n_00-n;1008;0;41720;0;N;531316;N;7;3026;0;PM_PH-BE_2;20140322xSat;7_Karlštejn;Středočeský kraj;h00;21;226
02-o2_01-ver_02-vis_03-lau2_07-day_03-60_08-frt-1008_01-sng_00-n_00-n_00-n_00-n_00-n_00-n;1008;0;41720;0;N;531758;N;8;3026;0;PM_PH-BE_2;20140322xSat;8_Srbsko;Středočeský kraj;h00;14;40
02-o2_01-ver_02-vis_03-lau2_07-day_03-60_08-frt-1008_01-sng_00-n_00-n_00-n_00-n_00-n_00-n;1008;0;41720;0;N;531979;N;6;3026;0;PM_PH-BE_2;20140322xSat;6_Zadní Třebaň;Středočeský kraj;h00;8;34
02-o2_01-ver_02-vis_03-lau2_07-day_03-60_08-frt-1008_01-sng_00-n_00-n_00-n_00-n_00-n_00-n;1008;0;41720;0;N;539139;N;2;3026;0;PM_PH-BE_2;20140322xSat;2_Černošice;Středočeský kraj;h00;240;314
02-o2_01-ver_02-vis_03-lau2_07-day_03-60_08-frt-1008_01-sng_00-n_00-n_00-n_00-n_00-n_00-n;1008;0;41720;0;N;539198;N;4;3026;0;PM_PH-BE_2;20140322xSat;4_Dobřichovice;Středočeský kraj;h00;35;317
02-o2_01-ver_02-vis_03-lau2_07-day_03-60_08-frt-1008_01-sng_00-n_00-n_00-n_00-n_00-n_00-n;1008;0;41720;0;N;539643;N;5;3026;0;PM_PH-BE_2;20140322xSat;5_Řevnice;Středočeský kraj;h00;32;72
02-o2_01-ver_02-vis_03-lau2_07-day_03-60_08-frt-1008_01-sng_00-n_00-n_00-n_00-n_00-n_00-n;1008;0;41720;0;N;539856;N;3;3026;0;PM_PH-BE_2;20140322xSat;3_Všenory;Středočeský kraj;h00;137;356
02-o2_01-ver_02-vis_03-lau2_07-day_03-60_08-frt-1008_01-sng_00-n_00-n_00-n_00-n_00-n_00-n;1008;0;41720;0;N;554782;N;1;3018;0;PM_PH-BE_2;20140322xSat;1_Praha;Hlavní město Praha;h00;1445;0
02-o2_01-ver_02-vis_03-lau2_07-day_03-60_08-frt-1008_01-sng_00-n_00-n_00-n_00-n_00-n_00-n;1008;0;41721;0;N;531057;N;9;3026;0;PM_PH-BE_2;20140323xSun;9_Beroun;Středočeský kraj;h00;0;287
02-o2_01-ver_02-vis_03-lau2_07-day_03-60_08-frt-1008_01-sng_00-n_00-n_00-n_00-n_00-n_00-n;1008;0;41721;0;N;531316;N;7;3026;0;PM_PH-BE_2;20140323xSun;7_Karlštejn;Středočeský kraj;h00;17;51
02-o2_01-ver_02-vis_03-lau2_07-day_03-60_08-frt-1008_01-sng_00-n_00-n_00-n_00-n_00-n_00-n;1008;0;41721;0;N;531758;N;8;3026;0;PM_PH-BE_2;20140323xSun;8_Srbsko;Středočeský kraj;h00;13;2
02-o2_01-ver_02-vis_03-lau2_07-day_03-60_08-frt-1008_01-sng_00-n_00-n_00-n_00-n_00-n_00-n;1008;0;41721;0;N;531979;N;6;3026;0;PM_PH-BE_2;20140323xSun;6_Zadní Třebaň;Středočeský kraj;h00;14;56
02-o2_01-ver_02-vis_03-lau2_07-day_03-60_08-frt-1008_01-sng_00-n_00-n_00-n_00-n_00-n_00-n;1008;0;41721;0;N;539139;N;2;3026;0;PM_PH-BE_2;20140323xSun;2_Černošice;Středočeský kraj;h00;179;192
02-o2_01-ver_02-vis_03-lau2_07-day_03-60_08-frt-1008_01-sng_00-n_00-n_00-n_00-n_00-n_00-n;1008;0;41721;0;N;539198;N;4;3026;0;PM_PH-BE_2;20140323xSun;4_Dobřichovice;Středočeský kraj;h00;43;250
02-o2_01-ver_02-vis_03-lau2_07-day_03-60_08-frt-1008_01-sng_00-n_00-n_00-n_00-n_00-n_00-n;1008;0;41721;0;N;539643;N;5;3026;0;PM_PH-BE_2;20140323xSun;5_Řevnice;Středočeský kraj;h00;64;56
02-o2_01-ver_02-vis_03-lau2_07-day_03-60_08-frt-1008_01-sng_00-n_00-n_00-n_00-n_00-n_00-n;1008;0;41721;0;N;539856;N;3;3026;0;PM_PH-BE_2;20140323xSun;3_Všenory;Středočeský kraj;h00;184;223
02-o2_01-ver_02-vis_03-lau2_07-day_03-60_08-frt-1008_01-sng_00-n_00-n_00-n_00-n_00-n_00-n;1008;0;41721;0;N;554782;N;1;3018;0;PM_PH-BE_2;20140323xSun;1_Praha;Hlavní město Praha;h00;603;0
02-o2_01-ver_02-vis_03-lau2_07-day_03-60_08-frt-1008_01-sng_00-n_00-n_00-n_00-n_00-n_00-n;1008;0;41722;0;N;531057;N;9;3026;0;PM_PH-BE_2;20140324xMon;9_Beroun;Středočeský kraj;h00;0;433
02-o2_01-ver_02-vis_03-lau2_07-day_03-60_08-frt-1008_01-sng_00-n_00-n_00-n_00-n_00-n_00-n;1008;0;41722;0;N;531316;N;7;3026;0;PM_PH-BE_2;20140324xMon;7_Karlštejn;Středočeský kraj;h00;48;40
02-o2_01-ver_02-vis_03-lau2_07-day_03-60_08-frt-1008_01-sng_00-n_00-n_00-n_00-n_00-n_00-n;1008;0;41722;0;N;531758;N;8;3026;0;PM_PH-BE_2;20140324xMon;8_Srbsko;Středočeský kraj;h00;42;3
02-o2_01-ver_02-vis_03-lau2_07-day_03-60_08-frt-1008_01-sng_00-n_00-n_00-n_00-n_00-n_00-n;1008;0;41722;0;N;531979;N;6;3026;0;PM_PH-BE_2;20140324xMon;6_Zadní Třebaň;Středočeský kraj;h00;21;65
02-o2_01-ver_02-vis_03-lau2_07-day_03-60_08-frt-1008_01-sng_00-n_00-n_00-n_00-n_00-n_00-n;1008;0;41722;0;N;539139;N;2;3026;0;PM_PH-BE_2;20140324xMon;2_Černošice;Středočeský kraj;h00;322;236
02-o2_01-ver_02-vis_03-lau2_07-day_03-60_08-frt-1008_01-sng_00-n_00-n_00-n_00-n_00-n_00-n;1008;0;41722;0;N;539198;N;4;3026;0;PM_PH-BE_2;20140324xMon;4_Dobřichovice;Středočeský kraj;h00;41;294
02-o2_01-ver_02-vis_03-lau2_07-day_03-60_08-frt-1008_01-sng_00-n_00-n_00-n_00-n_00-n_00-n;1008;0;41722;0;N;539643;N;5;3026;0;PM_PH-BE_2;20140324xMon;5_Řevnice;Středočeský kraj;h00;71;51
02-o2_01-ver_02-vis_03-lau2_07-day_03-60_08-frt-1008_01-sng_00-n_00-n_00-n_00-n_00-n_00-n;1008;0;41722;0;N;539856;N;3;3026;0;PM_PH-BE_2;20140324xMon;3_Všenory;Středočeský kraj;h00;175;303
02-o2_01-ver_02-vis_03-lau2_07-day_03-60_08-frt-1008_01-sng_00-n_00-n_00-n_00-n_00-n_00-n;1008;0;41722;0;N;554782;N;1;3018;0;PM_PH-BE_2;20140324xMon;1_Praha;Hlavní město Praha;h00;705;0
02-o2_01-ver_02-vis_03-lau2_07-day_03-60_08-frt-1008_01-sng_00-n_00-n_00-n_00-n_00-n_00-n;1008;0;41723;0;N;531057;N;9;3026;0;PM_PH-BE_2;20140325xTue;9_Beroun;Středočeský kraj;h00;0;483
02-o2_01-ver_02-vis_03-lau2_07-day_03-60_08-frt-1008_01-sng_00-n_00-n_00-n_00-n_00-n_00-n;1008;0;41723;0;N;531316;N;7;3026;0;PM_PH-BE_2;20140325xTue;7_Karlštejn;Středočeský kraj;h00;22;73
02-o2_01-ver_02-vis_03-lau2_07-day_03-60_08-frt-1008_01-sng_00-n_00-n_00-n_00-n_00-n_00-n;1008;0;41723;0;N;531758;N;8;3026;0;PM_PH-BE_2;20140325xTue;8_Srbsko;Středočeský kraj;h00;47;3
02-o2_01-ver_02-vis_03-lau2_07-day_03-60_08-frt-1008_01-sng_00-n_00-n_00-n_00-n_00-n_00-n;1008;0;41723;0;N;531979;N;6;3026;0;PM_PH-BE_2;20140325xTue;6_Zadní Třebaň;Středočeský kraj;h00;39;70
02-o2_01-ver_02-vis_03-lau2_07-day_03-60_08-frt-1008_01-sng_00-n_00-n_00-n_00-n_00-n_00-n;1008;0;41723;0;N;539139;N;2;3026;0;PM_PH-BE_2;20140325xTue;2_Černošice;Středočeský kraj;h00;347;267
02-o2_01-ver_02-vis_03-lau2_07-day_03-60_08-frt-1008_01-sng_00-n_00-n_00-n_00-n_00-n_00-n;1008;0;41723;0;N;539198;N;4;3026;0;PM_PH-BE_2;20140325xTue;4_Dobřichovice;Středočeský kraj;h00;50;226
02-o2_01-ver_02-vis_03-lau2_07-day_03-60_08-frt-1008_01-sng_00-n_00-n_00-n_00-n_00-n_00-n;1008;0;41723;0;N;539643;N;5;3026;0;PM_PH-BE_2;20140325xTue;5_Řevnice;Středočeský kraj;h00;85;55
02-o2_01-ver_02-vis_03-lau2_07-day_03-60_08-frt-1008_01-sng_00-n_00-n_00-n_00-n_00-n_00-n;1008;0;41723;0;N;539856;N;3;3026;0;PM_PH-BE_2;20140325xTue;3_Všenory;Středočeský kraj;h00;85;364
02-o2_01-ver_02-vis_03-lau2_07-day_03-60_08-frt-1008_01-sng_00-n_00-n_00-n_00-n_00-n_00-n;1008;0;41723;0;N;554782;N;1;3018;0;PM_PH-BE_2;20140325xTue;1_Praha;Hlavní město Praha;h00;866;0
02-o2_01-ver_02-vis_03-lau2_07-day_03-60_08-frt-1008_01-sng_00-n_00-n_00-n_00-n_00-n_00-n;1008;0;41724;0;N;531057;N;9;3026;0;PM_PH-BE_2;20140326xWed;9_Beroun;Středočeský kraj;h00;0;549
02-o2_01-ver_02-vis_03-lau2_07-day_03-60_08-frt-1008_01-sng_00-n_00-n_00-n_00-n_00-n_00-n;1008;0;41724;0;N;531316;N;7;3026;0;PM_PH-BE_2;20140326xWed;7_Karlštejn;Středočeský kraj;h00;34;65
02-o2_01-ver_02-vis_03-lau2_07-day_03-60_08-frt-1008_01-sng_00-n_00-n_00-n_00-n_00-n_00-n;1008;0;41724;0;N;531758;N;8;3026;0;PM_PH-BE_2;20140326xWed;8_Srbsko;Středočeský kraj;h00;44;7
02-o2_01-ver_02-vis_03-lau2_07-day_03-60_08-frt-1008_01-sng_00-n_00-n_00-n_00-n_00-n_00-n;1008;0;41724;0;N;531979;N;6;3026;0;PM_PH-BE_2;20140326xWed;6_Zadní Třebaň;Středočeský kraj;h00;13;63
02-o2_01-ver_02-vis_03-lau2_07-day_03-60_08-frt-1008_01-sng_00-n_00-n_00-n_00-n_00-n_00-n;1008;0;41724;0;N;539139;N;2;3026;0;PM_PH-BE_2;20140326xWed;2_Černošice;Středočeský kraj;h00;332;274
02-o2_01-ver_02-vis_03-lau2_07-day_03-60_08-frt-1008_01-sng_00-n_00-n_00-n_00-n_00-n_00-n;1008;0;41724;0;N;539198;N;4;3026;0;PM_PH-BE_2;20140326xWed;4_Dobřichovice;Středočeský kraj;h00;56;308
02-o2_01-ver_02-vis_03-lau2_07-day_03-60_08-frt-1008_01-sng_00-n_00-n_00-n_00-n_00-n_00-n;1008;0;41724;0;N;539643;N;5;3026;0;PM_PH-BE_2;20140326xWed;5_Řevnice;Středočeský kraj;h00;86;69
02-o2_01-ver_02-vis_03-lau2_07-day_03-60_08-frt-1008_01-sng_00-n_00-n_00-n_00-n_00-n_00-n;1008;0;41724;0;N;539856;N;3;3026;0;PM_PH-BE_2;20140326xWed;3_Všenory;Středočeský kraj;h00;149;326
02-o2_01-ver_02-vis_03-lau2_07-day_03-60_08-frt-1008_01-sng_00-n_00-n_00-n_00-n_00-n_00-n;1008;0;41724;0;N;554782;N;1;3018;0;PM_PH-BE_2;20140326xWed;1_Praha;Hlavní město Praha;h00;947;0
