02-o2_02-edg_03-tour_03-lau2_07-day_03-60_01-frt-1001_01-sng_00-n_00-n_00-n_00-n_00-n_00-n;1001;0;41715;0;N;533165;554782;4;3026;0;EC_BR-PH_2;20140317xMon;04_Kolín_Praha;Středočeský kraj;h00;778;N
02-o2_02-edg_03-tour_03-lau2_07-day_03-60_01-frt-1001_01-sng_00-n_00-n_00-n_00-n_00-n_00-n;1001;0;41723;0;N;533165;554782;4;3026;0;EC_BR-PH_2;20140325xTue;04_Kolín_Praha;Středočeský kraj;h00;621;N
02-o2_02-edg_03-tour_03-lau2_07-day_03-60_01-frt-1001_01-sng_00-n_00-n_00-n_00-n_00-n_00-n;1001;0;41724;0;N;533165;554782;4;3026;0;EC_BR-PH_2;20140326xWed;04_Kolín_Praha;Středočeský kraj;h00;626;N
02-o2_02-edg_03-tour_03-lau2_07-day_03-60_01-frt-1001_01-sng_00-n_00-n_00-n_00-n_00-n_00-n;1001;0;41722;0;N;533165;554782;4;3026;0;EC_BR-PH_2;20140324xMon;04_Kolín_Praha;Středočeský kraj;h00;660;N
02-o2_02-edg_03-tour_03-lau2_07-day_03-60_01-frt-1001_01-sng_00-n_00-n_00-n_00-n_00-n_00-n;1001;0;41721;0;N;533165;554782;4;3026;0;EC_BR-PH_2;20140323xSun;04_Kolín_Praha;Středočeský kraj;h00;335;N
02-o2_02-edg_03-tour_03-lau2_07-day_03-60_01-frt-1001_01-sng_00-n_00-n_00-n_00-n_00-n_00-n;1001;0;41715;0;N;582786;580031;1;3115;0;EC_BR-PH_2;20140317xMon;01_Brno_Česká Třebová;Jihomoravský kraj;h00;38;N
02-o2_02-edg_03-tour_03-lau2_07-day_03-60_01-frt-1001_01-sng_00-n_00-n_00-n_00-n_00-n_00-n;1001;0;41719;0;N;582786;580031;1;3115;0;EC_BR-PH_2;20140321xFri;01_Brno_Česká Třebová;Jihomoravský kraj;h00;33;N
02-o2_02-edg_03-tour_03-lau2_07-day_03-60_01-frt-1001_01-sng_00-n_00-n_00-n_00-n_00-n_00-n;1001;0;41711;0;N;582786;580031;1;3115;0;EC_BR-PH_2;20140313xThu;01_Brno_Česká Třebová;Jihomoravský kraj;h00;20;N
02-o2_02-edg_03-tour_03-lau2_07-day_03-60_01-frt-1001_01-sng_00-n_00-n_00-n_00-n_00-n_00-n;1001;0;41710;0;N;582786;580031;1;3115;0;EC_BR-PH_2;20140312xWed;01_Brno_Česká Třebová;Jihomoravský kraj;h00;13;N
02-o2_02-edg_03-tour_03-lau2_07-day_03-60_01-frt-1001_01-sng_00-n_00-n_00-n_00-n_00-n_00-n;1001;0;41717;0;N;582786;580031;1;3115;0;EC_BR-PH_2;20140319xWed;01_Brno_Česká Třebová;Jihomoravský kraj;h00;27;N
02-o2_02-edg_03-tour_03-lau2_07-day_03-60_01-frt-1001_01-sng_00-n_00-n_00-n_00-n_00-n_00-n;1001;0;41721;0;N;582786;580031;1;3115;0;EC_BR-PH_2;20140323xSun;01_Brno_Česká Třebová;Jihomoravský kraj;h00;21;N
02-o2_02-edg_03-tour_03-lau2_07-day_03-60_01-frt-1001_01-sng_00-n_00-n_00-n_00-n_00-n_00-n;1001;0;41713;0;N;582786;580031;1;3115;0;EC_BR-PH_2;20140315xSat;01_Brno_Česká Třebová;Jihomoravský kraj;h00;31;N
02-o2_02-edg_03-tour_03-lau2_07-day_03-60_01-frt-1001_01-sng_00-n_00-n_00-n_00-n_00-n_00-n;1001;0;41712;0;N;582786;580031;1;3115;0;EC_BR-PH_2;20140314xFri;01_Brno_Česká Třebová;Jihomoravský kraj;h00;42;N
02-o2_02-edg_03-tour_03-lau2_07-day_03-60_01-frt-1001_01-sng_00-n_00-n_00-n_00-n_00-n_00-n;1001;0;41716;0;N;582786;580031;1;3115;0;EC_BR-PH_2;20140318xTue;01_Brno_Česká Třebová;Jihomoravský kraj;h00;26;N
02-o2_02-edg_03-tour_03-lau2_07-day_03-60_01-frt-1001_01-sng_00-n_00-n_00-n_00-n_00-n_00-n;1001;0;41720;0;N;582786;580031;1;3115;0;EC_BR-PH_2;20140322xSat;01_Brno_Česká Třebová;Jihomoravský kraj;h00;21;N
02-o2_02-edg_03-tour_03-lau2_07-day_03-60_01-frt-1001_01-sng_00-n_00-n_00-n_00-n_00-n_00-n;1001;0;41714;0;N;582786;580031;1;3115;0;EC_BR-PH_2;20140316xSun;01_Brno_Česká Třebová;Jihomoravský kraj;h00;34;N
02-o2_02-edg_03-tour_03-lau2_07-day_03-60_01-frt-1001_01-sng_00-n_00-n_00-n_00-n_00-n_00-n;1001;0;41718;0;N;582786;580031;1;3115;0;EC_BR-PH_2;20140320xThu;01_Brno_Česká Třebová;Jihomoravský kraj;h00;34;N
02-o2_02-edg_03-tour_03-lau2_07-day_03-60_01-frt-1001_01-sng_00-n_00-n_00-n_00-n_00-n_00-n;1001;0;41724;0;N;582786;580031;1;3115;0;EC_BR-PH_2;20140326xWed;01_Brno_Česká Třebová;Jihomoravský kraj;h00;32;N
02-o2_02-edg_03-tour_03-lau2_07-day_03-60_01-frt-1001_01-sng_00-n_00-n_00-n_00-n_00-n_00-n;1001;0;41722;0;N;582786;580031;1;3115;0;EC_BR-PH_2;20140324xMon;01_Brno_Česká Třebová;Jihomoravský kraj;h00;23;N
02-o2_02-edg_03-tour_03-lau2_07-day_03-60_01-frt-1001_01-sng_00-n_00-n_00-n_00-n_00-n_00-n;1001;0;41723;0;N;582786;580031;1;3115;0;EC_BR-PH_2;20140325xTue;01_Brno_Česká Třebová;Jihomoravský kraj;h00;26;N
02-o2_02-edg_03-tour_03-lau2_07-day_03-60_01-frt-1001_01-sng_00-n_00-n_00-n_00-n_00-n_00-n;1001;0;41720;0;N;582786;555134;1;3115;0;EC_BR-PH_2;20140322xSat;01_Brno_Pardubice;Jihomoravský kraj;h00;40;N
02-o2_02-edg_03-tour_03-lau2_07-day_03-60_01-frt-1001_01-sng_00-n_00-n_00-n_00-n_00-n_00-n;1001;0;41713;0;N;582786;555134;1;3115;0;EC_BR-PH_2;20140315xSat;01_Brno_Pardubice;Jihomoravský kraj;h00;67;N
02-o2_02-edg_03-tour_03-lau2_07-day_03-60_01-frt-1001_01-sng_00-n_00-n_00-n_00-n_00-n_00-n;1001;0;41714;0;N;582786;555134;1;3115;0;EC_BR-PH_2;20140316xSun;01_Brno_Pardubice;Jihomoravský kraj;h00;48;N
02-o2_02-edg_03-tour_03-lau2_07-day_03-60_01-frt-1001_01-sng_00-n_00-n_00-n_00-n_00-n_00-n;1001;0;41716;0;N;582786;555134;1;3115;0;EC_BR-PH_2;20140318xTue;01_Brno_Pardubice;Jihomoravský kraj;h00;76;N
02-o2_02-edg_03-tour_03-lau2_07-day_03-60_01-frt-1001_01-sng_00-n_00-n_00-n_00-n_00-n_00-n;1001;0;41712;0;N;582786;555134;1;3115;0;EC_BR-PH_2;20140314xFri;01_Brno_Pardubice;Jihomoravský kraj;h00;80;N
02-o2_02-edg_03-tour_03-lau2_07-day_03-60_01-frt-1001_01-sng_00-n_00-n_00-n_00-n_00-n_00-n;1001;0;41718;0;N;582786;555134;1;3115;0;EC_BR-PH_2;20140320xThu;01_Brno_Pardubice;Jihomoravský kraj;h00;105;N
02-o2_02-edg_03-tour_03-lau2_07-day_03-60_01-frt-1001_01-sng_00-n_00-n_00-n_00-n_00-n_00-n;1001;0;41715;0;N;582786;555134;1;3115;0;EC_BR-PH_2;20140317xMon;01_Brno_Pardubice;Jihomoravský kraj;h00;82;N
02-o2_02-edg_03-tour_03-lau2_07-day_03-60_01-frt-1001_01-sng_00-n_00-n_00-n_00-n_00-n_00-n;1001;0;41719;0;N;582786;555134;1;3115;0;EC_BR-PH_2;20140321xFri;01_Brno_Pardubice;Jihomoravský kraj;h00;84;N
02-o2_02-edg_03-tour_03-lau2_07-day_03-60_01-frt-1001_01-sng_00-n_00-n_00-n_00-n_00-n_00-n;1001;0;41710;0;N;582786;555134;1;3115;0;EC_BR-PH_2;20140312xWed;01_Brno_Pardubice;Jihomoravský kraj;h00;58;N
02-o2_02-edg_03-tour_03-lau2_07-day_03-60_01-frt-1001_01-sng_00-n_00-n_00-n_00-n_00-n_00-n;1001;0;41711;0;N;582786;555134;1;3115;0;EC_BR-PH_2;20140313xThu;01_Brno_Pardubice;Jihomoravský kraj;h00;71;N
02-o2_02-edg_03-tour_03-lau2_07-day_03-60_01-frt-1001_01-sng_00-n_00-n_00-n_00-n_00-n_00-n;1001;0;41717;0;N;582786;555134;1;3115;0;EC_BR-PH_2;20140319xWed;01_Brno_Pardubice;Jihomoravský kraj;h00;80;N
02-o2_02-edg_03-tour_03-lau2_07-day_03-60_01-frt-1001_01-sng_00-n_00-n_00-n_00-n_00-n_00-n;1001;0;41721;0;N;582786;555134;1;3115;0;EC_BR-PH_2;20140323xSun;01_Brno_Pardubice;Jihomoravský kraj;h00;72;N
02-o2_02-edg_03-tour_03-lau2_07-day_03-60_01-frt-1001_01-sng_00-n_00-n_00-n_00-n_00-n_00-n;1001;0;41724;0;N;582786;555134;1;3115;0;EC_BR-PH_2;20140326xWed;01_Brno_Pardubice;Jihomoravský kraj;h00;72;N
02-o2_02-edg_03-tour_03-lau2_07-day_03-60_01-frt-1001_01-sng_00-n_00-n_00-n_00-n_00-n_00-n;1001;0;41722;0;N;582786;555134;1;3115;0;EC_BR-PH_2;20140324xMon;01_Brno_Pardubice;Jihomoravský kraj;h00;70;N
02-o2_02-edg_03-tour_03-lau2_07-day_03-60_01-frt-1001_01-sng_00-n_00-n_00-n_00-n_00-n_00-n;1001;0;41723;0;N;582786;555134;1;3115;0;EC_BR-PH_2;20140325xTue;01_Brno_Pardubice;Jihomoravský kraj;h00;66;N
02-o2_02-edg_03-tour_03-lau2_07-day_03-60_01-frt-1001_01-sng_00-n_00-n_00-n_00-n_00-n_00-n;1001;0;41713;0;N;582786;554782;1;3115;0;EC_BR-PH_2;20140315xSat;01_Brno_Praha;Jihomoravský kraj;h00;1281;N
02-o2_02-edg_03-tour_03-lau2_07-day_03-60_01-frt-1001_01-sng_00-n_00-n_00-n_00-n_00-n_00-n;1001;0;41719;0;N;582786;554782;1;3115;0;EC_BR-PH_2;20140321xFri;01_Brno_Praha;Jihomoravský kraj;h00;1838;N
02-o2_02-edg_03-tour_03-lau2_07-day_03-60_01-frt-1001_01-sng_00-n_00-n_00-n_00-n_00-n_00-n;1001;0;41715;0;N;582786;554782;1;3115;0;EC_BR-PH_2;20140317xMon;01_Brno_Praha;Jihomoravský kraj;h00;2645;N
02-o2_02-edg_03-tour_03-lau2_07-day_03-60_01-frt-1001_01-sng_00-n_00-n_00-n_00-n_00-n_00-n;1001;0;41720;0;N;582786;554782;1;3115;0;EC_BR-PH_2;20140322xSat;01_Brno_Praha;Jihomoravský kraj;h00;1252;N
02-o2_02-edg_03-tour_03-lau2_07-day_03-60_01-frt-1001_01-sng_00-n_00-n_00-n_00-n_00-n_00-n;1001;0;41716;0;N;582786;554782;1;3115;0;EC_BR-PH_2;20140318xTue;01_Brno_Praha;Jihomoravský kraj;h00;2482;N
02-o2_02-edg_03-tour_03-lau2_07-day_03-60_01-frt-1001_01-sng_00-n_00-n_00-n_00-n_00-n_00-n;1001;0;41712;0;N;582786;554782;1;3115;0;EC_BR-PH_2;20140314xFri;01_Brno_Praha;Jihomoravský kraj;h00;2115;N
02-o2_02-edg_03-tour_03-lau2_07-day_03-60_01-frt-1001_01-sng_00-n_00-n_00-n_00-n_00-n_00-n;1001;0;41710;0;N;582786;554782;1;3115;0;EC_BR-PH_2;20140312xWed;01_Brno_Praha;Jihomoravský kraj;h00;1711;N
02-o2_02-edg_03-tour_03-lau2_07-day_03-60_01-frt-1001_01-sng_00-n_00-n_00-n_00-n_00-n_00-n;1001;0;41717;0;N;582786;554782;1;3115;0;EC_BR-PH_2;20140319xWed;01_Brno_Praha;Jihomoravský kraj;h00;2400;N
02-o2_02-edg_03-tour_03-lau2_07-day_03-60_01-frt-1001_01-sng_00-n_00-n_00-n_00-n_00-n_00-n;1001;0;41711;0;N;582786;554782;1;3115;0;EC_BR-PH_2;20140313xThu;01_Brno_Praha;Jihomoravský kraj;h00;1956;N
02-o2_02-edg_03-tour_03-lau2_07-day_03-60_01-frt-1001_01-sng_00-n_00-n_00-n_00-n_00-n_00-n;1001;0;41718;0;N;582786;554782;1;3115;0;EC_BR-PH_2;20140320xThu;01_Brno_Praha;Jihomoravský kraj;h00;2568;N
02-o2_02-edg_03-tour_03-lau2_07-day_03-60_01-frt-1001_01-sng_00-n_00-n_00-n_00-n_00-n_00-n;1001;0;41714;0;N;582786;554782;1;3115;0;EC_BR-PH_2;20140316xSun;01_Brno_Praha;Jihomoravský kraj;h00;2298;N
02-o2_02-edg_03-tour_03-lau2_07-day_03-60_01-frt-1001_01-sng_00-n_00-n_00-n_00-n_00-n_00-n;1001;0;41724;0;N;582786;554782;1;3115;0;EC_BR-PH_2;20140326xWed;01_Brno_Praha;Jihomoravský kraj;h00;2029;N
02-o2_02-edg_03-tour_03-lau2_07-day_03-60_01-frt-1001_01-sng_00-n_00-n_00-n_00-n_00-n_00-n;1001;0;41721;0;N;582786;554782;1;3115;0;EC_BR-PH_2;20140323xSun;01_Brno_Praha;Jihomoravský kraj;h00;2322;N
02-o2_02-edg_03-tour_03-lau2_07-day_03-60_01-frt-1001_01-sng_00-n_00-n_00-n_00-n_00-n_00-n;1001;0;41722;0;N;582786;554782;1;3115;0;EC_BR-PH_2;20140324xMon;01_Brno_Praha;Jihomoravský kraj;h00;1963;N
02-o2_02-edg_03-tour_03-lau2_07-day_03-60_01-frt-1001_01-sng_00-n_00-n_00-n_00-n_00-n_00-n;1001;0;41723;0;N;582786;554782;1;3115;0;EC_BR-PH_2;20140325xTue;01_Brno_Praha;Jihomoravský kraj;h00;1911;N
02-o2_02-edg_03-tour_03-lau2_07-day_03-60_01-frt-1001_01-sng_00-n_00-n_00-n_00-n_00-n_00-n;1001;0;41711;0;N;582786;533165;1;3115;0;EC_BR-PH_2;20140313xThu;01_Brno_Kolín;Jihomoravský kraj;h00;37;N
02-o2_02-edg_03-tour_03-lau2_07-day_03-60_01-frt-1001_01-sng_00-n_00-n_00-n_00-n_00-n_00-n;1001;0;41720;0;N;582786;533165;1;3115;0;EC_BR-PH_2;20140322xSat;01_Brno_Kolín;Jihomoravský kraj;h00;19;N
02-o2_02-edg_03-tour_03-lau2_07-day_03-60_01-frt-1001_01-sng_00-n_00-n_00-n_00-n_00-n_00-n;1001;0;41713;0;N;582786;533165;1;3115;0;EC_BR-PH_2;20140315xSat;01_Brno_Kolín;Jihomoravský kraj;h00;31;N
02-o2_02-edg_03-tour_03-lau2_07-day_03-60_01-frt-1001_01-sng_00-n_00-n_00-n_00-n_00-n_00-n;1001;0;41714;0;N;582786;533165;1;3115;0;EC_BR-PH_2;20140316xSun;01_Brno_Kolín;Jihomoravský kraj;h00;29;N
02-o2_02-edg_03-tour_03-lau2_07-day_03-60_01-frt-1001_01-sng_00-n_00-n_00-n_00-n_00-n_00-n;1001;0;41719;0;N;582786;533165;1;3115;0;EC_BR-PH_2;20140321xFri;01_Brno_Kolín;Jihomoravský kraj;h00;57;N
02-o2_02-edg_03-tour_03-lau2_07-day_03-60_01-frt-1001_01-sng_00-n_00-n_00-n_00-n_00-n_00-n;1001;0;41712;0;N;582786;533165;1;3115;0;EC_BR-PH_2;20140314xFri;01_Brno_Kolín;Jihomoravský kraj;h00;49;N
02-o2_02-edg_03-tour_03-lau2_07-day_03-60_01-frt-1001_01-sng_00-n_00-n_00-n_00-n_00-n_00-n;1001;0;41717;0;N;582786;533165;1;3115;0;EC_BR-PH_2;20140319xWed;01_Brno_Kolín;Jihomoravský kraj;h00;39;N
02-o2_02-edg_03-tour_03-lau2_07-day_03-60_01-frt-1001_01-sng_00-n_00-n_00-n_00-n_00-n_00-n;1001;0;41718;0;N;582786;533165;1;3115;0;EC_BR-PH_2;20140320xThu;01_Brno_Kolín;Jihomoravský kraj;h00;57;N
02-o2_02-edg_03-tour_03-lau2_07-day_03-60_01-frt-1001_01-sng_00-n_00-n_00-n_00-n_00-n_00-n;1001;0;41710;0;N;582786;533165;1;3115;0;EC_BR-PH_2;20140312xWed;01_Brno_Kolín;Jihomoravský kraj;h00;24;N
02-o2_02-edg_03-tour_03-lau2_07-day_03-60_01-frt-1001_01-sng_00-n_00-n_00-n_00-n_00-n_00-n;1001;0;41715;0;N;582786;533165;1;3115;0;EC_BR-PH_2;20140317xMon;01_Brno_Kolín;Jihomoravský kraj;h00;27;N
02-o2_02-edg_03-tour_03-lau2_07-day_03-60_01-frt-1001_01-sng_00-n_00-n_00-n_00-n_00-n_00-n;1001;0;41716;0;N;582786;533165;1;3115;0;EC_BR-PH_2;20140318xTue;01_Brno_Kolín;Jihomoravský kraj;h00;45;N
02-o2_02-edg_03-tour_03-lau2_07-day_03-60_01-frt-1001_01-sng_00-n_00-n_00-n_00-n_00-n_00-n;1001;0;41723;0;N;582786;533165;1;3115;0;EC_BR-PH_2;20140325xTue;01_Brno_Kolín;Jihomoravský kraj;h00;36;N
02-o2_02-edg_03-tour_03-lau2_07-day_03-60_01-frt-1001_01-sng_00-n_00-n_00-n_00-n_00-n_00-n;1001;0;41721;0;N;582786;533165;1;3115;0;EC_BR-PH_2;20140323xSun;01_Brno_Kolín;Jihomoravský kraj;h00;22;N
02-o2_02-edg_03-tour_03-lau2_07-day_03-60_01-frt-1001_01-sng_00-n_00-n_00-n_00-n_00-n_00-n;1001;0;41722;0;N;582786;533165;1;3115;0;EC_BR-PH_2;20140324xMon;01_Brno_Kolín;Jihomoravský kraj;h00;30;N
02-o2_02-edg_03-tour_03-lau2_07-day_03-60_01-frt-1001_01-sng_00-n_00-n_00-n_00-n_00-n_00-n;1001;0;41724;0;N;582786;533165;1;3115;0;EC_BR-PH_2;20140326xWed;01_Brno_Kolín;Jihomoravský kraj;h00;35;N
02-o2_02-edg_03-tour_03-lau2_07-day_03-60_01-frt-1001_01-sng_00-n_00-n_00-n_00-n_00-n_00-n;1001;0;41712;0;N;580031;555134;2;3093;0;EC_BR-PH_2;20140314xFri;02_Česká Třebová_Pardubice;Pardubický kraj;h00;64;N
02-o2_02-edg_03-tour_03-lau2_07-day_03-60_01-frt-1001_01-sng_00-n_00-n_00-n_00-n_00-n_00-n;1001;0;41718;0;N;580031;555134;2;3093;0;EC_BR-PH_2;20140320xThu;02_Česká Třebová_Pardubice;Pardubický kraj;h00;40;N
02-o2_02-edg_03-tour_03-lau2_07-day_03-60_01-frt-1001_01-sng_00-n_00-n_00-n_00-n_00-n_00-n;1001;0;41716;0;N;580031;555134;2;3093;0;EC_BR-PH_2;20140318xTue;02_Česká Třebová_Pardubice;Pardubický kraj;h00;40;N
02-o2_02-edg_03-tour_03-lau2_07-day_03-60_01-frt-1001_01-sng_00-n_00-n_00-n_00-n_00-n_00-n;1001;0;41711;0;N;580031;555134;2;3093;0;EC_BR-PH_2;20140313xThu;02_Česká Třebová_Pardubice;Pardubický kraj;h00;41;N
02-o2_02-edg_03-tour_03-lau2_07-day_03-60_01-frt-1001_01-sng_00-n_00-n_00-n_00-n_00-n_00-n;1001;0;41713;0;N;580031;555134;2;3093;0;EC_BR-PH_2;20140315xSat;02_Česká Třebová_Pardubice;Pardubický kraj;h00;43;N
02-o2_02-edg_03-tour_03-lau2_07-day_03-60_01-frt-1001_01-sng_00-n_00-n_00-n_00-n_00-n_00-n;1001;0;41720;0;N;580031;555134;2;3093;0;EC_BR-PH_2;20140322xSat;02_Česká Třebová_Pardubice;Pardubický kraj;h00;26;N
02-o2_02-edg_03-tour_03-lau2_07-day_03-60_01-frt-1001_01-sng_00-n_00-n_00-n_00-n_00-n_00-n;1001;0;41710;0;N;580031;555134;2;3093;0;EC_BR-PH_2;20140312xWed;02_Česká Třebová_Pardubice;Pardubický kraj;h00;27;N
02-o2_02-edg_03-tour_03-lau2_07-day_03-60_01-frt-1001_01-sng_00-n_00-n_00-n_00-n_00-n_00-n;1001;0;41714;0;N;580031;555134;2;3093;0;EC_BR-PH_2;20140316xSun;02_Česká Třebová_Pardubice;Pardubický kraj;h00;54;N
02-o2_02-edg_03-tour_03-lau2_07-day_03-60_01-frt-1001_01-sng_00-n_00-n_00-n_00-n_00-n_00-n;1001;0;41719;0;N;580031;555134;2;3093;0;EC_BR-PH_2;20140321xFri;02_Česká Třebová_Pardubice;Pardubický kraj;h00;67;N
02-o2_02-edg_03-tour_03-lau2_07-day_03-60_01-frt-1001_01-sng_00-n_00-n_00-n_00-n_00-n_00-n;1001;0;41717;0;N;580031;555134;2;3093;0;EC_BR-PH_2;20140319xWed;02_Česká Třebová_Pardubice;Pardubický kraj;h00;43;N
02-o2_02-edg_03-tour_03-lau2_07-day_03-60_01-frt-1001_01-sng_00-n_00-n_00-n_00-n_00-n_00-n;1001;0;41715;0;N;580031;555134;2;3093;0;EC_BR-PH_2;20140317xMon;02_Česká Třebová_Pardubice;Pardubický kraj;h00;68;N
02-o2_02-edg_03-tour_03-lau2_07-day_03-60_01-frt-1001_01-sng_00-n_00-n_00-n_00-n_00-n_00-n;1001;0;41724;0;N;580031;555134;2;3093;0;EC_BR-PH_2;20140326xWed;02_Česká Třebová_Pardubice;Pardubický kraj;h00;45;N
02-o2_02-edg_03-tour_03-lau2_07-day_03-60_01-frt-1001_01-sng_00-n_00-n_00-n_00-n_00-n_00-n;1001;0;41723;0;N;580031;555134;2;3093;0;EC_BR-PH_2;20140325xTue;02_Česká Třebová_Pardubice;Pardubický kraj;h00;53;N
02-o2_02-edg_03-tour_03-lau2_07-day_03-60_01-frt-1001_01-sng_00-n_00-n_00-n_00-n_00-n_00-n;1001;0;41721;0;N;580031;555134;2;3093;0;EC_BR-PH_2;20140323xSun;02_Česká Třebová_Pardubice;Pardubický kraj;h00;30;N
02-o2_02-edg_03-tour_03-lau2_07-day_03-60_01-frt-1001_01-sng_00-n_00-n_00-n_00-n_00-n_00-n;1001;0;41722;0;N;580031;555134;2;3093;0;EC_BR-PH_2;20140324xMon;02_Česká Třebová_Pardubice;Pardubický kraj;h00;45;N
02-o2_02-edg_03-tour_03-lau2_07-day_03-60_01-frt-1001_01-sng_00-n_00-n_00-n_00-n_00-n_00-n;1001;0;41717;0;N;580031;554782;2;3093;0;EC_BR-PH_2;20140319xWed;02_Česká Třebová_Praha;Pardubický kraj;h00;88;N
02-o2_02-edg_03-tour_03-lau2_07-day_03-60_01-frt-1001_01-sng_00-n_00-n_00-n_00-n_00-n_00-n;1001;0;41712;0;N;580031;554782;2;3093;0;EC_BR-PH_2;20140314xFri;02_Česká Třebová_Praha;Pardubický kraj;h00;183;N
02-o2_02-edg_03-tour_03-lau2_07-day_03-60_01-frt-1001_01-sng_00-n_00-n_00-n_00-n_00-n_00-n;1001;0;41718;0;N;580031;554782;2;3093;0;EC_BR-PH_2;20140320xThu;02_Česká Třebová_Praha;Pardubický kraj;h00;77;N
02-o2_02-edg_03-tour_03-lau2_07-day_03-60_01-frt-1001_01-sng_00-n_00-n_00-n_00-n_00-n_00-n;1001;0;41716;0;N;580031;554782;2;3093;0;EC_BR-PH_2;20140318xTue;02_Česká Třebová_Praha;Pardubický kraj;h00;144;N
02-o2_02-edg_03-tour_03-lau2_07-day_03-60_01-frt-1001_01-sng_00-n_00-n_00-n_00-n_00-n_00-n;1001;0;41713;0;N;580031;554782;2;3093;0;EC_BR-PH_2;20140315xSat;02_Česká Třebová_Praha;Pardubický kraj;h00;123;N
02-o2_02-edg_03-tour_03-lau2_07-day_03-60_01-frt-1001_01-sng_00-n_00-n_00-n_00-n_00-n_00-n;1001;0;41719;0;N;580031;554782;2;3093;0;EC_BR-PH_2;20140321xFri;02_Česká Třebová_Praha;Pardubický kraj;h00;65;N
02-o2_02-edg_03-tour_03-lau2_07-day_03-60_01-frt-1001_01-sng_00-n_00-n_00-n_00-n_00-n_00-n;1001;0;41711;0;N;580031;554782;2;3093;0;EC_BR-PH_2;20140313xThu;02_Česká Třebová_Praha;Pardubický kraj;h00;72;N
02-o2_02-edg_03-tour_03-lau2_07-day_03-60_01-frt-1001_01-sng_00-n_00-n_00-n_00-n_00-n_00-n;1001;0;41715;0;N;580031;554782;2;3093;0;EC_BR-PH_2;20140317xMon;02_Česká Třebová_Praha;Pardubický kraj;h00;194;N
02-o2_02-edg_03-tour_03-lau2_07-day_03-60_01-frt-1001_01-sng_00-n_00-n_00-n_00-n_00-n_00-n;1001;0;41720;0;N;580031;554782;2;3093;0;EC_BR-PH_2;20140322xSat;02_Česká Třebová_Praha;Pardubický kraj;h00;64;N
02-o2_02-edg_03-tour_03-lau2_07-day_03-60_01-frt-1001_01-sng_00-n_00-n_00-n_00-n_00-n_00-n;1001;0;41714;0;N;580031;554782;2;3093;0;EC_BR-PH_2;20140316xSun;02_Česká Třebová_Praha;Pardubický kraj;h00;216;N
02-o2_02-edg_03-tour_03-lau2_07-day_03-60_01-frt-1001_01-sng_00-n_00-n_00-n_00-n_00-n_00-n;1001;0;41710;0;N;580031;554782;2;3093;0;EC_BR-PH_2;20140312xWed;02_Česká Třebová_Praha;Pardubický kraj;h00;55;N
02-o2_02-edg_03-tour_03-lau2_07-day_03-60_01-frt-1001_01-sng_00-n_00-n_00-n_00-n_00-n_00-n;1001;0;41724;0;N;580031;554782;2;3093;0;EC_BR-PH_2;20140326xWed;02_Česká Třebová_Praha;Pardubický kraj;h00;66;N
02-o2_02-edg_03-tour_03-lau2_07-day_03-60_01-frt-1001_01-sng_00-n_00-n_00-n_00-n_00-n_00-n;1001;0;41721;0;N;580031;554782;2;3093;0;EC_BR-PH_2;20140323xSun;02_Česká Třebová_Praha;Pardubický kraj;h00;108;N
02-o2_02-edg_03-tour_03-lau2_07-day_03-60_01-frt-1001_01-sng_00-n_00-n_00-n_00-n_00-n_00-n;1001;0;41722;0;N;580031;554782;2;3093;0;EC_BR-PH_2;20140324xMon;02_Česká Třebová_Praha;Pardubický kraj;h00;106;N
02-o2_02-edg_03-tour_03-lau2_07-day_03-60_01-frt-1001_01-sng_00-n_00-n_00-n_00-n_00-n_00-n;1001;0;41723;0;N;580031;554782;2;3093;0;EC_BR-PH_2;20140325xTue;02_Česká Třebová_Praha;Pardubický kraj;h00;79;N
02-o2_02-edg_03-tour_03-lau2_07-day_03-60_01-frt-1001_01-sng_00-n_00-n_00-n_00-n_00-n_00-n;1001;0;41712;0;N;580031;533165;2;3093;0;EC_BR-PH_2;20140314xFri;02_Česká Třebová_Kolín;Pardubický kraj;h00;6;N
02-o2_02-edg_03-tour_03-lau2_07-day_03-60_01-frt-1001_01-sng_00-n_00-n_00-n_00-n_00-n_00-n;1001;0;41713;0;N;580031;533165;2;3093;0;EC_BR-PH_2;20140315xSat;02_Česká Třebová_Kolín;Pardubický kraj;h00;3;N
02-o2_02-edg_03-tour_03-lau2_07-day_03-60_01-frt-1001_01-sng_00-n_00-n_00-n_00-n_00-n_00-n;1001;0;41711;0;N;580031;533165;2;3093;0;EC_BR-PH_2;20140313xThu;02_Česká Třebová_Kolín;Pardubický kraj;h00;3;N
02-o2_02-edg_03-tour_03-lau2_07-day_03-60_01-frt-1001_01-sng_00-n_00-n_00-n_00-n_00-n_00-n;1001;0;41719;0;N;580031;533165;2;3093;0;EC_BR-PH_2;20140321xFri;02_Česká Třebová_Kolín;Pardubický kraj;h00;11;N
02-o2_02-edg_03-tour_03-lau2_07-day_03-60_01-frt-1001_01-sng_00-n_00-n_00-n_00-n_00-n_00-n;1001;0;41714;0;N;580031;533165;2;3093;0;EC_BR-PH_2;20140316xSun;02_Česká Třebová_Kolín;Pardubický kraj;h00;6;N
02-o2_02-edg_03-tour_03-lau2_07-day_03-60_01-frt-1001_01-sng_00-n_00-n_00-n_00-n_00-n_00-n;1001;0;41715;0;N;580031;533165;2;3093;0;EC_BR-PH_2;20140317xMon;02_Česká Třebová_Kolín;Pardubický kraj;h00;6;N
02-o2_02-edg_03-tour_03-lau2_07-day_03-60_01-frt-1001_01-sng_00-n_00-n_00-n_00-n_00-n_00-n;1001;0;41717;0;N;580031;533165;2;3093;0;EC_BR-PH_2;20140319xWed;02_Česká Třebová_Kolín;Pardubický kraj;h00;5;N
02-o2_02-edg_03-tour_03-lau2_07-day_03-60_01-frt-1001_01-sng_00-n_00-n_00-n_00-n_00-n_00-n;1001;0;41716;0;N;580031;533165;2;3093;0;EC_BR-PH_2;20140318xTue;02_Česká Třebová_Kolín;Pardubický kraj;h00;3;N
02-o2_02-edg_03-tour_03-lau2_07-day_03-60_01-frt-1001_01-sng_00-n_00-n_00-n_00-n_00-n_00-n;1001;0;41718;0;N;580031;533165;2;3093;0;EC_BR-PH_2;20140320xThu;02_Česká Třebová_Kolín;Pardubický kraj;h00;4;N
02-o2_02-edg_03-tour_03-lau2_07-day_03-60_01-frt-1001_01-sng_00-n_00-n_00-n_00-n_00-n_00-n;1001;0;41720;0;N;580031;533165;2;3093;0;EC_BR-PH_2;20140322xSat;02_Česká Třebová_Kolín;Pardubický kraj;h00;7;N
02-o2_02-edg_03-tour_03-lau2_07-day_03-60_01-frt-1001_01-sng_00-n_00-n_00-n_00-n_00-n_00-n;1001;0;41722;0;N;580031;533165;2;3093;0;EC_BR-PH_2;20140324xMon;02_Česká Třebová_Kolín;Pardubický kraj;h00;3;N
02-o2_02-edg_03-tour_03-lau2_07-day_03-60_01-frt-1001_01-sng_00-n_00-n_00-n_00-n_00-n_00-n;1001;0;41721;0;N;580031;533165;2;3093;0;EC_BR-PH_2;20140323xSun;02_Česká Třebová_Kolín;Pardubický kraj;h00;10;N
02-o2_02-edg_03-tour_03-lau2_07-day_03-60_01-frt-1001_01-sng_00-n_00-n_00-n_00-n_00-n_00-n;1001;0;41724;0;N;580031;533165;2;3093;0;EC_BR-PH_2;20140326xWed;02_Česká Třebová_Kolín;Pardubický kraj;h00;4;N
02-o2_02-edg_03-tour_03-lau2_07-day_03-60_01-frt-1001_01-sng_00-n_00-n_00-n_00-n_00-n_00-n;1001;0;41723;0;N;580031;533165;2;3093;0;EC_BR-PH_2;20140325xTue;02_Česká Třebová_Kolín;Pardubický kraj;h00;3;N
02-o2_02-edg_03-tour_03-lau2_07-day_03-60_01-frt-1001_01-sng_00-n_00-n_00-n_00-n_00-n_00-n;1001;0;41717;0;N;555134;554782;3;3093;0;EC_BR-PH_2;20140319xWed;03_Pardubice_Praha;Pardubický kraj;h00;428;N
02-o2_02-edg_03-tour_03-lau2_07-day_03-60_01-frt-1001_01-sng_00-n_00-n_00-n_00-n_00-n_00-n;1001;0;41716;0;N;555134;554782;3;3093;0;EC_BR-PH_2;20140318xTue;03_Pardubice_Praha;Pardubický kraj;h00;513;N
02-o2_02-edg_03-tour_03-lau2_07-day_03-60_01-frt-1001_01-sng_00-n_00-n_00-n_00-n_00-n_00-n;1001;0;41713;0;N;555134;554782;3;3093;0;EC_BR-PH_2;20140315xSat;03_Pardubice_Praha;Pardubický kraj;h00;311;N
02-o2_02-edg_03-tour_03-lau2_07-day_03-60_01-frt-1001_01-sng_00-n_00-n_00-n_00-n_00-n_00-n;1001;0;41714;0;N;555134;554782;3;3093;0;EC_BR-PH_2;20140316xSun;03_Pardubice_Praha;Pardubický kraj;h00;344;N
02-o2_02-edg_03-tour_03-lau2_07-day_03-60_01-frt-1001_01-sng_00-n_00-n_00-n_00-n_00-n_00-n;1001;0;41711;0;N;555134;554782;3;3093;0;EC_BR-PH_2;20140313xThu;03_Pardubice_Praha;Pardubický kraj;h00;492;N
02-o2_02-edg_03-tour_03-lau2_07-day_03-60_01-frt-1001_01-sng_00-n_00-n_00-n_00-n_00-n_00-n;1001;0;41712;0;N;555134;554782;3;3093;0;EC_BR-PH_2;20140314xFri;03_Pardubice_Praha;Pardubický kraj;h00;462;N
02-o2_02-edg_03-tour_03-lau2_07-day_03-60_01-frt-1001_01-sng_00-n_00-n_00-n_00-n_00-n_00-n;1001;0;41710;0;N;555134;554782;3;3093;0;EC_BR-PH_2;20140312xWed;03_Pardubice_Praha;Pardubický kraj;h00;485;N
02-o2_02-edg_03-tour_03-lau2_07-day_03-60_01-frt-1001_01-sng_00-n_00-n_00-n_00-n_00-n_00-n;1001;0;41718;0;N;555134;554782;3;3093;0;EC_BR-PH_2;20140320xThu;03_Pardubice_Praha;Pardubický kraj;h00;395;N
02-o2_02-edg_03-tour_03-lau2_07-day_03-60_01-frt-1001_01-sng_00-n_00-n_00-n_00-n_00-n_00-n;1001;0;41715;0;N;555134;554782;3;3093;0;EC_BR-PH_2;20140317xMon;03_Pardubice_Praha;Pardubický kraj;h00;536;N
02-o2_02-edg_03-tour_03-lau2_07-day_03-60_01-frt-1001_01-sng_00-n_00-n_00-n_00-n_00-n_00-n;1001;0;41719;0;N;555134;554782;3;3093;0;EC_BR-PH_2;20140321xFri;03_Pardubice_Praha;Pardubický kraj;h00;330;N
02-o2_02-edg_03-tour_03-lau2_07-day_03-60_01-frt-1001_01-sng_00-n_00-n_00-n_00-n_00-n_00-n;1001;0;41720;0;N;555134;554782;3;3093;0;EC_BR-PH_2;20140322xSat;03_Pardubice_Praha;Pardubický kraj;h00;215;N
02-o2_02-edg_03-tour_03-lau2_07-day_03-60_01-frt-1001_01-sng_00-n_00-n_00-n_00-n_00-n_00-n;1001;0;41721;0;N;555134;554782;3;3093;0;EC_BR-PH_2;20140323xSun;03_Pardubice_Praha;Pardubický kraj;h00;281;N
02-o2_02-edg_03-tour_03-lau2_07-day_03-60_01-frt-1001_01-sng_00-n_00-n_00-n_00-n_00-n_00-n;1001;0;41722;0;N;555134;554782;3;3093;0;EC_BR-PH_2;20140324xMon;03_Pardubice_Praha;Pardubický kraj;h00;412;N
02-o2_02-edg_03-tour_03-lau2_07-day_03-60_01-frt-1001_01-sng_00-n_00-n_00-n_00-n_00-n_00-n;1001;0;41723;0;N;555134;554782;3;3093;0;EC_BR-PH_2;20140325xTue;03_Pardubice_Praha;Pardubický kraj;h00;407;N
02-o2_02-edg_03-tour_03-lau2_07-day_03-60_01-frt-1001_01-sng_00-n_00-n_00-n_00-n_00-n_00-n;1001;0;41724;0;N;555134;554782;3;3093;0;EC_BR-PH_2;20140326xWed;03_Pardubice_Praha;Pardubický kraj;h00;414;N
02-o2_02-edg_03-tour_03-lau2_07-day_03-60_01-frt-1001_01-sng_00-n_00-n_00-n_00-n_00-n_00-n;1001;0;41716;0;N;555134;533165;3;3093;0;EC_BR-PH_2;20140318xTue;03_Pardubice_Kolín;Pardubický kraj;h00;140;N
02-o2_02-edg_03-tour_03-lau2_07-day_03-60_01-frt-1001_01-sng_00-n_00-n_00-n_00-n_00-n_00-n;1001;0;41717;0;N;555134;533165;3;3093;0;EC_BR-PH_2;20140319xWed;03_Pardubice_Kolín;Pardubický kraj;h00;127;N
02-o2_02-edg_03-tour_03-lau2_07-day_03-60_01-frt-1001_01-sng_00-n_00-n_00-n_00-n_00-n_00-n;1001;0;41710;0;N;555134;533165;3;3093;0;EC_BR-PH_2;20140312xWed;03_Pardubice_Kolín;Pardubický kraj;h00;110;N
02-o2_02-edg_03-tour_03-lau2_07-day_03-60_01-frt-1001_01-sng_00-n_00-n_00-n_00-n_00-n_00-n;1001;0;41719;0;N;555134;533165;3;3093;0;EC_BR-PH_2;20140321xFri;03_Pardubice_Kolín;Pardubický kraj;h00;120;N
02-o2_02-edg_03-tour_03-lau2_07-day_03-60_01-frt-1001_01-sng_00-n_00-n_00-n_00-n_00-n_00-n;1001;0;41718;0;N;555134;533165;3;3093;0;EC_BR-PH_2;20140320xThu;03_Pardubice_Kolín;Pardubický kraj;h00;151;N
02-o2_02-edg_03-tour_03-lau2_07-day_03-60_01-frt-1001_01-sng_00-n_00-n_00-n_00-n_00-n_00-n;1001;0;41720;0;N;555134;533165;3;3093;0;EC_BR-PH_2;20140322xSat;03_Pardubice_Kolín;Pardubický kraj;h00;64;N
02-o2_02-edg_03-tour_03-lau2_07-day_03-60_01-frt-1001_01-sng_00-n_00-n_00-n_00-n_00-n_00-n;1001;0;41711;0;N;555134;533165;3;3093;0;EC_BR-PH_2;20140313xThu;03_Pardubice_Kolín;Pardubický kraj;h00;115;N
02-o2_02-edg_03-tour_03-lau2_07-day_03-60_01-frt-1001_01-sng_00-n_00-n_00-n_00-n_00-n_00-n;1001;0;41714;0;N;555134;533165;3;3093;0;EC_BR-PH_2;20140316xSun;03_Pardubice_Kolín;Pardubický kraj;h00;59;N
02-o2_02-edg_03-tour_03-lau2_07-day_03-60_01-frt-1001_01-sng_00-n_00-n_00-n_00-n_00-n_00-n;1001;0;41715;0;N;555134;533165;3;3093;0;EC_BR-PH_2;20140317xMon;03_Pardubice_Kolín;Pardubický kraj;h00;140;N
02-o2_02-edg_03-tour_03-lau2_07-day_03-60_01-frt-1001_01-sng_00-n_00-n_00-n_00-n_00-n_00-n;1001;0;41712;0;N;555134;533165;3;3093;0;EC_BR-PH_2;20140314xFri;03_Pardubice_Kolín;Pardubický kraj;h00;126;N
02-o2_02-edg_03-tour_03-lau2_07-day_03-60_01-frt-1001_01-sng_00-n_00-n_00-n_00-n_00-n_00-n;1001;0;41713;0;N;555134;533165;3;3093;0;EC_BR-PH_2;20140315xSat;03_Pardubice_Kolín;Pardubický kraj;h00;55;N
02-o2_02-edg_03-tour_03-lau2_07-day_03-60_01-frt-1001_01-sng_00-n_00-n_00-n_00-n_00-n_00-n;1001;0;41721;0;N;555134;533165;3;3093;0;EC_BR-PH_2;20140323xSun;03_Pardubice_Kolín;Pardubický kraj;h00;57;N
02-o2_02-edg_03-tour_03-lau2_07-day_03-60_01-frt-1001_01-sng_00-n_00-n_00-n_00-n_00-n_00-n;1001;0;41723;0;N;555134;533165;3;3093;0;EC_BR-PH_2;20140325xTue;03_Pardubice_Kolín;Pardubický kraj;h00;134;N
02-o2_02-edg_03-tour_03-lau2_07-day_03-60_01-frt-1001_01-sng_00-n_00-n_00-n_00-n_00-n_00-n;1001;0;41722;0;N;555134;533165;3;3093;0;EC_BR-PH_2;20140324xMon;03_Pardubice_Kolín;Pardubický kraj;h00;133;N
02-o2_02-edg_03-tour_03-lau2_07-day_03-60_01-frt-1001_01-sng_00-n_00-n_00-n_00-n_00-n_00-n;1001;0;41724;0;N;555134;533165;3;3093;0;EC_BR-PH_2;20140326xWed;03_Pardubice_Kolín;Pardubický kraj;h00;148;N
02-o2_02-edg_03-tour_03-lau2_07-day_03-60_01-frt-1001_01-sng_00-n_00-n_00-n_00-n_00-n_00-n;1001;0;41718;0;N;533165;554782;4;3026;0;EC_BR-PH_2;20140320xThu;04_Kolín_Praha;Středočeský kraj;h00;641;N
02-o2_02-edg_03-tour_03-lau2_07-day_03-60_01-frt-1001_01-sng_00-n_00-n_00-n_00-n_00-n_00-n;1001;0;41710;0;N;533165;554782;4;3026;0;EC_BR-PH_2;20140312xWed;04_Kolín_Praha;Středočeský kraj;h00;679;N
02-o2_02-edg_03-tour_03-lau2_07-day_03-60_01-frt-1001_01-sng_00-n_00-n_00-n_00-n_00-n_00-n;1001;0;41719;0;N;533165;554782;4;3026;0;EC_BR-PH_2;20140321xFri;04_Kolín_Praha;Středočeský kraj;h00;576;N
02-o2_02-edg_03-tour_03-lau2_07-day_03-60_01-frt-1001_01-sng_00-n_00-n_00-n_00-n_00-n_00-n;1001;0;41720;0;N;533165;554782;4;3026;0;EC_BR-PH_2;20140322xSat;04_Kolín_Praha;Středočeský kraj;h00;345;N
02-o2_02-edg_03-tour_03-lau2_07-day_03-60_01-frt-1001_01-sng_00-n_00-n_00-n_00-n_00-n_00-n;1001;0;41712;0;N;533165;554782;4;3026;0;EC_BR-PH_2;20140314xFri;04_Kolín_Praha;Středočeský kraj;h00;697;N
02-o2_02-edg_03-tour_03-lau2_07-day_03-60_01-frt-1001_01-sng_00-n_00-n_00-n_00-n_00-n_00-n;1001;0;41714;0;N;533165;554782;4;3026;0;EC_BR-PH_2;20140316xSun;04_Kolín_Praha;Středočeský kraj;h00;346;N
02-o2_02-edg_03-tour_03-lau2_07-day_03-60_01-frt-1001_01-sng_00-n_00-n_00-n_00-n_00-n_00-n;1001;0;41716;0;N;533165;554782;4;3026;0;EC_BR-PH_2;20140318xTue;04_Kolín_Praha;Středočeský kraj;h00;749;N
02-o2_02-edg_03-tour_03-lau2_07-day_03-60_01-frt-1001_01-sng_00-n_00-n_00-n_00-n_00-n_00-n;1001;0;41717;0;N;533165;554782;4;3026;0;EC_BR-PH_2;20140319xWed;04_Kolín_Praha;Středočeský kraj;h00;699;N
02-o2_02-edg_03-tour_03-lau2_07-day_03-60_01-frt-1001_01-sng_00-n_00-n_00-n_00-n_00-n_00-n;1001;0;41711;0;N;533165;554782;4;3026;0;EC_BR-PH_2;20140313xThu;04_Kolín_Praha;Středočeský kraj;h00;659;N
02-o2_02-edg_03-tour_03-lau2_07-day_03-60_01-frt-1001_01-sng_00-n_00-n_00-n_00-n_00-n_00-n;1001;0;41713;0;N;533165;554782;4;3026;0;EC_BR-PH_2;20140315xSat;04_Kolín_Praha;Středočeský kraj;h00;394;N
