02-o2_02-edg_03-tour_03-lau2_07-day_05-300+_08-frt-1008_01-sng_00-n_00-n_00-n_00-n_00-n_00-n;1008;0;41718;0;N;539856;531057;3;3026;0;PM_PH-BE_2;20140320xThu;03_Všenory_Beroun;Středočeský kraj;h00;1;N
02-o2_02-edg_03-tour_03-lau2_07-day_05-300+_08-frt-1008_01-sng_00-n_00-n_00-n_00-n_00-n_00-n;1008;0;41711;0;N;539856;531057;3;3026;0;PM_PH-BE_2;20140313xThu;03_Všenory_Beroun;Středočeský kraj;h00;1;N
02-o2_02-edg_03-tour_03-lau2_07-day_05-300+_08-frt-1008_01-sng_00-n_00-n_00-n_00-n_00-n_00-n;1008;0;41722;0;N;539856;531057;3;3026;0;PM_PH-BE_2;20140324xMon;03_Všenory_Beroun;Středočeský kraj;h00;2;N
02-o2_02-edg_03-tour_03-lau2_07-day_05-300+_08-frt-1008_01-sng_00-n_00-n_00-n_00-n_00-n_00-n;1008;0;41724;0;N;539856;531057;3;3026;0;PM_PH-BE_2;20140326xWed;03_Všenory_Beroun;Středočeský kraj;h00;1;N
02-o2_02-edg_03-tour_03-lau2_07-day_05-300+_08-frt-1008_01-sng_00-n_00-n_00-n_00-n_00-n_00-n;1008;0;41719;0;N;539856;531057;3;3026;0;PM_PH-BE_2;20140321xFri;03_Všenory_Beroun;Středočeský kraj;h00;2;N
02-o2_02-edg_03-tour_03-lau2_07-day_05-300+_08-frt-1008_01-sng_00-n_00-n_00-n_00-n_00-n_00-n;1008;0;41714;0;N;539856;531057;3;3026;0;PM_PH-BE_2;20140316xSun;03_Všenory_Beroun;Středočeský kraj;h00;3;N
02-o2_02-edg_03-tour_03-lau2_07-day_05-300+_08-frt-1008_01-sng_00-n_00-n_00-n_00-n_00-n_00-n;1008;0;41713;0;N;539856;531057;3;3026;0;PM_PH-BE_2;20140315xSat;03_Všenory_Beroun;Středočeský kraj;h00;1;N
02-o2_02-edg_03-tour_03-lau2_07-day_05-300+_08-frt-1008_01-sng_00-n_00-n_00-n_00-n_00-n_00-n;1008;0;41720;0;N;539856;531057;3;3026;0;PM_PH-BE_2;20140322xSat;03_Všenory_Beroun;Středočeský kraj;h00;2;N
02-o2_02-edg_03-tour_03-lau2_07-day_05-300+_08-frt-1008_01-sng_00-n_00-n_00-n_00-n_00-n_00-n;1008;0;41711;0;N;539643;531979;5;3026;0;PM_PH-BE_2;20140313xThu;05_Řevnice_Zadní Třebaň;Středočeský kraj;h00;31;N
02-o2_02-edg_03-tour_03-lau2_07-day_05-300+_08-frt-1008_01-sng_00-n_00-n_00-n_00-n_00-n_00-n;1008;0;41710;0;N;539643;531979;5;3026;0;PM_PH-BE_2;20140312xWed;05_Řevnice_Zadní Třebaň;Středočeský kraj;h00;29;N
02-o2_02-edg_03-tour_03-lau2_07-day_05-300+_08-frt-1008_01-sng_00-n_00-n_00-n_00-n_00-n_00-n;1008;0;41717;0;N;539643;531979;5;3026;0;PM_PH-BE_2;20140319xWed;05_Řevnice_Zadní Třebaň;Středočeský kraj;h00;41;N
02-o2_02-edg_03-tour_03-lau2_07-day_05-300+_08-frt-1008_01-sng_00-n_00-n_00-n_00-n_00-n_00-n;1008;0;41712;0;N;539643;531979;5;3026;0;PM_PH-BE_2;20140314xFri;05_Řevnice_Zadní Třebaň;Středočeský kraj;h00;36;N
02-o2_02-edg_03-tour_03-lau2_07-day_05-300+_08-frt-1008_01-sng_00-n_00-n_00-n_00-n_00-n_00-n;1008;0;41722;0;N;539643;531979;5;3026;0;PM_PH-BE_2;20140324xMon;05_Řevnice_Zadní Třebaň;Středočeský kraj;h00;33;N
02-o2_02-edg_03-tour_03-lau2_07-day_05-300+_08-frt-1008_01-sng_00-n_00-n_00-n_00-n_00-n_00-n;1008;0;41715;0;N;539643;531979;5;3026;0;PM_PH-BE_2;20140317xMon;05_Řevnice_Zadní Třebaň;Středočeský kraj;h00;10;N
02-o2_02-edg_03-tour_03-lau2_07-day_05-300+_08-frt-1008_01-sng_00-n_00-n_00-n_00-n_00-n_00-n;1008;0;41724;0;N;539643;531979;5;3026;0;PM_PH-BE_2;20140326xWed;05_Řevnice_Zadní Třebaň;Středočeský kraj;h00;32;N
02-o2_02-edg_03-tour_03-lau2_07-day_05-300+_08-frt-1008_01-sng_00-n_00-n_00-n_00-n_00-n_00-n;1008;0;41720;0;N;539643;531979;5;3026;0;PM_PH-BE_2;20140322xSat;05_Řevnice_Zadní Třebaň;Středočeský kraj;h00;21;N
02-o2_02-edg_03-tour_03-lau2_07-day_05-300+_08-frt-1008_01-sng_00-n_00-n_00-n_00-n_00-n_00-n;1008;0;41714;0;N;539643;531979;5;3026;0;PM_PH-BE_2;20140316xSun;05_Řevnice_Zadní Třebaň;Středočeský kraj;h00;14;N
02-o2_02-edg_03-tour_03-lau2_07-day_05-300+_08-frt-1008_01-sng_00-n_00-n_00-n_00-n_00-n_00-n;1008;0;41719;0;N;539643;531979;5;3026;0;PM_PH-BE_2;20140321xFri;05_Řevnice_Zadní Třebaň;Středočeský kraj;h00;17;N
02-o2_02-edg_03-tour_03-lau2_07-day_05-300+_08-frt-1008_01-sng_00-n_00-n_00-n_00-n_00-n_00-n;1008;0;41718;0;N;539643;531979;5;3026;0;PM_PH-BE_2;20140320xThu;05_Řevnice_Zadní Třebaň;Středočeský kraj;h00;48;N
02-o2_02-edg_03-tour_03-lau2_07-day_05-300+_08-frt-1008_01-sng_00-n_00-n_00-n_00-n_00-n_00-n;1008;0;41721;0;N;539643;531979;5;3026;0;PM_PH-BE_2;20140323xSun;05_Řevnice_Zadní Třebaň;Středočeský kraj;h00;31;N
02-o2_02-edg_03-tour_03-lau2_07-day_05-300+_08-frt-1008_01-sng_00-n_00-n_00-n_00-n_00-n_00-n;1008;0;41713;0;N;539643;531979;5;3026;0;PM_PH-BE_2;20140315xSat;05_Řevnice_Zadní Třebaň;Středočeský kraj;h00;28;N
02-o2_02-edg_03-tour_03-lau2_07-day_05-300+_08-frt-1008_01-sng_00-n_00-n_00-n_00-n_00-n_00-n;1008;0;41716;0;N;539643;531979;5;3026;0;PM_PH-BE_2;20140318xTue;05_Řevnice_Zadní Třebaň;Středočeský kraj;h00;34;N
02-o2_02-edg_03-tour_03-lau2_07-day_05-300+_08-frt-1008_01-sng_00-n_00-n_00-n_00-n_00-n_00-n;1008;0;41723;0;N;539643;531979;5;3026;0;PM_PH-BE_2;20140325xTue;05_Řevnice_Zadní Třebaň;Středočeský kraj;h00;26;N
02-o2_02-edg_03-tour_03-lau2_07-day_05-300+_08-frt-1008_01-sng_00-n_00-n_00-n_00-n_00-n_00-n;1008;0;41724;0;N;539643;531758;5;3026;0;PM_PH-BE_2;20140326xWed;05_Řevnice_Srbsko;Středočeský kraj;h00;1;N
02-o2_02-edg_03-tour_03-lau2_07-day_05-300+_08-frt-1008_01-sng_00-n_00-n_00-n_00-n_00-n_00-n;1008;0;41716;0;N;539643;531758;5;3026;0;PM_PH-BE_2;20140318xTue;05_Řevnice_Srbsko;Středočeský kraj;h00;1;N
02-o2_02-edg_03-tour_03-lau2_07-day_05-300+_08-frt-1008_01-sng_00-n_00-n_00-n_00-n_00-n_00-n;1008;0;41717;0;N;539643;531758;5;3026;0;PM_PH-BE_2;20140319xWed;05_Řevnice_Srbsko;Středočeský kraj;h00;1;N
02-o2_02-edg_03-tour_03-lau2_07-day_05-300+_08-frt-1008_01-sng_00-n_00-n_00-n_00-n_00-n_00-n;1008;0;41711;0;N;539643;531758;5;3026;0;PM_PH-BE_2;20140313xThu;05_Řevnice_Srbsko;Středočeský kraj;h00;1;N
02-o2_02-edg_03-tour_03-lau2_07-day_05-300+_08-frt-1008_01-sng_00-n_00-n_00-n_00-n_00-n_00-n;1008;0;41712;0;N;539643;531758;5;3026;0;PM_PH-BE_2;20140314xFri;05_Řevnice_Srbsko;Středočeský kraj;h00;1;N
02-o2_02-edg_03-tour_03-lau2_07-day_05-300+_08-frt-1008_01-sng_00-n_00-n_00-n_00-n_00-n_00-n;1008;0;41720;0;N;539643;531758;5;3026;0;PM_PH-BE_2;20140322xSat;05_Řevnice_Srbsko;Středočeský kraj;h00;1;N
02-o2_02-edg_03-tour_03-lau2_07-day_05-300+_08-frt-1008_01-sng_00-n_00-n_00-n_00-n_00-n_00-n;1008;0;41711;0;N;539643;531316;5;3026;0;PM_PH-BE_2;20140313xThu;05_Řevnice_Karlštejn;Středočeský kraj;h00;4;N
02-o2_02-edg_03-tour_03-lau2_07-day_05-300+_08-frt-1008_01-sng_00-n_00-n_00-n_00-n_00-n_00-n;1008;0;41718;0;N;539643;531316;5;3026;0;PM_PH-BE_2;20140320xThu;05_Řevnice_Karlštejn;Středočeský kraj;h00;8;N
02-o2_02-edg_03-tour_03-lau2_07-day_05-300+_08-frt-1008_01-sng_00-n_00-n_00-n_00-n_00-n_00-n;1008;0;41723;0;N;539643;531316;5;3026;0;PM_PH-BE_2;20140325xTue;05_Řevnice_Karlštejn;Středočeský kraj;h00;8;N
02-o2_02-edg_03-tour_03-lau2_07-day_05-300+_08-frt-1008_01-sng_00-n_00-n_00-n_00-n_00-n_00-n;1008;0;41712;0;N;539643;531316;5;3026;0;PM_PH-BE_2;20140314xFri;05_Řevnice_Karlštejn;Středočeský kraj;h00;10;N
02-o2_02-edg_03-tour_03-lau2_07-day_05-300+_08-frt-1008_01-sng_00-n_00-n_00-n_00-n_00-n_00-n;1008;0;41719;0;N;539643;531316;5;3026;0;PM_PH-BE_2;20140321xFri;05_Řevnice_Karlštejn;Středočeský kraj;h00;3;N
02-o2_02-edg_03-tour_03-lau2_07-day_05-300+_08-frt-1008_01-sng_00-n_00-n_00-n_00-n_00-n_00-n;1008;0;41713;0;N;539643;531316;5;3026;0;PM_PH-BE_2;20140315xSat;05_Řevnice_Karlštejn;Středočeský kraj;h00;6;N
02-o2_02-edg_03-tour_03-lau2_07-day_05-300+_08-frt-1008_01-sng_00-n_00-n_00-n_00-n_00-n_00-n;1008;0;41716;0;N;539643;531316;5;3026;0;PM_PH-BE_2;20140318xTue;05_Řevnice_Karlštejn;Středočeský kraj;h00;7;N
02-o2_02-edg_03-tour_03-lau2_07-day_05-300+_08-frt-1008_01-sng_00-n_00-n_00-n_00-n_00-n_00-n;1008;0;41717;0;N;539643;531316;5;3026;0;PM_PH-BE_2;20140319xWed;05_Řevnice_Karlštejn;Středočeský kraj;h00;14;N
02-o2_02-edg_03-tour_03-lau2_07-day_05-300+_08-frt-1008_01-sng_00-n_00-n_00-n_00-n_00-n_00-n;1008;0;41722;0;N;539643;531316;5;3026;0;PM_PH-BE_2;20140324xMon;05_Řevnice_Karlštejn;Středočeský kraj;h00;6;N
02-o2_02-edg_03-tour_03-lau2_07-day_05-300+_08-frt-1008_01-sng_00-n_00-n_00-n_00-n_00-n_00-n;1008;0;41714;0;N;539643;531316;5;3026;0;PM_PH-BE_2;20140316xSun;05_Řevnice_Karlštejn;Středočeský kraj;h00;2;N
02-o2_02-edg_03-tour_03-lau2_07-day_05-300+_08-frt-1008_01-sng_00-n_00-n_00-n_00-n_00-n_00-n;1008;0;41710;0;N;539643;531316;5;3026;0;PM_PH-BE_2;20140312xWed;05_Řevnice_Karlštejn;Středočeský kraj;h00;6;N
02-o2_02-edg_03-tour_03-lau2_07-day_05-300+_08-frt-1008_01-sng_00-n_00-n_00-n_00-n_00-n_00-n;1008;0;41721;0;N;539643;531316;5;3026;0;PM_PH-BE_2;20140323xSun;05_Řevnice_Karlštejn;Středočeský kraj;h00;4;N
02-o2_02-edg_03-tour_03-lau2_07-day_05-300+_08-frt-1008_01-sng_00-n_00-n_00-n_00-n_00-n_00-n;1008;0;41724;0;N;539643;531316;5;3026;0;PM_PH-BE_2;20140326xWed;05_Řevnice_Karlštejn;Středočeský kraj;h00;3;N
02-o2_02-edg_03-tour_03-lau2_07-day_05-300+_08-frt-1008_01-sng_00-n_00-n_00-n_00-n_00-n_00-n;1008;0;41720;0;N;539643;531316;5;3026;0;PM_PH-BE_2;20140322xSat;05_Řevnice_Karlštejn;Středočeský kraj;h00;12;N
02-o2_02-edg_03-tour_03-lau2_07-day_05-300+_08-frt-1008_01-sng_00-n_00-n_00-n_00-n_00-n_00-n;1008;0;41710;0;N;539643;531057;5;3026;0;PM_PH-BE_2;20140312xWed;05_Řevnice_Beroun;Středočeský kraj;h00;1;N
02-o2_02-edg_03-tour_03-lau2_07-day_05-300+_08-frt-1008_01-sng_00-n_00-n_00-n_00-n_00-n_00-n;1008;0;41719;0;N;539643;531057;5;3026;0;PM_PH-BE_2;20140321xFri;05_Řevnice_Beroun;Středočeský kraj;h00;1;N
02-o2_02-edg_03-tour_03-lau2_07-day_05-300+_08-frt-1008_01-sng_00-n_00-n_00-n_00-n_00-n_00-n;1008;0;41716;0;N;539643;531057;5;3026;0;PM_PH-BE_2;20140318xTue;05_Řevnice_Beroun;Středočeský kraj;h00;1;N
02-o2_02-edg_03-tour_03-lau2_07-day_05-300+_08-frt-1008_01-sng_00-n_00-n_00-n_00-n_00-n_00-n;1008;0;41724;0;N;539643;531057;5;3026;0;PM_PH-BE_2;20140326xWed;05_Řevnice_Beroun;Středočeský kraj;h00;6;N
02-o2_02-edg_03-tour_03-lau2_07-day_05-300+_08-frt-1008_01-sng_00-n_00-n_00-n_00-n_00-n_00-n;1008;0;41718;0;N;539643;531057;5;3026;0;PM_PH-BE_2;20140320xThu;05_Řevnice_Beroun;Středočeský kraj;h00;3;N
02-o2_02-edg_03-tour_03-lau2_07-day_05-300+_08-frt-1008_01-sng_00-n_00-n_00-n_00-n_00-n_00-n;1008;0;41717;0;N;539643;531057;5;3026;0;PM_PH-BE_2;20140319xWed;05_Řevnice_Beroun;Středočeský kraj;h00;8;N
02-o2_02-edg_03-tour_03-lau2_07-day_05-300+_08-frt-1008_01-sng_00-n_00-n_00-n_00-n_00-n_00-n;1008;0;41720;0;N;539643;531057;5;3026;0;PM_PH-BE_2;20140322xSat;05_Řevnice_Beroun;Středočeský kraj;h00;1;N
02-o2_02-edg_03-tour_03-lau2_07-day_05-300+_08-frt-1008_01-sng_00-n_00-n_00-n_00-n_00-n_00-n;1008;0;41723;0;N;539643;531057;5;3026;0;PM_PH-BE_2;20140325xTue;05_Řevnice_Beroun;Středočeský kraj;h00;5;N
02-o2_02-edg_03-tour_03-lau2_07-day_05-300+_08-frt-1008_01-sng_00-n_00-n_00-n_00-n_00-n_00-n;1008;0;41714;0;N;539643;531057;5;3026;0;PM_PH-BE_2;20140316xSun;05_Řevnice_Beroun;Středočeský kraj;h00;1;N
02-o2_02-edg_03-tour_03-lau2_07-day_05-300+_08-frt-1008_01-sng_00-n_00-n_00-n_00-n_00-n_00-n;1008;0;41711;0;N;539643;531057;5;3026;0;PM_PH-BE_2;20140313xThu;05_Řevnice_Beroun;Středočeský kraj;h00;1;N
02-o2_02-edg_03-tour_03-lau2_07-day_05-300+_08-frt-1008_01-sng_00-n_00-n_00-n_00-n_00-n_00-n;1008;0;41712;0;N;539643;531057;5;3026;0;PM_PH-BE_2;20140314xFri;05_Řevnice_Beroun;Středočeský kraj;h00;4;N
02-o2_02-edg_03-tour_03-lau2_07-day_05-300+_08-frt-1008_01-sng_00-n_00-n_00-n_00-n_00-n_00-n;1008;0;41721;0;N;539643;531057;5;3026;0;PM_PH-BE_2;20140323xSun;05_Řevnice_Beroun;Středočeský kraj;h00;2;N
02-o2_02-edg_03-tour_03-lau2_07-day_05-300+_08-frt-1008_01-sng_00-n_00-n_00-n_00-n_00-n_00-n;1008;0;41722;0;N;539643;531057;5;3026;0;PM_PH-BE_2;20140324xMon;05_Řevnice_Beroun;Středočeský kraj;h00;6;N
02-o2_02-edg_03-tour_03-lau2_07-day_05-300+_08-frt-1008_01-sng_00-n_00-n_00-n_00-n_00-n_00-n;1008;0;41712;0;N;539198;539643;4;3026;0;PM_PH-BE_2;20140314xFri;04_Dobřichovice_Řevnice;Středočeský kraj;h00;10;N
02-o2_02-edg_03-tour_03-lau2_07-day_05-300+_08-frt-1008_01-sng_00-n_00-n_00-n_00-n_00-n_00-n;1008;0;41724;0;N;539198;539643;4;3026;0;PM_PH-BE_2;20140326xWed;04_Dobřichovice_Řevnice;Středočeský kraj;h00;5;N
02-o2_02-edg_03-tour_03-lau2_07-day_05-300+_08-frt-1008_01-sng_00-n_00-n_00-n_00-n_00-n_00-n;1008;0;41719;0;N;539198;539643;4;3026;0;PM_PH-BE_2;20140321xFri;04_Dobřichovice_Řevnice;Středočeský kraj;h00;5;N
02-o2_02-edg_03-tour_03-lau2_07-day_05-300+_08-frt-1008_01-sng_00-n_00-n_00-n_00-n_00-n_00-n;1008;0;41716;0;N;539198;539643;4;3026;0;PM_PH-BE_2;20140318xTue;04_Dobřichovice_Řevnice;Středočeský kraj;h00;4;N
02-o2_02-edg_03-tour_03-lau2_07-day_05-300+_08-frt-1008_01-sng_00-n_00-n_00-n_00-n_00-n_00-n;1008;0;41722;0;N;539198;539643;4;3026;0;PM_PH-BE_2;20140324xMon;04_Dobřichovice_Řevnice;Středočeský kraj;h00;3;N
02-o2_02-edg_03-tour_03-lau2_07-day_05-300+_08-frt-1008_01-sng_00-n_00-n_00-n_00-n_00-n_00-n;1008;0;41710;0;N;539198;539643;4;3026;0;PM_PH-BE_2;20140312xWed;04_Dobřichovice_Řevnice;Středočeský kraj;h00;4;N
02-o2_02-edg_03-tour_03-lau2_07-day_05-300+_08-frt-1008_01-sng_00-n_00-n_00-n_00-n_00-n_00-n;1008;0;41720;0;N;539198;539643;4;3026;0;PM_PH-BE_2;20140322xSat;04_Dobřichovice_Řevnice;Středočeský kraj;h00;5;N
02-o2_02-edg_03-tour_03-lau2_07-day_05-300+_08-frt-1008_01-sng_00-n_00-n_00-n_00-n_00-n_00-n;1008;0;41718;0;N;539198;539643;4;3026;0;PM_PH-BE_2;20140320xThu;04_Dobřichovice_Řevnice;Středočeský kraj;h00;9;N
02-o2_02-edg_03-tour_03-lau2_07-day_05-300+_08-frt-1008_01-sng_00-n_00-n_00-n_00-n_00-n_00-n;1008;0;41711;0;N;539198;539643;4;3026;0;PM_PH-BE_2;20140313xThu;04_Dobřichovice_Řevnice;Středočeský kraj;h00;4;N
02-o2_02-edg_03-tour_03-lau2_07-day_05-300+_08-frt-1008_01-sng_00-n_00-n_00-n_00-n_00-n_00-n;1008;0;41713;0;N;539198;539643;4;3026;0;PM_PH-BE_2;20140315xSat;04_Dobřichovice_Řevnice;Středočeský kraj;h00;8;N
02-o2_02-edg_03-tour_03-lau2_07-day_05-300+_08-frt-1008_01-sng_00-n_00-n_00-n_00-n_00-n_00-n;1008;0;41723;0;N;539198;539643;4;3026;0;PM_PH-BE_2;20140325xTue;04_Dobřichovice_Řevnice;Středočeský kraj;h00;9;N
02-o2_02-edg_03-tour_03-lau2_07-day_05-300+_08-frt-1008_01-sng_00-n_00-n_00-n_00-n_00-n_00-n;1008;0;41714;0;N;539198;539643;4;3026;0;PM_PH-BE_2;20140316xSun;04_Dobřichovice_Řevnice;Středočeský kraj;h00;2;N
02-o2_02-edg_03-tour_03-lau2_07-day_05-300+_08-frt-1008_01-sng_00-n_00-n_00-n_00-n_00-n_00-n;1008;0;41717;0;N;539198;539643;4;3026;0;PM_PH-BE_2;20140319xWed;04_Dobřichovice_Řevnice;Středočeský kraj;h00;7;N
02-o2_02-edg_03-tour_03-lau2_07-day_05-300+_08-frt-1008_01-sng_00-n_00-n_00-n_00-n_00-n_00-n;1008;0;41721;0;N;539198;539643;4;3026;0;PM_PH-BE_2;20140323xSun;04_Dobřichovice_Řevnice;Středočeský kraj;h00;6;N
02-o2_02-edg_03-tour_03-lau2_07-day_05-300+_08-frt-1008_01-sng_00-n_00-n_00-n_00-n_00-n_00-n;1008;0;41715;0;N;539198;539643;4;3026;0;PM_PH-BE_2;20140317xMon;04_Dobřichovice_Řevnice;Středočeský kraj;h00;2;N
02-o2_02-edg_03-tour_03-lau2_07-day_05-300+_08-frt-1008_01-sng_00-n_00-n_00-n_00-n_00-n_00-n;1008;0;41711;0;N;539198;531979;4;3026;0;PM_PH-BE_2;20140313xThu;04_Dobřichovice_Zadní Třebaň;Středočeský kraj;h00;1;N
02-o2_02-edg_03-tour_03-lau2_07-day_05-300+_08-frt-1008_01-sng_00-n_00-n_00-n_00-n_00-n_00-n;1008;0;41713;0;N;539198;531979;4;3026;0;PM_PH-BE_2;20140315xSat;04_Dobřichovice_Zadní Třebaň;Středočeský kraj;h00;2;N
02-o2_02-edg_03-tour_03-lau2_07-day_05-300+_08-frt-1008_01-sng_00-n_00-n_00-n_00-n_00-n_00-n;1008;0;41718;0;N;539198;531979;4;3026;0;PM_PH-BE_2;20140320xThu;04_Dobřichovice_Zadní Třebaň;Středočeský kraj;h00;1;N
02-o2_02-edg_03-tour_03-lau2_07-day_05-300+_08-frt-1008_01-sng_00-n_00-n_00-n_00-n_00-n_00-n;1008;0;41721;0;N;539198;531979;4;3026;0;PM_PH-BE_2;20140323xSun;04_Dobřichovice_Zadní Třebaň;Středočeský kraj;h00;1;N
02-o2_02-edg_03-tour_03-lau2_07-day_05-300+_08-frt-1008_01-sng_00-n_00-n_00-n_00-n_00-n_00-n;1008;0;41716;0;N;539198;531979;4;3026;0;PM_PH-BE_2;20140318xTue;04_Dobřichovice_Zadní Třebaň;Středočeský kraj;h00;2;N
02-o2_02-edg_03-tour_03-lau2_07-day_05-300+_08-frt-1008_01-sng_00-n_00-n_00-n_00-n_00-n_00-n;1008;0;41717;0;N;539198;531979;4;3026;0;PM_PH-BE_2;20140319xWed;04_Dobřichovice_Zadní Třebaň;Středočeský kraj;h00;1;N
02-o2_02-edg_03-tour_03-lau2_07-day_05-300+_08-frt-1008_01-sng_00-n_00-n_00-n_00-n_00-n_00-n;1008;0;41715;0;N;539198;531758;4;3026;0;PM_PH-BE_2;20140317xMon;04_Dobřichovice_Srbsko;Středočeský kraj;h00;1;N
02-o2_02-edg_03-tour_03-lau2_07-day_05-300+_08-frt-1008_01-sng_00-n_00-n_00-n_00-n_00-n_00-n;1008;0;41717;0;N;539198;531316;4;3026;0;PM_PH-BE_2;20140319xWed;04_Dobřichovice_Karlštejn;Středočeský kraj;h00;3;N
02-o2_02-edg_03-tour_03-lau2_07-day_05-300+_08-frt-1008_01-sng_00-n_00-n_00-n_00-n_00-n_00-n;1008;0;41711;0;N;539198;531316;4;3026;0;PM_PH-BE_2;20140313xThu;04_Dobřichovice_Karlštejn;Středočeský kraj;h00;2;N
02-o2_02-edg_03-tour_03-lau2_07-day_05-300+_08-frt-1008_01-sng_00-n_00-n_00-n_00-n_00-n_00-n;1008;0;41722;0;N;539198;531316;4;3026;0;PM_PH-BE_2;20140324xMon;04_Dobřichovice_Karlštejn;Středočeský kraj;h00;3;N
02-o2_02-edg_03-tour_03-lau2_07-day_05-300+_08-frt-1008_01-sng_00-n_00-n_00-n_00-n_00-n_00-n;1008;0;41715;0;N;539198;531316;4;3026;0;PM_PH-BE_2;20140317xMon;04_Dobřichovice_Karlštejn;Středočeský kraj;h00;2;N
02-o2_02-edg_03-tour_03-lau2_07-day_05-300+_08-frt-1008_01-sng_00-n_00-n_00-n_00-n_00-n_00-n;1008;0;41724;0;N;539198;531316;4;3026;0;PM_PH-BE_2;20140326xWed;04_Dobřichovice_Karlštejn;Středočeský kraj;h00;1;N
02-o2_02-edg_03-tour_03-lau2_07-day_05-300+_08-frt-1008_01-sng_00-n_00-n_00-n_00-n_00-n_00-n;1008;0;41710;0;N;539198;531316;4;3026;0;PM_PH-BE_2;20140312xWed;04_Dobřichovice_Karlštejn;Středočeský kraj;h00;2;N
02-o2_02-edg_03-tour_03-lau2_07-day_05-300+_08-frt-1008_01-sng_00-n_00-n_00-n_00-n_00-n_00-n;1008;0;41721;0;N;539198;531316;4;3026;0;PM_PH-BE_2;20140323xSun;04_Dobřichovice_Karlštejn;Středočeský kraj;h00;1;N
02-o2_02-edg_03-tour_03-lau2_07-day_05-300+_08-frt-1008_01-sng_00-n_00-n_00-n_00-n_00-n_00-n;1008;0;41716;0;N;539198;531316;4;3026;0;PM_PH-BE_2;20140318xTue;04_Dobřichovice_Karlštejn;Středočeský kraj;h00;2;N
02-o2_02-edg_03-tour_03-lau2_07-day_05-300+_08-frt-1008_01-sng_00-n_00-n_00-n_00-n_00-n_00-n;1008;0;41713;0;N;539198;531316;4;3026;0;PM_PH-BE_2;20140315xSat;04_Dobřichovice_Karlštejn;Středočeský kraj;h00;1;N
02-o2_02-edg_03-tour_03-lau2_07-day_05-300+_08-frt-1008_01-sng_00-n_00-n_00-n_00-n_00-n_00-n;1008;0;41718;0;N;539198;531316;4;3026;0;PM_PH-BE_2;20140320xThu;04_Dobřichovice_Karlštejn;Středočeský kraj;h00;1;N
02-o2_02-edg_03-tour_03-lau2_07-day_05-300+_08-frt-1008_01-sng_00-n_00-n_00-n_00-n_00-n_00-n;1008;0;41712;0;N;539198;531316;4;3026;0;PM_PH-BE_2;20140314xFri;04_Dobřichovice_Karlštejn;Středočeský kraj;h00;3;N
02-o2_02-edg_03-tour_03-lau2_07-day_05-300+_08-frt-1008_01-sng_00-n_00-n_00-n_00-n_00-n_00-n;1008;0;41720;0;N;539198;531316;4;3026;0;PM_PH-BE_2;20140322xSat;04_Dobřichovice_Karlštejn;Středočeský kraj;h00;1;N
02-o2_02-edg_03-tour_03-lau2_07-day_05-300+_08-frt-1008_01-sng_00-n_00-n_00-n_00-n_00-n_00-n;1008;0;41719;0;N;539198;531316;4;3026;0;PM_PH-BE_2;20140321xFri;04_Dobřichovice_Karlštejn;Středočeský kraj;h00;2;N
02-o2_02-edg_03-tour_03-lau2_07-day_05-300+_08-frt-1008_01-sng_00-n_00-n_00-n_00-n_00-n_00-n;1008;0;41714;0;N;539198;531316;4;3026;0;PM_PH-BE_2;20140316xSun;04_Dobřichovice_Karlštejn;Středočeský kraj;h00;1;N
02-o2_02-edg_03-tour_03-lau2_07-day_05-300+_08-frt-1008_01-sng_00-n_00-n_00-n_00-n_00-n_00-n;1008;0;41712;0;N;539198;531057;4;3026;0;PM_PH-BE_2;20140314xFri;04_Dobřichovice_Beroun;Středočeský kraj;h00;1;N
02-o2_02-edg_03-tour_03-lau2_07-day_05-300+_08-frt-1008_01-sng_00-n_00-n_00-n_00-n_00-n_00-n;1008;0;41711;0;N;539198;531057;4;3026;0;PM_PH-BE_2;20140313xThu;04_Dobřichovice_Beroun;Středočeský kraj;h00;5;N
02-o2_02-edg_03-tour_03-lau2_07-day_05-300+_08-frt-1008_01-sng_00-n_00-n_00-n_00-n_00-n_00-n;1008;0;41724;0;N;539198;531057;4;3026;0;PM_PH-BE_2;20140326xWed;04_Dobřichovice_Beroun;Středočeský kraj;h00;1;N
02-o2_02-edg_03-tour_03-lau2_07-day_05-300+_08-frt-1008_01-sng_00-n_00-n_00-n_00-n_00-n_00-n;1008;0;41715;0;N;539198;531057;4;3026;0;PM_PH-BE_2;20140317xMon;04_Dobřichovice_Beroun;Středočeský kraj;h00;1;N
02-o2_02-edg_03-tour_03-lau2_07-day_05-300+_08-frt-1008_01-sng_00-n_00-n_00-n_00-n_00-n_00-n;1008;0;41722;0;N;539198;531057;4;3026;0;PM_PH-BE_2;20140324xMon;04_Dobřichovice_Beroun;Středočeský kraj;h00;1;N
02-o2_02-edg_03-tour_03-lau2_07-day_05-300+_08-frt-1008_01-sng_00-n_00-n_00-n_00-n_00-n_00-n;1008;0;41720;0;N;539198;531057;4;3026;0;PM_PH-BE_2;20140322xSat;04_Dobřichovice_Beroun;Středočeský kraj;h00;1;N
02-o2_02-edg_03-tour_03-lau2_07-day_05-300+_08-frt-1008_01-sng_00-n_00-n_00-n_00-n_00-n_00-n;1008;0;41714;0;N;539198;531057;4;3026;0;PM_PH-BE_2;20140316xSun;04_Dobřichovice_Beroun;Středočeský kraj;h00;2;N
02-o2_02-edg_03-tour_03-lau2_07-day_05-300+_08-frt-1008_01-sng_00-n_00-n_00-n_00-n_00-n_00-n;1008;0;41716;0;N;539198;531057;4;3026;0;PM_PH-BE_2;20140318xTue;04_Dobřichovice_Beroun;Středočeský kraj;h00;1;N
02-o2_02-edg_03-tour_03-lau2_07-day_05-300+_08-frt-1008_01-sng_00-n_00-n_00-n_00-n_00-n_00-n;1008;0;41719;0;N;539198;531057;4;3026;0;PM_PH-BE_2;20140321xFri;04_Dobřichovice_Beroun;Středočeský kraj;h00;1;N
02-o2_02-edg_03-tour_03-lau2_07-day_05-300+_08-frt-1008_01-sng_00-n_00-n_00-n_00-n_00-n_00-n;1008;0;41718;0;N;539198;531057;4;3026;0;PM_PH-BE_2;20140320xThu;04_Dobřichovice_Beroun;Středočeský kraj;h00;1;N
02-o2_02-edg_03-tour_03-lau2_07-day_05-300+_08-frt-1008_01-sng_00-n_00-n_00-n_00-n_00-n_00-n;1008;0;41716;0;N;539139;539856;2;3026;0;PM_PH-BE_2;20140318xTue;02_Černošice_Všenory;Středočeský kraj;h00;57;N
02-o2_02-edg_03-tour_03-lau2_07-day_05-300+_08-frt-1008_01-sng_00-n_00-n_00-n_00-n_00-n_00-n;1008;0;41723;0;N;539139;539856;2;3026;0;PM_PH-BE_2;20140325xTue;02_Černošice_Všenory;Středočeský kraj;h00;65;N
02-o2_02-edg_03-tour_03-lau2_07-day_05-300+_08-frt-1008_01-sng_00-n_00-n_00-n_00-n_00-n_00-n;1008;0;41724;0;N;539139;539856;2;3026;0;PM_PH-BE_2;20140326xWed;02_Černošice_Všenory;Středočeský kraj;h00;60;N
02-o2_02-edg_03-tour_03-lau2_07-day_05-300+_08-frt-1008_01-sng_00-n_00-n_00-n_00-n_00-n_00-n;1008;0;41710;0;N;539139;539856;2;3026;0;PM_PH-BE_2;20140312xWed;02_Černošice_Všenory;Středočeský kraj;h00;67;N
02-o2_02-edg_03-tour_03-lau2_07-day_05-300+_08-frt-1008_01-sng_00-n_00-n_00-n_00-n_00-n_00-n;1008;0;41721;0;N;539139;539856;2;3026;0;PM_PH-BE_2;20140323xSun;02_Černošice_Všenory;Středočeský kraj;h00;95;N
02-o2_02-edg_03-tour_03-lau2_07-day_05-300+_08-frt-1008_01-sng_00-n_00-n_00-n_00-n_00-n_00-n;1008;0;41713;0;N;539139;539856;2;3026;0;PM_PH-BE_2;20140315xSat;02_Černošice_Všenory;Středočeský kraj;h00;78;N
02-o2_02-edg_03-tour_03-lau2_07-day_05-300+_08-frt-1008_01-sng_00-n_00-n_00-n_00-n_00-n_00-n;1008;0;41720;0;N;539139;539856;2;3026;0;PM_PH-BE_2;20140322xSat;02_Černošice_Všenory;Středočeský kraj;h00;91;N
02-o2_02-edg_03-tour_03-lau2_07-day_05-300+_08-frt-1008_01-sng_00-n_00-n_00-n_00-n_00-n_00-n;1008;0;41714;0;N;539139;539856;2;3026;0;PM_PH-BE_2;20140316xSun;02_Černošice_Všenory;Středočeský kraj;h00;67;N
02-o2_02-edg_03-tour_03-lau2_07-day_05-300+_08-frt-1008_01-sng_00-n_00-n_00-n_00-n_00-n_00-n;1008;0;41712;0;N;539139;539856;2;3026;0;PM_PH-BE_2;20140314xFri;02_Černošice_Všenory;Středočeský kraj;h00;77;N
02-o2_02-edg_03-tour_03-lau2_07-day_05-300+_08-frt-1008_01-sng_00-n_00-n_00-n_00-n_00-n_00-n;1008;0;41715;0;N;539139;539856;2;3026;0;PM_PH-BE_2;20140317xMon;02_Černošice_Všenory;Středočeský kraj;h00;51;N
02-o2_02-edg_03-tour_03-lau2_07-day_05-300+_08-frt-1008_01-sng_00-n_00-n_00-n_00-n_00-n_00-n;1008;0;41719;0;N;539139;539856;2;3026;0;PM_PH-BE_2;20140321xFri;02_Černošice_Všenory;Středočeský kraj;h00;54;N
02-o2_02-edg_03-tour_03-lau2_07-day_05-300+_08-frt-1008_01-sng_00-n_00-n_00-n_00-n_00-n_00-n;1008;0;41717;0;N;539139;539856;2;3026;0;PM_PH-BE_2;20140319xWed;02_Černošice_Všenory;Středočeský kraj;h00;94;N
02-o2_02-edg_03-tour_03-lau2_07-day_05-300+_08-frt-1008_01-sng_00-n_00-n_00-n_00-n_00-n_00-n;1008;0;41722;0;N;539139;539856;2;3026;0;PM_PH-BE_2;20140324xMon;02_Černošice_Všenory;Středočeský kraj;h00;74;N
02-o2_02-edg_03-tour_03-lau2_07-day_05-300+_08-frt-1008_01-sng_00-n_00-n_00-n_00-n_00-n_00-n;1008;0;41711;0;N;539139;539856;2;3026;0;PM_PH-BE_2;20140313xThu;02_Černošice_Všenory;Středočeský kraj;h00;56;N
02-o2_02-edg_03-tour_03-lau2_07-day_05-300+_08-frt-1008_01-sng_00-n_00-n_00-n_00-n_00-n_00-n;1008;0;41718;0;N;539139;539856;2;3026;0;PM_PH-BE_2;20140320xThu;02_Černošice_Všenory;Středočeský kraj;h00;55;N
02-o2_02-edg_03-tour_03-lau2_07-day_05-300+_08-frt-1008_01-sng_00-n_00-n_00-n_00-n_00-n_00-n;1008;0;41717;0;N;539139;539643;2;3026;0;PM_PH-BE_2;20140319xWed;02_Černošice_Řevnice;Středočeský kraj;h00;1;N
02-o2_02-edg_03-tour_03-lau2_07-day_05-300+_08-frt-1008_01-sng_00-n_00-n_00-n_00-n_00-n_00-n;1008;0;41715;0;N;539139;539643;2;3026;0;PM_PH-BE_2;20140317xMon;02_Černošice_Řevnice;Středočeský kraj;h00;1;N
02-o2_02-edg_03-tour_03-lau2_07-day_05-300+_08-frt-1008_01-sng_00-n_00-n_00-n_00-n_00-n_00-n;1008;0;41723;0;N;539139;539643;2;3026;0;PM_PH-BE_2;20140325xTue;02_Černošice_Řevnice;Středočeský kraj;h00;1;N
02-o2_02-edg_03-tour_03-lau2_07-day_05-300+_08-frt-1008_01-sng_00-n_00-n_00-n_00-n_00-n_00-n;1008;0;41714;0;N;539139;539643;2;3026;0;PM_PH-BE_2;20140316xSun;02_Černošice_Řevnice;Středočeský kraj;h00;1;N
02-o2_02-edg_03-tour_03-lau2_07-day_05-300+_08-frt-1008_01-sng_00-n_00-n_00-n_00-n_00-n_00-n;1008;0;41710;0;N;539139;539643;2;3026;0;PM_PH-BE_2;20140312xWed;02_Černošice_Řevnice;Středočeský kraj;h00;2;N
02-o2_02-edg_03-tour_03-lau2_07-day_05-300+_08-frt-1008_01-sng_00-n_00-n_00-n_00-n_00-n_00-n;1008;0;41711;0;N;539139;539643;2;3026;0;PM_PH-BE_2;20140313xThu;02_Černošice_Řevnice;Středočeský kraj;h00;2;N
02-o2_02-edg_03-tour_03-lau2_07-day_05-300+_08-frt-1008_01-sng_00-n_00-n_00-n_00-n_00-n_00-n;1008;0;41718;0;N;539139;539643;2;3026;0;PM_PH-BE_2;20140320xThu;02_Černošice_Řevnice;Středočeský kraj;h00;1;N
02-o2_02-edg_03-tour_03-lau2_07-day_05-300+_08-frt-1008_01-sng_00-n_00-n_00-n_00-n_00-n_00-n;1008;0;41720;0;N;539139;539643;2;3026;0;PM_PH-BE_2;20140322xSat;02_Černošice_Řevnice;Středočeský kraj;h00;2;N
02-o2_02-edg_03-tour_03-lau2_07-day_05-300+_08-frt-1008_01-sng_00-n_00-n_00-n_00-n_00-n_00-n;1008;0;41716;0;N;539139;539198;2;3026;0;PM_PH-BE_2;20140318xTue;02_Černošice_Dobřichovice;Středočeský kraj;h00;7;N
02-o2_02-edg_03-tour_03-lau2_07-day_05-300+_08-frt-1008_01-sng_00-n_00-n_00-n_00-n_00-n_00-n;1008;0;41715;0;N;539139;539198;2;3026;0;PM_PH-BE_2;20140317xMon;02_Černošice_Dobřichovice;Středočeský kraj;h00;12;N
02-o2_02-edg_03-tour_03-lau2_07-day_05-300+_08-frt-1008_01-sng_00-n_00-n_00-n_00-n_00-n_00-n;1008;0;41719;0;N;539139;539198;2;3026;0;PM_PH-BE_2;20140321xFri;02_Černošice_Dobřichovice;Středočeský kraj;h00;7;N
02-o2_02-edg_03-tour_03-lau2_07-day_05-300+_08-frt-1008_01-sng_00-n_00-n_00-n_00-n_00-n_00-n;1008;0;41722;0;N;539139;539198;2;3026;0;PM_PH-BE_2;20140324xMon;02_Černošice_Dobřichovice;Středočeský kraj;h00;14;N
02-o2_02-edg_03-tour_03-lau2_07-day_05-300+_08-frt-1008_01-sng_00-n_00-n_00-n_00-n_00-n_00-n;1008;0;41720;0;N;539139;539198;2;3026;0;PM_PH-BE_2;20140322xSat;02_Černošice_Dobřichovice;Středočeský kraj;h00;17;N
02-o2_02-edg_03-tour_03-lau2_07-day_05-300+_08-frt-1008_01-sng_00-n_00-n_00-n_00-n_00-n_00-n;1008;0;41710;0;N;539139;539198;2;3026;0;PM_PH-BE_2;20140312xWed;02_Černošice_Dobřichovice;Středočeský kraj;h00;19;N
02-o2_02-edg_03-tour_03-lau2_07-day_05-300+_08-frt-1008_01-sng_00-n_00-n_00-n_00-n_00-n_00-n;1008;0;41721;0;N;539139;539198;2;3026;0;PM_PH-BE_2;20140323xSun;02_Černošice_Dobřichovice;Středočeský kraj;h00;7;N
02-o2_02-edg_03-tour_03-lau2_07-day_05-300+_08-frt-1008_01-sng_00-n_00-n_00-n_00-n_00-n_00-n;1008;0;41723;0;N;539139;539198;2;3026;0;PM_PH-BE_2;20140325xTue;02_Černošice_Dobřichovice;Středočeský kraj;h00;16;N
02-o2_02-edg_03-tour_03-lau2_07-day_05-300+_08-frt-1008_01-sng_00-n_00-n_00-n_00-n_00-n_00-n;1008;0;41718;0;N;539139;539198;2;3026;0;PM_PH-BE_2;20140320xThu;02_Černošice_Dobřichovice;Středočeský kraj;h00;12;N
02-o2_02-edg_03-tour_03-lau2_07-day_05-300+_08-frt-1008_01-sng_00-n_00-n_00-n_00-n_00-n_00-n;1008;0;41713;0;N;539139;539198;2;3026;0;PM_PH-BE_2;20140315xSat;02_Černošice_Dobřichovice;Středočeský kraj;h00;13;N
02-o2_02-edg_03-tour_03-lau2_07-day_05-300+_08-frt-1008_01-sng_00-n_00-n_00-n_00-n_00-n_00-n;1008;0;41714;0;N;539139;539198;2;3026;0;PM_PH-BE_2;20140316xSun;02_Černošice_Dobřichovice;Středočeský kraj;h00;10;N
02-o2_02-edg_03-tour_03-lau2_07-day_05-300+_08-frt-1008_01-sng_00-n_00-n_00-n_00-n_00-n_00-n;1008;0;41712;0;N;539139;539198;2;3026;0;PM_PH-BE_2;20140314xFri;02_Černošice_Dobřichovice;Středočeský kraj;h00;20;N
02-o2_02-edg_03-tour_03-lau2_07-day_05-300+_08-frt-1008_01-sng_00-n_00-n_00-n_00-n_00-n_00-n;1008;0;41711;0;N;539139;539198;2;3026;0;PM_PH-BE_2;20140313xThu;02_Černošice_Dobřichovice;Středočeský kraj;h00;15;N
02-o2_02-edg_03-tour_03-lau2_07-day_05-300+_08-frt-1008_01-sng_00-n_00-n_00-n_00-n_00-n_00-n;1008;0;41717;0;N;539139;539198;2;3026;0;PM_PH-BE_2;20140319xWed;02_Černošice_Dobřichovice;Středočeský kraj;h00;19;N
02-o2_02-edg_03-tour_03-lau2_07-day_05-300+_08-frt-1008_01-sng_00-n_00-n_00-n_00-n_00-n_00-n;1008;0;41724;0;N;539139;539198;2;3026;0;PM_PH-BE_2;20140326xWed;02_Černošice_Dobřichovice;Středočeský kraj;h00;14;N
02-o2_02-edg_03-tour_03-lau2_07-day_05-300+_08-frt-1008_01-sng_00-n_00-n_00-n_00-n_00-n_00-n;1008;0;41710;0;N;539139;531316;2;3026;0;PM_PH-BE_2;20140312xWed;02_Černošice_Karlštejn;Středočeský kraj;h00;1;N
02-o2_02-edg_03-tour_03-lau2_07-day_05-300+_08-frt-1008_01-sng_00-n_00-n_00-n_00-n_00-n_00-n;1008;0;41724;0;N;539139;531316;2;3026;0;PM_PH-BE_2;20140326xWed;02_Černošice_Karlštejn;Středočeský kraj;h00;1;N
02-o2_02-edg_03-tour_03-lau2_07-day_05-300+_08-frt-1008_01-sng_00-n_00-n_00-n_00-n_00-n_00-n;1008;0;41720;0;N;539139;531316;2;3026;0;PM_PH-BE_2;20140322xSat;02_Černošice_Karlštejn;Středočeský kraj;h00;1;N
02-o2_02-edg_03-tour_03-lau2_07-day_05-300+_08-frt-1008_01-sng_00-n_00-n_00-n_00-n_00-n_00-n;1008;0;41718;0;N;539139;531316;2;3026;0;PM_PH-BE_2;20140320xThu;02_Černošice_Karlštejn;Středočeský kraj;h00;1;N
02-o2_02-edg_03-tour_03-lau2_07-day_05-300+_08-frt-1008_01-sng_00-n_00-n_00-n_00-n_00-n_00-n;1008;0;41717;0;N;539139;531316;2;3026;0;PM_PH-BE_2;20140319xWed;02_Černošice_Karlštejn;Středočeský kraj;h00;2;N
02-o2_02-edg_03-tour_03-lau2_07-day_05-300+_08-frt-1008_01-sng_00-n_00-n_00-n_00-n_00-n_00-n;1008;0;41722;0;N;539139;531316;2;3026;0;PM_PH-BE_2;20140324xMon;02_Černošice_Karlštejn;Středočeský kraj;h00;1;N
02-o2_02-edg_03-tour_03-lau2_07-day_05-300+_08-frt-1008_01-sng_00-n_00-n_00-n_00-n_00-n_00-n;1008;0;41716;0;N;539139;531316;2;3026;0;PM_PH-BE_2;20140318xTue;02_Černošice_Karlštejn;Středočeský kraj;h00;1;N
02-o2_02-edg_03-tour_03-lau2_07-day_05-300+_08-frt-1008_01-sng_00-n_00-n_00-n_00-n_00-n_00-n;1008;0;41713;0;N;539139;531316;2;3026;0;PM_PH-BE_2;20140315xSat;02_Černošice_Karlštejn;Středočeský kraj;h00;1;N
02-o2_02-edg_03-tour_03-lau2_07-day_05-300+_08-frt-1008_01-sng_00-n_00-n_00-n_00-n_00-n_00-n;1008;0;41715;0;N;539139;531316;2;3026;0;PM_PH-BE_2;20140317xMon;02_Černošice_Karlštejn;Středočeský kraj;h00;1;N
02-o2_02-edg_03-tour_03-lau2_07-day_05-300+_08-frt-1008_01-sng_00-n_00-n_00-n_00-n_00-n_00-n;1008;0;41719;0;N;539139;531316;2;3026;0;PM_PH-BE_2;20140321xFri;02_Černošice_Karlštejn;Středočeský kraj;h00;3;N
02-o2_02-edg_03-tour_03-lau2_07-day_05-300+_08-frt-1008_01-sng_00-n_00-n_00-n_00-n_00-n_00-n;1008;0;41718;0;N;539139;531057;2;3026;0;PM_PH-BE_2;20140320xThu;02_Černošice_Beroun;Středočeský kraj;h00;1;N
02-o2_02-edg_03-tour_03-lau2_07-day_05-300+_08-frt-1008_01-sng_00-n_00-n_00-n_00-n_00-n_00-n;1008;0;41713;0;N;539139;531057;2;3026;0;PM_PH-BE_2;20140315xSat;02_Černošice_Beroun;Středočeský kraj;h00;2;N
02-o2_02-edg_03-tour_03-lau2_07-day_05-300+_08-frt-1008_01-sng_00-n_00-n_00-n_00-n_00-n_00-n;1008;0;41721;0;N;539139;531057;2;3026;0;PM_PH-BE_2;20140323xSun;02_Černošice_Beroun;Středočeský kraj;h00;1;N
02-o2_02-edg_03-tour_03-lau2_07-day_05-300+_08-frt-1008_01-sng_00-n_00-n_00-n_00-n_00-n_00-n;1008;0;41711;0;N;539139;531057;2;3026;0;PM_PH-BE_2;20140313xThu;02_Černošice_Beroun;Středočeský kraj;h00;1;N
02-o2_02-edg_03-tour_03-lau2_07-day_05-300+_08-frt-1008_01-sng_00-n_00-n_00-n_00-n_00-n_00-n;1008;0;41710;0;N;539139;531057;2;3026;0;PM_PH-BE_2;20140312xWed;02_Černošice_Beroun;Středočeský kraj;h00;1;N
02-o2_02-edg_03-tour_03-lau2_07-day_05-300+_08-frt-1008_01-sng_00-n_00-n_00-n_00-n_00-n_00-n;1008;0;41715;0;N;539139;531057;2;3026;0;PM_PH-BE_2;20140317xMon;02_Černošice_Beroun;Středočeský kraj;h00;1;N
02-o2_02-edg_03-tour_03-lau2_07-day_05-300+_08-frt-1008_01-sng_00-n_00-n_00-n_00-n_00-n_00-n;1008;0;41711;0;N;531979;531758;6;3026;0;PM_PH-BE_2;20140313xThu;06_Zadní Třebaň_Srbsko;Středočeský kraj;h00;1;N
02-o2_02-edg_03-tour_03-lau2_07-day_05-300+_08-frt-1008_01-sng_00-n_00-n_00-n_00-n_00-n_00-n;1008;0;41720;0;N;531979;531316;6;3026;0;PM_PH-BE_2;20140322xSat;06_Zadní Třebaň_Karlštejn;Středočeský kraj;h00;1;N
02-o2_02-edg_03-tour_03-lau2_07-day_05-300+_08-frt-1008_01-sng_00-n_00-n_00-n_00-n_00-n_00-n;1008;0;41715;0;N;531979;531316;6;3026;0;PM_PH-BE_2;20140317xMon;06_Zadní Třebaň_Karlštejn;Středočeský kraj;h00;1;N
02-o2_02-edg_03-tour_03-lau2_07-day_05-300+_08-frt-1008_01-sng_00-n_00-n_00-n_00-n_00-n_00-n;1008;0;41714;0;N;531979;531316;6;3026;0;PM_PH-BE_2;20140316xSun;06_Zadní Třebaň_Karlštejn;Středočeský kraj;h00;1;N
02-o2_02-edg_03-tour_03-lau2_07-day_05-300+_08-frt-1008_01-sng_00-n_00-n_00-n_00-n_00-n_00-n;1008;0;41718;0;N;531979;531316;6;3026;0;PM_PH-BE_2;20140320xThu;06_Zadní Třebaň_Karlštejn;Středočeský kraj;h00;1;N
02-o2_02-edg_03-tour_03-lau2_07-day_05-300+_08-frt-1008_01-sng_00-n_00-n_00-n_00-n_00-n_00-n;1008;0;41721;0;N;531979;531316;6;3026;0;PM_PH-BE_2;20140323xSun;06_Zadní Třebaň_Karlštejn;Středočeský kraj;h00;3;N
02-o2_02-edg_03-tour_03-lau2_07-day_05-300+_08-frt-1008_01-sng_00-n_00-n_00-n_00-n_00-n_00-n;1008;0;41723;0;N;531979;531316;6;3026;0;PM_PH-BE_2;20140325xTue;06_Zadní Třebaň_Karlštejn;Středočeský kraj;h00;1;N
02-o2_02-edg_03-tour_03-lau2_07-day_05-300+_08-frt-1008_01-sng_00-n_00-n_00-n_00-n_00-n_00-n;1008;0;41716;0;N;531979;531316;6;3026;0;PM_PH-BE_2;20140318xTue;06_Zadní Třebaň_Karlštejn;Středočeský kraj;h00;3;N
02-o2_02-edg_03-tour_03-lau2_07-day_05-300+_08-frt-1008_01-sng_00-n_00-n_00-n_00-n_00-n_00-n;1008;0;41712;0;N;531979;531316;6;3026;0;PM_PH-BE_2;20140314xFri;06_Zadní Třebaň_Karlštejn;Středočeský kraj;h00;5;N
02-o2_02-edg_03-tour_03-lau2_07-day_05-300+_08-frt-1008_01-sng_00-n_00-n_00-n_00-n_00-n_00-n;1008;0;41713;0;N;531979;531316;6;3026;0;PM_PH-BE_2;20140315xSat;06_Zadní Třebaň_Karlštejn;Středočeský kraj;h00;2;N
02-o2_02-edg_03-tour_03-lau2_07-day_05-300+_08-frt-1008_01-sng_00-n_00-n_00-n_00-n_00-n_00-n;1008;0;41724;0;N;531979;531316;6;3026;0;PM_PH-BE_2;20140326xWed;06_Zadní Třebaň_Karlštejn;Středočeský kraj;h00;1;N
02-o2_02-edg_03-tour_03-lau2_07-day_05-300+_08-frt-1008_01-sng_00-n_00-n_00-n_00-n_00-n_00-n;1008;0;41711;0;N;531979;531316;6;3026;0;PM_PH-BE_2;20140313xThu;06_Zadní Třebaň_Karlštejn;Středočeský kraj;h00;4;N
02-o2_02-edg_03-tour_03-lau2_07-day_05-300+_08-frt-1008_01-sng_00-n_00-n_00-n_00-n_00-n_00-n;1008;0;41710;0;N;531979;531316;6;3026;0;PM_PH-BE_2;20140312xWed;06_Zadní Třebaň_Karlštejn;Středočeský kraj;h00;2;N
02-o2_02-edg_03-tour_03-lau2_07-day_05-300+_08-frt-1008_01-sng_00-n_00-n_00-n_00-n_00-n_00-n;1008;0;41717;0;N;531979;531316;6;3026;0;PM_PH-BE_2;20140319xWed;06_Zadní Třebaň_Karlštejn;Středočeský kraj;h00;7;N
02-o2_02-edg_03-tour_03-lau2_07-day_05-300+_08-frt-1008_01-sng_00-n_00-n_00-n_00-n_00-n_00-n;1008;0;41722;0;N;531979;531316;6;3026;0;PM_PH-BE_2;20140324xMon;06_Zadní Třebaň_Karlštejn;Středočeský kraj;h00;1;N
02-o2_02-edg_03-tour_03-lau2_07-day_05-300+_08-frt-1008_01-sng_00-n_00-n_00-n_00-n_00-n_00-n;1008;0;41710;0;N;531979;531057;6;3026;0;PM_PH-BE_2;20140312xWed;06_Zadní Třebaň_Beroun;Středočeský kraj;h00;1;N
02-o2_02-edg_03-tour_03-lau2_07-day_05-300+_08-frt-1008_01-sng_00-n_00-n_00-n_00-n_00-n_00-n;1008;0;41718;0;N;531979;531057;6;3026;0;PM_PH-BE_2;20140320xThu;06_Zadní Třebaň_Beroun;Středočeský kraj;h00;1;N
02-o2_02-edg_03-tour_03-lau2_07-day_05-300+_08-frt-1008_01-sng_00-n_00-n_00-n_00-n_00-n_00-n;1008;0;41722;0;N;531979;531057;6;3026;0;PM_PH-BE_2;20140324xMon;06_Zadní Třebaň_Beroun;Středočeský kraj;h00;1;N
02-o2_02-edg_03-tour_03-lau2_07-day_05-300+_08-frt-1008_01-sng_00-n_00-n_00-n_00-n_00-n_00-n;1008;0;41712;0;N;531758;531057;8;3026;0;PM_PH-BE_2;20140314xFri;08_Srbsko_Beroun;Středočeský kraj;h00;7;N
02-o2_02-edg_03-tour_03-lau2_07-day_05-300+_08-frt-1008_01-sng_00-n_00-n_00-n_00-n_00-n_00-n;1008;0;41716;0;N;531758;531057;8;3026;0;PM_PH-BE_2;20140318xTue;08_Srbsko_Beroun;Středočeský kraj;h00;7;N
02-o2_02-edg_03-tour_03-lau2_07-day_05-300+_08-frt-1008_01-sng_00-n_00-n_00-n_00-n_00-n_00-n;1008;0;41722;0;N;531758;531057;8;3026;0;PM_PH-BE_2;20140324xMon;08_Srbsko_Beroun;Středočeský kraj;h00;4;N
02-o2_02-edg_03-tour_03-lau2_07-day_05-300+_08-frt-1008_01-sng_00-n_00-n_00-n_00-n_00-n_00-n;1008;0;41721;0;N;531758;531057;8;3026;0;PM_PH-BE_2;20140323xSun;08_Srbsko_Beroun;Středočeský kraj;h00;3;N
02-o2_02-edg_03-tour_03-lau2_07-day_05-300+_08-frt-1008_01-sng_00-n_00-n_00-n_00-n_00-n_00-n;1008;0;41713;0;N;531758;531057;8;3026;0;PM_PH-BE_2;20140315xSat;08_Srbsko_Beroun;Středočeský kraj;h00;8;N
02-o2_02-edg_03-tour_03-lau2_07-day_05-300+_08-frt-1008_01-sng_00-n_00-n_00-n_00-n_00-n_00-n;1008;0;41710;0;N;531758;531057;8;3026;0;PM_PH-BE_2;20140312xWed;08_Srbsko_Beroun;Středočeský kraj;h00;14;N
02-o2_02-edg_03-tour_03-lau2_07-day_05-300+_08-frt-1008_01-sng_00-n_00-n_00-n_00-n_00-n_00-n;1008;0;41719;0;N;531758;531057;8;3026;0;PM_PH-BE_2;20140321xFri;08_Srbsko_Beroun;Středočeský kraj;h00;10;N
02-o2_02-edg_03-tour_03-lau2_07-day_05-300+_08-frt-1008_01-sng_00-n_00-n_00-n_00-n_00-n_00-n;1008;0;41724;0;N;531758;531057;8;3026;0;PM_PH-BE_2;20140326xWed;08_Srbsko_Beroun;Středočeský kraj;h00;5;N
02-o2_02-edg_03-tour_03-lau2_07-day_05-300+_08-frt-1008_01-sng_00-n_00-n_00-n_00-n_00-n_00-n;1008;0;41715;0;N;531758;531057;8;3026;0;PM_PH-BE_2;20140317xMon;08_Srbsko_Beroun;Středočeský kraj;h00;4;N
02-o2_02-edg_03-tour_03-lau2_07-day_05-300+_08-frt-1008_01-sng_00-n_00-n_00-n_00-n_00-n_00-n;1008;0;41723;0;N;531758;531057;8;3026;0;PM_PH-BE_2;20140325xTue;08_Srbsko_Beroun;Středočeský kraj;h00;6;N
02-o2_02-edg_03-tour_03-lau2_07-day_05-300+_08-frt-1008_01-sng_00-n_00-n_00-n_00-n_00-n_00-n;1008;0;41718;0;N;531758;531057;8;3026;0;PM_PH-BE_2;20140320xThu;08_Srbsko_Beroun;Středočeský kraj;h00;7;N
02-o2_02-edg_03-tour_03-lau2_07-day_05-300+_08-frt-1008_01-sng_00-n_00-n_00-n_00-n_00-n_00-n;1008;0;41720;0;N;531758;531057;8;3026;0;PM_PH-BE_2;20140322xSat;08_Srbsko_Beroun;Středočeský kraj;h00;11;N
02-o2_02-edg_03-tour_03-lau2_07-day_05-300+_08-frt-1008_01-sng_00-n_00-n_00-n_00-n_00-n_00-n;1008;0;41717;0;N;531758;531057;8;3026;0;PM_PH-BE_2;20140319xWed;08_Srbsko_Beroun;Středočeský kraj;h00;6;N
02-o2_02-edg_03-tour_03-lau2_07-day_05-300+_08-frt-1008_01-sng_00-n_00-n_00-n_00-n_00-n_00-n;1008;0;41711;0;N;531758;531057;8;3026;0;PM_PH-BE_2;20140313xThu;08_Srbsko_Beroun;Středočeský kraj;h00;9;N
02-o2_02-edg_03-tour_03-lau2_07-day_05-300+_08-frt-1008_01-sng_00-n_00-n_00-n_00-n_00-n_00-n;1008;0;41714;0;N;531758;531057;8;3026;0;PM_PH-BE_2;20140316xSun;08_Srbsko_Beroun;Středočeský kraj;h00;4;N
02-o2_02-edg_03-tour_03-lau2_07-day_05-300+_08-frt-1008_01-sng_00-n_00-n_00-n_00-n_00-n_00-n;1008;0;41723;0;N;531316;531758;7;3026;0;PM_PH-BE_2;20140325xTue;07_Karlštejn_Srbsko;Středočeský kraj;h00;2;N
02-o2_02-edg_03-tour_03-lau2_07-day_05-300+_08-frt-1008_01-sng_00-n_00-n_00-n_00-n_00-n_00-n;1008;0;41718;0;N;531316;531758;7;3026;0;PM_PH-BE_2;20140320xThu;07_Karlštejn_Srbsko;Středočeský kraj;h00;1;N
02-o2_02-edg_03-tour_03-lau2_07-day_05-300+_08-frt-1008_01-sng_00-n_00-n_00-n_00-n_00-n_00-n;1008;0;41715;0;N;531316;531758;7;3026;0;PM_PH-BE_2;20140317xMon;07_Karlštejn_Srbsko;Středočeský kraj;h00;1;N
02-o2_02-edg_03-tour_03-lau2_07-day_05-300+_08-frt-1008_01-sng_00-n_00-n_00-n_00-n_00-n_00-n;1008;0;41716;0;N;531316;531758;7;3026;0;PM_PH-BE_2;20140318xTue;07_Karlštejn_Srbsko;Středočeský kraj;h00;1;N
02-o2_02-edg_03-tour_03-lau2_07-day_05-300+_08-frt-1008_01-sng_00-n_00-n_00-n_00-n_00-n_00-n;1008;0;41720;0;N;531316;531758;7;3026;0;PM_PH-BE_2;20140322xSat;07_Karlštejn_Srbsko;Středočeský kraj;h00;5;N
02-o2_02-edg_03-tour_03-lau2_07-day_05-300+_08-frt-1008_01-sng_00-n_00-n_00-n_00-n_00-n_00-n;1008;0;41712;0;N;531316;531758;7;3026;0;PM_PH-BE_2;20140314xFri;07_Karlštejn_Srbsko;Středočeský kraj;h00;1;N
02-o2_02-edg_03-tour_03-lau2_07-day_05-300+_08-frt-1008_01-sng_00-n_00-n_00-n_00-n_00-n_00-n;1008;0;41713;0;N;531316;531758;7;3026;0;PM_PH-BE_2;20140315xSat;07_Karlštejn_Srbsko;Středočeský kraj;h00;2;N
02-o2_02-edg_03-tour_03-lau2_07-day_05-300+_08-frt-1008_01-sng_00-n_00-n_00-n_00-n_00-n_00-n;1008;0;41724;0;N;531316;531758;7;3026;0;PM_PH-BE_2;20140326xWed;07_Karlštejn_Srbsko;Středočeský kraj;h00;2;N
02-o2_02-edg_03-tour_03-lau2_07-day_05-300+_08-frt-1008_01-sng_00-n_00-n_00-n_00-n_00-n_00-n;1008;0;41722;0;N;531316;531758;7;3026;0;PM_PH-BE_2;20140324xMon;07_Karlštejn_Srbsko;Středočeský kraj;h00;1;N
02-o2_02-edg_03-tour_03-lau2_07-day_05-300+_08-frt-1008_01-sng_00-n_00-n_00-n_00-n_00-n_00-n;1008;0;41711;0;N;531316;531758;7;3026;0;PM_PH-BE_2;20140313xThu;07_Karlštejn_Srbsko;Středočeský kraj;h00;3;N
02-o2_02-edg_03-tour_03-lau2_07-day_05-300+_08-frt-1008_01-sng_00-n_00-n_00-n_00-n_00-n_00-n;1008;0;41717;0;N;531316;531758;7;3026;0;PM_PH-BE_2;20140319xWed;07_Karlštejn_Srbsko;Středočeský kraj;h00;3;N
02-o2_02-edg_03-tour_03-lau2_07-day_05-300+_08-frt-1008_01-sng_00-n_00-n_00-n_00-n_00-n_00-n;1008;0;41710;0;N;531316;531057;7;3026;0;PM_PH-BE_2;20140312xWed;07_Karlštejn_Beroun;Středočeský kraj;h00;25;N
02-o2_02-edg_03-tour_03-lau2_07-day_05-300+_08-frt-1008_01-sng_00-n_00-n_00-n_00-n_00-n_00-n;1008;0;41719;0;N;531316;531057;7;3026;0;PM_PH-BE_2;20140321xFri;07_Karlštejn_Beroun;Středočeský kraj;h00;15;N
02-o2_02-edg_03-tour_03-lau2_07-day_05-300+_08-frt-1008_01-sng_00-n_00-n_00-n_00-n_00-n_00-n;1008;0;41713;0;N;531316;531057;7;3026;0;PM_PH-BE_2;20140315xSat;07_Karlštejn_Beroun;Středočeský kraj;h00;20;N
02-o2_02-edg_03-tour_03-lau2_07-day_05-300+_08-frt-1008_01-sng_00-n_00-n_00-n_00-n_00-n_00-n;1008;0;41722;0;N;531316;531057;7;3026;0;PM_PH-BE_2;20140324xMon;07_Karlštejn_Beroun;Středočeský kraj;h00;26;N
02-o2_02-edg_03-tour_03-lau2_07-day_05-300+_08-frt-1008_01-sng_00-n_00-n_00-n_00-n_00-n_00-n;1008;0;41711;0;N;531316;531057;7;3026;0;PM_PH-BE_2;20140313xThu;07_Karlštejn_Beroun;Středočeský kraj;h00;27;N
02-o2_02-edg_03-tour_03-lau2_07-day_05-300+_08-frt-1008_01-sng_00-n_00-n_00-n_00-n_00-n_00-n;1008;0;41720;0;N;531316;531057;7;3026;0;PM_PH-BE_2;20140322xSat;07_Karlštejn_Beroun;Středočeský kraj;h00;10;N
02-o2_02-edg_03-tour_03-lau2_07-day_05-300+_08-frt-1008_01-sng_00-n_00-n_00-n_00-n_00-n_00-n;1008;0;41717;0;N;531316;531057;7;3026;0;PM_PH-BE_2;20140319xWed;07_Karlštejn_Beroun;Středočeský kraj;h00;31;N
02-o2_02-edg_03-tour_03-lau2_07-day_05-300+_08-frt-1008_01-sng_00-n_00-n_00-n_00-n_00-n_00-n;1008;0;41714;0;N;531316;531057;7;3026;0;PM_PH-BE_2;20140316xSun;07_Karlštejn_Beroun;Středočeský kraj;h00;7;N
02-o2_02-edg_03-tour_03-lau2_07-day_05-300+_08-frt-1008_01-sng_00-n_00-n_00-n_00-n_00-n_00-n;1008;0;41712;0;N;531316;531057;7;3026;0;PM_PH-BE_2;20140314xFri;07_Karlštejn_Beroun;Středočeský kraj;h00;27;N
02-o2_02-edg_03-tour_03-lau2_07-day_05-300+_08-frt-1008_01-sng_00-n_00-n_00-n_00-n_00-n_00-n;1008;0;41716;0;N;531316;531057;7;3026;0;PM_PH-BE_2;20140318xTue;07_Karlštejn_Beroun;Středočeský kraj;h00;18;N
02-o2_02-edg_03-tour_03-lau2_07-day_05-300+_08-frt-1008_01-sng_00-n_00-n_00-n_00-n_00-n_00-n;1008;0;41715;0;N;531316;531057;7;3026;0;PM_PH-BE_2;20140317xMon;07_Karlštejn_Beroun;Středočeský kraj;h00;17;N
02-o2_02-edg_03-tour_03-lau2_07-day_05-300+_08-frt-1008_01-sng_00-n_00-n_00-n_00-n_00-n_00-n;1008;0;41724;0;N;531316;531057;7;3026;0;PM_PH-BE_2;20140326xWed;07_Karlštejn_Beroun;Středočeský kraj;h00;20;N
02-o2_02-edg_03-tour_03-lau2_07-day_05-300+_08-frt-1008_01-sng_00-n_00-n_00-n_00-n_00-n_00-n;1008;0;41723;0;N;531316;531057;7;3026;0;PM_PH-BE_2;20140325xTue;07_Karlštejn_Beroun;Středočeský kraj;h00;19;N
02-o2_02-edg_03-tour_03-lau2_07-day_05-300+_08-frt-1008_01-sng_00-n_00-n_00-n_00-n_00-n_00-n;1008;0;41718;0;N;531316;531057;7;3026;0;PM_PH-BE_2;20140320xThu;07_Karlštejn_Beroun;Středočeský kraj;h00;24;N
02-o2_02-edg_03-tour_03-lau2_07-day_05-300+_08-frt-1008_01-sng_00-n_00-n_00-n_00-n_00-n_00-n;1008;0;41721;0;N;531316;531057;7;3026;0;PM_PH-BE_2;20140323xSun;07_Karlštejn_Beroun;Středočeský kraj;h00;21;N
02-o2_02-edg_03-tour_03-lau2_07-day_05-300+_08-frt-1008_01-sng_00-n_00-n_00-n_00-n_00-n_00-n;1008;0;41722;0;N;554782;539856;1;3018;0;PM_PH-BE_2;20140324xMon;01_Praha_Všenory;Hlavní město Praha;h00;94;N
02-o2_02-edg_03-tour_03-lau2_07-day_05-300+_08-frt-1008_01-sng_00-n_00-n_00-n_00-n_00-n_00-n;1008;0;41716;0;N;554782;539856;1;3018;0;PM_PH-BE_2;20140318xTue;01_Praha_Všenory;Hlavní město Praha;h00;115;N
02-o2_02-edg_03-tour_03-lau2_07-day_05-300+_08-frt-1008_01-sng_00-n_00-n_00-n_00-n_00-n_00-n;1008;0;41723;0;N;554782;539856;1;3018;0;PM_PH-BE_2;20140325xTue;01_Praha_Všenory;Hlavní město Praha;h00;118;N
02-o2_02-edg_03-tour_03-lau2_07-day_05-300+_08-frt-1008_01-sng_00-n_00-n_00-n_00-n_00-n_00-n;1008;0;41710;0;N;554782;539856;1;3018;0;PM_PH-BE_2;20140312xWed;01_Praha_Všenory;Hlavní město Praha;h00;125;N
02-o2_02-edg_03-tour_03-lau2_07-day_05-300+_08-frt-1008_01-sng_00-n_00-n_00-n_00-n_00-n_00-n;1008;0;41715;0;N;554782;539856;1;3018;0;PM_PH-BE_2;20140317xMon;01_Praha_Všenory;Hlavní město Praha;h00;93;N
02-o2_02-edg_03-tour_03-lau2_07-day_05-300+_08-frt-1008_01-sng_00-n_00-n_00-n_00-n_00-n_00-n;1008;0;41711;0;N;554782;539856;1;3018;0;PM_PH-BE_2;20140313xThu;01_Praha_Všenory;Hlavní město Praha;h00;121;N
02-o2_02-edg_03-tour_03-lau2_07-day_05-300+_08-frt-1008_01-sng_00-n_00-n_00-n_00-n_00-n_00-n;1008;0;41712;0;N;554782;539856;1;3018;0;PM_PH-BE_2;20140314xFri;01_Praha_Všenory;Hlavní město Praha;h00;128;N
02-o2_02-edg_03-tour_03-lau2_07-day_05-300+_08-frt-1008_01-sng_00-n_00-n_00-n_00-n_00-n_00-n;1008;0;41713;0;N;554782;539856;1;3018;0;PM_PH-BE_2;20140315xSat;01_Praha_Všenory;Hlavní město Praha;h00;61;N
02-o2_02-edg_03-tour_03-lau2_07-day_05-300+_08-frt-1008_01-sng_00-n_00-n_00-n_00-n_00-n_00-n;1008;0;41717;0;N;554782;539856;1;3018;0;PM_PH-BE_2;20140319xWed;01_Praha_Všenory;Hlavní město Praha;h00;108;N
02-o2_02-edg_03-tour_03-lau2_07-day_05-300+_08-frt-1008_01-sng_00-n_00-n_00-n_00-n_00-n_00-n;1008;0;41721;0;N;554782;539856;1;3018;0;PM_PH-BE_2;20140323xSun;01_Praha_Všenory;Hlavní město Praha;h00;48;N
02-o2_02-edg_03-tour_03-lau2_07-day_05-300+_08-frt-1008_01-sng_00-n_00-n_00-n_00-n_00-n_00-n;1008;0;41719;0;N;554782;539856;1;3018;0;PM_PH-BE_2;20140321xFri;01_Praha_Všenory;Hlavní město Praha;h00;95;N
02-o2_02-edg_03-tour_03-lau2_07-day_05-300+_08-frt-1008_01-sng_00-n_00-n_00-n_00-n_00-n_00-n;1008;0;41714;0;N;554782;539856;1;3018;0;PM_PH-BE_2;20140316xSun;01_Praha_Všenory;Hlavní město Praha;h00;40;N
02-o2_02-edg_03-tour_03-lau2_07-day_05-300+_08-frt-1008_01-sng_00-n_00-n_00-n_00-n_00-n_00-n;1008;0;41720;0;N;554782;539856;1;3018;0;PM_PH-BE_2;20140322xSat;01_Praha_Všenory;Hlavní město Praha;h00;91;N
02-o2_02-edg_03-tour_03-lau2_07-day_05-300+_08-frt-1008_01-sng_00-n_00-n_00-n_00-n_00-n_00-n;1008;0;41718;0;N;554782;539856;1;3018;0;PM_PH-BE_2;20140320xThu;01_Praha_Všenory;Hlavní město Praha;h00;123;N
02-o2_02-edg_03-tour_03-lau2_07-day_05-300+_08-frt-1008_01-sng_00-n_00-n_00-n_00-n_00-n_00-n;1008;0;41724;0;N;554782;539856;1;3018;0;PM_PH-BE_2;20140326xWed;01_Praha_Všenory;Hlavní město Praha;h00;113;N
02-o2_02-edg_03-tour_03-lau2_07-day_05-300+_08-frt-1008_01-sng_00-n_00-n_00-n_00-n_00-n_00-n;1008;0;41718;0;N;554782;539643;1;3018;0;PM_PH-BE_2;20140320xThu;01_Praha_Řevnice;Hlavní město Praha;h00;13;N
02-o2_02-edg_03-tour_03-lau2_07-day_05-300+_08-frt-1008_01-sng_00-n_00-n_00-n_00-n_00-n_00-n;1008;0;41715;0;N;554782;539643;1;3018;0;PM_PH-BE_2;20140317xMon;01_Praha_Řevnice;Hlavní město Praha;h00;8;N
02-o2_02-edg_03-tour_03-lau2_07-day_05-300+_08-frt-1008_01-sng_00-n_00-n_00-n_00-n_00-n_00-n;1008;0;41716;0;N;554782;539643;1;3018;0;PM_PH-BE_2;20140318xTue;01_Praha_Řevnice;Hlavní město Praha;h00;13;N
02-o2_02-edg_03-tour_03-lau2_07-day_05-300+_08-frt-1008_01-sng_00-n_00-n_00-n_00-n_00-n_00-n;1008;0;41720;0;N;554782;539643;1;3018;0;PM_PH-BE_2;20140322xSat;01_Praha_Řevnice;Hlavní město Praha;h00;7;N
02-o2_02-edg_03-tour_03-lau2_07-day_05-300+_08-frt-1008_01-sng_00-n_00-n_00-n_00-n_00-n_00-n;1008;0;41710;0;N;554782;539643;1;3018;0;PM_PH-BE_2;20140312xWed;01_Praha_Řevnice;Hlavní město Praha;h00;12;N
02-o2_02-edg_03-tour_03-lau2_07-day_05-300+_08-frt-1008_01-sng_00-n_00-n_00-n_00-n_00-n_00-n;1008;0;41713;0;N;554782;539643;1;3018;0;PM_PH-BE_2;20140315xSat;01_Praha_Řevnice;Hlavní město Praha;h00;8;N
02-o2_02-edg_03-tour_03-lau2_07-day_05-300+_08-frt-1008_01-sng_00-n_00-n_00-n_00-n_00-n_00-n;1008;0;41717;0;N;554782;539643;1;3018;0;PM_PH-BE_2;20140319xWed;01_Praha_Řevnice;Hlavní město Praha;h00;13;N
02-o2_02-edg_03-tour_03-lau2_07-day_05-300+_08-frt-1008_01-sng_00-n_00-n_00-n_00-n_00-n_00-n;1008;0;41721;0;N;554782;539643;1;3018;0;PM_PH-BE_2;20140323xSun;01_Praha_Řevnice;Hlavní město Praha;h00;5;N
02-o2_02-edg_03-tour_03-lau2_07-day_05-300+_08-frt-1008_01-sng_00-n_00-n_00-n_00-n_00-n_00-n;1008;0;41724;0;N;554782;539643;1;3018;0;PM_PH-BE_2;20140326xWed;01_Praha_Řevnice;Hlavní město Praha;h00;8;N
02-o2_02-edg_03-tour_03-lau2_07-day_05-300+_08-frt-1008_01-sng_00-n_00-n_00-n_00-n_00-n_00-n;1008;0;41712;0;N;554782;539643;1;3018;0;PM_PH-BE_2;20140314xFri;01_Praha_Řevnice;Hlavní město Praha;h00;11;N
02-o2_02-edg_03-tour_03-lau2_07-day_05-300+_08-frt-1008_01-sng_00-n_00-n_00-n_00-n_00-n_00-n;1008;0;41719;0;N;554782;539643;1;3018;0;PM_PH-BE_2;20140321xFri;01_Praha_Řevnice;Hlavní město Praha;h00;3;N
02-o2_02-edg_03-tour_03-lau2_07-day_05-300+_08-frt-1008_01-sng_00-n_00-n_00-n_00-n_00-n_00-n;1008;0;41723;0;N;554782;539643;1;3018;0;PM_PH-BE_2;20140325xTue;01_Praha_Řevnice;Hlavní město Praha;h00;9;N
02-o2_02-edg_03-tour_03-lau2_07-day_05-300+_08-frt-1008_01-sng_00-n_00-n_00-n_00-n_00-n_00-n;1008;0;41711;0;N;554782;539643;1;3018;0;PM_PH-BE_2;20140313xThu;01_Praha_Řevnice;Hlavní město Praha;h00;16;N
02-o2_02-edg_03-tour_03-lau2_07-day_05-300+_08-frt-1008_01-sng_00-n_00-n_00-n_00-n_00-n_00-n;1008;0;41722;0;N;554782;539643;1;3018;0;PM_PH-BE_2;20140324xMon;01_Praha_Řevnice;Hlavní město Praha;h00;12;N
02-o2_02-edg_03-tour_03-lau2_07-day_05-300+_08-frt-1008_01-sng_00-n_00-n_00-n_00-n_00-n_00-n;1008;0;41714;0;N;554782;539643;1;3018;0;PM_PH-BE_2;20140316xSun;01_Praha_Řevnice;Hlavní město Praha;h00;6;N
02-o2_02-edg_03-tour_03-lau2_07-day_05-300+_08-frt-1008_01-sng_00-n_00-n_00-n_00-n_00-n_00-n;1008;0;41712;0;N;554782;539198;1;3018;0;PM_PH-BE_2;20140314xFri;01_Praha_Dobřichovice;Hlavní město Praha;h00;53;N
02-o2_02-edg_03-tour_03-lau2_07-day_05-300+_08-frt-1008_01-sng_00-n_00-n_00-n_00-n_00-n_00-n;1008;0;41718;0;N;554782;539198;1;3018;0;PM_PH-BE_2;20140320xThu;01_Praha_Dobřichovice;Hlavní město Praha;h00;48;N
02-o2_02-edg_03-tour_03-lau2_07-day_05-300+_08-frt-1008_01-sng_00-n_00-n_00-n_00-n_00-n_00-n;1008;0;41722;0;N;554782;539198;1;3018;0;PM_PH-BE_2;20140324xMon;01_Praha_Dobřichovice;Hlavní město Praha;h00;65;N
02-o2_02-edg_03-tour_03-lau2_07-day_05-300+_08-frt-1008_01-sng_00-n_00-n_00-n_00-n_00-n_00-n;1008;0;41721;0;N;554782;539198;1;3018;0;PM_PH-BE_2;20140323xSun;01_Praha_Dobřichovice;Hlavní město Praha;h00;32;N
02-o2_02-edg_03-tour_03-lau2_07-day_05-300+_08-frt-1008_01-sng_00-n_00-n_00-n_00-n_00-n_00-n;1008;0;41714;0;N;554782;539198;1;3018;0;PM_PH-BE_2;20140316xSun;01_Praha_Dobřichovice;Hlavní město Praha;h00;34;N
02-o2_02-edg_03-tour_03-lau2_07-day_05-300+_08-frt-1008_01-sng_00-n_00-n_00-n_00-n_00-n_00-n;1008;0;41717;0;N;554782;539198;1;3018;0;PM_PH-BE_2;20140319xWed;01_Praha_Dobřichovice;Hlavní město Praha;h00;54;N
02-o2_02-edg_03-tour_03-lau2_07-day_05-300+_08-frt-1008_01-sng_00-n_00-n_00-n_00-n_00-n_00-n;1008;0;41713;0;N;554782;539198;1;3018;0;PM_PH-BE_2;20140315xSat;01_Praha_Dobřichovice;Hlavní město Praha;h00;38;N
02-o2_02-edg_03-tour_03-lau2_07-day_05-300+_08-frt-1008_01-sng_00-n_00-n_00-n_00-n_00-n_00-n;1008;0;41716;0;N;554782;539198;1;3018;0;PM_PH-BE_2;20140318xTue;01_Praha_Dobřichovice;Hlavní město Praha;h00;45;N
02-o2_02-edg_03-tour_03-lau2_07-day_05-300+_08-frt-1008_01-sng_00-n_00-n_00-n_00-n_00-n_00-n;1008;0;41719;0;N;554782;539198;1;3018;0;PM_PH-BE_2;20140321xFri;01_Praha_Dobřichovice;Hlavní město Praha;h00;52;N
02-o2_02-edg_03-tour_03-lau2_07-day_05-300+_08-frt-1008_01-sng_00-n_00-n_00-n_00-n_00-n_00-n;1008;0;41724;0;N;554782;539198;1;3018;0;PM_PH-BE_2;20140326xWed;01_Praha_Dobřichovice;Hlavní město Praha;h00;75;N
02-o2_02-edg_03-tour_03-lau2_07-day_05-300+_08-frt-1008_01-sng_00-n_00-n_00-n_00-n_00-n_00-n;1008;0;41715;0;N;554782;539198;1;3018;0;PM_PH-BE_2;20140317xMon;01_Praha_Dobřichovice;Hlavní město Praha;h00;60;N
02-o2_02-edg_03-tour_03-lau2_07-day_05-300+_08-frt-1008_01-sng_00-n_00-n_00-n_00-n_00-n_00-n;1008;0;41710;0;N;554782;539198;1;3018;0;PM_PH-BE_2;20140312xWed;01_Praha_Dobřichovice;Hlavní město Praha;h00;45;N
02-o2_02-edg_03-tour_03-lau2_07-day_05-300+_08-frt-1008_01-sng_00-n_00-n_00-n_00-n_00-n_00-n;1008;0;41720;0;N;554782;539198;1;3018;0;PM_PH-BE_2;20140322xSat;01_Praha_Dobřichovice;Hlavní město Praha;h00;41;N
02-o2_02-edg_03-tour_03-lau2_07-day_05-300+_08-frt-1008_01-sng_00-n_00-n_00-n_00-n_00-n_00-n;1008;0;41723;0;N;554782;539198;1;3018;0;PM_PH-BE_2;20140325xTue;01_Praha_Dobřichovice;Hlavní město Praha;h00;76;N
02-o2_02-edg_03-tour_03-lau2_07-day_05-300+_08-frt-1008_01-sng_00-n_00-n_00-n_00-n_00-n_00-n;1008;0;41711;0;N;554782;539198;1;3018;0;PM_PH-BE_2;20140313xThu;01_Praha_Dobřichovice;Hlavní město Praha;h00;62;N
02-o2_02-edg_03-tour_03-lau2_07-day_05-300+_08-frt-1008_01-sng_00-n_00-n_00-n_00-n_00-n_00-n;1008;0;41718;0;N;554782;539139;1;3018;0;PM_PH-BE_2;20140320xThu;01_Praha_Černošice;Hlavní město Praha;h00;334;N
02-o2_02-edg_03-tour_03-lau2_07-day_05-300+_08-frt-1008_01-sng_00-n_00-n_00-n_00-n_00-n_00-n;1008;0;41717;0;N;554782;539139;1;3018;0;PM_PH-BE_2;20140319xWed;01_Praha_Černošice;Hlavní město Praha;h00;391;N
02-o2_02-edg_03-tour_03-lau2_07-day_05-300+_08-frt-1008_01-sng_00-n_00-n_00-n_00-n_00-n_00-n;1008;0;41720;0;N;554782;539139;1;3018;0;PM_PH-BE_2;20140322xSat;01_Praha_Černošice;Hlavní město Praha;h00;233;N
02-o2_02-edg_03-tour_03-lau2_07-day_05-300+_08-frt-1008_01-sng_00-n_00-n_00-n_00-n_00-n_00-n;1008;0;41724;0;N;554782;539139;1;3018;0;PM_PH-BE_2;20140326xWed;01_Praha_Černošice;Hlavní město Praha;h00;308;N
02-o2_02-edg_03-tour_03-lau2_07-day_05-300+_08-frt-1008_01-sng_00-n_00-n_00-n_00-n_00-n_00-n;1008;0;41722;0;N;554782;539139;1;3018;0;PM_PH-BE_2;20140324xMon;01_Praha_Černošice;Hlavní město Praha;h00;290;N
02-o2_02-edg_03-tour_03-lau2_07-day_05-300+_08-frt-1008_01-sng_00-n_00-n_00-n_00-n_00-n_00-n;1008;0;41713;0;N;554782;539139;1;3018;0;PM_PH-BE_2;20140315xSat;01_Praha_Černošice;Hlavní město Praha;h00;249;N
02-o2_02-edg_03-tour_03-lau2_07-day_05-300+_08-frt-1008_01-sng_00-n_00-n_00-n_00-n_00-n_00-n;1008;0;41712;0;N;554782;539139;1;3018;0;PM_PH-BE_2;20140314xFri;01_Praha_Černošice;Hlavní město Praha;h00;331;N
02-o2_02-edg_03-tour_03-lau2_07-day_05-300+_08-frt-1008_01-sng_00-n_00-n_00-n_00-n_00-n_00-n;1008;0;41723;0;N;554782;539139;1;3018;0;PM_PH-BE_2;20140325xTue;01_Praha_Černošice;Hlavní město Praha;h00;283;N
02-o2_02-edg_03-tour_03-lau2_07-day_05-300+_08-frt-1008_01-sng_00-n_00-n_00-n_00-n_00-n_00-n;1008;0;41714;0;N;554782;539139;1;3018;0;PM_PH-BE_2;20140316xSun;01_Praha_Černošice;Hlavní město Praha;h00;151;N
02-o2_02-edg_03-tour_03-lau2_07-day_05-300+_08-frt-1008_01-sng_00-n_00-n_00-n_00-n_00-n_00-n;1008;0;41711;0;N;554782;539139;1;3018;0;PM_PH-BE_2;20140313xThu;01_Praha_Černošice;Hlavní město Praha;h00;327;N
02-o2_02-edg_03-tour_03-lau2_07-day_05-300+_08-frt-1008_01-sng_00-n_00-n_00-n_00-n_00-n_00-n;1008;0;41719;0;N;554782;539139;1;3018;0;PM_PH-BE_2;20140321xFri;01_Praha_Černošice;Hlavní město Praha;h00;177;N
02-o2_02-edg_03-tour_03-lau2_07-day_05-300+_08-frt-1008_01-sng_00-n_00-n_00-n_00-n_00-n_00-n;1008;0;41721;0;N;554782;539139;1;3018;0;PM_PH-BE_2;20140323xSun;01_Praha_Černošice;Hlavní město Praha;h00;259;N
02-o2_02-edg_03-tour_03-lau2_07-day_05-300+_08-frt-1008_01-sng_00-n_00-n_00-n_00-n_00-n_00-n;1008;0;41716;0;N;554782;539139;1;3018;0;PM_PH-BE_2;20140318xTue;01_Praha_Černošice;Hlavní město Praha;h00;286;N
02-o2_02-edg_03-tour_03-lau2_07-day_05-300+_08-frt-1008_01-sng_00-n_00-n_00-n_00-n_00-n_00-n;1008;0;41715;0;N;554782;539139;1;3018;0;PM_PH-BE_2;20140317xMon;01_Praha_Černošice;Hlavní město Praha;h00;260;N
02-o2_02-edg_03-tour_03-lau2_07-day_05-300+_08-frt-1008_01-sng_00-n_00-n_00-n_00-n_00-n_00-n;1008;0;41710;0;N;554782;539139;1;3018;0;PM_PH-BE_2;20140312xWed;01_Praha_Černošice;Hlavní město Praha;h00;473;N
02-o2_02-edg_03-tour_03-lau2_07-day_05-300+_08-frt-1008_01-sng_00-n_00-n_00-n_00-n_00-n_00-n;1008;0;41720;0;N;554782;531979;1;3018;0;PM_PH-BE_2;20140322xSat;01_Praha_Zadní Třebaň;Hlavní město Praha;h00;7;N
02-o2_02-edg_03-tour_03-lau2_07-day_05-300+_08-frt-1008_01-sng_00-n_00-n_00-n_00-n_00-n_00-n;1008;0;41719;0;N;554782;531979;1;3018;0;PM_PH-BE_2;20140321xFri;01_Praha_Zadní Třebaň;Hlavní město Praha;h00;4;N
02-o2_02-edg_03-tour_03-lau2_07-day_05-300+_08-frt-1008_01-sng_00-n_00-n_00-n_00-n_00-n_00-n;1008;0;41722;0;N;554782;531979;1;3018;0;PM_PH-BE_2;20140324xMon;01_Praha_Zadní Třebaň;Hlavní město Praha;h00;5;N
02-o2_02-edg_03-tour_03-lau2_07-day_05-300+_08-frt-1008_01-sng_00-n_00-n_00-n_00-n_00-n_00-n;1008;0;41717;0;N;554782;531979;1;3018;0;PM_PH-BE_2;20140319xWed;01_Praha_Zadní Třebaň;Hlavní město Praha;h00;6;N
02-o2_02-edg_03-tour_03-lau2_07-day_05-300+_08-frt-1008_01-sng_00-n_00-n_00-n_00-n_00-n_00-n;1008;0;41712;0;N;554782;531979;1;3018;0;PM_PH-BE_2;20140314xFri;01_Praha_Zadní Třebaň;Hlavní město Praha;h00;9;N
02-o2_02-edg_03-tour_03-lau2_07-day_05-300+_08-frt-1008_01-sng_00-n_00-n_00-n_00-n_00-n_00-n;1008;0;41724;0;N;554782;531979;1;3018;0;PM_PH-BE_2;20140326xWed;01_Praha_Zadní Třebaň;Hlavní město Praha;h00;5;N
02-o2_02-edg_03-tour_03-lau2_07-day_05-300+_08-frt-1008_01-sng_00-n_00-n_00-n_00-n_00-n_00-n;1008;0;41715;0;N;554782;531979;1;3018;0;PM_PH-BE_2;20140317xMon;01_Praha_Zadní Třebaň;Hlavní město Praha;h00;5;N
02-o2_02-edg_03-tour_03-lau2_07-day_05-300+_08-frt-1008_01-sng_00-n_00-n_00-n_00-n_00-n_00-n;1008;0;41723;0;N;554782;531979;1;3018;0;PM_PH-BE_2;20140325xTue;01_Praha_Zadní Třebaň;Hlavní město Praha;h00;5;N
02-o2_02-edg_03-tour_03-lau2_07-day_05-300+_08-frt-1008_01-sng_00-n_00-n_00-n_00-n_00-n_00-n;1008;0;41714;0;N;554782;531979;1;3018;0;PM_PH-BE_2;20140316xSun;01_Praha_Zadní Třebaň;Hlavní město Praha;h00;3;N
02-o2_02-edg_03-tour_03-lau2_07-day_05-300+_08-frt-1008_01-sng_00-n_00-n_00-n_00-n_00-n_00-n;1008;0;41718;0;N;554782;531979;1;3018;0;PM_PH-BE_2;20140320xThu;01_Praha_Zadní Třebaň;Hlavní město Praha;h00;11;N
02-o2_02-edg_03-tour_03-lau2_07-day_05-300+_08-frt-1008_01-sng_00-n_00-n_00-n_00-n_00-n_00-n;1008;0;41721;0;N;554782;531979;1;3018;0;PM_PH-BE_2;20140323xSun;01_Praha_Zadní Třebaň;Hlavní město Praha;h00;6;N
02-o2_02-edg_03-tour_03-lau2_07-day_05-300+_08-frt-1008_01-sng_00-n_00-n_00-n_00-n_00-n_00-n;1008;0;41713;0;N;554782;531979;1;3018;0;PM_PH-BE_2;20140315xSat;01_Praha_Zadní Třebaň;Hlavní město Praha;h00;1;N
02-o2_02-edg_03-tour_03-lau2_07-day_05-300+_08-frt-1008_01-sng_00-n_00-n_00-n_00-n_00-n_00-n;1008;0;41716;0;N;554782;531979;1;3018;0;PM_PH-BE_2;20140318xTue;01_Praha_Zadní Třebaň;Hlavní město Praha;h00;7;N
02-o2_02-edg_03-tour_03-lau2_07-day_05-300+_08-frt-1008_01-sng_00-n_00-n_00-n_00-n_00-n_00-n;1008;0;41711;0;N;554782;531979;1;3018;0;PM_PH-BE_2;20140313xThu;01_Praha_Zadní Třebaň;Hlavní město Praha;h00;6;N
02-o2_02-edg_03-tour_03-lau2_07-day_05-300+_08-frt-1008_01-sng_00-n_00-n_00-n_00-n_00-n_00-n;1008;0;41710;0;N;554782;531979;1;3018;0;PM_PH-BE_2;20140312xWed;01_Praha_Zadní Třebaň;Hlavní město Praha;h00;10;N
02-o2_02-edg_03-tour_03-lau2_07-day_05-300+_08-frt-1008_01-sng_00-n_00-n_00-n_00-n_00-n_00-n;1008;0;41714;0;N;554782;531758;1;3018;0;PM_PH-BE_2;20140316xSun;01_Praha_Srbsko;Hlavní město Praha;h00;3;N
02-o2_02-edg_03-tour_03-lau2_07-day_05-300+_08-frt-1008_01-sng_00-n_00-n_00-n_00-n_00-n_00-n;1008;0;41720;0;N;554782;531758;1;3018;0;PM_PH-BE_2;20140322xSat;01_Praha_Srbsko;Hlavní město Praha;h00;4;N
02-o2_02-edg_03-tour_03-lau2_07-day_05-300+_08-frt-1008_01-sng_00-n_00-n_00-n_00-n_00-n_00-n;1008;0;41717;0;N;554782;531758;1;3018;0;PM_PH-BE_2;20140319xWed;01_Praha_Srbsko;Hlavní město Praha;h00;4;N
02-o2_02-edg_03-tour_03-lau2_07-day_05-300+_08-frt-1008_01-sng_00-n_00-n_00-n_00-n_00-n_00-n;1008;0;41713;0;N;554782;531758;1;3018;0;PM_PH-BE_2;20140315xSat;01_Praha_Srbsko;Hlavní město Praha;h00;1;N
02-o2_02-edg_03-tour_03-lau2_07-day_05-300+_08-frt-1008_01-sng_00-n_00-n_00-n_00-n_00-n_00-n;1008;0;41718;0;N;554782;531758;1;3018;0;PM_PH-BE_2;20140320xThu;01_Praha_Srbsko;Hlavní město Praha;h00;5;N
02-o2_02-edg_03-tour_03-lau2_07-day_05-300+_08-frt-1008_01-sng_00-n_00-n_00-n_00-n_00-n_00-n;1008;0;41711;0;N;554782;531758;1;3018;0;PM_PH-BE_2;20140313xThu;01_Praha_Srbsko;Hlavní město Praha;h00;9;N
02-o2_02-edg_03-tour_03-lau2_07-day_05-300+_08-frt-1008_01-sng_00-n_00-n_00-n_00-n_00-n_00-n;1008;0;41712;0;N;554782;531758;1;3018;0;PM_PH-BE_2;20140314xFri;01_Praha_Srbsko;Hlavní město Praha;h00;7;N
02-o2_02-edg_03-tour_03-lau2_07-day_05-300+_08-frt-1008_01-sng_00-n_00-n_00-n_00-n_00-n_00-n;1008;0;41723;0;N;554782;531758;1;3018;0;PM_PH-BE_2;20140325xTue;01_Praha_Srbsko;Hlavní město Praha;h00;4;N
02-o2_02-edg_03-tour_03-lau2_07-day_05-300+_08-frt-1008_01-sng_00-n_00-n_00-n_00-n_00-n_00-n;1008;0;41719;0;N;554782;531758;1;3018;0;PM_PH-BE_2;20140321xFri;01_Praha_Srbsko;Hlavní město Praha;h00;2;N
02-o2_02-edg_03-tour_03-lau2_07-day_05-300+_08-frt-1008_01-sng_00-n_00-n_00-n_00-n_00-n_00-n;1008;0;41710;0;N;554782;531758;1;3018;0;PM_PH-BE_2;20140312xWed;01_Praha_Srbsko;Hlavní město Praha;h00;6;N
02-o2_02-edg_03-tour_03-lau2_07-day_05-300+_08-frt-1008_01-sng_00-n_00-n_00-n_00-n_00-n_00-n;1008;0;41716;0;N;554782;531758;1;3018;0;PM_PH-BE_2;20140318xTue;01_Praha_Srbsko;Hlavní město Praha;h00;7;N
02-o2_02-edg_03-tour_03-lau2_07-day_05-300+_08-frt-1008_01-sng_00-n_00-n_00-n_00-n_00-n_00-n;1008;0;41715;0;N;554782;531758;1;3018;0;PM_PH-BE_2;20140317xMon;01_Praha_Srbsko;Hlavní město Praha;h00;8;N
02-o2_02-edg_03-tour_03-lau2_07-day_05-300+_08-frt-1008_01-sng_00-n_00-n_00-n_00-n_00-n_00-n;1008;0;41724;0;N;554782;531758;1;3018;0;PM_PH-BE_2;20140326xWed;01_Praha_Srbsko;Hlavní město Praha;h00;8;N
02-o2_02-edg_03-tour_03-lau2_07-day_05-300+_08-frt-1008_01-sng_00-n_00-n_00-n_00-n_00-n_00-n;1008;0;41722;0;N;554782;531758;1;3018;0;PM_PH-BE_2;20140324xMon;01_Praha_Srbsko;Hlavní město Praha;h00;3;N
02-o2_02-edg_03-tour_03-lau2_07-day_05-300+_08-frt-1008_01-sng_00-n_00-n_00-n_00-n_00-n_00-n;1008;0;41716;0;N;554782;531316;1;3018;0;PM_PH-BE_2;20140318xTue;01_Praha_Karlštejn;Hlavní město Praha;h00;14;N
02-o2_02-edg_03-tour_03-lau2_07-day_05-300+_08-frt-1008_01-sng_00-n_00-n_00-n_00-n_00-n_00-n;1008;0;41720;0;N;554782;531316;1;3018;0;PM_PH-BE_2;20140322xSat;01_Praha_Karlštejn;Hlavní město Praha;h00;24;N
02-o2_02-edg_03-tour_03-lau2_07-day_05-300+_08-frt-1008_01-sng_00-n_00-n_00-n_00-n_00-n_00-n;1008;0;41713;0;N;554782;531316;1;3018;0;PM_PH-BE_2;20140315xSat;01_Praha_Karlštejn;Hlavní město Praha;h00;15;N
02-o2_02-edg_03-tour_03-lau2_07-day_05-300+_08-frt-1008_01-sng_00-n_00-n_00-n_00-n_00-n_00-n;1008;0;41717;0;N;554782;531316;1;3018;0;PM_PH-BE_2;20140319xWed;01_Praha_Karlštejn;Hlavní město Praha;h00;16;N
02-o2_02-edg_03-tour_03-lau2_07-day_05-300+_08-frt-1008_01-sng_00-n_00-n_00-n_00-n_00-n_00-n;1008;0;41715;0;N;554782;531316;1;3018;0;PM_PH-BE_2;20140317xMon;01_Praha_Karlštejn;Hlavní město Praha;h00;14;N
02-o2_02-edg_03-tour_03-lau2_07-day_05-300+_08-frt-1008_01-sng_00-n_00-n_00-n_00-n_00-n_00-n;1008;0;41718;0;N;554782;531316;1;3018;0;PM_PH-BE_2;20140320xThu;01_Praha_Karlštejn;Hlavní město Praha;h00;10;N
02-o2_02-edg_03-tour_03-lau2_07-day_05-300+_08-frt-1008_01-sng_00-n_00-n_00-n_00-n_00-n_00-n;1008;0;41722;0;N;554782;531316;1;3018;0;PM_PH-BE_2;20140324xMon;01_Praha_Karlštejn;Hlavní město Praha;h00;21;N
02-o2_02-edg_03-tour_03-lau2_07-day_05-300+_08-frt-1008_01-sng_00-n_00-n_00-n_00-n_00-n_00-n;1008;0;41712;0;N;554782;531316;1;3018;0;PM_PH-BE_2;20140314xFri;01_Praha_Karlštejn;Hlavní město Praha;h00;21;N
02-o2_02-edg_03-tour_03-lau2_07-day_05-300+_08-frt-1008_01-sng_00-n_00-n_00-n_00-n_00-n_00-n;1008;0;41711;0;N;554782;531316;1;3018;0;PM_PH-BE_2;20140313xThu;01_Praha_Karlštejn;Hlavní město Praha;h00;20;N
02-o2_02-edg_03-tour_03-lau2_07-day_05-300+_08-frt-1008_01-sng_00-n_00-n_00-n_00-n_00-n_00-n;1008;0;41714;0;N;554782;531316;1;3018;0;PM_PH-BE_2;20140316xSun;01_Praha_Karlštejn;Hlavní město Praha;h00;4;N
02-o2_02-edg_03-tour_03-lau2_07-day_05-300+_08-frt-1008_01-sng_00-n_00-n_00-n_00-n_00-n_00-n;1008;0;41723;0;N;554782;531316;1;3018;0;PM_PH-BE_2;20140325xTue;01_Praha_Karlštejn;Hlavní město Praha;h00;9;N
02-o2_02-edg_03-tour_03-lau2_07-day_05-300+_08-frt-1008_01-sng_00-n_00-n_00-n_00-n_00-n_00-n;1008;0;41710;0;N;554782;531316;1;3018;0;PM_PH-BE_2;20140312xWed;01_Praha_Karlštejn;Hlavní město Praha;h00;12;N
02-o2_02-edg_03-tour_03-lau2_07-day_05-300+_08-frt-1008_01-sng_00-n_00-n_00-n_00-n_00-n_00-n;1008;0;41719;0;N;554782;531316;1;3018;0;PM_PH-BE_2;20140321xFri;01_Praha_Karlštejn;Hlavní město Praha;h00;12;N
02-o2_02-edg_03-tour_03-lau2_07-day_05-300+_08-frt-1008_01-sng_00-n_00-n_00-n_00-n_00-n_00-n;1008;0;41721;0;N;554782;531316;1;3018;0;PM_PH-BE_2;20140323xSun;01_Praha_Karlštejn;Hlavní město Praha;h00;7;N
02-o2_02-edg_03-tour_03-lau2_07-day_05-300+_08-frt-1008_01-sng_00-n_00-n_00-n_00-n_00-n_00-n;1008;0;41724;0;N;554782;531316;1;3018;0;PM_PH-BE_2;20140326xWed;01_Praha_Karlštejn;Hlavní město Praha;h00;11;N
02-o2_02-edg_03-tour_03-lau2_07-day_05-300+_08-frt-1008_01-sng_00-n_00-n_00-n_00-n_00-n_00-n;1008;0;41721;0;N;554782;531057;1;3018;0;PM_PH-BE_2;20140323xSun;01_Praha_Beroun;Hlavní město Praha;h00;287;N
02-o2_02-edg_03-tour_03-lau2_07-day_05-300+_08-frt-1008_01-sng_00-n_00-n_00-n_00-n_00-n_00-n;1008;0;41720;0;N;554782;531057;1;3018;0;PM_PH-BE_2;20140322xSat;01_Praha_Beroun;Hlavní město Praha;h00;307;N
02-o2_02-edg_03-tour_03-lau2_07-day_05-300+_08-frt-1008_01-sng_00-n_00-n_00-n_00-n_00-n_00-n;1008;0;41722;0;N;554782;531057;1;3018;0;PM_PH-BE_2;20140324xMon;01_Praha_Beroun;Hlavní město Praha;h00;436;N
02-o2_02-edg_03-tour_03-lau2_07-day_05-300+_08-frt-1008_01-sng_00-n_00-n_00-n_00-n_00-n_00-n;1008;0;41717;0;N;554782;531057;1;3018;0;PM_PH-BE_2;20140319xWed;01_Praha_Beroun;Hlavní město Praha;h00;485;N
02-o2_02-edg_03-tour_03-lau2_07-day_05-300+_08-frt-1008_01-sng_00-n_00-n_00-n_00-n_00-n_00-n;1008;0;41714;0;N;554782;531057;1;3018;0;PM_PH-BE_2;20140316xSun;01_Praha_Beroun;Hlavní město Praha;h00;279;N
02-o2_02-edg_03-tour_03-lau2_07-day_05-300+_08-frt-1008_01-sng_00-n_00-n_00-n_00-n_00-n_00-n;1008;0;41724;0;N;554782;531057;1;3018;0;PM_PH-BE_2;20140326xWed;01_Praha_Beroun;Hlavní město Praha;h00;456;N
02-o2_02-edg_03-tour_03-lau2_07-day_05-300+_08-frt-1008_01-sng_00-n_00-n_00-n_00-n_00-n_00-n;1008;0;41718;0;N;554782;531057;1;3018;0;PM_PH-BE_2;20140320xThu;01_Praha_Beroun;Hlavní město Praha;h00;421;N
02-o2_02-edg_03-tour_03-lau2_07-day_05-300+_08-frt-1008_01-sng_00-n_00-n_00-n_00-n_00-n_00-n;1008;0;41716;0;N;554782;531057;1;3018;0;PM_PH-BE_2;20140318xTue;01_Praha_Beroun;Hlavní město Praha;h00;447;N
02-o2_02-edg_03-tour_03-lau2_07-day_05-300+_08-frt-1008_01-sng_00-n_00-n_00-n_00-n_00-n_00-n;1008;0;41719;0;N;554782;531057;1;3018;0;PM_PH-BE_2;20140321xFri;01_Praha_Beroun;Hlavní město Praha;h00;459;N
02-o2_02-edg_03-tour_03-lau2_07-day_05-300+_08-frt-1008_01-sng_00-n_00-n_00-n_00-n_00-n_00-n;1008;0;41713;0;N;554782;531057;1;3018;0;PM_PH-BE_2;20140315xSat;01_Praha_Beroun;Hlavní město Praha;h00;418;N
02-o2_02-edg_03-tour_03-lau2_07-day_05-300+_08-frt-1008_01-sng_00-n_00-n_00-n_00-n_00-n_00-n;1008;0;41712;0;N;554782;531057;1;3018;0;PM_PH-BE_2;20140314xFri;01_Praha_Beroun;Hlavní město Praha;h00;553;N
02-o2_02-edg_03-tour_03-lau2_07-day_05-300+_08-frt-1008_01-sng_00-n_00-n_00-n_00-n_00-n_00-n;1008;0;41715;0;N;554782;531057;1;3018;0;PM_PH-BE_2;20140317xMon;01_Praha_Beroun;Hlavní město Praha;h00;473;N
02-o2_02-edg_03-tour_03-lau2_07-day_05-300+_08-frt-1008_01-sng_00-n_00-n_00-n_00-n_00-n_00-n;1008;0;41710;0;N;554782;531057;1;3018;0;PM_PH-BE_2;20140312xWed;01_Praha_Beroun;Hlavní město Praha;h00;433;N
02-o2_02-edg_03-tour_03-lau2_07-day_05-300+_08-frt-1008_01-sng_00-n_00-n_00-n_00-n_00-n_00-n;1008;0;41723;0;N;554782;531057;1;3018;0;PM_PH-BE_2;20140325xTue;01_Praha_Beroun;Hlavní město Praha;h00;487;N
02-o2_02-edg_03-tour_03-lau2_07-day_05-300+_08-frt-1008_01-sng_00-n_00-n_00-n_00-n_00-n_00-n;1008;0;41711;0;N;554782;531057;1;3018;0;PM_PH-BE_2;20140313xThu;01_Praha_Beroun;Hlavní město Praha;h00;466;N
02-o2_02-edg_03-tour_03-lau2_07-day_05-300+_08-frt-1008_01-sng_00-n_00-n_00-n_00-n_00-n_00-n;1008;0;41712;0;N;539856;539643;3;3026;0;PM_PH-BE_2;20140314xFri;03_Všenory_Řevnice;Středočeský kraj;h00;1;N
02-o2_02-edg_03-tour_03-lau2_07-day_05-300+_08-frt-1008_01-sng_00-n_00-n_00-n_00-n_00-n_00-n;1008;0;41724;0;N;539856;539643;3;3026;0;PM_PH-BE_2;20140326xWed;03_Všenory_Řevnice;Středočeský kraj;h00;2;N
02-o2_02-edg_03-tour_03-lau2_07-day_05-300+_08-frt-1008_01-sng_00-n_00-n_00-n_00-n_00-n_00-n;1008;0;41719;0;N;539856;539643;3;3026;0;PM_PH-BE_2;20140321xFri;03_Všenory_Řevnice;Středočeský kraj;h00;2;N
02-o2_02-edg_03-tour_03-lau2_07-day_05-300+_08-frt-1008_01-sng_00-n_00-n_00-n_00-n_00-n_00-n;1008;0;41716;0;N;539856;539643;3;3026;0;PM_PH-BE_2;20140318xTue;03_Všenory_Řevnice;Středočeský kraj;h00;1;N
02-o2_02-edg_03-tour_03-lau2_07-day_05-300+_08-frt-1008_01-sng_00-n_00-n_00-n_00-n_00-n_00-n;1008;0;41722;0;N;539856;539643;3;3026;0;PM_PH-BE_2;20140324xMon;03_Všenory_Řevnice;Středočeský kraj;h00;2;N
02-o2_02-edg_03-tour_03-lau2_07-day_05-300+_08-frt-1008_01-sng_00-n_00-n_00-n_00-n_00-n_00-n;1008;0;41710;0;N;539856;539643;3;3026;0;PM_PH-BE_2;20140312xWed;03_Všenory_Řevnice;Středočeský kraj;h00;3;N
02-o2_02-edg_03-tour_03-lau2_07-day_05-300+_08-frt-1008_01-sng_00-n_00-n_00-n_00-n_00-n_00-n;1008;0;41718;0;N;539856;539643;3;3026;0;PM_PH-BE_2;20140320xThu;03_Všenory_Řevnice;Středočeský kraj;h00;2;N
02-o2_02-edg_03-tour_03-lau2_07-day_05-300+_08-frt-1008_01-sng_00-n_00-n_00-n_00-n_00-n_00-n;1008;0;41713;0;N;539856;539643;3;3026;0;PM_PH-BE_2;20140315xSat;03_Všenory_Řevnice;Středočeský kraj;h00;1;N
02-o2_02-edg_03-tour_03-lau2_07-day_05-300+_08-frt-1008_01-sng_00-n_00-n_00-n_00-n_00-n_00-n;1008;0;41714;0;N;539856;539643;3;3026;0;PM_PH-BE_2;20140316xSun;03_Všenory_Řevnice;Středočeský kraj;h00;1;N
02-o2_02-edg_03-tour_03-lau2_07-day_05-300+_08-frt-1008_01-sng_00-n_00-n_00-n_00-n_00-n_00-n;1008;0;41721;0;N;539856;539643;3;3026;0;PM_PH-BE_2;20140323xSun;03_Všenory_Řevnice;Středočeský kraj;h00;1;N
02-o2_02-edg_03-tour_03-lau2_07-day_05-300+_08-frt-1008_01-sng_00-n_00-n_00-n_00-n_00-n_00-n;1008;0;41717;0;N;539856;539643;3;3026;0;PM_PH-BE_2;20140319xWed;03_Všenory_Řevnice;Středočeský kraj;h00;1;N
02-o2_02-edg_03-tour_03-lau2_07-day_05-300+_08-frt-1008_01-sng_00-n_00-n_00-n_00-n_00-n_00-n;1008;0;41719;0;N;539856;539198;3;3026;0;PM_PH-BE_2;20140321xFri;03_Všenory_Dobřichovice;Středočeský kraj;h00;48;N
02-o2_02-edg_03-tour_03-lau2_07-day_05-300+_08-frt-1008_01-sng_00-n_00-n_00-n_00-n_00-n_00-n;1008;0;41715;0;N;539856;539198;3;3026;0;PM_PH-BE_2;20140317xMon;03_Všenory_Dobřichovice;Středočeský kraj;h00;41;N
02-o2_02-edg_03-tour_03-lau2_07-day_05-300+_08-frt-1008_01-sng_00-n_00-n_00-n_00-n_00-n_00-n;1008;0;41724;0;N;539856;539198;3;3026;0;PM_PH-BE_2;20140326xWed;03_Všenory_Dobřichovice;Středočeský kraj;h00;43;N
02-o2_02-edg_03-tour_03-lau2_07-day_05-300+_08-frt-1008_01-sng_00-n_00-n_00-n_00-n_00-n_00-n;1008;0;41711;0;N;539856;539198;3;3026;0;PM_PH-BE_2;20140313xThu;03_Všenory_Dobřichovice;Středočeský kraj;h00;51;N
02-o2_02-edg_03-tour_03-lau2_07-day_05-300+_08-frt-1008_01-sng_00-n_00-n_00-n_00-n_00-n_00-n;1008;0;41723;0;N;539856;539198;3;3026;0;PM_PH-BE_2;20140325xTue;03_Všenory_Dobřichovice;Středočeský kraj;h00;52;N
02-o2_02-edg_03-tour_03-lau2_07-day_05-300+_08-frt-1008_01-sng_00-n_00-n_00-n_00-n_00-n_00-n;1008;0;41717;0;N;539856;539198;3;3026;0;PM_PH-BE_2;20140319xWed;03_Všenory_Dobřichovice;Středočeský kraj;h00;55;N
02-o2_02-edg_03-tour_03-lau2_07-day_05-300+_08-frt-1008_01-sng_00-n_00-n_00-n_00-n_00-n_00-n;1008;0;41714;0;N;539856;539198;3;3026;0;PM_PH-BE_2;20140316xSun;03_Všenory_Dobřichovice;Středočeský kraj;h00;64;N
02-o2_02-edg_03-tour_03-lau2_07-day_05-300+_08-frt-1008_01-sng_00-n_00-n_00-n_00-n_00-n_00-n;1008;0;41712;0;N;539856;539198;3;3026;0;PM_PH-BE_2;20140314xFri;03_Všenory_Dobřichovice;Středočeský kraj;h00;62;N
02-o2_02-edg_03-tour_03-lau2_07-day_05-300+_08-frt-1008_01-sng_00-n_00-n_00-n_00-n_00-n_00-n;1008;0;41721;0;N;539856;539198;3;3026;0;PM_PH-BE_2;20140323xSun;03_Všenory_Dobřichovice;Středočeský kraj;h00;79;N
02-o2_02-edg_03-tour_03-lau2_07-day_05-300+_08-frt-1008_01-sng_00-n_00-n_00-n_00-n_00-n_00-n;1008;0;41718;0;N;539856;539198;3;3026;0;PM_PH-BE_2;20140320xThu;03_Všenory_Dobřichovice;Středočeský kraj;h00;52;N
02-o2_02-edg_03-tour_03-lau2_07-day_05-300+_08-frt-1008_01-sng_00-n_00-n_00-n_00-n_00-n_00-n;1008;0;41713;0;N;539856;539198;3;3026;0;PM_PH-BE_2;20140315xSat;03_Všenory_Dobřichovice;Středočeský kraj;h00;77;N
02-o2_02-edg_03-tour_03-lau2_07-day_05-300+_08-frt-1008_01-sng_00-n_00-n_00-n_00-n_00-n_00-n;1008;0;41722;0;N;539856;539198;3;3026;0;PM_PH-BE_2;20140324xMon;03_Všenory_Dobřichovice;Středočeský kraj;h00;49;N
02-o2_02-edg_03-tour_03-lau2_07-day_05-300+_08-frt-1008_01-sng_00-n_00-n_00-n_00-n_00-n_00-n;1008;0;41716;0;N;539856;539198;3;3026;0;PM_PH-BE_2;20140318xTue;03_Všenory_Dobřichovice;Středočeský kraj;h00;47;N
02-o2_02-edg_03-tour_03-lau2_07-day_05-300+_08-frt-1008_01-sng_00-n_00-n_00-n_00-n_00-n_00-n;1008;0;41720;0;N;539856;539198;3;3026;0;PM_PH-BE_2;20140322xSat;03_Všenory_Dobřichovice;Středočeský kraj;h00;62;N
02-o2_02-edg_03-tour_03-lau2_07-day_05-300+_08-frt-1008_01-sng_00-n_00-n_00-n_00-n_00-n_00-n;1008;0;41710;0;N;539856;539198;3;3026;0;PM_PH-BE_2;20140312xWed;03_Všenory_Dobřichovice;Středočeský kraj;h00;56;N
02-o2_02-edg_03-tour_03-lau2_07-day_05-300+_08-frt-1008_01-sng_00-n_00-n_00-n_00-n_00-n_00-n;1008;0;41714;0;N;539856;531979;3;3026;0;PM_PH-BE_2;20140316xSun;03_Všenory_Zadní Třebaň;Středočeský kraj;h00;1;N
02-o2_02-edg_03-tour_03-lau2_07-day_05-300+_08-frt-1008_01-sng_00-n_00-n_00-n_00-n_00-n_00-n;1008;0;41723;0;N;539856;531979;3;3026;0;PM_PH-BE_2;20140325xTue;03_Všenory_Zadní Třebaň;Středočeský kraj;h00;1;N
02-o2_02-edg_03-tour_03-lau2_07-day_05-300+_08-frt-1008_01-sng_00-n_00-n_00-n_00-n_00-n_00-n;1008;0;41724;0;N;539856;531979;3;3026;0;PM_PH-BE_2;20140326xWed;03_Všenory_Zadní Třebaň;Středočeský kraj;h00;1;N
02-o2_02-edg_03-tour_03-lau2_07-day_05-300+_08-frt-1008_01-sng_00-n_00-n_00-n_00-n_00-n_00-n;1008;0;41722;0;N;539856;531979;3;3026;0;PM_PH-BE_2;20140324xMon;03_Všenory_Zadní Třebaň;Středočeský kraj;h00;1;N
02-o2_02-edg_03-tour_03-lau2_07-day_05-300+_08-frt-1008_01-sng_00-n_00-n_00-n_00-n_00-n_00-n;1008;0;41710;0;N;539856;531979;3;3026;0;PM_PH-BE_2;20140312xWed;03_Všenory_Zadní Třebaň;Středočeský kraj;h00;1;N
02-o2_02-edg_03-tour_03-lau2_07-day_05-300+_08-frt-1008_01-sng_00-n_00-n_00-n_00-n_00-n_00-n;1008;0;41716;0;N;539856;531316;3;3026;0;PM_PH-BE_2;20140318xTue;03_Všenory_Karlštejn;Středočeský kraj;h00;2;N
02-o2_02-edg_03-tour_03-lau2_07-day_05-300+_08-frt-1008_01-sng_00-n_00-n_00-n_00-n_00-n_00-n;1008;0;41713;0;N;539856;531316;3;3026;0;PM_PH-BE_2;20140315xSat;03_Všenory_Karlštejn;Středočeský kraj;h00;1;N
02-o2_02-edg_03-tour_03-lau2_07-day_05-300+_08-frt-1008_01-sng_00-n_00-n_00-n_00-n_00-n_00-n;1008;0;41715;0;N;539856;531316;3;3026;0;PM_PH-BE_2;20140317xMon;03_Všenory_Karlštejn;Středočeský kraj;h00;3;N
02-o2_02-edg_03-tour_03-lau2_07-day_05-300+_08-frt-1008_01-sng_00-n_00-n_00-n_00-n_00-n_00-n;1008;0;41718;0;N;539856;531316;3;3026;0;PM_PH-BE_2;20140320xThu;03_Všenory_Karlštejn;Středočeský kraj;h00;1;N
02-o2_02-edg_03-tour_03-lau2_07-day_05-300+_08-frt-1008_01-sng_00-n_00-n_00-n_00-n_00-n_00-n;1008;0;41711;0;N;539856;531316;3;3026;0;PM_PH-BE_2;20140313xThu;03_Všenory_Karlštejn;Středočeský kraj;h00;3;N
02-o2_02-edg_03-tour_03-lau2_07-day_05-300+_08-frt-1008_01-sng_00-n_00-n_00-n_00-n_00-n_00-n;1008;0;41717;0;N;539856;531316;3;3026;0;PM_PH-BE_2;20140319xWed;03_Všenory_Karlštejn;Středočeský kraj;h00;1;N
02-o2_02-edg_03-tour_03-lau2_07-day_05-300+_08-frt-1008_01-sng_00-n_00-n_00-n_00-n_00-n_00-n;1008;0;41719;0;N;539856;531316;3;3026;0;PM_PH-BE_2;20140321xFri;03_Všenory_Karlštejn;Středočeský kraj;h00;1;N
02-o2_02-edg_03-tour_03-lau2_07-day_05-300+_08-frt-1008_01-sng_00-n_00-n_00-n_00-n_00-n_00-n;1008;0;41724;0;N;539856;531316;3;3026;0;PM_PH-BE_2;20140326xWed;03_Všenory_Karlštejn;Středočeský kraj;h00;1;N
02-o2_02-edg_03-tour_03-lau2_07-day_05-300+_08-frt-1008_01-sng_00-n_00-n_00-n_00-n_00-n_00-n;1008;0;41712;0;N;539856;531316;3;3026;0;PM_PH-BE_2;20140314xFri;03_Všenory_Karlštejn;Středočeský kraj;h00;1;N
02-o2_02-edg_03-tour_03-lau2_07-day_05-300+_08-frt-1008_01-sng_00-n_00-n_00-n_00-n_00-n_00-n;1008;0;41714;0;N;539856;531316;3;3026;0;PM_PH-BE_2;20140316xSun;03_Všenory_Karlštejn;Středočeský kraj;h00;1;N
02-o2_02-edg_03-tour_03-lau2_07-day_05-300+_08-frt-1008_01-sng_00-n_00-n_00-n_00-n_00-n_00-n;1008;0;41721;0;N;539856;531316;3;3026;0;PM_PH-BE_2;20140323xSun;03_Všenory_Karlštejn;Středočeský kraj;h00;1;N
