02-o2_02-edg_02-vis_03-lau2_07-day_03-60_01-frt-1001_01-sng_00-n_00-n_00-n_00-n_00-n_00-n;1001;0;41718;0;N;533165;554782;4;3026;0;EC_BR-PH_2;20140320xThu;04_Kolín_Praha;Středočeský kraj;h00;435;N
02-o2_02-edg_02-vis_03-lau2_07-day_03-60_01-frt-1001_01-sng_00-n_00-n_00-n_00-n_00-n_00-n;1001;0;41715;0;N;533165;554782;4;3026;0;EC_BR-PH_2;20140317xMon;04_Kolín_Praha;Středočeský kraj;h00;528;N
02-o2_02-edg_02-vis_03-lau2_07-day_03-60_01-frt-1001_01-sng_00-n_00-n_00-n_00-n_00-n_00-n;1001;0;41721;0;N;533165;554782;4;3026;0;EC_BR-PH_2;20140323xSun;04_Kolín_Praha;Středočeský kraj;h00;147;N
02-o2_02-edg_02-vis_03-lau2_07-day_03-60_01-frt-1001_01-sng_00-n_00-n_00-n_00-n_00-n_00-n;1001;0;41724;0;N;533165;554782;4;3026;0;EC_BR-PH_2;20140326xWed;04_Kolín_Praha;Středočeský kraj;h00;439;N
02-o2_02-edg_02-vis_03-lau2_07-day_03-60_01-frt-1001_01-sng_00-n_00-n_00-n_00-n_00-n_00-n;1001;0;41723;0;N;533165;554782;4;3026;0;EC_BR-PH_2;20140325xTue;04_Kolín_Praha;Středočeský kraj;h00;422;N
02-o2_02-edg_02-vis_03-lau2_07-day_03-60_01-frt-1001_01-sng_00-n_00-n_00-n_00-n_00-n_00-n;1001;0;41722;0;N;533165;554782;4;3026;0;EC_BR-PH_2;20140324xMon;04_Kolín_Praha;Středočeský kraj;h00;437;N
02-o2_02-edg_02-vis_03-lau2_07-day_03-60_01-frt-1001_01-sng_00-n_00-n_00-n_00-n_00-n_00-n;1001;0;41715;0;N;582786;580031;1;3115;0;EC_BR-PH_2;20140317xMon;01_Brno_Česká Třebová;Jihomoravský kraj;h00;4;N
02-o2_02-edg_02-vis_03-lau2_07-day_03-60_01-frt-1001_01-sng_00-n_00-n_00-n_00-n_00-n_00-n;1001;0;41719;0;N;582786;580031;1;3115;0;EC_BR-PH_2;20140321xFri;01_Brno_Česká Třebová;Jihomoravský kraj;h00;8;N
02-o2_02-edg_02-vis_03-lau2_07-day_03-60_01-frt-1001_01-sng_00-n_00-n_00-n_00-n_00-n_00-n;1001;0;41710;0;N;582786;580031;1;3115;0;EC_BR-PH_2;20140312xWed;01_Brno_Česká Třebová;Jihomoravský kraj;h00;1;N
02-o2_02-edg_02-vis_03-lau2_07-day_03-60_01-frt-1001_01-sng_00-n_00-n_00-n_00-n_00-n_00-n;1001;0;41718;0;N;582786;580031;1;3115;0;EC_BR-PH_2;20140320xThu;01_Brno_Česká Třebová;Jihomoravský kraj;h00;11;N
02-o2_02-edg_02-vis_03-lau2_07-day_03-60_01-frt-1001_01-sng_00-n_00-n_00-n_00-n_00-n_00-n;1001;0;41717;0;N;582786;580031;1;3115;0;EC_BR-PH_2;20140319xWed;01_Brno_Česká Třebová;Jihomoravský kraj;h00;6;N
02-o2_02-edg_02-vis_03-lau2_07-day_03-60_01-frt-1001_01-sng_00-n_00-n_00-n_00-n_00-n_00-n;1001;0;41713;0;N;582786;580031;1;3115;0;EC_BR-PH_2;20140315xSat;01_Brno_Česká Třebová;Jihomoravský kraj;h00;5;N
02-o2_02-edg_02-vis_03-lau2_07-day_03-60_01-frt-1001_01-sng_00-n_00-n_00-n_00-n_00-n_00-n;1001;0;41721;0;N;582786;580031;1;3115;0;EC_BR-PH_2;20140323xSun;01_Brno_Česká Třebová;Jihomoravský kraj;h00;3;N
02-o2_02-edg_02-vis_03-lau2_07-day_03-60_01-frt-1001_01-sng_00-n_00-n_00-n_00-n_00-n_00-n;1001;0;41712;0;N;582786;580031;1;3115;0;EC_BR-PH_2;20140314xFri;01_Brno_Česká Třebová;Jihomoravský kraj;h00;5;N
02-o2_02-edg_02-vis_03-lau2_07-day_03-60_01-frt-1001_01-sng_00-n_00-n_00-n_00-n_00-n_00-n;1001;0;41711;0;N;582786;580031;1;3115;0;EC_BR-PH_2;20140313xThu;01_Brno_Česká Třebová;Jihomoravský kraj;h00;4;N
02-o2_02-edg_02-vis_03-lau2_07-day_03-60_01-frt-1001_01-sng_00-n_00-n_00-n_00-n_00-n_00-n;1001;0;41716;0;N;582786;580031;1;3115;0;EC_BR-PH_2;20140318xTue;01_Brno_Česká Třebová;Jihomoravský kraj;h00;11;N
02-o2_02-edg_02-vis_03-lau2_07-day_03-60_01-frt-1001_01-sng_00-n_00-n_00-n_00-n_00-n_00-n;1001;0;41720;0;N;582786;580031;1;3115;0;EC_BR-PH_2;20140322xSat;01_Brno_Česká Třebová;Jihomoravský kraj;h00;2;N
02-o2_02-edg_02-vis_03-lau2_07-day_03-60_01-frt-1001_01-sng_00-n_00-n_00-n_00-n_00-n_00-n;1001;0;41714;0;N;582786;580031;1;3115;0;EC_BR-PH_2;20140316xSun;01_Brno_Česká Třebová;Jihomoravský kraj;h00;1;N
02-o2_02-edg_02-vis_03-lau2_07-day_03-60_01-frt-1001_01-sng_00-n_00-n_00-n_00-n_00-n_00-n;1001;0;41722;0;N;582786;580031;1;3115;0;EC_BR-PH_2;20140324xMon;01_Brno_Česká Třebová;Jihomoravský kraj;h00;4;N
02-o2_02-edg_02-vis_03-lau2_07-day_03-60_01-frt-1001_01-sng_00-n_00-n_00-n_00-n_00-n_00-n;1001;0;41724;0;N;582786;580031;1;3115;0;EC_BR-PH_2;20140326xWed;01_Brno_Česká Třebová;Jihomoravský kraj;h00;7;N
02-o2_02-edg_02-vis_03-lau2_07-day_03-60_01-frt-1001_01-sng_00-n_00-n_00-n_00-n_00-n_00-n;1001;0;41723;0;N;582786;580031;1;3115;0;EC_BR-PH_2;20140325xTue;01_Brno_Česká Třebová;Jihomoravský kraj;h00;6;N
02-o2_02-edg_02-vis_03-lau2_07-day_03-60_01-frt-1001_01-sng_00-n_00-n_00-n_00-n_00-n_00-n;1001;0;41717;0;N;582786;555134;1;3115;0;EC_BR-PH_2;20140319xWed;01_Brno_Pardubice;Jihomoravský kraj;h00;13;N
02-o2_02-edg_02-vis_03-lau2_07-day_03-60_01-frt-1001_01-sng_00-n_00-n_00-n_00-n_00-n_00-n;1001;0;41720;0;N;582786;555134;1;3115;0;EC_BR-PH_2;20140322xSat;01_Brno_Pardubice;Jihomoravský kraj;h00;6;N
02-o2_02-edg_02-vis_03-lau2_07-day_03-60_01-frt-1001_01-sng_00-n_00-n_00-n_00-n_00-n_00-n;1001;0;41714;0;N;582786;555134;1;3115;0;EC_BR-PH_2;20140316xSun;01_Brno_Pardubice;Jihomoravský kraj;h00;5;N
02-o2_02-edg_02-vis_03-lau2_07-day_03-60_01-frt-1001_01-sng_00-n_00-n_00-n_00-n_00-n_00-n;1001;0;41711;0;N;582786;555134;1;3115;0;EC_BR-PH_2;20140313xThu;01_Brno_Pardubice;Jihomoravský kraj;h00;20;N
02-o2_02-edg_02-vis_03-lau2_07-day_03-60_01-frt-1001_01-sng_00-n_00-n_00-n_00-n_00-n_00-n;1001;0;41710;0;N;582786;555134;1;3115;0;EC_BR-PH_2;20140312xWed;01_Brno_Pardubice;Jihomoravský kraj;h00;14;N
02-o2_02-edg_02-vis_03-lau2_07-day_03-60_01-frt-1001_01-sng_00-n_00-n_00-n_00-n_00-n_00-n;1001;0;41715;0;N;582786;555134;1;3115;0;EC_BR-PH_2;20140317xMon;01_Brno_Pardubice;Jihomoravský kraj;h00;11;N
02-o2_02-edg_02-vis_03-lau2_07-day_03-60_01-frt-1001_01-sng_00-n_00-n_00-n_00-n_00-n_00-n;1001;0;41712;0;N;582786;555134;1;3115;0;EC_BR-PH_2;20140314xFri;01_Brno_Pardubice;Jihomoravský kraj;h00;10;N
02-o2_02-edg_02-vis_03-lau2_07-day_03-60_01-frt-1001_01-sng_00-n_00-n_00-n_00-n_00-n_00-n;1001;0;41718;0;N;582786;555134;1;3115;0;EC_BR-PH_2;20140320xThu;01_Brno_Pardubice;Jihomoravský kraj;h00;8;N
02-o2_02-edg_02-vis_03-lau2_07-day_03-60_01-frt-1001_01-sng_00-n_00-n_00-n_00-n_00-n_00-n;1001;0;41716;0;N;582786;555134;1;3115;0;EC_BR-PH_2;20140318xTue;01_Brno_Pardubice;Jihomoravský kraj;h00;13;N
02-o2_02-edg_02-vis_03-lau2_07-day_03-60_01-frt-1001_01-sng_00-n_00-n_00-n_00-n_00-n_00-n;1001;0;41719;0;N;582786;555134;1;3115;0;EC_BR-PH_2;20140321xFri;01_Brno_Pardubice;Jihomoravský kraj;h00;17;N
02-o2_02-edg_02-vis_03-lau2_07-day_03-60_01-frt-1001_01-sng_00-n_00-n_00-n_00-n_00-n_00-n;1001;0;41713;0;N;582786;555134;1;3115;0;EC_BR-PH_2;20140315xSat;01_Brno_Pardubice;Jihomoravský kraj;h00;9;N
02-o2_02-edg_02-vis_03-lau2_07-day_03-60_01-frt-1001_01-sng_00-n_00-n_00-n_00-n_00-n_00-n;1001;0;41723;0;N;582786;555134;1;3115;0;EC_BR-PH_2;20140325xTue;01_Brno_Pardubice;Jihomoravský kraj;h00;15;N
02-o2_02-edg_02-vis_03-lau2_07-day_03-60_01-frt-1001_01-sng_00-n_00-n_00-n_00-n_00-n_00-n;1001;0;41724;0;N;582786;555134;1;3115;0;EC_BR-PH_2;20140326xWed;01_Brno_Pardubice;Jihomoravský kraj;h00;28;N
02-o2_02-edg_02-vis_03-lau2_07-day_03-60_01-frt-1001_01-sng_00-n_00-n_00-n_00-n_00-n_00-n;1001;0;41722;0;N;582786;555134;1;3115;0;EC_BR-PH_2;20140324xMon;01_Brno_Pardubice;Jihomoravský kraj;h00;11;N
02-o2_02-edg_02-vis_03-lau2_07-day_03-60_01-frt-1001_01-sng_00-n_00-n_00-n_00-n_00-n_00-n;1001;0;41721;0;N;582786;555134;1;3115;0;EC_BR-PH_2;20140323xSun;01_Brno_Pardubice;Jihomoravský kraj;h00;8;N
02-o2_02-edg_02-vis_03-lau2_07-day_03-60_01-frt-1001_01-sng_00-n_00-n_00-n_00-n_00-n_00-n;1001;0;41710;0;N;582786;554782;1;3115;0;EC_BR-PH_2;20140312xWed;01_Brno_Praha;Jihomoravský kraj;h00;300;N
02-o2_02-edg_02-vis_03-lau2_07-day_03-60_01-frt-1001_01-sng_00-n_00-n_00-n_00-n_00-n_00-n;1001;0;41719;0;N;582786;554782;1;3115;0;EC_BR-PH_2;20140321xFri;01_Brno_Praha;Jihomoravský kraj;h00;162;N
02-o2_02-edg_02-vis_03-lau2_07-day_03-60_01-frt-1001_01-sng_00-n_00-n_00-n_00-n_00-n_00-n;1001;0;41715;0;N;582786;554782;1;3115;0;EC_BR-PH_2;20140317xMon;01_Brno_Praha;Jihomoravský kraj;h00;235;N
02-o2_02-edg_02-vis_03-lau2_07-day_03-60_01-frt-1001_01-sng_00-n_00-n_00-n_00-n_00-n_00-n;1001;0;41720;0;N;582786;554782;1;3115;0;EC_BR-PH_2;20140322xSat;01_Brno_Praha;Jihomoravský kraj;h00;114;N
02-o2_02-edg_02-vis_03-lau2_07-day_03-60_01-frt-1001_01-sng_00-n_00-n_00-n_00-n_00-n_00-n;1001;0;41716;0;N;582786;554782;1;3115;0;EC_BR-PH_2;20140318xTue;01_Brno_Praha;Jihomoravský kraj;h00;335;N
02-o2_02-edg_02-vis_03-lau2_07-day_03-60_01-frt-1001_01-sng_00-n_00-n_00-n_00-n_00-n_00-n;1001;0;41717;0;N;582786;554782;1;3115;0;EC_BR-PH_2;20140319xWed;01_Brno_Praha;Jihomoravský kraj;h00;350;N
02-o2_02-edg_02-vis_03-lau2_07-day_03-60_01-frt-1001_01-sng_00-n_00-n_00-n_00-n_00-n_00-n;1001;0;41712;0;N;582786;554782;1;3115;0;EC_BR-PH_2;20140314xFri;01_Brno_Praha;Jihomoravský kraj;h00;215;N
02-o2_02-edg_02-vis_03-lau2_07-day_03-60_01-frt-1001_01-sng_00-n_00-n_00-n_00-n_00-n_00-n;1001;0;41713;0;N;582786;554782;1;3115;0;EC_BR-PH_2;20140315xSat;01_Brno_Praha;Jihomoravský kraj;h00;139;N
02-o2_02-edg_02-vis_03-lau2_07-day_03-60_01-frt-1001_01-sng_00-n_00-n_00-n_00-n_00-n_00-n;1001;0;41711;0;N;582786;554782;1;3115;0;EC_BR-PH_2;20140313xThu;01_Brno_Praha;Jihomoravský kraj;h00;347;N
02-o2_02-edg_02-vis_03-lau2_07-day_03-60_01-frt-1001_01-sng_00-n_00-n_00-n_00-n_00-n_00-n;1001;0;41718;0;N;582786;554782;1;3115;0;EC_BR-PH_2;20140320xThu;01_Brno_Praha;Jihomoravský kraj;h00;328;N
02-o2_02-edg_02-vis_03-lau2_07-day_03-60_01-frt-1001_01-sng_00-n_00-n_00-n_00-n_00-n_00-n;1001;0;41714;0;N;582786;554782;1;3115;0;EC_BR-PH_2;20140316xSun;01_Brno_Praha;Jihomoravský kraj;h00;95;N
02-o2_02-edg_02-vis_03-lau2_07-day_03-60_01-frt-1001_01-sng_00-n_00-n_00-n_00-n_00-n_00-n;1001;0;41724;0;N;582786;554782;1;3115;0;EC_BR-PH_2;20140326xWed;01_Brno_Praha;Jihomoravský kraj;h00;304;N
02-o2_02-edg_02-vis_03-lau2_07-day_03-60_01-frt-1001_01-sng_00-n_00-n_00-n_00-n_00-n_00-n;1001;0;41721;0;N;582786;554782;1;3115;0;EC_BR-PH_2;20140323xSun;01_Brno_Praha;Jihomoravský kraj;h00;71;N
02-o2_02-edg_02-vis_03-lau2_07-day_03-60_01-frt-1001_01-sng_00-n_00-n_00-n_00-n_00-n_00-n;1001;0;41723;0;N;582786;554782;1;3115;0;EC_BR-PH_2;20140325xTue;01_Brno_Praha;Jihomoravský kraj;h00;339;N
02-o2_02-edg_02-vis_03-lau2_07-day_03-60_01-frt-1001_01-sng_00-n_00-n_00-n_00-n_00-n_00-n;1001;0;41722;0;N;582786;554782;1;3115;0;EC_BR-PH_2;20140324xMon;01_Brno_Praha;Jihomoravský kraj;h00;214;N
02-o2_02-edg_02-vis_03-lau2_07-day_03-60_01-frt-1001_01-sng_00-n_00-n_00-n_00-n_00-n_00-n;1001;0;41718;0;N;582786;533165;1;3115;0;EC_BR-PH_2;20140320xThu;01_Brno_Kolín;Jihomoravský kraj;h00;5;N
02-o2_02-edg_02-vis_03-lau2_07-day_03-60_01-frt-1001_01-sng_00-n_00-n_00-n_00-n_00-n_00-n;1001;0;41710;0;N;582786;533165;1;3115;0;EC_BR-PH_2;20140312xWed;01_Brno_Kolín;Jihomoravský kraj;h00;5;N
02-o2_02-edg_02-vis_03-lau2_07-day_03-60_01-frt-1001_01-sng_00-n_00-n_00-n_00-n_00-n_00-n;1001;0;41712;0;N;582786;533165;1;3115;0;EC_BR-PH_2;20140314xFri;01_Brno_Kolín;Jihomoravský kraj;h00;1;N
02-o2_02-edg_02-vis_03-lau2_07-day_03-60_01-frt-1001_01-sng_00-n_00-n_00-n_00-n_00-n_00-n;1001;0;41719;0;N;582786;533165;1;3115;0;EC_BR-PH_2;20140321xFri;01_Brno_Kolín;Jihomoravský kraj;h00;5;N
02-o2_02-edg_02-vis_03-lau2_07-day_03-60_01-frt-1001_01-sng_00-n_00-n_00-n_00-n_00-n_00-n;1001;0;41715;0;N;582786;533165;1;3115;0;EC_BR-PH_2;20140317xMon;01_Brno_Kolín;Jihomoravský kraj;h00;4;N
02-o2_02-edg_02-vis_03-lau2_07-day_03-60_01-frt-1001_01-sng_00-n_00-n_00-n_00-n_00-n_00-n;1001;0;41717;0;N;582786;533165;1;3115;0;EC_BR-PH_2;20140319xWed;01_Brno_Kolín;Jihomoravský kraj;h00;6;N
02-o2_02-edg_02-vis_03-lau2_07-day_03-60_01-frt-1001_01-sng_00-n_00-n_00-n_00-n_00-n_00-n;1001;0;41714;0;N;582786;533165;1;3115;0;EC_BR-PH_2;20140316xSun;01_Brno_Kolín;Jihomoravský kraj;h00;1;N
02-o2_02-edg_02-vis_03-lau2_07-day_03-60_01-frt-1001_01-sng_00-n_00-n_00-n_00-n_00-n_00-n;1001;0;41716;0;N;582786;533165;1;3115;0;EC_BR-PH_2;20140318xTue;01_Brno_Kolín;Jihomoravský kraj;h00;3;N
02-o2_02-edg_02-vis_03-lau2_07-day_03-60_01-frt-1001_01-sng_00-n_00-n_00-n_00-n_00-n_00-n;1001;0;41711;0;N;582786;533165;1;3115;0;EC_BR-PH_2;20140313xThu;01_Brno_Kolín;Jihomoravský kraj;h00;5;N
02-o2_02-edg_02-vis_03-lau2_07-day_03-60_01-frt-1001_01-sng_00-n_00-n_00-n_00-n_00-n_00-n;1001;0;41713;0;N;582786;533165;1;3115;0;EC_BR-PH_2;20140315xSat;01_Brno_Kolín;Jihomoravský kraj;h00;7;N
02-o2_02-edg_02-vis_03-lau2_07-day_03-60_01-frt-1001_01-sng_00-n_00-n_00-n_00-n_00-n_00-n;1001;0;41722;0;N;582786;533165;1;3115;0;EC_BR-PH_2;20140324xMon;01_Brno_Kolín;Jihomoravský kraj;h00;3;N
02-o2_02-edg_02-vis_03-lau2_07-day_03-60_01-frt-1001_01-sng_00-n_00-n_00-n_00-n_00-n_00-n;1001;0;41724;0;N;582786;533165;1;3115;0;EC_BR-PH_2;20140326xWed;01_Brno_Kolín;Jihomoravský kraj;h00;4;N
02-o2_02-edg_02-vis_03-lau2_07-day_03-60_01-frt-1001_01-sng_00-n_00-n_00-n_00-n_00-n_00-n;1001;0;41723;0;N;582786;533165;1;3115;0;EC_BR-PH_2;20140325xTue;01_Brno_Kolín;Jihomoravský kraj;h00;7;N
02-o2_02-edg_02-vis_03-lau2_07-day_03-60_01-frt-1001_01-sng_00-n_00-n_00-n_00-n_00-n_00-n;1001;0;41721;0;N;582786;533165;1;3115;0;EC_BR-PH_2;20140323xSun;01_Brno_Kolín;Jihomoravský kraj;h00;2;N
02-o2_02-edg_02-vis_03-lau2_07-day_03-60_01-frt-1001_01-sng_00-n_00-n_00-n_00-n_00-n_00-n;1001;0;41718;0;N;580031;555134;2;3093;0;EC_BR-PH_2;20140320xThu;02_Česká Třebová_Pardubice;Pardubický kraj;h00;49;N
02-o2_02-edg_02-vis_03-lau2_07-day_03-60_01-frt-1001_01-sng_00-n_00-n_00-n_00-n_00-n_00-n;1001;0;41712;0;N;580031;555134;2;3093;0;EC_BR-PH_2;20140314xFri;02_Česká Třebová_Pardubice;Pardubický kraj;h00;47;N
02-o2_02-edg_02-vis_03-lau2_07-day_03-60_01-frt-1001_01-sng_00-n_00-n_00-n_00-n_00-n_00-n;1001;0;41710;0;N;580031;555134;2;3093;0;EC_BR-PH_2;20140312xWed;02_Česká Třebová_Pardubice;Pardubický kraj;h00;40;N
02-o2_02-edg_02-vis_03-lau2_07-day_03-60_01-frt-1001_01-sng_00-n_00-n_00-n_00-n_00-n_00-n;1001;0;41714;0;N;580031;555134;2;3093;0;EC_BR-PH_2;20140316xSun;02_Česká Třebová_Pardubice;Pardubický kraj;h00;23;N
02-o2_02-edg_02-vis_03-lau2_07-day_03-60_01-frt-1001_01-sng_00-n_00-n_00-n_00-n_00-n_00-n;1001;0;41719;0;N;580031;555134;2;3093;0;EC_BR-PH_2;20140321xFri;02_Česká Třebová_Pardubice;Pardubický kraj;h00;44;N
02-o2_02-edg_02-vis_03-lau2_07-day_03-60_01-frt-1001_01-sng_00-n_00-n_00-n_00-n_00-n_00-n;1001;0;41716;0;N;580031;555134;2;3093;0;EC_BR-PH_2;20140318xTue;02_Česká Třebová_Pardubice;Pardubický kraj;h00;35;N
02-o2_02-edg_02-vis_03-lau2_07-day_03-60_01-frt-1001_01-sng_00-n_00-n_00-n_00-n_00-n_00-n;1001;0;41713;0;N;580031;555134;2;3093;0;EC_BR-PH_2;20140315xSat;02_Česká Třebová_Pardubice;Pardubický kraj;h00;26;N
02-o2_02-edg_02-vis_03-lau2_07-day_03-60_01-frt-1001_01-sng_00-n_00-n_00-n_00-n_00-n_00-n;1001;0;41720;0;N;580031;555134;2;3093;0;EC_BR-PH_2;20140322xSat;02_Česká Třebová_Pardubice;Pardubický kraj;h00;22;N
02-o2_02-edg_02-vis_03-lau2_07-day_03-60_01-frt-1001_01-sng_00-n_00-n_00-n_00-n_00-n_00-n;1001;0;41717;0;N;580031;555134;2;3093;0;EC_BR-PH_2;20140319xWed;02_Česká Třebová_Pardubice;Pardubický kraj;h00;44;N
02-o2_02-edg_02-vis_03-lau2_07-day_03-60_01-frt-1001_01-sng_00-n_00-n_00-n_00-n_00-n_00-n;1001;0;41715;0;N;580031;555134;2;3093;0;EC_BR-PH_2;20140317xMon;02_Česká Třebová_Pardubice;Pardubický kraj;h00;37;N
02-o2_02-edg_02-vis_03-lau2_07-day_03-60_01-frt-1001_01-sng_00-n_00-n_00-n_00-n_00-n_00-n;1001;0;41711;0;N;580031;555134;2;3093;0;EC_BR-PH_2;20140313xThu;02_Česká Třebová_Pardubice;Pardubický kraj;h00;52;N
02-o2_02-edg_02-vis_03-lau2_07-day_03-60_01-frt-1001_01-sng_00-n_00-n_00-n_00-n_00-n_00-n;1001;0;41723;0;N;580031;555134;2;3093;0;EC_BR-PH_2;20140325xTue;02_Česká Třebová_Pardubice;Pardubický kraj;h00;77;N
02-o2_02-edg_02-vis_03-lau2_07-day_03-60_01-frt-1001_01-sng_00-n_00-n_00-n_00-n_00-n_00-n;1001;0;41724;0;N;580031;555134;2;3093;0;EC_BR-PH_2;20140326xWed;02_Česká Třebová_Pardubice;Pardubický kraj;h00;56;N
02-o2_02-edg_02-vis_03-lau2_07-day_03-60_01-frt-1001_01-sng_00-n_00-n_00-n_00-n_00-n_00-n;1001;0;41721;0;N;580031;555134;2;3093;0;EC_BR-PH_2;20140323xSun;02_Česká Třebová_Pardubice;Pardubický kraj;h00;17;N
02-o2_02-edg_02-vis_03-lau2_07-day_03-60_01-frt-1001_01-sng_00-n_00-n_00-n_00-n_00-n_00-n;1001;0;41722;0;N;580031;555134;2;3093;0;EC_BR-PH_2;20140324xMon;02_Česká Třebová_Pardubice;Pardubický kraj;h00;63;N
02-o2_02-edg_02-vis_03-lau2_07-day_03-60_01-frt-1001_01-sng_00-n_00-n_00-n_00-n_00-n_00-n;1001;0;41717;0;N;580031;554782;2;3093;0;EC_BR-PH_2;20140319xWed;02_Česká Třebová_Praha;Pardubický kraj;h00;23;N
02-o2_02-edg_02-vis_03-lau2_07-day_03-60_01-frt-1001_01-sng_00-n_00-n_00-n_00-n_00-n_00-n;1001;0;41712;0;N;580031;554782;2;3093;0;EC_BR-PH_2;20140314xFri;02_Česká Třebová_Praha;Pardubický kraj;h00;21;N
02-o2_02-edg_02-vis_03-lau2_07-day_03-60_01-frt-1001_01-sng_00-n_00-n_00-n_00-n_00-n_00-n;1001;0;41718;0;N;580031;554782;2;3093;0;EC_BR-PH_2;20140320xThu;02_Česká Třebová_Praha;Pardubický kraj;h00;16;N
02-o2_02-edg_02-vis_03-lau2_07-day_03-60_01-frt-1001_01-sng_00-n_00-n_00-n_00-n_00-n_00-n;1001;0;41716;0;N;580031;554782;2;3093;0;EC_BR-PH_2;20140318xTue;02_Česká Třebová_Praha;Pardubický kraj;h00;28;N
02-o2_02-edg_02-vis_03-lau2_07-day_03-60_01-frt-1001_01-sng_00-n_00-n_00-n_00-n_00-n_00-n;1001;0;41713;0;N;580031;554782;2;3093;0;EC_BR-PH_2;20140315xSat;02_Česká Třebová_Praha;Pardubický kraj;h00;22;N
02-o2_02-edg_02-vis_03-lau2_07-day_03-60_01-frt-1001_01-sng_00-n_00-n_00-n_00-n_00-n_00-n;1001;0;41711;0;N;580031;554782;2;3093;0;EC_BR-PH_2;20140313xThu;02_Česká Třebová_Praha;Pardubický kraj;h00;11;N
02-o2_02-edg_02-vis_03-lau2_07-day_03-60_01-frt-1001_01-sng_00-n_00-n_00-n_00-n_00-n_00-n;1001;0;41720;0;N;580031;554782;2;3093;0;EC_BR-PH_2;20140322xSat;02_Česká Třebová_Praha;Pardubický kraj;h00;7;N
02-o2_02-edg_02-vis_03-lau2_07-day_03-60_01-frt-1001_01-sng_00-n_00-n_00-n_00-n_00-n_00-n;1001;0;41715;0;N;580031;554782;2;3093;0;EC_BR-PH_2;20140317xMon;02_Česká Třebová_Praha;Pardubický kraj;h00;20;N
02-o2_02-edg_02-vis_03-lau2_07-day_03-60_01-frt-1001_01-sng_00-n_00-n_00-n_00-n_00-n_00-n;1001;0;41714;0;N;580031;554782;2;3093;0;EC_BR-PH_2;20140316xSun;02_Česká Třebová_Praha;Pardubický kraj;h00;11;N
02-o2_02-edg_02-vis_03-lau2_07-day_03-60_01-frt-1001_01-sng_00-n_00-n_00-n_00-n_00-n_00-n;1001;0;41710;0;N;580031;554782;2;3093;0;EC_BR-PH_2;20140312xWed;02_Česká Třebová_Praha;Pardubický kraj;h00;32;N
02-o2_02-edg_02-vis_03-lau2_07-day_03-60_01-frt-1001_01-sng_00-n_00-n_00-n_00-n_00-n_00-n;1001;0;41719;0;N;580031;554782;2;3093;0;EC_BR-PH_2;20140321xFri;02_Česká Třebová_Praha;Pardubický kraj;h00;17;N
02-o2_02-edg_02-vis_03-lau2_07-day_03-60_01-frt-1001_01-sng_00-n_00-n_00-n_00-n_00-n_00-n;1001;0;41723;0;N;580031;554782;2;3093;0;EC_BR-PH_2;20140325xTue;02_Česká Třebová_Praha;Pardubický kraj;h00;31;N
02-o2_02-edg_02-vis_03-lau2_07-day_03-60_01-frt-1001_01-sng_00-n_00-n_00-n_00-n_00-n_00-n;1001;0;41724;0;N;580031;554782;2;3093;0;EC_BR-PH_2;20140326xWed;02_Česká Třebová_Praha;Pardubický kraj;h00;25;N
02-o2_02-edg_02-vis_03-lau2_07-day_03-60_01-frt-1001_01-sng_00-n_00-n_00-n_00-n_00-n_00-n;1001;0;41722;0;N;580031;554782;2;3093;0;EC_BR-PH_2;20140324xMon;02_Česká Třebová_Praha;Pardubický kraj;h00;24;N
02-o2_02-edg_02-vis_03-lau2_07-day_03-60_01-frt-1001_01-sng_00-n_00-n_00-n_00-n_00-n_00-n;1001;0;41721;0;N;580031;554782;2;3093;0;EC_BR-PH_2;20140323xSun;02_Česká Třebová_Praha;Pardubický kraj;h00;8;N
02-o2_02-edg_02-vis_03-lau2_07-day_03-60_01-frt-1001_01-sng_00-n_00-n_00-n_00-n_00-n_00-n;1001;0;41711;0;N;580031;533165;2;3093;0;EC_BR-PH_2;20140313xThu;02_Česká Třebová_Kolín;Pardubický kraj;h00;1;N
02-o2_02-edg_02-vis_03-lau2_07-day_03-60_01-frt-1001_01-sng_00-n_00-n_00-n_00-n_00-n_00-n;1001;0;41720;0;N;580031;533165;2;3093;0;EC_BR-PH_2;20140322xSat;02_Česká Třebová_Kolín;Pardubický kraj;h00;1;N
02-o2_02-edg_02-vis_03-lau2_07-day_03-60_01-frt-1001_01-sng_00-n_00-n_00-n_00-n_00-n_00-n;1001;0;41713;0;N;580031;533165;2;3093;0;EC_BR-PH_2;20140315xSat;02_Česká Třebová_Kolín;Pardubický kraj;h00;1;N
02-o2_02-edg_02-vis_03-lau2_07-day_03-60_01-frt-1001_01-sng_00-n_00-n_00-n_00-n_00-n_00-n;1001;0;41712;0;N;580031;533165;2;3093;0;EC_BR-PH_2;20140314xFri;02_Česká Třebová_Kolín;Pardubický kraj;h00;4;N
02-o2_02-edg_02-vis_03-lau2_07-day_03-60_01-frt-1001_01-sng_00-n_00-n_00-n_00-n_00-n_00-n;1001;0;41715;0;N;580031;533165;2;3093;0;EC_BR-PH_2;20140317xMon;02_Česká Třebová_Kolín;Pardubický kraj;h00;3;N
02-o2_02-edg_02-vis_03-lau2_07-day_03-60_01-frt-1001_01-sng_00-n_00-n_00-n_00-n_00-n_00-n;1001;0;41717;0;N;580031;533165;2;3093;0;EC_BR-PH_2;20140319xWed;02_Česká Třebová_Kolín;Pardubický kraj;h00;1;N
02-o2_02-edg_02-vis_03-lau2_07-day_03-60_01-frt-1001_01-sng_00-n_00-n_00-n_00-n_00-n_00-n;1001;0;41719;0;N;580031;533165;2;3093;0;EC_BR-PH_2;20140321xFri;02_Česká Třebová_Kolín;Pardubický kraj;h00;2;N
02-o2_02-edg_02-vis_03-lau2_07-day_03-60_01-frt-1001_01-sng_00-n_00-n_00-n_00-n_00-n_00-n;1001;0;41716;0;N;580031;533165;2;3093;0;EC_BR-PH_2;20140318xTue;02_Česká Třebová_Kolín;Pardubický kraj;h00;3;N
02-o2_02-edg_02-vis_03-lau2_07-day_03-60_01-frt-1001_01-sng_00-n_00-n_00-n_00-n_00-n_00-n;1001;0;41714;0;N;580031;533165;2;3093;0;EC_BR-PH_2;20140316xSun;02_Česká Třebová_Kolín;Pardubický kraj;h00;4;N
02-o2_02-edg_02-vis_03-lau2_07-day_03-60_01-frt-1001_01-sng_00-n_00-n_00-n_00-n_00-n_00-n;1001;0;41718;0;N;580031;533165;2;3093;0;EC_BR-PH_2;20140320xThu;02_Česká Třebová_Kolín;Pardubický kraj;h00;1;N
02-o2_02-edg_02-vis_03-lau2_07-day_03-60_01-frt-1001_01-sng_00-n_00-n_00-n_00-n_00-n_00-n;1001;0;41722;0;N;580031;533165;2;3093;0;EC_BR-PH_2;20140324xMon;02_Česká Třebová_Kolín;Pardubický kraj;h00;2;N
02-o2_02-edg_02-vis_03-lau2_07-day_03-60_01-frt-1001_01-sng_00-n_00-n_00-n_00-n_00-n_00-n;1001;0;41721;0;N;580031;533165;2;3093;0;EC_BR-PH_2;20140323xSun;02_Česká Třebová_Kolín;Pardubický kraj;h00;1;N
02-o2_02-edg_02-vis_03-lau2_07-day_03-60_01-frt-1001_01-sng_00-n_00-n_00-n_00-n_00-n_00-n;1001;0;41723;0;N;580031;533165;2;3093;0;EC_BR-PH_2;20140325xTue;02_Česká Třebová_Kolín;Pardubický kraj;h00;2;N
02-o2_02-edg_02-vis_03-lau2_07-day_03-60_01-frt-1001_01-sng_00-n_00-n_00-n_00-n_00-n_00-n;1001;0;41716;0;N;555134;554782;3;3093;0;EC_BR-PH_2;20140318xTue;03_Pardubice_Praha;Pardubický kraj;h00;340;N
02-o2_02-edg_02-vis_03-lau2_07-day_03-60_01-frt-1001_01-sng_00-n_00-n_00-n_00-n_00-n_00-n;1001;0;41718;0;N;555134;554782;3;3093;0;EC_BR-PH_2;20140320xThu;03_Pardubice_Praha;Pardubický kraj;h00;288;N
02-o2_02-edg_02-vis_03-lau2_07-day_03-60_01-frt-1001_01-sng_00-n_00-n_00-n_00-n_00-n_00-n;1001;0;41719;0;N;555134;554782;3;3093;0;EC_BR-PH_2;20140321xFri;03_Pardubice_Praha;Pardubický kraj;h00;191;N
02-o2_02-edg_02-vis_03-lau2_07-day_03-60_01-frt-1001_01-sng_00-n_00-n_00-n_00-n_00-n_00-n;1001;0;41712;0;N;555134;554782;3;3093;0;EC_BR-PH_2;20140314xFri;03_Pardubice_Praha;Pardubický kraj;h00;232;N
02-o2_02-edg_02-vis_03-lau2_07-day_03-60_01-frt-1001_01-sng_00-n_00-n_00-n_00-n_00-n_00-n;1001;0;41720;0;N;555134;554782;3;3093;0;EC_BR-PH_2;20140322xSat;03_Pardubice_Praha;Pardubický kraj;h00;134;N
02-o2_02-edg_02-vis_03-lau2_07-day_03-60_01-frt-1001_01-sng_00-n_00-n_00-n_00-n_00-n_00-n;1001;0;41714;0;N;555134;554782;3;3093;0;EC_BR-PH_2;20140316xSun;03_Pardubice_Praha;Pardubický kraj;h00;83;N
02-o2_02-edg_02-vis_03-lau2_07-day_03-60_01-frt-1001_01-sng_00-n_00-n_00-n_00-n_00-n_00-n;1001;0;41710;0;N;555134;554782;3;3093;0;EC_BR-PH_2;20140312xWed;03_Pardubice_Praha;Pardubický kraj;h00;249;N
02-o2_02-edg_02-vis_03-lau2_07-day_03-60_01-frt-1001_01-sng_00-n_00-n_00-n_00-n_00-n_00-n;1001;0;41717;0;N;555134;554782;3;3093;0;EC_BR-PH_2;20140319xWed;03_Pardubice_Praha;Pardubický kraj;h00;291;N
02-o2_02-edg_02-vis_03-lau2_07-day_03-60_01-frt-1001_01-sng_00-n_00-n_00-n_00-n_00-n_00-n;1001;0;41711;0;N;555134;554782;3;3093;0;EC_BR-PH_2;20140313xThu;03_Pardubice_Praha;Pardubický kraj;h00;278;N
02-o2_02-edg_02-vis_03-lau2_07-day_03-60_01-frt-1001_01-sng_00-n_00-n_00-n_00-n_00-n_00-n;1001;0;41713;0;N;555134;554782;3;3093;0;EC_BR-PH_2;20140315xSat;03_Pardubice_Praha;Pardubický kraj;h00;160;N
02-o2_02-edg_02-vis_03-lau2_07-day_03-60_01-frt-1001_01-sng_00-n_00-n_00-n_00-n_00-n_00-n;1001;0;41715;0;N;555134;554782;3;3093;0;EC_BR-PH_2;20140317xMon;03_Pardubice_Praha;Pardubický kraj;h00;277;N
02-o2_02-edg_02-vis_03-lau2_07-day_03-60_01-frt-1001_01-sng_00-n_00-n_00-n_00-n_00-n_00-n;1001;0;41722;0;N;555134;554782;3;3093;0;EC_BR-PH_2;20140324xMon;03_Pardubice_Praha;Pardubický kraj;h00;258;N
02-o2_02-edg_02-vis_03-lau2_07-day_03-60_01-frt-1001_01-sng_00-n_00-n_00-n_00-n_00-n_00-n;1001;0;41721;0;N;555134;554782;3;3093;0;EC_BR-PH_2;20140323xSun;03_Pardubice_Praha;Pardubický kraj;h00;84;N
02-o2_02-edg_02-vis_03-lau2_07-day_03-60_01-frt-1001_01-sng_00-n_00-n_00-n_00-n_00-n_00-n;1001;0;41723;0;N;555134;554782;3;3093;0;EC_BR-PH_2;20140325xTue;03_Pardubice_Praha;Pardubický kraj;h00;305;N
02-o2_02-edg_02-vis_03-lau2_07-day_03-60_01-frt-1001_01-sng_00-n_00-n_00-n_00-n_00-n_00-n;1001;0;41724;0;N;555134;554782;3;3093;0;EC_BR-PH_2;20140326xWed;03_Pardubice_Praha;Pardubický kraj;h00;278;N
02-o2_02-edg_02-vis_03-lau2_07-day_03-60_01-frt-1001_01-sng_00-n_00-n_00-n_00-n_00-n_00-n;1001;0;41716;0;N;555134;533165;3;3093;0;EC_BR-PH_2;20140318xTue;03_Pardubice_Kolín;Pardubický kraj;h00;46;N
02-o2_02-edg_02-vis_03-lau2_07-day_03-60_01-frt-1001_01-sng_00-n_00-n_00-n_00-n_00-n_00-n;1001;0;41710;0;N;555134;533165;3;3093;0;EC_BR-PH_2;20140312xWed;03_Pardubice_Kolín;Pardubický kraj;h00;39;N
02-o2_02-edg_02-vis_03-lau2_07-day_03-60_01-frt-1001_01-sng_00-n_00-n_00-n_00-n_00-n_00-n;1001;0;41717;0;N;555134;533165;3;3093;0;EC_BR-PH_2;20140319xWed;03_Pardubice_Kolín;Pardubický kraj;h00;54;N
02-o2_02-edg_02-vis_03-lau2_07-day_03-60_01-frt-1001_01-sng_00-n_00-n_00-n_00-n_00-n_00-n;1001;0;41718;0;N;555134;533165;3;3093;0;EC_BR-PH_2;20140320xThu;03_Pardubice_Kolín;Pardubický kraj;h00;53;N
02-o2_02-edg_02-vis_03-lau2_07-day_03-60_01-frt-1001_01-sng_00-n_00-n_00-n_00-n_00-n_00-n;1001;0;41720;0;N;555134;533165;3;3093;0;EC_BR-PH_2;20140322xSat;03_Pardubice_Kolín;Pardubický kraj;h00;15;N
02-o2_02-edg_02-vis_03-lau2_07-day_03-60_01-frt-1001_01-sng_00-n_00-n_00-n_00-n_00-n_00-n;1001;0;41715;0;N;555134;533165;3;3093;0;EC_BR-PH_2;20140317xMon;03_Pardubice_Kolín;Pardubický kraj;h00;42;N
02-o2_02-edg_02-vis_03-lau2_07-day_03-60_01-frt-1001_01-sng_00-n_00-n_00-n_00-n_00-n_00-n;1001;0;41714;0;N;555134;533165;3;3093;0;EC_BR-PH_2;20140316xSun;03_Pardubice_Kolín;Pardubický kraj;h00;13;N
02-o2_02-edg_02-vis_03-lau2_07-day_03-60_01-frt-1001_01-sng_00-n_00-n_00-n_00-n_00-n_00-n;1001;0;41719;0;N;555134;533165;3;3093;0;EC_BR-PH_2;20140321xFri;03_Pardubice_Kolín;Pardubický kraj;h00;35;N
02-o2_02-edg_02-vis_03-lau2_07-day_03-60_01-frt-1001_01-sng_00-n_00-n_00-n_00-n_00-n_00-n;1001;0;41711;0;N;555134;533165;3;3093;0;EC_BR-PH_2;20140313xThu;03_Pardubice_Kolín;Pardubický kraj;h00;38;N
02-o2_02-edg_02-vis_03-lau2_07-day_03-60_01-frt-1001_01-sng_00-n_00-n_00-n_00-n_00-n_00-n;1001;0;41713;0;N;555134;533165;3;3093;0;EC_BR-PH_2;20140315xSat;03_Pardubice_Kolín;Pardubický kraj;h00;13;N
02-o2_02-edg_02-vis_03-lau2_07-day_03-60_01-frt-1001_01-sng_00-n_00-n_00-n_00-n_00-n_00-n;1001;0;41712;0;N;555134;533165;3;3093;0;EC_BR-PH_2;20140314xFri;03_Pardubice_Kolín;Pardubický kraj;h00;41;N
02-o2_02-edg_02-vis_03-lau2_07-day_03-60_01-frt-1001_01-sng_00-n_00-n_00-n_00-n_00-n_00-n;1001;0;41724;0;N;555134;533165;3;3093;0;EC_BR-PH_2;20140326xWed;03_Pardubice_Kolín;Pardubický kraj;h00;56;N
02-o2_02-edg_02-vis_03-lau2_07-day_03-60_01-frt-1001_01-sng_00-n_00-n_00-n_00-n_00-n_00-n;1001;0;41722;0;N;555134;533165;3;3093;0;EC_BR-PH_2;20140324xMon;03_Pardubice_Kolín;Pardubický kraj;h00;45;N
02-o2_02-edg_02-vis_03-lau2_07-day_03-60_01-frt-1001_01-sng_00-n_00-n_00-n_00-n_00-n_00-n;1001;0;41723;0;N;555134;533165;3;3093;0;EC_BR-PH_2;20140325xTue;03_Pardubice_Kolín;Pardubický kraj;h00;52;N
02-o2_02-edg_02-vis_03-lau2_07-day_03-60_01-frt-1001_01-sng_00-n_00-n_00-n_00-n_00-n_00-n;1001;0;41721;0;N;555134;533165;3;3093;0;EC_BR-PH_2;20140323xSun;03_Pardubice_Kolín;Pardubický kraj;h00;7;N
02-o2_02-edg_02-vis_03-lau2_07-day_03-60_01-frt-1001_01-sng_00-n_00-n_00-n_00-n_00-n_00-n;1001;0;41720;0;N;533165;554782;4;3026;0;EC_BR-PH_2;20140322xSat;04_Kolín_Praha;Středočeský kraj;h00;198;N
02-o2_02-edg_02-vis_03-lau2_07-day_03-60_01-frt-1001_01-sng_00-n_00-n_00-n_00-n_00-n_00-n;1001;0;41710;0;N;533165;554782;4;3026;0;EC_BR-PH_2;20140312xWed;04_Kolín_Praha;Středočeský kraj;h00;390;N
02-o2_02-edg_02-vis_03-lau2_07-day_03-60_01-frt-1001_01-sng_00-n_00-n_00-n_00-n_00-n_00-n;1001;0;41711;0;N;533165;554782;4;3026;0;EC_BR-PH_2;20140313xThu;04_Kolín_Praha;Středočeský kraj;h00;380;N
02-o2_02-edg_02-vis_03-lau2_07-day_03-60_01-frt-1001_01-sng_00-n_00-n_00-n_00-n_00-n_00-n;1001;0;41712;0;N;533165;554782;4;3026;0;EC_BR-PH_2;20140314xFri;04_Kolín_Praha;Středočeský kraj;h00;367;N
02-o2_02-edg_02-vis_03-lau2_07-day_03-60_01-frt-1001_01-sng_00-n_00-n_00-n_00-n_00-n_00-n;1001;0;41713;0;N;533165;554782;4;3026;0;EC_BR-PH_2;20140315xSat;04_Kolín_Praha;Středočeský kraj;h00;227;N
02-o2_02-edg_02-vis_03-lau2_07-day_03-60_01-frt-1001_01-sng_00-n_00-n_00-n_00-n_00-n_00-n;1001;0;41714;0;N;533165;554782;4;3026;0;EC_BR-PH_2;20140316xSun;04_Kolín_Praha;Středočeský kraj;h00;136;N
02-o2_02-edg_02-vis_03-lau2_07-day_03-60_01-frt-1001_01-sng_00-n_00-n_00-n_00-n_00-n_00-n;1001;0;41719;0;N;533165;554782;4;3026;0;EC_BR-PH_2;20140321xFri;04_Kolín_Praha;Středočeský kraj;h00;361;N
02-o2_02-edg_02-vis_03-lau2_07-day_03-60_01-frt-1001_01-sng_00-n_00-n_00-n_00-n_00-n_00-n;1001;0;41717;0;N;533165;554782;4;3026;0;EC_BR-PH_2;20140319xWed;04_Kolín_Praha;Středočeský kraj;h00;485;N
02-o2_02-edg_02-vis_03-lau2_07-day_03-60_01-frt-1001_01-sng_00-n_00-n_00-n_00-n_00-n_00-n;1001;0;41716;0;N;533165;554782;4;3026;0;EC_BR-PH_2;20140318xTue;04_Kolín_Praha;Středočeský kraj;h00;515;N
