02-o2_02-edg_03-tour_03-lau2_07-day_05-300+_06-frt-1006_01-sng_00-n_00-n_00-n_00-n_00-n_00-n;1006;0;41718;0;N;554782;559717;1;3018;0;R_PH_PL_2;20140320xThu;01_Praha_Rokycany;Hlavní město Praha;h00;10;N
02-o2_02-edg_03-tour_03-lau2_07-day_05-300+_06-frt-1006_01-sng_00-n_00-n_00-n_00-n_00-n_00-n;1006;0;41717;0;N;554782;559717;1;3018;0;R_PH_PL_2;20140319xWed;01_Praha_Rokycany;Hlavní město Praha;h00;10;N
02-o2_02-edg_03-tour_03-lau2_07-day_05-300+_06-frt-1006_01-sng_00-n_00-n_00-n_00-n_00-n_00-n;1006;0;41724;0;N;554782;559717;1;3018;0;R_PH_PL_2;20140326xWed;01_Praha_Rokycany;Hlavní město Praha;h00;11;N
02-o2_02-edg_03-tour_03-lau2_07-day_05-300+_06-frt-1006_01-sng_00-n_00-n_00-n_00-n_00-n_00-n;1006;0;41721;0;N;554782;559717;1;3018;0;R_PH_PL_2;20140323xSun;01_Praha_Rokycany;Hlavní město Praha;h00;1;N
02-o2_02-edg_03-tour_03-lau2_07-day_05-300+_06-frt-1006_01-sng_00-n_00-n_00-n_00-n_00-n_00-n;1006;0;41717;0;N;554782;554791;1;3018;0;R_PH_PL_2;20140319xWed;01_Praha_Plzeň;Hlavní město Praha;h00;100;N
02-o2_02-edg_03-tour_03-lau2_07-day_05-300+_06-frt-1006_01-sng_00-n_00-n_00-n_00-n_00-n_00-n;1006;0;41711;0;N;554782;554791;1;3018;0;R_PH_PL_2;20140313xThu;01_Praha_Plzeň;Hlavní město Praha;h00;113;N
02-o2_02-edg_03-tour_03-lau2_07-day_05-300+_06-frt-1006_01-sng_00-n_00-n_00-n_00-n_00-n_00-n;1006;0;41718;0;N;554782;554791;1;3018;0;R_PH_PL_2;20140320xThu;01_Praha_Plzeň;Hlavní město Praha;h00;115;N
02-o2_02-edg_03-tour_03-lau2_07-day_05-300+_06-frt-1006_01-sng_00-n_00-n_00-n_00-n_00-n_00-n;1006;0;41716;0;N;554782;554791;1;3018;0;R_PH_PL_2;20140318xTue;01_Praha_Plzeň;Hlavní město Praha;h00;125;N
02-o2_02-edg_03-tour_03-lau2_07-day_05-300+_06-frt-1006_01-sng_00-n_00-n_00-n_00-n_00-n_00-n;1006;0;41723;0;N;554782;554791;1;3018;0;R_PH_PL_2;20140325xTue;01_Praha_Plzeň;Hlavní město Praha;h00;107;N
02-o2_02-edg_03-tour_03-lau2_07-day_05-300+_06-frt-1006_01-sng_00-n_00-n_00-n_00-n_00-n_00-n;1006;0;41712;0;N;554782;554791;1;3018;0;R_PH_PL_2;20140314xFri;01_Praha_Plzeň;Hlavní město Praha;h00;85;N
02-o2_02-edg_03-tour_03-lau2_07-day_05-300+_06-frt-1006_01-sng_00-n_00-n_00-n_00-n_00-n_00-n;1006;0;41720;0;N;554782;554791;1;3018;0;R_PH_PL_2;20140322xSat;01_Praha_Plzeň;Hlavní město Praha;h00;65;N
02-o2_02-edg_03-tour_03-lau2_07-day_05-300+_06-frt-1006_01-sng_00-n_00-n_00-n_00-n_00-n_00-n;1006;0;41715;0;N;554782;554791;1;3018;0;R_PH_PL_2;20140317xMon;01_Praha_Plzeň;Hlavní město Praha;h00;100;N
02-o2_02-edg_03-tour_03-lau2_07-day_05-300+_06-frt-1006_01-sng_00-n_00-n_00-n_00-n_00-n_00-n;1006;0;41713;0;N;554782;554791;1;3018;0;R_PH_PL_2;20140315xSat;01_Praha_Plzeň;Hlavní město Praha;h00;89;N
02-o2_02-edg_03-tour_03-lau2_07-day_05-300+_06-frt-1006_01-sng_00-n_00-n_00-n_00-n_00-n_00-n;1006;0;41721;0;N;554782;554791;1;3018;0;R_PH_PL_2;20140323xSun;01_Praha_Plzeň;Hlavní město Praha;h00;54;N
02-o2_02-edg_03-tour_03-lau2_07-day_05-300+_06-frt-1006_01-sng_00-n_00-n_00-n_00-n_00-n_00-n;1006;0;41724;0;N;554782;554791;1;3018;0;R_PH_PL_2;20140326xWed;01_Praha_Plzeň;Hlavní město Praha;h00;96;N
02-o2_02-edg_03-tour_03-lau2_07-day_05-300+_06-frt-1006_01-sng_00-n_00-n_00-n_00-n_00-n_00-n;1006;0;41722;0;N;554782;554791;1;3018;0;R_PH_PL_2;20140324xMon;01_Praha_Plzeň;Hlavní město Praha;h00;96;N
02-o2_02-edg_03-tour_03-lau2_07-day_05-300+_06-frt-1006_01-sng_00-n_00-n_00-n_00-n_00-n_00-n;1006;0;41714;0;N;554782;554791;1;3018;0;R_PH_PL_2;20140316xSun;01_Praha_Plzeň;Hlavní město Praha;h00;57;N
02-o2_02-edg_03-tour_03-lau2_07-day_05-300+_06-frt-1006_01-sng_00-n_00-n_00-n_00-n_00-n_00-n;1006;0;41710;0;N;554782;554791;1;3018;0;R_PH_PL_2;20140312xWed;01_Praha_Plzeň;Hlavní město Praha;h00;110;N
02-o2_02-edg_03-tour_03-lau2_07-day_05-300+_06-frt-1006_01-sng_00-n_00-n_00-n_00-n_00-n_00-n;1006;0;41719;0;N;554782;554791;1;3018;0;R_PH_PL_2;20140321xFri;01_Praha_Plzeň;Hlavní město Praha;h00;78;N
02-o2_02-edg_03-tour_03-lau2_07-day_05-300+_06-frt-1006_01-sng_00-n_00-n_00-n_00-n_00-n_00-n;1006;0;41720;0;N;554782;539856;1;3018;0;R_PH_PL_2;20140322xSat;01_Praha_Všenory;Hlavní město Praha;h00;91;N
02-o2_02-edg_03-tour_03-lau2_07-day_05-300+_06-frt-1006_01-sng_00-n_00-n_00-n_00-n_00-n_00-n;1006;0;41724;0;N;554782;539856;1;3018;0;R_PH_PL_2;20140326xWed;01_Praha_Všenory;Hlavní město Praha;h00;113;N
02-o2_02-edg_03-tour_03-lau2_07-day_05-300+_06-frt-1006_01-sng_00-n_00-n_00-n_00-n_00-n_00-n;1006;0;41712;0;N;554782;539856;1;3018;0;R_PH_PL_2;20140314xFri;01_Praha_Všenory;Hlavní město Praha;h00;128;N
02-o2_02-edg_03-tour_03-lau2_07-day_05-300+_06-frt-1006_01-sng_00-n_00-n_00-n_00-n_00-n_00-n;1006;0;41715;0;N;554782;539856;1;3018;0;R_PH_PL_2;20140317xMon;01_Praha_Všenory;Hlavní město Praha;h00;93;N
02-o2_02-edg_03-tour_03-lau2_07-day_05-300+_06-frt-1006_01-sng_00-n_00-n_00-n_00-n_00-n_00-n;1006;0;41717;0;N;554782;539856;1;3018;0;R_PH_PL_2;20140319xWed;01_Praha_Všenory;Hlavní město Praha;h00;108;N
02-o2_02-edg_03-tour_03-lau2_07-day_05-300+_06-frt-1006_01-sng_00-n_00-n_00-n_00-n_00-n_00-n;1006;0;41714;0;N;554782;539856;1;3018;0;R_PH_PL_2;20140316xSun;01_Praha_Všenory;Hlavní město Praha;h00;40;N
02-o2_02-edg_03-tour_03-lau2_07-day_05-300+_06-frt-1006_01-sng_00-n_00-n_00-n_00-n_00-n_00-n;1006;0;41710;0;N;554782;539856;1;3018;0;R_PH_PL_2;20140312xWed;01_Praha_Všenory;Hlavní město Praha;h00;125;N
02-o2_02-edg_03-tour_03-lau2_07-day_05-300+_06-frt-1006_01-sng_00-n_00-n_00-n_00-n_00-n_00-n;1006;0;41719;0;N;554782;539856;1;3018;0;R_PH_PL_2;20140321xFri;01_Praha_Všenory;Hlavní město Praha;h00;95;N
02-o2_02-edg_03-tour_03-lau2_07-day_05-300+_06-frt-1006_01-sng_00-n_00-n_00-n_00-n_00-n_00-n;1006;0;41721;0;N;554782;539856;1;3018;0;R_PH_PL_2;20140323xSun;01_Praha_Všenory;Hlavní město Praha;h00;48;N
02-o2_02-edg_03-tour_03-lau2_07-day_05-300+_06-frt-1006_01-sng_00-n_00-n_00-n_00-n_00-n_00-n;1006;0;41716;0;N;554782;539856;1;3018;0;R_PH_PL_2;20140318xTue;01_Praha_Všenory;Hlavní město Praha;h00;115;N
02-o2_02-edg_03-tour_03-lau2_07-day_05-300+_06-frt-1006_01-sng_00-n_00-n_00-n_00-n_00-n_00-n;1006;0;41723;0;N;554782;539856;1;3018;0;R_PH_PL_2;20140325xTue;01_Praha_Všenory;Hlavní město Praha;h00;118;N
02-o2_02-edg_03-tour_03-lau2_07-day_05-300+_06-frt-1006_01-sng_00-n_00-n_00-n_00-n_00-n_00-n;1006;0;41722;0;N;554782;539856;1;3018;0;R_PH_PL_2;20140324xMon;01_Praha_Všenory;Hlavní město Praha;h00;94;N
02-o2_02-edg_03-tour_03-lau2_07-day_05-300+_06-frt-1006_01-sng_00-n_00-n_00-n_00-n_00-n_00-n;1006;0;41718;0;N;554782;539856;1;3018;0;R_PH_PL_2;20140320xThu;01_Praha_Všenory;Hlavní město Praha;h00;123;N
02-o2_02-edg_03-tour_03-lau2_07-day_05-300+_06-frt-1006_01-sng_00-n_00-n_00-n_00-n_00-n_00-n;1006;0;41713;0;N;554782;539856;1;3018;0;R_PH_PL_2;20140315xSat;01_Praha_Všenory;Hlavní město Praha;h00;61;N
02-o2_02-edg_03-tour_03-lau2_07-day_05-300+_06-frt-1006_01-sng_00-n_00-n_00-n_00-n_00-n_00-n;1006;0;41711;0;N;554782;539856;1;3018;0;R_PH_PL_2;20140313xThu;01_Praha_Všenory;Hlavní město Praha;h00;121;N
02-o2_02-edg_03-tour_03-lau2_07-day_05-300+_06-frt-1006_01-sng_00-n_00-n_00-n_00-n_00-n_00-n;1006;0;41712;0;N;554782;532011;1;3018;0;R_PH_PL_2;20140314xFri;01_Praha_Zdice;Hlavní město Praha;h00;34;N
02-o2_02-edg_03-tour_03-lau2_07-day_05-300+_06-frt-1006_01-sng_00-n_00-n_00-n_00-n_00-n_00-n;1006;0;41719;0;N;554782;532011;1;3018;0;R_PH_PL_2;20140321xFri;01_Praha_Zdice;Hlavní město Praha;h00;17;N
02-o2_02-edg_03-tour_03-lau2_07-day_05-300+_06-frt-1006_01-sng_00-n_00-n_00-n_00-n_00-n_00-n;1006;0;41711;0;N;554782;532011;1;3018;0;R_PH_PL_2;20140313xThu;01_Praha_Zdice;Hlavní město Praha;h00;32;N
02-o2_02-edg_03-tour_03-lau2_07-day_05-300+_06-frt-1006_01-sng_00-n_00-n_00-n_00-n_00-n_00-n;1006;0;41721;0;N;554782;532011;1;3018;0;R_PH_PL_2;20140323xSun;01_Praha_Zdice;Hlavní město Praha;h00;8;N
02-o2_02-edg_03-tour_03-lau2_07-day_05-300+_06-frt-1006_01-sng_00-n_00-n_00-n_00-n_00-n_00-n;1006;0;41723;0;N;554782;532011;1;3018;0;R_PH_PL_2;20140325xTue;01_Praha_Zdice;Hlavní město Praha;h00;24;N
02-o2_02-edg_03-tour_03-lau2_07-day_05-300+_06-frt-1006_01-sng_00-n_00-n_00-n_00-n_00-n_00-n;1006;0;41722;0;N;554782;532011;1;3018;0;R_PH_PL_2;20140324xMon;01_Praha_Zdice;Hlavní město Praha;h00;24;N
02-o2_02-edg_03-tour_03-lau2_07-day_05-300+_06-frt-1006_01-sng_00-n_00-n_00-n_00-n_00-n_00-n;1006;0;41716;0;N;554782;532011;1;3018;0;R_PH_PL_2;20140318xTue;01_Praha_Zdice;Hlavní město Praha;h00;29;N
02-o2_02-edg_03-tour_03-lau2_07-day_05-300+_06-frt-1006_01-sng_00-n_00-n_00-n_00-n_00-n_00-n;1006;0;41717;0;N;554782;532011;1;3018;0;R_PH_PL_2;20140319xWed;01_Praha_Zdice;Hlavní město Praha;h00;27;N
02-o2_02-edg_03-tour_03-lau2_07-day_05-300+_06-frt-1006_01-sng_00-n_00-n_00-n_00-n_00-n_00-n;1006;0;41710;0;N;554782;532011;1;3018;0;R_PH_PL_2;20140312xWed;01_Praha_Zdice;Hlavní město Praha;h00;32;N
02-o2_02-edg_03-tour_03-lau2_07-day_05-300+_06-frt-1006_01-sng_00-n_00-n_00-n_00-n_00-n_00-n;1006;0;41718;0;N;554782;532011;1;3018;0;R_PH_PL_2;20140320xThu;01_Praha_Zdice;Hlavní město Praha;h00;27;N
02-o2_02-edg_03-tour_03-lau2_07-day_05-300+_06-frt-1006_01-sng_00-n_00-n_00-n_00-n_00-n_00-n;1006;0;41713;0;N;554782;532011;1;3018;0;R_PH_PL_2;20140315xSat;01_Praha_Zdice;Hlavní město Praha;h00;9;N
02-o2_02-edg_03-tour_03-lau2_07-day_05-300+_06-frt-1006_01-sng_00-n_00-n_00-n_00-n_00-n_00-n;1006;0;41715;0;N;554782;532011;1;3018;0;R_PH_PL_2;20140317xMon;01_Praha_Zdice;Hlavní město Praha;h00;31;N
02-o2_02-edg_03-tour_03-lau2_07-day_05-300+_06-frt-1006_01-sng_00-n_00-n_00-n_00-n_00-n_00-n;1006;0;41720;0;N;554782;532011;1;3018;0;R_PH_PL_2;20140322xSat;01_Praha_Zdice;Hlavní město Praha;h00;18;N
02-o2_02-edg_03-tour_03-lau2_07-day_05-300+_06-frt-1006_01-sng_00-n_00-n_00-n_00-n_00-n_00-n;1006;0;41724;0;N;554782;532011;1;3018;0;R_PH_PL_2;20140326xWed;01_Praha_Zdice;Hlavní město Praha;h00;23;N
02-o2_02-edg_03-tour_03-lau2_07-day_05-300+_06-frt-1006_01-sng_00-n_00-n_00-n_00-n_00-n_00-n;1006;0;41714;0;N;554782;532011;1;3018;0;R_PH_PL_2;20140316xSun;01_Praha_Zdice;Hlavní město Praha;h00;6;N
02-o2_02-edg_03-tour_03-lau2_07-day_05-300+_06-frt-1006_01-sng_00-n_00-n_00-n_00-n_00-n_00-n;1006;0;41717;0;N;554782;531189;1;3018;0;R_PH_PL_2;20140319xWed;01_Praha_Hořovice;Hlavní město Praha;h00;12;N
02-o2_02-edg_03-tour_03-lau2_07-day_05-300+_06-frt-1006_01-sng_00-n_00-n_00-n_00-n_00-n_00-n;1006;0;41713;0;N;554782;531189;1;3018;0;R_PH_PL_2;20140315xSat;01_Praha_Hořovice;Hlavní město Praha;h00;6;N
02-o2_02-edg_03-tour_03-lau2_07-day_05-300+_06-frt-1006_01-sng_00-n_00-n_00-n_00-n_00-n_00-n;1006;0;41719;0;N;554782;531189;1;3018;0;R_PH_PL_2;20140321xFri;01_Praha_Hořovice;Hlavní město Praha;h00;6;N
02-o2_02-edg_03-tour_03-lau2_07-day_05-300+_06-frt-1006_01-sng_00-n_00-n_00-n_00-n_00-n_00-n;1006;0;41714;0;N;554782;531189;1;3018;0;R_PH_PL_2;20140316xSun;01_Praha_Hořovice;Hlavní město Praha;h00;1;N
02-o2_02-edg_03-tour_03-lau2_07-day_05-300+_06-frt-1006_01-sng_00-n_00-n_00-n_00-n_00-n_00-n;1006;0;41722;0;N;554782;531189;1;3018;0;R_PH_PL_2;20140324xMon;01_Praha_Hořovice;Hlavní město Praha;h00;6;N
02-o2_02-edg_03-tour_03-lau2_07-day_05-300+_06-frt-1006_01-sng_00-n_00-n_00-n_00-n_00-n_00-n;1006;0;41721;0;N;554782;531189;1;3018;0;R_PH_PL_2;20140323xSun;01_Praha_Hořovice;Hlavní město Praha;h00;4;N
02-o2_02-edg_03-tour_03-lau2_07-day_05-300+_06-frt-1006_01-sng_00-n_00-n_00-n_00-n_00-n_00-n;1006;0;41716;0;N;554782;531189;1;3018;0;R_PH_PL_2;20140318xTue;01_Praha_Hořovice;Hlavní město Praha;h00;8;N
02-o2_02-edg_03-tour_03-lau2_07-day_05-300+_06-frt-1006_01-sng_00-n_00-n_00-n_00-n_00-n_00-n;1006;0;41715;0;N;554782;531189;1;3018;0;R_PH_PL_2;20140317xMon;01_Praha_Hořovice;Hlavní město Praha;h00;7;N
02-o2_02-edg_03-tour_03-lau2_07-day_05-300+_06-frt-1006_01-sng_00-n_00-n_00-n_00-n_00-n_00-n;1006;0;41724;0;N;554782;531189;1;3018;0;R_PH_PL_2;20140326xWed;01_Praha_Hořovice;Hlavní město Praha;h00;5;N
02-o2_02-edg_03-tour_03-lau2_07-day_05-300+_06-frt-1006_01-sng_00-n_00-n_00-n_00-n_00-n_00-n;1006;0;41723;0;N;554782;531189;1;3018;0;R_PH_PL_2;20140325xTue;01_Praha_Hořovice;Hlavní město Praha;h00;3;N
02-o2_02-edg_03-tour_03-lau2_07-day_05-300+_06-frt-1006_01-sng_00-n_00-n_00-n_00-n_00-n_00-n;1006;0;41711;0;N;554782;531189;1;3018;0;R_PH_PL_2;20140313xThu;01_Praha_Hořovice;Hlavní město Praha;h00;7;N
02-o2_02-edg_03-tour_03-lau2_07-day_05-300+_06-frt-1006_01-sng_00-n_00-n_00-n_00-n_00-n_00-n;1006;0;41712;0;N;554782;531189;1;3018;0;R_PH_PL_2;20140314xFri;01_Praha_Hořovice;Hlavní město Praha;h00;5;N
02-o2_02-edg_03-tour_03-lau2_07-day_05-300+_06-frt-1006_01-sng_00-n_00-n_00-n_00-n_00-n_00-n;1006;0;41710;0;N;554782;531189;1;3018;0;R_PH_PL_2;20140312xWed;01_Praha_Hořovice;Hlavní město Praha;h00;10;N
02-o2_02-edg_03-tour_03-lau2_07-day_05-300+_06-frt-1006_01-sng_00-n_00-n_00-n_00-n_00-n_00-n;1006;0;41718;0;N;554782;531189;1;3018;0;R_PH_PL_2;20140320xThu;01_Praha_Hořovice;Hlavní město Praha;h00;3;N
02-o2_02-edg_03-tour_03-lau2_07-day_05-300+_06-frt-1006_01-sng_00-n_00-n_00-n_00-n_00-n_00-n;1006;0;41720;0;N;554782;531189;1;3018;0;R_PH_PL_2;20140322xSat;01_Praha_Hořovice;Hlavní město Praha;h00;6;N
02-o2_02-edg_03-tour_03-lau2_07-day_05-300+_06-frt-1006_01-sng_00-n_00-n_00-n_00-n_00-n_00-n;1006;0;41718;0;N;554782;531057;1;3018;0;R_PH_PL_2;20140320xThu;01_Praha_Beroun;Hlavní město Praha;h00;421;N
02-o2_02-edg_03-tour_03-lau2_07-day_05-300+_06-frt-1006_01-sng_00-n_00-n_00-n_00-n_00-n_00-n;1006;0;41717;0;N;554782;531057;1;3018;0;R_PH_PL_2;20140319xWed;01_Praha_Beroun;Hlavní město Praha;h00;485;N
02-o2_02-edg_03-tour_03-lau2_07-day_05-300+_06-frt-1006_01-sng_00-n_00-n_00-n_00-n_00-n_00-n;1006;0;41714;0;N;554782;531057;1;3018;0;R_PH_PL_2;20140316xSun;01_Praha_Beroun;Hlavní město Praha;h00;279;N
02-o2_02-edg_03-tour_03-lau2_07-day_05-300+_06-frt-1006_01-sng_00-n_00-n_00-n_00-n_00-n_00-n;1006;0;41716;0;N;554782;531057;1;3018;0;R_PH_PL_2;20140318xTue;01_Praha_Beroun;Hlavní město Praha;h00;447;N
02-o2_02-edg_03-tour_03-lau2_07-day_05-300+_06-frt-1006_01-sng_00-n_00-n_00-n_00-n_00-n_00-n;1006;0;41719;0;N;554782;531057;1;3018;0;R_PH_PL_2;20140321xFri;01_Praha_Beroun;Hlavní město Praha;h00;459;N
02-o2_02-edg_03-tour_03-lau2_07-day_05-300+_06-frt-1006_01-sng_00-n_00-n_00-n_00-n_00-n_00-n;1006;0;41713;0;N;554782;531057;1;3018;0;R_PH_PL_2;20140315xSat;01_Praha_Beroun;Hlavní město Praha;h00;418;N
02-o2_02-edg_03-tour_03-lau2_07-day_05-300+_06-frt-1006_01-sng_00-n_00-n_00-n_00-n_00-n_00-n;1006;0;41722;0;N;554782;531057;1;3018;0;R_PH_PL_2;20140324xMon;01_Praha_Beroun;Hlavní město Praha;h00;436;N
02-o2_02-edg_03-tour_03-lau2_07-day_05-300+_06-frt-1006_01-sng_00-n_00-n_00-n_00-n_00-n_00-n;1006;0;41710;0;N;554782;531057;1;3018;0;R_PH_PL_2;20140312xWed;01_Praha_Beroun;Hlavní město Praha;h00;433;N
02-o2_02-edg_03-tour_03-lau2_07-day_05-300+_06-frt-1006_01-sng_00-n_00-n_00-n_00-n_00-n_00-n;1006;0;41711;0;N;554782;531057;1;3018;0;R_PH_PL_2;20140313xThu;01_Praha_Beroun;Hlavní město Praha;h00;466;N
02-o2_02-edg_03-tour_03-lau2_07-day_05-300+_06-frt-1006_01-sng_00-n_00-n_00-n_00-n_00-n_00-n;1006;0;41723;0;N;554782;531057;1;3018;0;R_PH_PL_2;20140325xTue;01_Praha_Beroun;Hlavní město Praha;h00;487;N
02-o2_02-edg_03-tour_03-lau2_07-day_05-300+_06-frt-1006_01-sng_00-n_00-n_00-n_00-n_00-n_00-n;1006;0;41715;0;N;554782;531057;1;3018;0;R_PH_PL_2;20140317xMon;01_Praha_Beroun;Hlavní město Praha;h00;473;N
02-o2_02-edg_03-tour_03-lau2_07-day_05-300+_06-frt-1006_01-sng_00-n_00-n_00-n_00-n_00-n_00-n;1006;0;41712;0;N;554782;531057;1;3018;0;R_PH_PL_2;20140314xFri;01_Praha_Beroun;Hlavní město Praha;h00;553;N
02-o2_02-edg_03-tour_03-lau2_07-day_05-300+_06-frt-1006_01-sng_00-n_00-n_00-n_00-n_00-n_00-n;1006;0;41721;0;N;554782;531057;1;3018;0;R_PH_PL_2;20140323xSun;01_Praha_Beroun;Hlavní město Praha;h00;287;N
02-o2_02-edg_03-tour_03-lau2_07-day_05-300+_06-frt-1006_01-sng_00-n_00-n_00-n_00-n_00-n_00-n;1006;0;41720;0;N;554782;531057;1;3018;0;R_PH_PL_2;20140322xSat;01_Praha_Beroun;Hlavní město Praha;h00;307;N
02-o2_02-edg_03-tour_03-lau2_07-day_05-300+_06-frt-1006_01-sng_00-n_00-n_00-n_00-n_00-n_00-n;1006;0;41724;0;N;554782;531057;1;3018;0;R_PH_PL_2;20140326xWed;01_Praha_Beroun;Hlavní město Praha;h00;456;N
02-o2_02-edg_03-tour_03-lau2_07-day_05-300+_06-frt-1006_01-sng_00-n_00-n_00-n_00-n_00-n_00-n;1006;0;41715;0;N;539856;559717;2;3026;0;R_PH_PL_2;20140317xMon;02_Všenory_Rokycany;Středočeský kraj;h00;1;N
02-o2_02-edg_03-tour_03-lau2_07-day_05-300+_06-frt-1006_01-sng_00-n_00-n_00-n_00-n_00-n_00-n;1006;0;41715;0;N;539856;554791;2;3026;0;R_PH_PL_2;20140317xMon;02_Všenory_Plzeň;Středočeský kraj;h00;1;N
02-o2_02-edg_03-tour_03-lau2_07-day_05-300+_06-frt-1006_01-sng_00-n_00-n_00-n_00-n_00-n_00-n;1006;0;41712;0;N;539856;554791;2;3026;0;R_PH_PL_2;20140314xFri;02_Všenory_Plzeň;Středočeský kraj;h00;1;N
02-o2_02-edg_03-tour_03-lau2_07-day_05-300+_06-frt-1006_01-sng_00-n_00-n_00-n_00-n_00-n_00-n;1006;0;41723;0;N;539856;554791;2;3026;0;R_PH_PL_2;20140325xTue;02_Všenory_Plzeň;Středočeský kraj;h00;1;N
02-o2_02-edg_03-tour_03-lau2_07-day_05-300+_06-frt-1006_01-sng_00-n_00-n_00-n_00-n_00-n_00-n;1006;0;41710;0;N;539856;554791;2;3026;0;R_PH_PL_2;20140312xWed;02_Všenory_Plzeň;Středočeský kraj;h00;1;N
02-o2_02-edg_03-tour_03-lau2_07-day_05-300+_06-frt-1006_01-sng_00-n_00-n_00-n_00-n_00-n_00-n;1006;0;41722;0;N;539856;532011;2;3026;0;R_PH_PL_2;20140324xMon;02_Všenory_Zdice;Středočeský kraj;h00;1;N
02-o2_02-edg_03-tour_03-lau2_07-day_05-300+_06-frt-1006_01-sng_00-n_00-n_00-n_00-n_00-n_00-n;1006;0;41712;0;N;539856;532011;2;3026;0;R_PH_PL_2;20140314xFri;02_Všenory_Zdice;Středočeský kraj;h00;1;N
02-o2_02-edg_03-tour_03-lau2_07-day_05-300+_06-frt-1006_01-sng_00-n_00-n_00-n_00-n_00-n_00-n;1006;0;41712;0;N;539856;531189;2;3026;0;R_PH_PL_2;20140314xFri;02_Všenory_Hořovice;Středočeský kraj;h00;1;N
02-o2_02-edg_03-tour_03-lau2_07-day_05-300+_06-frt-1006_01-sng_00-n_00-n_00-n_00-n_00-n_00-n;1006;0;41718;0;N;539856;531057;2;3026;0;R_PH_PL_2;20140320xThu;02_Všenory_Beroun;Středočeský kraj;h00;1;N
02-o2_02-edg_03-tour_03-lau2_07-day_05-300+_06-frt-1006_01-sng_00-n_00-n_00-n_00-n_00-n_00-n;1006;0;41724;0;N;539856;531057;2;3026;0;R_PH_PL_2;20140326xWed;02_Všenory_Beroun;Středočeský kraj;h00;1;N
02-o2_02-edg_03-tour_03-lau2_07-day_05-300+_06-frt-1006_01-sng_00-n_00-n_00-n_00-n_00-n_00-n;1006;0;41714;0;N;539856;531057;2;3026;0;R_PH_PL_2;20140316xSun;02_Všenory_Beroun;Středočeský kraj;h00;3;N
02-o2_02-edg_03-tour_03-lau2_07-day_05-300+_06-frt-1006_01-sng_00-n_00-n_00-n_00-n_00-n_00-n;1006;0;41722;0;N;539856;531057;2;3026;0;R_PH_PL_2;20140324xMon;02_Všenory_Beroun;Středočeský kraj;h00;2;N
02-o2_02-edg_03-tour_03-lau2_07-day_05-300+_06-frt-1006_01-sng_00-n_00-n_00-n_00-n_00-n_00-n;1006;0;41711;0;N;539856;531057;2;3026;0;R_PH_PL_2;20140313xThu;02_Všenory_Beroun;Středočeský kraj;h00;1;N
02-o2_02-edg_03-tour_03-lau2_07-day_05-300+_06-frt-1006_01-sng_00-n_00-n_00-n_00-n_00-n_00-n;1006;0;41719;0;N;539856;531057;2;3026;0;R_PH_PL_2;20140321xFri;02_Všenory_Beroun;Středočeský kraj;h00;2;N
02-o2_02-edg_03-tour_03-lau2_07-day_05-300+_06-frt-1006_01-sng_00-n_00-n_00-n_00-n_00-n_00-n;1006;0;41713;0;N;539856;531057;2;3026;0;R_PH_PL_2;20140315xSat;02_Všenory_Beroun;Středočeský kraj;h00;1;N
02-o2_02-edg_03-tour_03-lau2_07-day_05-300+_06-frt-1006_01-sng_00-n_00-n_00-n_00-n_00-n_00-n;1006;0;41720;0;N;539856;531057;2;3026;0;R_PH_PL_2;20140322xSat;02_Všenory_Beroun;Středočeský kraj;h00;2;N
02-o2_02-edg_03-tour_03-lau2_07-day_05-300+_06-frt-1006_01-sng_00-n_00-n_00-n_00-n_00-n_00-n;1006;0;41719;0;N;532011;559903;4;3026;0;R_PH_PL_2;20140321xFri;04_Zdice_Kařez;Středočeský kraj;h00;2;N
02-o2_02-edg_03-tour_03-lau2_07-day_05-300+_06-frt-1006_01-sng_00-n_00-n_00-n_00-n_00-n_00-n;1006;0;41721;0;N;532011;559903;4;3026;0;R_PH_PL_2;20140323xSun;04_Zdice_Kařez;Středočeský kraj;h00;1;N
02-o2_02-edg_03-tour_03-lau2_07-day_05-300+_06-frt-1006_01-sng_00-n_00-n_00-n_00-n_00-n_00-n;1006;0;41711;0;N;532011;559903;4;3026;0;R_PH_PL_2;20140313xThu;04_Zdice_Kařez;Středočeský kraj;h00;2;N
02-o2_02-edg_03-tour_03-lau2_07-day_05-300+_06-frt-1006_01-sng_00-n_00-n_00-n_00-n_00-n_00-n;1006;0;41712;0;N;532011;559903;4;3026;0;R_PH_PL_2;20140314xFri;04_Zdice_Kařez;Středočeský kraj;h00;1;N
02-o2_02-edg_03-tour_03-lau2_07-day_05-300+_06-frt-1006_01-sng_00-n_00-n_00-n_00-n_00-n_00-n;1006;0;41710;0;N;532011;559903;4;3026;0;R_PH_PL_2;20140312xWed;04_Zdice_Kařez;Středočeský kraj;h00;2;N
02-o2_02-edg_03-tour_03-lau2_07-day_05-300+_06-frt-1006_01-sng_00-n_00-n_00-n_00-n_00-n_00-n;1006;0;41718;0;N;532011;559903;4;3026;0;R_PH_PL_2;20140320xThu;04_Zdice_Kařez;Středočeský kraj;h00;2;N
02-o2_02-edg_03-tour_03-lau2_07-day_05-300+_06-frt-1006_01-sng_00-n_00-n_00-n_00-n_00-n_00-n;1006;0;41716;0;N;532011;559903;4;3026;0;R_PH_PL_2;20140318xTue;04_Zdice_Kařez;Středočeský kraj;h00;1;N
02-o2_02-edg_03-tour_03-lau2_07-day_05-300+_06-frt-1006_01-sng_00-n_00-n_00-n_00-n_00-n_00-n;1006;0;41724;0;N;532011;559903;4;3026;0;R_PH_PL_2;20140326xWed;04_Zdice_Kařez;Středočeský kraj;h00;1;N
02-o2_02-edg_03-tour_03-lau2_07-day_05-300+_06-frt-1006_01-sng_00-n_00-n_00-n_00-n_00-n_00-n;1006;0;41711;0;N;532011;559717;4;3026;0;R_PH_PL_2;20140313xThu;04_Zdice_Rokycany;Středočeský kraj;h00;1;N
02-o2_02-edg_03-tour_03-lau2_07-day_05-300+_06-frt-1006_01-sng_00-n_00-n_00-n_00-n_00-n_00-n;1006;0;41715;0;N;532011;554791;4;3026;0;R_PH_PL_2;20140317xMon;04_Zdice_Plzeň;Středočeský kraj;h00;2;N
02-o2_02-edg_03-tour_03-lau2_07-day_05-300+_06-frt-1006_01-sng_00-n_00-n_00-n_00-n_00-n_00-n;1006;0;41724;0;N;532011;554791;4;3026;0;R_PH_PL_2;20140326xWed;04_Zdice_Plzeň;Středočeský kraj;h00;6;N
02-o2_02-edg_03-tour_03-lau2_07-day_05-300+_06-frt-1006_01-sng_00-n_00-n_00-n_00-n_00-n_00-n;1006;0;41718;0;N;532011;554791;4;3026;0;R_PH_PL_2;20140320xThu;04_Zdice_Plzeň;Středočeský kraj;h00;2;N
02-o2_02-edg_03-tour_03-lau2_07-day_05-300+_06-frt-1006_01-sng_00-n_00-n_00-n_00-n_00-n_00-n;1006;0;41711;0;N;532011;554791;4;3026;0;R_PH_PL_2;20140313xThu;04_Zdice_Plzeň;Středočeský kraj;h00;2;N
02-o2_02-edg_03-tour_03-lau2_07-day_05-300+_06-frt-1006_01-sng_00-n_00-n_00-n_00-n_00-n_00-n;1006;0;41723;0;N;532011;554791;4;3026;0;R_PH_PL_2;20140325xTue;04_Zdice_Plzeň;Středočeský kraj;h00;1;N
02-o2_02-edg_03-tour_03-lau2_07-day_05-300+_06-frt-1006_01-sng_00-n_00-n_00-n_00-n_00-n_00-n;1006;0;41714;0;N;532011;554791;4;3026;0;R_PH_PL_2;20140316xSun;04_Zdice_Plzeň;Středočeský kraj;h00;2;N
02-o2_02-edg_03-tour_03-lau2_07-day_05-300+_06-frt-1006_01-sng_00-n_00-n_00-n_00-n_00-n_00-n;1006;0;41716;0;N;532011;554791;4;3026;0;R_PH_PL_2;20140318xTue;04_Zdice_Plzeň;Středočeský kraj;h00;2;N
02-o2_02-edg_03-tour_03-lau2_07-day_05-300+_06-frt-1006_01-sng_00-n_00-n_00-n_00-n_00-n_00-n;1006;0;41722;0;N;532011;554791;4;3026;0;R_PH_PL_2;20140324xMon;04_Zdice_Plzeň;Středočeský kraj;h00;1;N
02-o2_02-edg_03-tour_03-lau2_07-day_05-300+_06-frt-1006_01-sng_00-n_00-n_00-n_00-n_00-n_00-n;1006;0;41712;0;N;532011;554791;4;3026;0;R_PH_PL_2;20140314xFri;04_Zdice_Plzeň;Středočeský kraj;h00;1;N
02-o2_02-edg_03-tour_03-lau2_07-day_05-300+_06-frt-1006_01-sng_00-n_00-n_00-n_00-n_00-n_00-n;1006;0;41715;0;N;532011;531189;4;3026;0;R_PH_PL_2;20140317xMon;04_Zdice_Hořovice;Středočeský kraj;h00;8;N
02-o2_02-edg_03-tour_03-lau2_07-day_05-300+_06-frt-1006_01-sng_00-n_00-n_00-n_00-n_00-n_00-n;1006;0;41724;0;N;532011;531189;4;3026;0;R_PH_PL_2;20140326xWed;04_Zdice_Hořovice;Středočeský kraj;h00;13;N
02-o2_02-edg_03-tour_03-lau2_07-day_05-300+_06-frt-1006_01-sng_00-n_00-n_00-n_00-n_00-n_00-n;1006;0;41720;0;N;532011;531189;4;3026;0;R_PH_PL_2;20140322xSat;04_Zdice_Hořovice;Středočeský kraj;h00;4;N
02-o2_02-edg_03-tour_03-lau2_07-day_05-300+_06-frt-1006_01-sng_00-n_00-n_00-n_00-n_00-n_00-n;1006;0;41712;0;N;532011;531189;4;3026;0;R_PH_PL_2;20140314xFri;04_Zdice_Hořovice;Středočeský kraj;h00;6;N
02-o2_02-edg_03-tour_03-lau2_07-day_05-300+_06-frt-1006_01-sng_00-n_00-n_00-n_00-n_00-n_00-n;1006;0;41718;0;N;532011;531189;4;3026;0;R_PH_PL_2;20140320xThu;04_Zdice_Hořovice;Středočeský kraj;h00;14;N
02-o2_02-edg_03-tour_03-lau2_07-day_05-300+_06-frt-1006_01-sng_00-n_00-n_00-n_00-n_00-n_00-n;1006;0;41711;0;N;532011;531189;4;3026;0;R_PH_PL_2;20140313xThu;04_Zdice_Hořovice;Středočeský kraj;h00;15;N
02-o2_02-edg_03-tour_03-lau2_07-day_05-300+_06-frt-1006_01-sng_00-n_00-n_00-n_00-n_00-n_00-n;1006;0;41714;0;N;532011;531189;4;3026;0;R_PH_PL_2;20140316xSun;04_Zdice_Hořovice;Středočeský kraj;h00;2;N
02-o2_02-edg_03-tour_03-lau2_07-day_05-300+_06-frt-1006_01-sng_00-n_00-n_00-n_00-n_00-n_00-n;1006;0;41723;0;N;532011;531189;4;3026;0;R_PH_PL_2;20140325xTue;04_Zdice_Hořovice;Středočeský kraj;h00;18;N
02-o2_02-edg_03-tour_03-lau2_07-day_05-300+_06-frt-1006_01-sng_00-n_00-n_00-n_00-n_00-n_00-n;1006;0;41710;0;N;532011;531189;4;3026;0;R_PH_PL_2;20140312xWed;04_Zdice_Hořovice;Středočeský kraj;h00;6;N
02-o2_02-edg_03-tour_03-lau2_07-day_05-300+_06-frt-1006_01-sng_00-n_00-n_00-n_00-n_00-n_00-n;1006;0;41721;0;N;532011;531189;4;3026;0;R_PH_PL_2;20140323xSun;04_Zdice_Hořovice;Středočeský kraj;h00;6;N
02-o2_02-edg_03-tour_03-lau2_07-day_05-300+_06-frt-1006_01-sng_00-n_00-n_00-n_00-n_00-n_00-n;1006;0;41722;0;N;532011;531189;4;3026;0;R_PH_PL_2;20140324xMon;04_Zdice_Hořovice;Středočeský kraj;h00;17;N
02-o2_02-edg_03-tour_03-lau2_07-day_05-300+_06-frt-1006_01-sng_00-n_00-n_00-n_00-n_00-n_00-n;1006;0;41719;0;N;532011;531189;4;3026;0;R_PH_PL_2;20140321xFri;04_Zdice_Hořovice;Středočeský kraj;h00;10;N
02-o2_02-edg_03-tour_03-lau2_07-day_05-300+_06-frt-1006_01-sng_00-n_00-n_00-n_00-n_00-n_00-n;1006;0;41713;0;N;532011;531189;4;3026;0;R_PH_PL_2;20140315xSat;04_Zdice_Hořovice;Středočeský kraj;h00;2;N
02-o2_02-edg_03-tour_03-lau2_07-day_05-300+_06-frt-1006_01-sng_00-n_00-n_00-n_00-n_00-n_00-n;1006;0;41717;0;N;532011;531189;4;3026;0;R_PH_PL_2;20140319xWed;04_Zdice_Hořovice;Středočeský kraj;h00;16;N
02-o2_02-edg_03-tour_03-lau2_07-day_05-300+_06-frt-1006_01-sng_00-n_00-n_00-n_00-n_00-n_00-n;1006;0;41716;0;N;532011;531189;4;3026;0;R_PH_PL_2;20140318xTue;04_Zdice_Hořovice;Středočeský kraj;h00;12;N
02-o2_02-edg_03-tour_03-lau2_07-day_05-300+_06-frt-1006_01-sng_00-n_00-n_00-n_00-n_00-n_00-n;1006;0;41719;0;N;531189;559903;5;3026;0;R_PH_PL_2;20140321xFri;05_Hořovice_Kařez;Středočeský kraj;h00;2;N
02-o2_02-edg_03-tour_03-lau2_07-day_05-300+_06-frt-1006_01-sng_00-n_00-n_00-n_00-n_00-n_00-n;1006;0;41716;0;N;531189;559903;5;3026;0;R_PH_PL_2;20140318xTue;05_Hořovice_Kařez;Středočeský kraj;h00;4;N
02-o2_02-edg_03-tour_03-lau2_07-day_05-300+_06-frt-1006_01-sng_00-n_00-n_00-n_00-n_00-n_00-n;1006;0;41723;0;N;531189;559903;5;3026;0;R_PH_PL_2;20140325xTue;05_Hořovice_Kařez;Středočeský kraj;h00;4;N
02-o2_02-edg_03-tour_03-lau2_07-day_05-300+_06-frt-1006_01-sng_00-n_00-n_00-n_00-n_00-n_00-n;1006;0;41715;0;N;531189;559903;5;3026;0;R_PH_PL_2;20140317xMon;05_Hořovice_Kařez;Středočeský kraj;h00;6;N
02-o2_02-edg_03-tour_03-lau2_07-day_05-300+_06-frt-1006_01-sng_00-n_00-n_00-n_00-n_00-n_00-n;1006;0;41724;0;N;531189;559903;5;3026;0;R_PH_PL_2;20140326xWed;05_Hořovice_Kařez;Středočeský kraj;h00;13;N
02-o2_02-edg_03-tour_03-lau2_07-day_05-300+_06-frt-1006_01-sng_00-n_00-n_00-n_00-n_00-n_00-n;1006;0;41722;0;N;531189;559903;5;3026;0;R_PH_PL_2;20140324xMon;05_Hořovice_Kařez;Středočeský kraj;h00;7;N
02-o2_02-edg_03-tour_03-lau2_07-day_05-300+_06-frt-1006_01-sng_00-n_00-n_00-n_00-n_00-n_00-n;1006;0;41711;0;N;531189;559903;5;3026;0;R_PH_PL_2;20140313xThu;05_Hořovice_Kařez;Středočeský kraj;h00;9;N
02-o2_02-edg_03-tour_03-lau2_07-day_05-300+_06-frt-1006_01-sng_00-n_00-n_00-n_00-n_00-n_00-n;1006;0;41720;0;N;531189;559903;5;3026;0;R_PH_PL_2;20140322xSat;05_Hořovice_Kařez;Středočeský kraj;h00;6;N
02-o2_02-edg_03-tour_03-lau2_07-day_05-300+_06-frt-1006_01-sng_00-n_00-n_00-n_00-n_00-n_00-n;1006;0;41712;0;N;531189;559903;5;3026;0;R_PH_PL_2;20140314xFri;05_Hořovice_Kařez;Středočeský kraj;h00;9;N
02-o2_02-edg_03-tour_03-lau2_07-day_05-300+_06-frt-1006_01-sng_00-n_00-n_00-n_00-n_00-n_00-n;1006;0;41718;0;N;531189;559903;5;3026;0;R_PH_PL_2;20140320xThu;05_Hořovice_Kařez;Středočeský kraj;h00;3;N
02-o2_02-edg_03-tour_03-lau2_07-day_05-300+_06-frt-1006_01-sng_00-n_00-n_00-n_00-n_00-n_00-n;1006;0;41717;0;N;531189;559903;5;3026;0;R_PH_PL_2;20140319xWed;05_Hořovice_Kařez;Středočeský kraj;h00;11;N
02-o2_02-edg_03-tour_03-lau2_07-day_05-300+_06-frt-1006_01-sng_00-n_00-n_00-n_00-n_00-n_00-n;1006;0;41713;0;N;531189;559903;5;3026;0;R_PH_PL_2;20140315xSat;05_Hořovice_Kařez;Středočeský kraj;h00;8;N
02-o2_02-edg_03-tour_03-lau2_07-day_05-300+_06-frt-1006_01-sng_00-n_00-n_00-n_00-n_00-n_00-n;1006;0;41721;0;N;531189;559903;5;3026;0;R_PH_PL_2;20140323xSun;05_Hořovice_Kařez;Středočeský kraj;h00;4;N
02-o2_02-edg_03-tour_03-lau2_07-day_05-300+_06-frt-1006_01-sng_00-n_00-n_00-n_00-n_00-n_00-n;1006;0;41710;0;N;531189;559903;5;3026;0;R_PH_PL_2;20140312xWed;05_Hořovice_Kařez;Středočeský kraj;h00;5;N
02-o2_02-edg_03-tour_03-lau2_07-day_05-300+_06-frt-1006_01-sng_00-n_00-n_00-n_00-n_00-n_00-n;1006;0;41718;0;N;531189;559717;5;3026;0;R_PH_PL_2;20140320xThu;05_Hořovice_Rokycany;Středočeský kraj;h00;2;N
02-o2_02-edg_03-tour_03-lau2_07-day_05-300+_06-frt-1006_01-sng_00-n_00-n_00-n_00-n_00-n_00-n;1006;0;41711;0;N;531189;559717;5;3026;0;R_PH_PL_2;20140313xThu;05_Hořovice_Rokycany;Středočeský kraj;h00;3;N
02-o2_02-edg_03-tour_03-lau2_07-day_05-300+_06-frt-1006_01-sng_00-n_00-n_00-n_00-n_00-n_00-n;1006;0;41712;0;N;531189;559717;5;3026;0;R_PH_PL_2;20140314xFri;05_Hořovice_Rokycany;Středočeský kraj;h00;1;N
02-o2_02-edg_03-tour_03-lau2_07-day_05-300+_06-frt-1006_01-sng_00-n_00-n_00-n_00-n_00-n_00-n;1006;0;41715;0;N;531189;559717;5;3026;0;R_PH_PL_2;20140317xMon;05_Hořovice_Rokycany;Středočeský kraj;h00;2;N
02-o2_02-edg_03-tour_03-lau2_07-day_05-300+_06-frt-1006_01-sng_00-n_00-n_00-n_00-n_00-n_00-n;1006;0;41717;0;N;531189;559717;5;3026;0;R_PH_PL_2;20140319xWed;05_Hořovice_Rokycany;Středočeský kraj;h00;4;N
02-o2_02-edg_03-tour_03-lau2_07-day_05-300+_06-frt-1006_01-sng_00-n_00-n_00-n_00-n_00-n_00-n;1006;0;41710;0;N;531189;559717;5;3026;0;R_PH_PL_2;20140312xWed;05_Hořovice_Rokycany;Středočeský kraj;h00;2;N
02-o2_02-edg_03-tour_03-lau2_07-day_05-300+_06-frt-1006_01-sng_00-n_00-n_00-n_00-n_00-n_00-n;1006;0;41724;0;N;531189;559717;5;3026;0;R_PH_PL_2;20140326xWed;05_Hořovice_Rokycany;Středočeský kraj;h00;3;N
02-o2_02-edg_03-tour_03-lau2_07-day_05-300+_06-frt-1006_01-sng_00-n_00-n_00-n_00-n_00-n_00-n;1006;0;41722;0;N;531189;559717;5;3026;0;R_PH_PL_2;20140324xMon;05_Hořovice_Rokycany;Středočeský kraj;h00;1;N
02-o2_02-edg_03-tour_03-lau2_07-day_05-300+_06-frt-1006_01-sng_00-n_00-n_00-n_00-n_00-n_00-n;1006;0;41719;0;N;531189;559717;5;3026;0;R_PH_PL_2;20140321xFri;05_Hořovice_Rokycany;Středočeský kraj;h00;1;N
02-o2_02-edg_03-tour_03-lau2_07-day_05-300+_06-frt-1006_01-sng_00-n_00-n_00-n_00-n_00-n_00-n;1006;0;41721;0;N;531189;554791;5;3026;0;R_PH_PL_2;20140323xSun;05_Hořovice_Plzeň;Středočeský kraj;h00;3;N
02-o2_02-edg_03-tour_03-lau2_07-day_05-300+_06-frt-1006_01-sng_00-n_00-n_00-n_00-n_00-n_00-n;1006;0;41719;0;N;531189;554791;5;3026;0;R_PH_PL_2;20140321xFri;05_Hořovice_Plzeň;Středočeský kraj;h00;1;N
02-o2_02-edg_03-tour_03-lau2_07-day_05-300+_06-frt-1006_01-sng_00-n_00-n_00-n_00-n_00-n_00-n;1006;0;41717;0;N;531189;554791;5;3026;0;R_PH_PL_2;20140319xWed;05_Hořovice_Plzeň;Středočeský kraj;h00;1;N
02-o2_02-edg_03-tour_03-lau2_07-day_05-300+_06-frt-1006_01-sng_00-n_00-n_00-n_00-n_00-n_00-n;1006;0;41711;0;N;531189;554791;5;3026;0;R_PH_PL_2;20140313xThu;05_Hořovice_Plzeň;Středočeský kraj;h00;1;N
02-o2_02-edg_03-tour_03-lau2_07-day_05-300+_06-frt-1006_01-sng_00-n_00-n_00-n_00-n_00-n_00-n;1006;0;41716;0;N;531189;554791;5;3026;0;R_PH_PL_2;20140318xTue;05_Hořovice_Plzeň;Středočeský kraj;h00;1;N
02-o2_02-edg_03-tour_03-lau2_07-day_05-300+_06-frt-1006_01-sng_00-n_00-n_00-n_00-n_00-n_00-n;1006;0;41710;0;N;531189;554791;5;3026;0;R_PH_PL_2;20140312xWed;05_Hořovice_Plzeň;Středočeský kraj;h00;2;N
02-o2_02-edg_03-tour_03-lau2_07-day_05-300+_06-frt-1006_01-sng_00-n_00-n_00-n_00-n_00-n_00-n;1006;0;41712;0;N;531189;554791;5;3026;0;R_PH_PL_2;20140314xFri;05_Hořovice_Plzeň;Středočeský kraj;h00;1;N
02-o2_02-edg_03-tour_03-lau2_07-day_05-300+_06-frt-1006_01-sng_00-n_00-n_00-n_00-n_00-n_00-n;1006;0;41715;0;N;531189;554791;5;3026;0;R_PH_PL_2;20140317xMon;05_Hořovice_Plzeň;Středočeský kraj;h00;1;N
02-o2_02-edg_03-tour_03-lau2_07-day_05-300+_06-frt-1006_01-sng_00-n_00-n_00-n_00-n_00-n_00-n;1006;0;41717;0;N;531057;559903;3;3026;0;R_PH_PL_2;20140319xWed;03_Beroun_Kařez;Středočeský kraj;h00;3;N
02-o2_02-edg_03-tour_03-lau2_07-day_05-300+_06-frt-1006_01-sng_00-n_00-n_00-n_00-n_00-n_00-n;1006;0;41723;0;N;531057;559903;3;3026;0;R_PH_PL_2;20140325xTue;03_Beroun_Kařez;Středočeský kraj;h00;3;N
02-o2_02-edg_03-tour_03-lau2_07-day_05-300+_06-frt-1006_01-sng_00-n_00-n_00-n_00-n_00-n_00-n;1006;0;41719;0;N;531057;559903;3;3026;0;R_PH_PL_2;20140321xFri;03_Beroun_Kařez;Středočeský kraj;h00;1;N
02-o2_02-edg_03-tour_03-lau2_07-day_05-300+_06-frt-1006_01-sng_00-n_00-n_00-n_00-n_00-n_00-n;1006;0;41713;0;N;531057;559903;3;3026;0;R_PH_PL_2;20140315xSat;03_Beroun_Kařez;Středočeský kraj;h00;1;N
02-o2_02-edg_03-tour_03-lau2_07-day_05-300+_06-frt-1006_01-sng_00-n_00-n_00-n_00-n_00-n_00-n;1006;0;41722;0;N;531057;559903;3;3026;0;R_PH_PL_2;20140324xMon;03_Beroun_Kařez;Středočeský kraj;h00;3;N
02-o2_02-edg_03-tour_03-lau2_07-day_05-300+_06-frt-1006_01-sng_00-n_00-n_00-n_00-n_00-n_00-n;1006;0;41716;0;N;531057;559903;3;3026;0;R_PH_PL_2;20140318xTue;03_Beroun_Kařez;Středočeský kraj;h00;1;N
02-o2_02-edg_03-tour_03-lau2_07-day_05-300+_06-frt-1006_01-sng_00-n_00-n_00-n_00-n_00-n_00-n;1006;0;41710;0;N;531057;559903;3;3026;0;R_PH_PL_2;20140312xWed;03_Beroun_Kařez;Středočeský kraj;h00;5;N
02-o2_02-edg_03-tour_03-lau2_07-day_05-300+_06-frt-1006_01-sng_00-n_00-n_00-n_00-n_00-n_00-n;1006;0;41711;0;N;531057;559903;3;3026;0;R_PH_PL_2;20140313xThu;03_Beroun_Kařez;Středočeský kraj;h00;2;N
02-o2_02-edg_03-tour_03-lau2_07-day_05-300+_06-frt-1006_01-sng_00-n_00-n_00-n_00-n_00-n_00-n;1006;0;41724;0;N;531057;559903;3;3026;0;R_PH_PL_2;20140326xWed;03_Beroun_Kařez;Středočeský kraj;h00;3;N
02-o2_02-edg_03-tour_03-lau2_07-day_05-300+_06-frt-1006_01-sng_00-n_00-n_00-n_00-n_00-n_00-n;1006;0;41720;0;N;531057;559903;3;3026;0;R_PH_PL_2;20140322xSat;03_Beroun_Kařez;Středočeský kraj;h00;1;N
02-o2_02-edg_03-tour_03-lau2_07-day_05-300+_06-frt-1006_01-sng_00-n_00-n_00-n_00-n_00-n_00-n;1006;0;41715;0;N;531057;559903;3;3026;0;R_PH_PL_2;20140317xMon;03_Beroun_Kařez;Středočeský kraj;h00;3;N
02-o2_02-edg_03-tour_03-lau2_07-day_05-300+_06-frt-1006_01-sng_00-n_00-n_00-n_00-n_00-n_00-n;1006;0;41712;0;N;531057;559903;3;3026;0;R_PH_PL_2;20140314xFri;03_Beroun_Kařez;Středočeský kraj;h00;4;N
02-o2_02-edg_03-tour_03-lau2_07-day_05-300+_06-frt-1006_01-sng_00-n_00-n_00-n_00-n_00-n_00-n;1006;0;41718;0;N;531057;559903;3;3026;0;R_PH_PL_2;20140320xThu;03_Beroun_Kařez;Středočeský kraj;h00;5;N
02-o2_02-edg_03-tour_03-lau2_07-day_05-300+_06-frt-1006_01-sng_00-n_00-n_00-n_00-n_00-n_00-n;1006;0;41721;0;N;531057;559903;3;3026;0;R_PH_PL_2;20140323xSun;03_Beroun_Kařez;Středočeský kraj;h00;3;N
02-o2_02-edg_03-tour_03-lau2_07-day_05-300+_06-frt-1006_01-sng_00-n_00-n_00-n_00-n_00-n_00-n;1006;0;41716;0;N;531057;559717;3;3026;0;R_PH_PL_2;20140318xTue;03_Beroun_Rokycany;Středočeský kraj;h00;2;N
02-o2_02-edg_03-tour_03-lau2_07-day_05-300+_06-frt-1006_01-sng_00-n_00-n_00-n_00-n_00-n_00-n;1006;0;41718;0;N;531057;559717;3;3026;0;R_PH_PL_2;20140320xThu;03_Beroun_Rokycany;Středočeský kraj;h00;2;N
02-o2_02-edg_03-tour_03-lau2_07-day_05-300+_06-frt-1006_01-sng_00-n_00-n_00-n_00-n_00-n_00-n;1006;0;41713;0;N;531057;559717;3;3026;0;R_PH_PL_2;20140315xSat;03_Beroun_Rokycany;Středočeský kraj;h00;4;N
02-o2_02-edg_03-tour_03-lau2_07-day_05-300+_06-frt-1006_01-sng_00-n_00-n_00-n_00-n_00-n_00-n;1006;0;41715;0;N;531057;559717;3;3026;0;R_PH_PL_2;20140317xMon;03_Beroun_Rokycany;Středočeský kraj;h00;2;N
02-o2_02-edg_03-tour_03-lau2_07-day_05-300+_06-frt-1006_01-sng_00-n_00-n_00-n_00-n_00-n_00-n;1006;0;41712;0;N;531057;559717;3;3026;0;R_PH_PL_2;20140314xFri;03_Beroun_Rokycany;Středočeský kraj;h00;3;N
02-o2_02-edg_03-tour_03-lau2_07-day_05-300+_06-frt-1006_01-sng_00-n_00-n_00-n_00-n_00-n_00-n;1006;0;41719;0;N;531057;559717;3;3026;0;R_PH_PL_2;20140321xFri;03_Beroun_Rokycany;Středočeský kraj;h00;7;N
02-o2_02-edg_03-tour_03-lau2_07-day_05-300+_06-frt-1006_01-sng_00-n_00-n_00-n_00-n_00-n_00-n;1006;0;41714;0;N;531057;559717;3;3026;0;R_PH_PL_2;20140316xSun;03_Beroun_Rokycany;Středočeský kraj;h00;1;N
02-o2_02-edg_03-tour_03-lau2_07-day_05-300+_06-frt-1006_01-sng_00-n_00-n_00-n_00-n_00-n_00-n;1006;0;41723;0;N;531057;559717;3;3026;0;R_PH_PL_2;20140325xTue;03_Beroun_Rokycany;Středočeský kraj;h00;4;N
02-o2_02-edg_03-tour_03-lau2_07-day_05-300+_06-frt-1006_01-sng_00-n_00-n_00-n_00-n_00-n_00-n;1006;0;41711;0;N;531057;559717;3;3026;0;R_PH_PL_2;20140313xThu;03_Beroun_Rokycany;Středočeský kraj;h00;4;N
02-o2_02-edg_03-tour_03-lau2_07-day_05-300+_06-frt-1006_01-sng_00-n_00-n_00-n_00-n_00-n_00-n;1006;0;41722;0;N;531057;559717;3;3026;0;R_PH_PL_2;20140324xMon;03_Beroun_Rokycany;Středočeský kraj;h00;1;N
02-o2_02-edg_03-tour_03-lau2_07-day_05-300+_06-frt-1006_01-sng_00-n_00-n_00-n_00-n_00-n_00-n;1006;0;41717;0;N;531057;559717;3;3026;0;R_PH_PL_2;20140319xWed;03_Beroun_Rokycany;Středočeský kraj;h00;2;N
02-o2_02-edg_03-tour_03-lau2_07-day_05-300+_06-frt-1006_01-sng_00-n_00-n_00-n_00-n_00-n_00-n;1006;0;41710;0;N;531057;559717;3;3026;0;R_PH_PL_2;20140312xWed;03_Beroun_Rokycany;Středočeský kraj;h00;5;N
02-o2_02-edg_03-tour_03-lau2_07-day_05-300+_06-frt-1006_01-sng_00-n_00-n_00-n_00-n_00-n_00-n;1006;0;41724;0;N;531057;559717;3;3026;0;R_PH_PL_2;20140326xWed;03_Beroun_Rokycany;Středočeský kraj;h00;6;N
02-o2_02-edg_03-tour_03-lau2_07-day_05-300+_06-frt-1006_01-sng_00-n_00-n_00-n_00-n_00-n_00-n;1006;0;41714;0;N;531057;554791;3;3026;0;R_PH_PL_2;20140316xSun;03_Beroun_Plzeň;Středočeský kraj;h00;10;N
02-o2_02-edg_03-tour_03-lau2_07-day_05-300+_06-frt-1006_01-sng_00-n_00-n_00-n_00-n_00-n_00-n;1006;0;41715;0;N;531057;554791;3;3026;0;R_PH_PL_2;20140317xMon;03_Beroun_Plzeň;Středočeský kraj;h00;3;N
02-o2_02-edg_03-tour_03-lau2_07-day_05-300+_06-frt-1006_01-sng_00-n_00-n_00-n_00-n_00-n_00-n;1006;0;41720;0;N;531057;554791;3;3026;0;R_PH_PL_2;20140322xSat;03_Beroun_Plzeň;Středočeský kraj;h00;4;N
02-o2_02-edg_03-tour_03-lau2_07-day_05-300+_06-frt-1006_01-sng_00-n_00-n_00-n_00-n_00-n_00-n;1006;0;41711;0;N;531057;554791;3;3026;0;R_PH_PL_2;20140313xThu;03_Beroun_Plzeň;Středočeský kraj;h00;25;N
02-o2_02-edg_03-tour_03-lau2_07-day_05-300+_06-frt-1006_01-sng_00-n_00-n_00-n_00-n_00-n_00-n;1006;0;41718;0;N;531057;554791;3;3026;0;R_PH_PL_2;20140320xThu;03_Beroun_Plzeň;Středočeský kraj;h00;3;N
02-o2_02-edg_03-tour_03-lau2_07-day_05-300+_06-frt-1006_01-sng_00-n_00-n_00-n_00-n_00-n_00-n;1006;0;41710;0;N;531057;554791;3;3026;0;R_PH_PL_2;20140312xWed;03_Beroun_Plzeň;Středočeský kraj;h00;24;N
02-o2_02-edg_03-tour_03-lau2_07-day_05-300+_06-frt-1006_01-sng_00-n_00-n_00-n_00-n_00-n_00-n;1006;0;41713;0;N;531057;554791;3;3026;0;R_PH_PL_2;20140315xSat;03_Beroun_Plzeň;Středočeský kraj;h00;8;N
02-o2_02-edg_03-tour_03-lau2_07-day_05-300+_06-frt-1006_01-sng_00-n_00-n_00-n_00-n_00-n_00-n;1006;0;41717;0;N;531057;554791;3;3026;0;R_PH_PL_2;20140319xWed;03_Beroun_Plzeň;Středočeský kraj;h00;8;N
02-o2_02-edg_03-tour_03-lau2_07-day_05-300+_06-frt-1006_01-sng_00-n_00-n_00-n_00-n_00-n_00-n;1006;0;41723;0;N;531057;554791;3;3026;0;R_PH_PL_2;20140325xTue;03_Beroun_Plzeň;Středočeský kraj;h00;13;N
02-o2_02-edg_03-tour_03-lau2_07-day_05-300+_06-frt-1006_01-sng_00-n_00-n_00-n_00-n_00-n_00-n;1006;0;41719;0;N;531057;554791;3;3026;0;R_PH_PL_2;20140321xFri;03_Beroun_Plzeň;Středočeský kraj;h00;8;N
02-o2_02-edg_03-tour_03-lau2_07-day_05-300+_06-frt-1006_01-sng_00-n_00-n_00-n_00-n_00-n_00-n;1006;0;41721;0;N;531057;554791;3;3026;0;R_PH_PL_2;20140323xSun;03_Beroun_Plzeň;Středočeský kraj;h00;2;N
02-o2_02-edg_03-tour_03-lau2_07-day_05-300+_06-frt-1006_01-sng_00-n_00-n_00-n_00-n_00-n_00-n;1006;0;41722;0;N;531057;554791;3;3026;0;R_PH_PL_2;20140324xMon;03_Beroun_Plzeň;Středočeský kraj;h00;8;N
02-o2_02-edg_03-tour_03-lau2_07-day_05-300+_06-frt-1006_01-sng_00-n_00-n_00-n_00-n_00-n_00-n;1006;0;41724;0;N;531057;554791;3;3026;0;R_PH_PL_2;20140326xWed;03_Beroun_Plzeň;Středočeský kraj;h00;11;N
02-o2_02-edg_03-tour_03-lau2_07-day_05-300+_06-frt-1006_01-sng_00-n_00-n_00-n_00-n_00-n_00-n;1006;0;41712;0;N;531057;554791;3;3026;0;R_PH_PL_2;20140314xFri;03_Beroun_Plzeň;Středočeský kraj;h00;7;N
02-o2_02-edg_03-tour_03-lau2_07-day_05-300+_06-frt-1006_01-sng_00-n_00-n_00-n_00-n_00-n_00-n;1006;0;41716;0;N;531057;554791;3;3026;0;R_PH_PL_2;20140318xTue;03_Beroun_Plzeň;Středočeský kraj;h00;3;N
02-o2_02-edg_03-tour_03-lau2_07-day_05-300+_06-frt-1006_01-sng_00-n_00-n_00-n_00-n_00-n_00-n;1006;0;41717;0;N;531057;532011;3;3026;0;R_PH_PL_2;20140319xWed;03_Beroun_Zdice;Středočeský kraj;h00;148;N
02-o2_02-edg_03-tour_03-lau2_07-day_05-300+_06-frt-1006_01-sng_00-n_00-n_00-n_00-n_00-n_00-n;1006;0;41719;0;N;531057;532011;3;3026;0;R_PH_PL_2;20140321xFri;03_Beroun_Zdice;Středočeský kraj;h00;61;N
02-o2_02-edg_03-tour_03-lau2_07-day_05-300+_06-frt-1006_01-sng_00-n_00-n_00-n_00-n_00-n_00-n;1006;0;41713;0;N;531057;532011;3;3026;0;R_PH_PL_2;20140315xSat;03_Beroun_Zdice;Středočeský kraj;h00;60;N
02-o2_02-edg_03-tour_03-lau2_07-day_05-300+_06-frt-1006_01-sng_00-n_00-n_00-n_00-n_00-n_00-n;1006;0;41721;0;N;531057;532011;3;3026;0;R_PH_PL_2;20140323xSun;03_Beroun_Zdice;Středočeský kraj;h00;51;N
02-o2_02-edg_03-tour_03-lau2_07-day_05-300+_06-frt-1006_01-sng_00-n_00-n_00-n_00-n_00-n_00-n;1006;0;41716;0;N;531057;532011;3;3026;0;R_PH_PL_2;20140318xTue;03_Beroun_Zdice;Středočeský kraj;h00;113;N
02-o2_02-edg_03-tour_03-lau2_07-day_05-300+_06-frt-1006_01-sng_00-n_00-n_00-n_00-n_00-n_00-n;1006;0;41722;0;N;531057;532011;3;3026;0;R_PH_PL_2;20140324xMon;03_Beroun_Zdice;Středočeský kraj;h00;119;N
02-o2_02-edg_03-tour_03-lau2_07-day_05-300+_06-frt-1006_01-sng_00-n_00-n_00-n_00-n_00-n_00-n;1006;0;41723;0;N;531057;532011;3;3026;0;R_PH_PL_2;20140325xTue;03_Beroun_Zdice;Středočeský kraj;h00;125;N
02-o2_02-edg_03-tour_03-lau2_07-day_05-300+_06-frt-1006_01-sng_00-n_00-n_00-n_00-n_00-n_00-n;1006;0;41712;0;N;531057;532011;3;3026;0;R_PH_PL_2;20140314xFri;03_Beroun_Zdice;Středočeský kraj;h00;111;N
02-o2_02-edg_03-tour_03-lau2_07-day_05-300+_06-frt-1006_01-sng_00-n_00-n_00-n_00-n_00-n_00-n;1006;0;41710;0;N;531057;532011;3;3026;0;R_PH_PL_2;20140312xWed;03_Beroun_Zdice;Středočeský kraj;h00;130;N
02-o2_02-edg_03-tour_03-lau2_07-day_05-300+_06-frt-1006_01-sng_00-n_00-n_00-n_00-n_00-n_00-n;1006;0;41724;0;N;531057;532011;3;3026;0;R_PH_PL_2;20140326xWed;03_Beroun_Zdice;Středočeský kraj;h00;132;N
02-o2_02-edg_03-tour_03-lau2_07-day_05-300+_06-frt-1006_01-sng_00-n_00-n_00-n_00-n_00-n_00-n;1006;0;41720;0;N;531057;532011;3;3026;0;R_PH_PL_2;20140322xSat;03_Beroun_Zdice;Středočeský kraj;h00;44;N
02-o2_02-edg_03-tour_03-lau2_07-day_05-300+_06-frt-1006_01-sng_00-n_00-n_00-n_00-n_00-n_00-n;1006;0;41714;0;N;531057;532011;3;3026;0;R_PH_PL_2;20140316xSun;03_Beroun_Zdice;Středočeský kraj;h00;29;N
02-o2_02-edg_03-tour_03-lau2_07-day_05-300+_06-frt-1006_01-sng_00-n_00-n_00-n_00-n_00-n_00-n;1006;0;41718;0;N;531057;532011;3;3026;0;R_PH_PL_2;20140320xThu;03_Beroun_Zdice;Středočeský kraj;h00;127;N
02-o2_02-edg_03-tour_03-lau2_07-day_05-300+_06-frt-1006_01-sng_00-n_00-n_00-n_00-n_00-n_00-n;1006;0;41715;0;N;531057;532011;3;3026;0;R_PH_PL_2;20140317xMon;03_Beroun_Zdice;Středočeský kraj;h00;97;N
02-o2_02-edg_03-tour_03-lau2_07-day_05-300+_06-frt-1006_01-sng_00-n_00-n_00-n_00-n_00-n_00-n;1006;0;41711;0;N;531057;532011;3;3026;0;R_PH_PL_2;20140313xThu;03_Beroun_Zdice;Středočeský kraj;h00;125;N
02-o2_02-edg_03-tour_03-lau2_07-day_05-300+_06-frt-1006_01-sng_00-n_00-n_00-n_00-n_00-n_00-n;1006;0;41715;0;N;531057;531189;3;3026;0;R_PH_PL_2;20140317xMon;03_Beroun_Hořovice;Středočeský kraj;h00;14;N
02-o2_02-edg_03-tour_03-lau2_07-day_05-300+_06-frt-1006_01-sng_00-n_00-n_00-n_00-n_00-n_00-n;1006;0;41712;0;N;531057;531189;3;3026;0;R_PH_PL_2;20140314xFri;03_Beroun_Hořovice;Středočeský kraj;h00;20;N
02-o2_02-edg_03-tour_03-lau2_07-day_05-300+_06-frt-1006_01-sng_00-n_00-n_00-n_00-n_00-n_00-n;1006;0;41717;0;N;531057;531189;3;3026;0;R_PH_PL_2;20140319xWed;03_Beroun_Hořovice;Středočeský kraj;h00;23;N
02-o2_02-edg_03-tour_03-lau2_07-day_05-300+_06-frt-1006_01-sng_00-n_00-n_00-n_00-n_00-n_00-n;1006;0;41724;0;N;531057;531189;3;3026;0;R_PH_PL_2;20140326xWed;03_Beroun_Hořovice;Středočeský kraj;h00;28;N
02-o2_02-edg_03-tour_03-lau2_07-day_05-300+_06-frt-1006_01-sng_00-n_00-n_00-n_00-n_00-n_00-n;1006;0;41719;0;N;531057;531189;3;3026;0;R_PH_PL_2;20140321xFri;03_Beroun_Hořovice;Středočeský kraj;h00;16;N
02-o2_02-edg_03-tour_03-lau2_07-day_05-300+_06-frt-1006_01-sng_00-n_00-n_00-n_00-n_00-n_00-n;1006;0;41713;0;N;531057;531189;3;3026;0;R_PH_PL_2;20140315xSat;03_Beroun_Hořovice;Středočeský kraj;h00;8;N
02-o2_02-edg_03-tour_03-lau2_07-day_05-300+_06-frt-1006_01-sng_00-n_00-n_00-n_00-n_00-n_00-n;1006;0;41718;0;N;531057;531189;3;3026;0;R_PH_PL_2;20140320xThu;03_Beroun_Hořovice;Středočeský kraj;h00;19;N
02-o2_02-edg_03-tour_03-lau2_07-day_05-300+_06-frt-1006_01-sng_00-n_00-n_00-n_00-n_00-n_00-n;1006;0;41710;0;N;531057;531189;3;3026;0;R_PH_PL_2;20140312xWed;03_Beroun_Hořovice;Středočeský kraj;h00;21;N
02-o2_02-edg_03-tour_03-lau2_07-day_05-300+_06-frt-1006_01-sng_00-n_00-n_00-n_00-n_00-n_00-n;1006;0;41716;0;N;531057;531189;3;3026;0;R_PH_PL_2;20140318xTue;03_Beroun_Hořovice;Středočeský kraj;h00;15;N
02-o2_02-edg_03-tour_03-lau2_07-day_05-300+_06-frt-1006_01-sng_00-n_00-n_00-n_00-n_00-n_00-n;1006;0;41711;0;N;531057;531189;3;3026;0;R_PH_PL_2;20140313xThu;03_Beroun_Hořovice;Středočeský kraj;h00;29;N
02-o2_02-edg_03-tour_03-lau2_07-day_05-300+_06-frt-1006_01-sng_00-n_00-n_00-n_00-n_00-n_00-n;1006;0;41721;0;N;531057;531189;3;3026;0;R_PH_PL_2;20140323xSun;03_Beroun_Hořovice;Středočeský kraj;h00;8;N
02-o2_02-edg_03-tour_03-lau2_07-day_05-300+_06-frt-1006_01-sng_00-n_00-n_00-n_00-n_00-n_00-n;1006;0;41720;0;N;531057;531189;3;3026;0;R_PH_PL_2;20140322xSat;03_Beroun_Hořovice;Středočeský kraj;h00;12;N
02-o2_02-edg_03-tour_03-lau2_07-day_05-300+_06-frt-1006_01-sng_00-n_00-n_00-n_00-n_00-n_00-n;1006;0;41723;0;N;531057;531189;3;3026;0;R_PH_PL_2;20140325xTue;03_Beroun_Hořovice;Středočeský kraj;h00;25;N
02-o2_02-edg_03-tour_03-lau2_07-day_05-300+_06-frt-1006_01-sng_00-n_00-n_00-n_00-n_00-n_00-n;1006;0;41722;0;N;531057;531189;3;3026;0;R_PH_PL_2;20140324xMon;03_Beroun_Hořovice;Středočeský kraj;h00;21;N
02-o2_02-edg_03-tour_03-lau2_07-day_05-300+_06-frt-1006_01-sng_00-n_00-n_00-n_00-n_00-n_00-n;1006;0;41714;0;N;531057;531189;3;3026;0;R_PH_PL_2;20140316xSun;03_Beroun_Hořovice;Středočeský kraj;h00;7;N
02-o2_02-edg_03-tour_03-lau2_07-day_05-300+_06-frt-1006_01-sng_00-n_00-n_00-n_00-n_00-n_00-n;1006;0;41717;0;N;559903;559717;6;3042;0;R_PH_PL_2;20140319xWed;06_Kařez_Rokycany;Plzeňský kraj;h00;1;N
02-o2_02-edg_03-tour_03-lau2_07-day_05-300+_06-frt-1006_01-sng_00-n_00-n_00-n_00-n_00-n_00-n;1006;0;41718;0;N;559903;559717;6;3042;0;R_PH_PL_2;20140320xThu;06_Kařez_Rokycany;Plzeňský kraj;h00;3;N
02-o2_02-edg_03-tour_03-lau2_07-day_05-300+_06-frt-1006_01-sng_00-n_00-n_00-n_00-n_00-n_00-n;1006;0;41715;0;N;559903;559717;6;3042;0;R_PH_PL_2;20140317xMon;06_Kařez_Rokycany;Plzeňský kraj;h00;1;N
02-o2_02-edg_03-tour_03-lau2_07-day_05-300+_06-frt-1006_01-sng_00-n_00-n_00-n_00-n_00-n_00-n;1006;0;41724;0;N;559903;559717;6;3042;0;R_PH_PL_2;20140326xWed;06_Kařez_Rokycany;Plzeňský kraj;h00;2;N
02-o2_02-edg_03-tour_03-lau2_07-day_05-300+_06-frt-1006_01-sng_00-n_00-n_00-n_00-n_00-n_00-n;1006;0;41716;0;N;559903;559717;6;3042;0;R_PH_PL_2;20140318xTue;06_Kařez_Rokycany;Plzeňský kraj;h00;2;N
02-o2_02-edg_03-tour_03-lau2_07-day_05-300+_06-frt-1006_01-sng_00-n_00-n_00-n_00-n_00-n_00-n;1006;0;41723;0;N;559903;559717;6;3042;0;R_PH_PL_2;20140325xTue;06_Kařez_Rokycany;Plzeňský kraj;h00;4;N
02-o2_02-edg_03-tour_03-lau2_07-day_05-300+_06-frt-1006_01-sng_00-n_00-n_00-n_00-n_00-n_00-n;1006;0;41710;0;N;559903;559717;6;3042;0;R_PH_PL_2;20140312xWed;06_Kařez_Rokycany;Plzeňský kraj;h00;3;N
02-o2_02-edg_03-tour_03-lau2_07-day_05-300+_06-frt-1006_01-sng_00-n_00-n_00-n_00-n_00-n_00-n;1006;0;41721;0;N;559903;559717;6;3042;0;R_PH_PL_2;20140323xSun;06_Kařez_Rokycany;Plzeňský kraj;h00;3;N
02-o2_02-edg_03-tour_03-lau2_07-day_05-300+_06-frt-1006_01-sng_00-n_00-n_00-n_00-n_00-n_00-n;1006;0;41711;0;N;559903;559717;6;3042;0;R_PH_PL_2;20140313xThu;06_Kařez_Rokycany;Plzeňský kraj;h00;3;N
02-o2_02-edg_03-tour_03-lau2_07-day_05-300+_06-frt-1006_01-sng_00-n_00-n_00-n_00-n_00-n_00-n;1006;0;41713;0;N;559903;559717;6;3042;0;R_PH_PL_2;20140315xSat;06_Kařez_Rokycany;Plzeňský kraj;h00;1;N
02-o2_02-edg_03-tour_03-lau2_07-day_05-300+_06-frt-1006_01-sng_00-n_00-n_00-n_00-n_00-n_00-n;1006;0;41719;0;N;559903;559717;6;3042;0;R_PH_PL_2;20140321xFri;06_Kařez_Rokycany;Plzeňský kraj;h00;4;N
02-o2_02-edg_03-tour_03-lau2_07-day_05-300+_06-frt-1006_01-sng_00-n_00-n_00-n_00-n_00-n_00-n;1006;0;41722;0;N;559903;559717;6;3042;0;R_PH_PL_2;20140324xMon;06_Kařez_Rokycany;Plzeňský kraj;h00;1;N
02-o2_02-edg_03-tour_03-lau2_07-day_05-300+_06-frt-1006_01-sng_00-n_00-n_00-n_00-n_00-n_00-n;1006;0;41712;0;N;559903;559717;6;3042;0;R_PH_PL_2;20140314xFri;06_Kařez_Rokycany;Plzeňský kraj;h00;2;N
02-o2_02-edg_03-tour_03-lau2_07-day_05-300+_06-frt-1006_01-sng_00-n_00-n_00-n_00-n_00-n_00-n;1006;0;41722;0;N;559903;554791;6;3042;0;R_PH_PL_2;20140324xMon;06_Kařez_Plzeň;Plzeňský kraj;h00;1;N
02-o2_02-edg_03-tour_03-lau2_07-day_05-300+_06-frt-1006_01-sng_00-n_00-n_00-n_00-n_00-n_00-n;1006;0;41712;0;N;559903;554791;6;3042;0;R_PH_PL_2;20140314xFri;06_Kařez_Plzeň;Plzeňský kraj;h00;5;N
02-o2_02-edg_03-tour_03-lau2_07-day_05-300+_06-frt-1006_01-sng_00-n_00-n_00-n_00-n_00-n_00-n;1006;0;41720;0;N;559903;554791;6;3042;0;R_PH_PL_2;20140322xSat;06_Kařez_Plzeň;Plzeňský kraj;h00;2;N
02-o2_02-edg_03-tour_03-lau2_07-day_05-300+_06-frt-1006_01-sng_00-n_00-n_00-n_00-n_00-n_00-n;1006;0;41717;0;N;559903;554791;6;3042;0;R_PH_PL_2;20140319xWed;06_Kařez_Plzeň;Plzeňský kraj;h00;5;N
02-o2_02-edg_03-tour_03-lau2_07-day_05-300+_06-frt-1006_01-sng_00-n_00-n_00-n_00-n_00-n_00-n;1006;0;41711;0;N;559903;554791;6;3042;0;R_PH_PL_2;20140313xThu;06_Kařez_Plzeň;Plzeňský kraj;h00;1;N
02-o2_02-edg_03-tour_03-lau2_07-day_05-300+_06-frt-1006_01-sng_00-n_00-n_00-n_00-n_00-n_00-n;1006;0;41723;0;N;559903;554791;6;3042;0;R_PH_PL_2;20140325xTue;06_Kařez_Plzeň;Plzeňský kraj;h00;4;N
02-o2_02-edg_03-tour_03-lau2_07-day_05-300+_06-frt-1006_01-sng_00-n_00-n_00-n_00-n_00-n_00-n;1006;0;41713;0;N;559903;554791;6;3042;0;R_PH_PL_2;20140315xSat;06_Kařez_Plzeň;Plzeňský kraj;h00;2;N
02-o2_02-edg_03-tour_03-lau2_07-day_05-300+_06-frt-1006_01-sng_00-n_00-n_00-n_00-n_00-n_00-n;1006;0;41724;0;N;559903;554791;6;3042;0;R_PH_PL_2;20140326xWed;06_Kařez_Plzeň;Plzeňský kraj;h00;1;N
02-o2_02-edg_03-tour_03-lau2_07-day_05-300+_06-frt-1006_01-sng_00-n_00-n_00-n_00-n_00-n_00-n;1006;0;41716;0;N;559903;554791;6;3042;0;R_PH_PL_2;20140318xTue;06_Kařez_Plzeň;Plzeňský kraj;h00;4;N
02-o2_02-edg_03-tour_03-lau2_07-day_05-300+_06-frt-1006_01-sng_00-n_00-n_00-n_00-n_00-n_00-n;1006;0;41719;0;N;559903;554791;6;3042;0;R_PH_PL_2;20140321xFri;06_Kařez_Plzeň;Plzeňský kraj;h00;2;N
02-o2_02-edg_03-tour_03-lau2_07-day_05-300+_06-frt-1006_01-sng_00-n_00-n_00-n_00-n_00-n_00-n;1006;0;41721;0;N;559903;554791;6;3042;0;R_PH_PL_2;20140323xSun;06_Kařez_Plzeň;Plzeňský kraj;h00;1;N
02-o2_02-edg_03-tour_03-lau2_07-day_05-300+_06-frt-1006_01-sng_00-n_00-n_00-n_00-n_00-n_00-n;1006;0;41714;0;N;559903;554791;6;3042;0;R_PH_PL_2;20140316xSun;06_Kařez_Plzeň;Plzeňský kraj;h00;2;N
02-o2_02-edg_03-tour_03-lau2_07-day_05-300+_06-frt-1006_01-sng_00-n_00-n_00-n_00-n_00-n_00-n;1006;0;41718;0;N;559903;554791;6;3042;0;R_PH_PL_2;20140320xThu;06_Kařez_Plzeň;Plzeňský kraj;h00;1;N
02-o2_02-edg_03-tour_03-lau2_07-day_05-300+_06-frt-1006_01-sng_00-n_00-n_00-n_00-n_00-n_00-n;1006;0;41710;0;N;559903;554791;6;3042;0;R_PH_PL_2;20140312xWed;06_Kařez_Plzeň;Plzeňský kraj;h00;2;N
02-o2_02-edg_03-tour_03-lau2_07-day_05-300+_06-frt-1006_01-sng_00-n_00-n_00-n_00-n_00-n_00-n;1006;0;41713;0;N;559717;554791;7;3042;0;R_PH_PL_2;20140315xSat;07_Rokycany_Plzeň;Plzeňský kraj;h00;31;N
02-o2_02-edg_03-tour_03-lau2_07-day_05-300+_06-frt-1006_01-sng_00-n_00-n_00-n_00-n_00-n_00-n;1006;0;41717;0;N;559717;554791;7;3042;0;R_PH_PL_2;20140319xWed;07_Rokycany_Plzeň;Plzeňský kraj;h00;55;N
02-o2_02-edg_03-tour_03-lau2_07-day_05-300+_06-frt-1006_01-sng_00-n_00-n_00-n_00-n_00-n_00-n;1006;0;41710;0;N;559717;554791;7;3042;0;R_PH_PL_2;20140312xWed;07_Rokycany_Plzeň;Plzeňský kraj;h00;68;N
02-o2_02-edg_03-tour_03-lau2_07-day_05-300+_06-frt-1006_01-sng_00-n_00-n_00-n_00-n_00-n_00-n;1006;0;41724;0;N;559717;554791;7;3042;0;R_PH_PL_2;20140326xWed;07_Rokycany_Plzeň;Plzeňský kraj;h00;61;N
02-o2_02-edg_03-tour_03-lau2_07-day_05-300+_06-frt-1006_01-sng_00-n_00-n_00-n_00-n_00-n_00-n;1006;0;41722;0;N;559717;554791;7;3042;0;R_PH_PL_2;20140324xMon;07_Rokycany_Plzeň;Plzeňský kraj;h00;59;N
02-o2_02-edg_03-tour_03-lau2_07-day_05-300+_06-frt-1006_01-sng_00-n_00-n_00-n_00-n_00-n_00-n;1006;0;41718;0;N;559717;554791;7;3042;0;R_PH_PL_2;20140320xThu;07_Rokycany_Plzeň;Plzeňský kraj;h00;55;N
02-o2_02-edg_03-tour_03-lau2_07-day_05-300+_06-frt-1006_01-sng_00-n_00-n_00-n_00-n_00-n_00-n;1006;0;41714;0;N;559717;554791;7;3042;0;R_PH_PL_2;20140316xSun;07_Rokycany_Plzeň;Plzeňský kraj;h00;24;N
02-o2_02-edg_03-tour_03-lau2_07-day_05-300+_06-frt-1006_01-sng_00-n_00-n_00-n_00-n_00-n_00-n;1006;0;41721;0;N;559717;554791;7;3042;0;R_PH_PL_2;20140323xSun;07_Rokycany_Plzeň;Plzeňský kraj;h00;29;N
02-o2_02-edg_03-tour_03-lau2_07-day_05-300+_06-frt-1006_01-sng_00-n_00-n_00-n_00-n_00-n_00-n;1006;0;41719;0;N;559717;554791;7;3042;0;R_PH_PL_2;20140321xFri;07_Rokycany_Plzeň;Plzeňský kraj;h00;52;N
02-o2_02-edg_03-tour_03-lau2_07-day_05-300+_06-frt-1006_01-sng_00-n_00-n_00-n_00-n_00-n_00-n;1006;0;41716;0;N;559717;554791;7;3042;0;R_PH_PL_2;20140318xTue;07_Rokycany_Plzeň;Plzeňský kraj;h00;52;N
02-o2_02-edg_03-tour_03-lau2_07-day_05-300+_06-frt-1006_01-sng_00-n_00-n_00-n_00-n_00-n_00-n;1006;0;41723;0;N;559717;554791;7;3042;0;R_PH_PL_2;20140325xTue;07_Rokycany_Plzeň;Plzeňský kraj;h00;60;N
02-o2_02-edg_03-tour_03-lau2_07-day_05-300+_06-frt-1006_01-sng_00-n_00-n_00-n_00-n_00-n_00-n;1006;0;41711;0;N;559717;554791;7;3042;0;R_PH_PL_2;20140313xThu;07_Rokycany_Plzeň;Plzeňský kraj;h00;57;N
02-o2_02-edg_03-tour_03-lau2_07-day_05-300+_06-frt-1006_01-sng_00-n_00-n_00-n_00-n_00-n_00-n;1006;0;41715;0;N;559717;554791;7;3042;0;R_PH_PL_2;20140317xMon;07_Rokycany_Plzeň;Plzeňský kraj;h00;43;N
02-o2_02-edg_03-tour_03-lau2_07-day_05-300+_06-frt-1006_01-sng_00-n_00-n_00-n_00-n_00-n_00-n;1006;0;41720;0;N;559717;554791;7;3042;0;R_PH_PL_2;20140322xSat;07_Rokycany_Plzeň;Plzeňský kraj;h00;19;N
02-o2_02-edg_03-tour_03-lau2_07-day_05-300+_06-frt-1006_01-sng_00-n_00-n_00-n_00-n_00-n_00-n;1006;0;41712;0;N;559717;554791;7;3042;0;R_PH_PL_2;20140314xFri;07_Rokycany_Plzeň;Plzeňský kraj;h00;57;N
02-o2_02-edg_03-tour_03-lau2_07-day_05-300+_06-frt-1006_01-sng_00-n_00-n_00-n_00-n_00-n_00-n;1006;0;41723;0;N;554782;559903;1;3018;0;R_PH_PL_2;20140325xTue;01_Praha_Kařez;Hlavní město Praha;h00;3;N
02-o2_02-edg_03-tour_03-lau2_07-day_05-300+_06-frt-1006_01-sng_00-n_00-n_00-n_00-n_00-n_00-n;1006;0;41717;0;N;554782;559903;1;3018;0;R_PH_PL_2;20140319xWed;01_Praha_Kařez;Hlavní město Praha;h00;1;N
02-o2_02-edg_03-tour_03-lau2_07-day_05-300+_06-frt-1006_01-sng_00-n_00-n_00-n_00-n_00-n_00-n;1006;0;41715;0;N;554782;559903;1;3018;0;R_PH_PL_2;20140317xMon;01_Praha_Kařez;Hlavní město Praha;h00;4;N
02-o2_02-edg_03-tour_03-lau2_07-day_05-300+_06-frt-1006_01-sng_00-n_00-n_00-n_00-n_00-n_00-n;1006;0;41720;0;N;554782;559903;1;3018;0;R_PH_PL_2;20140322xSat;01_Praha_Kařez;Hlavní město Praha;h00;2;N
02-o2_02-edg_03-tour_03-lau2_07-day_05-300+_06-frt-1006_01-sng_00-n_00-n_00-n_00-n_00-n_00-n;1006;0;41711;0;N;554782;559903;1;3018;0;R_PH_PL_2;20140313xThu;01_Praha_Kařez;Hlavní město Praha;h00;3;N
02-o2_02-edg_03-tour_03-lau2_07-day_05-300+_06-frt-1006_01-sng_00-n_00-n_00-n_00-n_00-n_00-n;1006;0;41716;0;N;554782;559903;1;3018;0;R_PH_PL_2;20140318xTue;01_Praha_Kařez;Hlavní město Praha;h00;6;N
02-o2_02-edg_03-tour_03-lau2_07-day_05-300+_06-frt-1006_01-sng_00-n_00-n_00-n_00-n_00-n_00-n;1006;0;41712;0;N;554782;559903;1;3018;0;R_PH_PL_2;20140314xFri;01_Praha_Kařez;Hlavní město Praha;h00;11;N
02-o2_02-edg_03-tour_03-lau2_07-day_05-300+_06-frt-1006_01-sng_00-n_00-n_00-n_00-n_00-n_00-n;1006;0;41722;0;N;554782;559903;1;3018;0;R_PH_PL_2;20140324xMon;01_Praha_Kařez;Hlavní město Praha;h00;4;N
02-o2_02-edg_03-tour_03-lau2_07-day_05-300+_06-frt-1006_01-sng_00-n_00-n_00-n_00-n_00-n_00-n;1006;0;41713;0;N;554782;559903;1;3018;0;R_PH_PL_2;20140315xSat;01_Praha_Kařez;Hlavní město Praha;h00;2;N
02-o2_02-edg_03-tour_03-lau2_07-day_05-300+_06-frt-1006_01-sng_00-n_00-n_00-n_00-n_00-n_00-n;1006;0;41718;0;N;554782;559903;1;3018;0;R_PH_PL_2;20140320xThu;01_Praha_Kařez;Hlavní město Praha;h00;4;N
02-o2_02-edg_03-tour_03-lau2_07-day_05-300+_06-frt-1006_01-sng_00-n_00-n_00-n_00-n_00-n_00-n;1006;0;41724;0;N;554782;559903;1;3018;0;R_PH_PL_2;20140326xWed;01_Praha_Kařez;Hlavní město Praha;h00;2;N
02-o2_02-edg_03-tour_03-lau2_07-day_05-300+_06-frt-1006_01-sng_00-n_00-n_00-n_00-n_00-n_00-n;1006;0;41719;0;N;554782;559903;1;3018;0;R_PH_PL_2;20140321xFri;01_Praha_Kařez;Hlavní město Praha;h00;1;N
02-o2_02-edg_03-tour_03-lau2_07-day_05-300+_06-frt-1006_01-sng_00-n_00-n_00-n_00-n_00-n_00-n;1006;0;41710;0;N;554782;559903;1;3018;0;R_PH_PL_2;20140312xWed;01_Praha_Kařez;Hlavní město Praha;h00;2;N
02-o2_02-edg_03-tour_03-lau2_07-day_05-300+_06-frt-1006_01-sng_00-n_00-n_00-n_00-n_00-n_00-n;1006;0;41719;0;N;554782;559717;1;3018;0;R_PH_PL_2;20140321xFri;01_Praha_Rokycany;Hlavní město Praha;h00;5;N
02-o2_02-edg_03-tour_03-lau2_07-day_05-300+_06-frt-1006_01-sng_00-n_00-n_00-n_00-n_00-n_00-n;1006;0;41716;0;N;554782;559717;1;3018;0;R_PH_PL_2;20140318xTue;01_Praha_Rokycany;Hlavní město Praha;h00;14;N
02-o2_02-edg_03-tour_03-lau2_07-day_05-300+_06-frt-1006_01-sng_00-n_00-n_00-n_00-n_00-n_00-n;1006;0;41710;0;N;554782;559717;1;3018;0;R_PH_PL_2;20140312xWed;01_Praha_Rokycany;Hlavní město Praha;h00;8;N
02-o2_02-edg_03-tour_03-lau2_07-day_05-300+_06-frt-1006_01-sng_00-n_00-n_00-n_00-n_00-n_00-n;1006;0;41722;0;N;554782;559717;1;3018;0;R_PH_PL_2;20140324xMon;01_Praha_Rokycany;Hlavní město Praha;h00;6;N
02-o2_02-edg_03-tour_03-lau2_07-day_05-300+_06-frt-1006_01-sng_00-n_00-n_00-n_00-n_00-n_00-n;1006;0;41723;0;N;554782;559717;1;3018;0;R_PH_PL_2;20140325xTue;01_Praha_Rokycany;Hlavní město Praha;h00;10;N
02-o2_02-edg_03-tour_03-lau2_07-day_05-300+_06-frt-1006_01-sng_00-n_00-n_00-n_00-n_00-n_00-n;1006;0;41711;0;N;554782;559717;1;3018;0;R_PH_PL_2;20140313xThu;01_Praha_Rokycany;Hlavní město Praha;h00;11;N
02-o2_02-edg_03-tour_03-lau2_07-day_05-300+_06-frt-1006_01-sng_00-n_00-n_00-n_00-n_00-n_00-n;1006;0;41720;0;N;554782;559717;1;3018;0;R_PH_PL_2;20140322xSat;01_Praha_Rokycany;Hlavní město Praha;h00;10;N
02-o2_02-edg_03-tour_03-lau2_07-day_05-300+_06-frt-1006_01-sng_00-n_00-n_00-n_00-n_00-n_00-n;1006;0;41714;0;N;554782;559717;1;3018;0;R_PH_PL_2;20140316xSun;01_Praha_Rokycany;Hlavní město Praha;h00;6;N
02-o2_02-edg_03-tour_03-lau2_07-day_05-300+_06-frt-1006_01-sng_00-n_00-n_00-n_00-n_00-n_00-n;1006;0;41712;0;N;554782;559717;1;3018;0;R_PH_PL_2;20140314xFri;01_Praha_Rokycany;Hlavní město Praha;h00;12;N
02-o2_02-edg_03-tour_03-lau2_07-day_05-300+_06-frt-1006_01-sng_00-n_00-n_00-n_00-n_00-n_00-n;1006;0;41713;0;N;554782;559717;1;3018;0;R_PH_PL_2;20140315xSat;01_Praha_Rokycany;Hlavní město Praha;h00;7;N
02-o2_02-edg_03-tour_03-lau2_07-day_05-300+_06-frt-1006_01-sng_00-n_00-n_00-n_00-n_00-n_00-n;1006;0;41715;0;N;554782;559717;1;3018;0;R_PH_PL_2;20140317xMon;01_Praha_Rokycany;Hlavní město Praha;h00;7;N
