02-o2_01-ver_02-vis_03-lau2_07-day_05-300+_01-frt-1001_01-rep_00-n_00-n_00-n_00-n_00-n_00-n;1001;0;41710;0;N;533165;N;4;3026;0;EC_BR-PH_2;20140312xWed;4_Kolín;Středočeský kraj;h00;493;25
02-o2_01-ver_02-vis_03-lau2_07-day_05-300+_01-frt-1001_01-rep_00-n_00-n_00-n_00-n_00-n_00-n;1001;0;41710;0;N;554782;N;5;3018;0;EC_BR-PH_2;20140312xWed;5_Praha;Hlavní město Praha;h00;0;962
02-o2_01-ver_02-vis_03-lau2_07-day_05-300+_01-frt-1001_01-rep_00-n_00-n_00-n_00-n_00-n_00-n;1001;0;41710;0;N;555134;N;3;3093;0;EC_BR-PH_2;20140312xWed;3_Pardubice;Pardubický kraj;h00;243;50
02-o2_01-ver_02-vis_03-lau2_07-day_05-300+_01-frt-1001_01-rep_00-n_00-n_00-n_00-n_00-n_00-n;1001;0;41710;0;N;580031;N;2;3093;0;EC_BR-PH_2;20140312xWed;2_Česká Třebová;Pardubický kraj;h00;71;0
02-o2_01-ver_02-vis_03-lau2_07-day_05-300+_01-frt-1001_01-rep_00-n_00-n_00-n_00-n_00-n_00-n;1001;0;41710;0;N;582786;N;1;3115;0;EC_BR-PH_2;20140312xWed;1_Brno;Jihomoravský kraj;h00;230;0
02-o2_01-ver_02-vis_03-lau2_07-day_05-300+_01-frt-1001_01-rep_00-n_00-n_00-n_00-n_00-n_00-n;1001;0;41711;0;N;533165;N;4;3026;0;EC_BR-PH_2;20140313xThu;4_Kolín;Středočeský kraj;h00;543;25
02-o2_01-ver_02-vis_03-lau2_07-day_05-300+_01-frt-1001_01-rep_00-n_00-n_00-n_00-n_00-n_00-n;1001;0;41711;0;N;554782;N;5;3018;0;EC_BR-PH_2;20140313xThu;5_Praha;Hlavní město Praha;h00;0;953
02-o2_01-ver_02-vis_03-lau2_07-day_05-300+_01-frt-1001_01-rep_00-n_00-n_00-n_00-n_00-n_00-n;1001;0;41711;0;N;555134;N;3;3093;0;EC_BR-PH_2;20140313xThu;3_Pardubice;Pardubický kraj;h00;244;33
02-o2_01-ver_02-vis_03-lau2_07-day_05-300+_01-frt-1001_01-rep_00-n_00-n_00-n_00-n_00-n_00-n;1001;0;41711;0;N;580031;N;2;3093;0;EC_BR-PH_2;20140313xThu;2_Česká Třebová;Pardubický kraj;h00;50;0
02-o2_01-ver_02-vis_03-lau2_07-day_05-300+_01-frt-1001_01-rep_00-n_00-n_00-n_00-n_00-n_00-n;1001;0;41711;0;N;582786;N;1;3115;0;EC_BR-PH_2;20140313xThu;1_Brno;Jihomoravský kraj;h00;174;0
02-o2_01-ver_02-vis_03-lau2_07-day_05-300+_01-frt-1001_01-rep_00-n_00-n_00-n_00-n_00-n_00-n;1001;0;41712;0;N;533165;N;4;3026;0;EC_BR-PH_2;20140314xFri;4_Kolín;Středočeský kraj;h00;492;47
02-o2_01-ver_02-vis_03-lau2_07-day_05-300+_01-frt-1001_01-rep_00-n_00-n_00-n_00-n_00-n_00-n;1001;0;41712;0;N;554782;N;5;3018;0;EC_BR-PH_2;20140314xFri;5_Praha;Hlavní město Praha;h00;0;867
02-o2_01-ver_02-vis_03-lau2_07-day_05-300+_01-frt-1001_01-rep_00-n_00-n_00-n_00-n_00-n_00-n;1001;0;41712;0;N;555134;N;3;3093;0;EC_BR-PH_2;20140314xFri;3_Pardubice;Pardubický kraj;h00;218;44
02-o2_01-ver_02-vis_03-lau2_07-day_05-300+_01-frt-1001_01-rep_00-n_00-n_00-n_00-n_00-n_00-n;1001;0;41712;0;N;580031;N;2;3093;0;EC_BR-PH_2;20140314xFri;2_Česká Třebová;Pardubický kraj;h00;72;0
02-o2_01-ver_02-vis_03-lau2_07-day_05-300+_01-frt-1001_01-rep_00-n_00-n_00-n_00-n_00-n_00-n;1001;0;41712;0;N;582786;N;1;3115;0;EC_BR-PH_2;20140314xFri;1_Brno;Jihomoravský kraj;h00;176;0
02-o2_01-ver_02-vis_03-lau2_07-day_05-300+_01-frt-1001_01-rep_00-n_00-n_00-n_00-n_00-n_00-n;1001;0;41713;0;N;533165;N;4;3026;0;EC_BR-PH_2;20140315xSat;4_Kolín;Středočeský kraj;h00;119;6
02-o2_01-ver_02-vis_03-lau2_07-day_05-300+_01-frt-1001_01-rep_00-n_00-n_00-n_00-n_00-n_00-n;1001;0;41713;0;N;554782;N;5;3018;0;EC_BR-PH_2;20140315xSat;5_Praha;Hlavní město Praha;h00;0;438
02-o2_01-ver_02-vis_03-lau2_07-day_05-300+_01-frt-1001_01-rep_00-n_00-n_00-n_00-n_00-n_00-n;1001;0;41713;0;N;555134;N;3;3093;0;EC_BR-PH_2;20140315xSat;3_Pardubice;Pardubický kraj;h00;158;19
02-o2_01-ver_02-vis_03-lau2_07-day_05-300+_01-frt-1001_01-rep_00-n_00-n_00-n_00-n_00-n_00-n;1001;0;41713;0;N;580031;N;2;3093;0;EC_BR-PH_2;20140315xSat;2_Česká Třebová;Pardubický kraj;h00;33;0
02-o2_01-ver_02-vis_03-lau2_07-day_05-300+_01-frt-1001_01-rep_00-n_00-n_00-n_00-n_00-n_00-n;1001;0;41713;0;N;582786;N;1;3115;0;EC_BR-PH_2;20140315xSat;1_Brno;Jihomoravský kraj;h00;153;0
02-o2_01-ver_02-vis_03-lau2_07-day_05-300+_01-frt-1001_01-rep_00-n_00-n_00-n_00-n_00-n_00-n;1001;0;41714;0;N;533165;N;4;3026;0;EC_BR-PH_2;20140316xSun;4_Kolín;Středočeský kraj;h00;70;3
02-o2_01-ver_02-vis_03-lau2_07-day_05-300+_01-frt-1001_01-rep_00-n_00-n_00-n_00-n_00-n_00-n;1001;0;41714;0;N;554782;N;5;3018;0;EC_BR-PH_2;20140316xSun;5_Praha;Hlavní město Praha;h00;0;185
02-o2_01-ver_02-vis_03-lau2_07-day_05-300+_01-frt-1001_01-rep_00-n_00-n_00-n_00-n_00-n_00-n;1001;0;41714;0;N;555134;N;3;3093;0;EC_BR-PH_2;20140316xSun;3_Pardubice;Pardubický kraj;h00;45;7
02-o2_01-ver_02-vis_03-lau2_07-day_05-300+_01-frt-1001_01-rep_00-n_00-n_00-n_00-n_00-n_00-n;1001;0;41714;0;N;580031;N;2;3093;0;EC_BR-PH_2;20140316xSun;2_Česká Třebová;Pardubický kraj;h00;11;0
02-o2_01-ver_02-vis_03-lau2_07-day_05-300+_01-frt-1001_01-rep_00-n_00-n_00-n_00-n_00-n_00-n;1001;0;41714;0;N;582786;N;1;3115;0;EC_BR-PH_2;20140316xSun;1_Brno;Jihomoravský kraj;h00;69;0
02-o2_01-ver_02-vis_03-lau2_07-day_05-300+_01-frt-1001_01-rep_00-n_00-n_00-n_00-n_00-n_00-n;1001;0;41715;0;N;533165;N;4;3026;0;EC_BR-PH_2;20140317xMon;4_Kolín;Středočeský kraj;h00;766;40
02-o2_01-ver_02-vis_03-lau2_07-day_05-300+_01-frt-1001_01-rep_00-n_00-n_00-n_00-n_00-n_00-n;1001;0;41715;0;N;554782;N;5;3018;0;EC_BR-PH_2;20140317xMon;5_Praha;Hlavní město Praha;h00;0;1254
02-o2_01-ver_02-vis_03-lau2_07-day_05-300+_01-frt-1001_01-rep_00-n_00-n_00-n_00-n_00-n_00-n;1001;0;41715;0;N;555134;N;3;3093;0;EC_BR-PH_2;20140317xMon;3_Pardubice;Pardubický kraj;h00;332;66
02-o2_01-ver_02-vis_03-lau2_07-day_05-300+_01-frt-1001_01-rep_00-n_00-n_00-n_00-n_00-n_00-n;1001;0;41715;0;N;580031;N;2;3093;0;EC_BR-PH_2;20140317xMon;2_Česká Třebová;Pardubický kraj;h00;74;6
02-o2_01-ver_02-vis_03-lau2_07-day_05-300+_01-frt-1001_01-rep_00-n_00-n_00-n_00-n_00-n_00-n;1001;0;41715;0;N;582786;N;1;3115;0;EC_BR-PH_2;20140317xMon;1_Brno;Jihomoravský kraj;h00;194;0
02-o2_01-ver_02-vis_03-lau2_07-day_05-300+_01-frt-1001_01-rep_00-n_00-n_00-n_00-n_00-n_00-n;1001;0;41716;0;N;533165;N;4;3026;0;EC_BR-PH_2;20140318xTue;4_Kolín;Středočeský kraj;h00;784;51
02-o2_01-ver_02-vis_03-lau2_07-day_05-300+_01-frt-1001_01-rep_00-n_00-n_00-n_00-n_00-n_00-n;1001;0;41716;0;N;554782;N;5;3018;0;EC_BR-PH_2;20140318xTue;5_Praha;Hlavní město Praha;h00;0;1434
02-o2_01-ver_02-vis_03-lau2_07-day_05-300+_01-frt-1001_01-rep_00-n_00-n_00-n_00-n_00-n_00-n;1001;0;41716;0;N;555134;N;3;3093;0;EC_BR-PH_2;20140318xTue;3_Pardubice;Pardubický kraj;h00;414;67
02-o2_01-ver_02-vis_03-lau2_07-day_05-300+_01-frt-1001_01-rep_00-n_00-n_00-n_00-n_00-n_00-n;1001;0;41716;0;N;580031;N;2;3093;0;EC_BR-PH_2;20140318xTue;2_Česká Třebová;Pardubický kraj;h00;92;6
02-o2_01-ver_02-vis_03-lau2_07-day_05-300+_01-frt-1001_01-rep_00-n_00-n_00-n_00-n_00-n_00-n;1001;0;41716;0;N;582786;N;1;3115;0;EC_BR-PH_2;20140318xTue;1_Brno;Jihomoravský kraj;h00;268;0
02-o2_01-ver_02-vis_03-lau2_07-day_05-300+_01-frt-1001_01-rep_00-n_00-n_00-n_00-n_00-n_00-n;1001;0;41717;0;N;533165;N;4;3026;0;EC_BR-PH_2;20140319xWed;4_Kolín;Středočeský kraj;h00;657;67
02-o2_01-ver_02-vis_03-lau2_07-day_05-300+_01-frt-1001_01-rep_00-n_00-n_00-n_00-n_00-n_00-n;1001;0;41717;0;N;554782;N;5;3018;0;EC_BR-PH_2;20140319xWed;5_Praha;Hlavní město Praha;h00;0;1239
02-o2_01-ver_02-vis_03-lau2_07-day_05-300+_01-frt-1001_01-rep_00-n_00-n_00-n_00-n_00-n_00-n;1001;0;41717;0;N;555134;N;3;3093;0;EC_BR-PH_2;20140319xWed;3_Pardubice;Pardubický kraj;h00;377;49
02-o2_01-ver_02-vis_03-lau2_07-day_05-300+_01-frt-1001_01-rep_00-n_00-n_00-n_00-n_00-n_00-n;1001;0;41717;0;N;580031;N;2;3093;0;EC_BR-PH_2;20140319xWed;2_Česká Třebová;Pardubický kraj;h00;75;0
02-o2_01-ver_02-vis_03-lau2_07-day_05-300+_01-frt-1001_01-rep_00-n_00-n_00-n_00-n_00-n_00-n;1001;0;41717;0;N;582786;N;1;3115;0;EC_BR-PH_2;20140319xWed;1_Brno;Jihomoravský kraj;h00;246;0
02-o2_01-ver_02-vis_03-lau2_07-day_05-300+_01-frt-1001_01-rep_00-n_00-n_00-n_00-n_00-n_00-n;1001;0;41718;0;N;533165;N;4;3026;0;EC_BR-PH_2;20140320xThu;4_Kolín;Středočeský kraj;h00;600;61
02-o2_01-ver_02-vis_03-lau2_07-day_05-300+_01-frt-1001_01-rep_00-n_00-n_00-n_00-n_00-n_00-n;1001;0;41718;0;N;554782;N;5;3018;0;EC_BR-PH_2;20140320xThu;5_Praha;Hlavní město Praha;h00;0;1079
02-o2_01-ver_02-vis_03-lau2_07-day_05-300+_01-frt-1001_01-rep_00-n_00-n_00-n_00-n_00-n_00-n;1001;0;41718;0;N;555134;N;3;3093;0;EC_BR-PH_2;20140320xThu;3_Pardubice;Pardubický kraj;h00;309;46
02-o2_01-ver_02-vis_03-lau2_07-day_05-300+_01-frt-1001_01-rep_00-n_00-n_00-n_00-n_00-n_00-n;1001;0;41718;0;N;580031;N;2;3093;0;EC_BR-PH_2;20140320xThu;2_Česká Třebová;Pardubický kraj;h00;66;4
02-o2_01-ver_02-vis_03-lau2_07-day_05-300+_01-frt-1001_01-rep_00-n_00-n_00-n_00-n_00-n_00-n;1001;0;41718;0;N;582786;N;1;3115;0;EC_BR-PH_2;20140320xThu;1_Brno;Jihomoravský kraj;h00;215;0
02-o2_01-ver_02-vis_03-lau2_07-day_05-300+_01-frt-1001_01-rep_00-n_00-n_00-n_00-n_00-n_00-n;1001;0;41719;0;N;533165;N;4;3026;0;EC_BR-PH_2;20140321xFri;4_Kolín;Středočeský kraj;h00;359;36
02-o2_01-ver_02-vis_03-lau2_07-day_05-300+_01-frt-1001_01-rep_00-n_00-n_00-n_00-n_00-n_00-n;1001;0;41719;0;N;554782;N;5;3018;0;EC_BR-PH_2;20140321xFri;5_Praha;Hlavní město Praha;h00;0;602
02-o2_01-ver_02-vis_03-lau2_07-day_05-300+_01-frt-1001_01-rep_00-n_00-n_00-n_00-n_00-n_00-n;1001;0;41719;0;N;555134;N;3;3093;0;EC_BR-PH_2;20140321xFri;3_Pardubice;Pardubický kraj;h00;171;35
02-o2_01-ver_02-vis_03-lau2_07-day_05-300+_01-frt-1001_01-rep_00-n_00-n_00-n_00-n_00-n_00-n;1001;0;41719;0;N;580031;N;2;3093;0;EC_BR-PH_2;20140321xFri;2_Česká Třebová;Pardubický kraj;h00;54;2
02-o2_01-ver_02-vis_03-lau2_07-day_05-300+_01-frt-1001_01-rep_00-n_00-n_00-n_00-n_00-n_00-n;1001;0;41719;0;N;582786;N;1;3115;0;EC_BR-PH_2;20140321xFri;1_Brno;Jihomoravský kraj;h00;91;0
02-o2_01-ver_02-vis_03-lau2_07-day_05-300+_01-frt-1001_01-rep_00-n_00-n_00-n_00-n_00-n_00-n;1001;0;41720;0;N;533165;N;4;3026;0;EC_BR-PH_2;20140322xSat;4_Kolín;Středočeský kraj;h00;73;1
02-o2_01-ver_02-vis_03-lau2_07-day_05-300+_01-frt-1001_01-rep_00-n_00-n_00-n_00-n_00-n_00-n;1001;0;41720;0;N;554782;N;5;3018;0;EC_BR-PH_2;20140322xSat;5_Praha;Hlavní město Praha;h00;0;332
02-o2_01-ver_02-vis_03-lau2_07-day_05-300+_01-frt-1001_01-rep_00-n_00-n_00-n_00-n_00-n_00-n;1001;0;41720;0;N;555134;N;3;3093;0;EC_BR-PH_2;20140322xSat;3_Pardubice;Pardubický kraj;h00;100;15
02-o2_01-ver_02-vis_03-lau2_07-day_05-300+_01-frt-1001_01-rep_00-n_00-n_00-n_00-n_00-n_00-n;1001;0;41720;0;N;580031;N;2;3093;0;EC_BR-PH_2;20140322xSat;2_Česká Třebová;Pardubický kraj;h00;20;0
02-o2_01-ver_02-vis_03-lau2_07-day_05-300+_01-frt-1001_01-rep_00-n_00-n_00-n_00-n_00-n_00-n;1001;0;41720;0;N;582786;N;1;3115;0;EC_BR-PH_2;20140322xSat;1_Brno;Jihomoravský kraj;h00;155;0
02-o2_01-ver_02-vis_03-lau2_07-day_05-300+_01-frt-1001_01-rep_00-n_00-n_00-n_00-n_00-n_00-n;1001;0;41721;0;N;533165;N;4;3026;0;EC_BR-PH_2;20140323xSun;4_Kolín;Středočeský kraj;h00;55;0
02-o2_01-ver_02-vis_03-lau2_07-day_05-300+_01-frt-1001_01-rep_00-n_00-n_00-n_00-n_00-n_00-n;1001;0;41721;0;N;554782;N;5;3018;0;EC_BR-PH_2;20140323xSun;5_Praha;Hlavní město Praha;h00;0;154
02-o2_01-ver_02-vis_03-lau2_07-day_05-300+_01-frt-1001_01-rep_00-n_00-n_00-n_00-n_00-n_00-n;1001;0;41721;0;N;555134;N;3;3093;0;EC_BR-PH_2;20140323xSun;3_Pardubice;Pardubický kraj;h00;36;10
02-o2_01-ver_02-vis_03-lau2_07-day_05-300+_01-frt-1001_01-rep_00-n_00-n_00-n_00-n_00-n_00-n;1001;0;41721;0;N;580031;N;2;3093;0;EC_BR-PH_2;20140323xSun;2_Česká Třebová;Pardubický kraj;h00;19;0
02-o2_01-ver_02-vis_03-lau2_07-day_05-300+_01-frt-1001_01-rep_00-n_00-n_00-n_00-n_00-n_00-n;1001;0;41721;0;N;582786;N;1;3115;0;EC_BR-PH_2;20140323xSun;1_Brno;Jihomoravský kraj;h00;54;0
02-o2_01-ver_02-vis_03-lau2_07-day_05-300+_01-frt-1001_01-rep_00-n_00-n_00-n_00-n_00-n_00-n;1001;0;41722;0;N;533165;N;4;3026;0;EC_BR-PH_2;20140324xMon;4_Kolín;Středočeský kraj;h00;611;46
02-o2_01-ver_02-vis_03-lau2_07-day_05-300+_01-frt-1001_01-rep_00-n_00-n_00-n_00-n_00-n_00-n;1001;0;41722;0;N;554782;N;5;3018;0;EC_BR-PH_2;20140324xMon;5_Praha;Hlavní město Praha;h00;0;1017
02-o2_01-ver_02-vis_03-lau2_07-day_05-300+_01-frt-1001_01-rep_00-n_00-n_00-n_00-n_00-n_00-n;1001;0;41722;0;N;555134;N;3;3093;0;EC_BR-PH_2;20140324xMon;3_Pardubice;Pardubický kraj;h00;348;68
02-o2_01-ver_02-vis_03-lau2_07-day_05-300+_01-frt-1001_01-rep_00-n_00-n_00-n_00-n_00-n_00-n;1001;0;41722;0;N;580031;N;2;3093;0;EC_BR-PH_2;20140324xMon;2_Česká Třebová;Pardubický kraj;h00;83;0
02-o2_01-ver_02-vis_03-lau2_07-day_05-300+_01-frt-1001_01-rep_00-n_00-n_00-n_00-n_00-n_00-n;1001;0;41722;0;N;582786;N;1;3115;0;EC_BR-PH_2;20140324xMon;1_Brno;Jihomoravský kraj;h00;89;0
02-o2_01-ver_02-vis_03-lau2_07-day_05-300+_01-frt-1001_01-rep_00-n_00-n_00-n_00-n_00-n_00-n;1001;0;41723;0;N;533165;N;4;3026;0;EC_BR-PH_2;20140325xTue;4_Kolín;Středočeský kraj;h00;658;44
02-o2_01-ver_02-vis_03-lau2_07-day_05-300+_01-frt-1001_01-rep_00-n_00-n_00-n_00-n_00-n_00-n;1001;0;41723;0;N;554782;N;5;3018;0;EC_BR-PH_2;20140325xTue;5_Praha;Hlavní město Praha;h00;0;1236
02-o2_01-ver_02-vis_03-lau2_07-day_05-300+_01-frt-1001_01-rep_00-n_00-n_00-n_00-n_00-n_00-n;1001;0;41723;0;N;555134;N;3;3093;0;EC_BR-PH_2;20140325xTue;3_Pardubice;Pardubický kraj;h00;329;56
02-o2_01-ver_02-vis_03-lau2_07-day_05-300+_01-frt-1001_01-rep_00-n_00-n_00-n_00-n_00-n_00-n;1001;0;41723;0;N;580031;N;2;3093;0;EC_BR-PH_2;20140325xTue;2_Česká Třebová;Pardubický kraj;h00;84;2
02-o2_01-ver_02-vis_03-lau2_07-day_05-300+_01-frt-1001_01-rep_00-n_00-n_00-n_00-n_00-n_00-n;1001;0;41723;0;N;582786;N;1;3115;0;EC_BR-PH_2;20140325xTue;1_Brno;Jihomoravský kraj;h00;267;0
02-o2_01-ver_02-vis_03-lau2_07-day_05-300+_01-frt-1001_01-rep_00-n_00-n_00-n_00-n_00-n_00-n;1001;0;41724;0;N;533165;N;4;3026;0;EC_BR-PH_2;20140326xWed;4_Kolín;Středočeský kraj;h00;621;47
02-o2_01-ver_02-vis_03-lau2_07-day_05-300+_01-frt-1001_01-rep_00-n_00-n_00-n_00-n_00-n_00-n;1001;0;41724;0;N;554782;N;5;3018;0;EC_BR-PH_2;20140326xWed;5_Praha;Hlavní město Praha;h00;0;1110
02-o2_01-ver_02-vis_03-lau2_07-day_05-300+_01-frt-1001_01-rep_00-n_00-n_00-n_00-n_00-n_00-n;1001;0;41724;0;N;555134;N;3;3093;0;EC_BR-PH_2;20140326xWed;3_Pardubice;Pardubický kraj;h00;365;64
02-o2_01-ver_02-vis_03-lau2_07-day_05-300+_01-frt-1001_01-rep_00-n_00-n_00-n_00-n_00-n_00-n;1001;0;41724;0;N;580031;N;2;3093;0;EC_BR-PH_2;20140326xWed;2_Česká Třebová;Pardubický kraj;h00;85;0
02-o2_01-ver_02-vis_03-lau2_07-day_05-300+_01-frt-1001_01-rep_00-n_00-n_00-n_00-n_00-n_00-n;1001;0;41724;0;N;582786;N;1;3115;0;EC_BR-PH_2;20140326xWed;1_Brno;Jihomoravský kraj;h00;150;0
