02-o2_01-ver_03-tour_03-lau2_07-day_05-300+_02-frt-1002_01-sng_00-n_00-n_00-n_00-n_00-n_00-n;1002;0;41710;0;N;533165;N;2;3026;0;EC_PH-BR_1;20140312xWed;2_Kolín;Středočeský kraj;h00;9;77
02-o2_01-ver_03-tour_03-lau2_07-day_05-300+_02-frt-1002_01-sng_00-n_00-n_00-n_00-n_00-n_00-n;1002;0;41710;0;N;554782;N;1;3018;0;EC_PH-BR_1;20140312xWed;1_Praha;Hlavní město Praha;h00;170;0
02-o2_01-ver_03-tour_03-lau2_07-day_05-300+_02-frt-1002_01-sng_00-n_00-n_00-n_00-n_00-n_00-n;1002;0;41710;0;N;555134;N;3;3093;0;EC_PH-BR_1;20140312xWed;3_Pardubice;Pardubický kraj;h00;7;67
02-o2_01-ver_03-tour_03-lau2_07-day_05-300+_02-frt-1002_01-sng_00-n_00-n_00-n_00-n_00-n_00-n;1002;0;41710;0;N;580031;N;4;3093;0;EC_PH-BR_1;20140312xWed;4_Česká Třebová;Pardubický kraj;h00;2;11
02-o2_01-ver_03-tour_03-lau2_07-day_05-300+_02-frt-1002_01-sng_00-n_00-n_00-n_00-n_00-n_00-n;1002;0;41710;0;N;582786;N;5;3115;0;EC_PH-BR_1;20140312xWed;5_Brno;Jihomoravský kraj;h00;0;33
02-o2_01-ver_03-tour_03-lau2_07-day_05-300+_02-frt-1002_01-sng_00-n_00-n_00-n_00-n_00-n_00-n;1002;0;41711;0;N;533165;N;2;3026;0;EC_PH-BR_1;20140313xThu;2_Kolín;Středočeský kraj;h00;13;82
02-o2_01-ver_03-tour_03-lau2_07-day_05-300+_02-frt-1002_01-sng_00-n_00-n_00-n_00-n_00-n_00-n;1002;0;41711;0;N;554782;N;1;3018;0;EC_PH-BR_1;20140313xThu;1_Praha;Hlavní město Praha;h00;164;0
02-o2_01-ver_03-tour_03-lau2_07-day_05-300+_02-frt-1002_01-sng_00-n_00-n_00-n_00-n_00-n_00-n;1002;0;41711;0;N;555134;N;3;3093;0;EC_PH-BR_1;20140313xThu;3_Pardubice;Pardubický kraj;h00;5;51
02-o2_01-ver_03-tour_03-lau2_07-day_05-300+_02-frt-1002_01-sng_00-n_00-n_00-n_00-n_00-n_00-n;1002;0;41711;0;N;580031;N;4;3093;0;EC_PH-BR_1;20140313xThu;4_Česká Třebová;Pardubický kraj;h00;3;10
02-o2_01-ver_03-tour_03-lau2_07-day_05-300+_02-frt-1002_01-sng_00-n_00-n_00-n_00-n_00-n_00-n;1002;0;41711;0;N;582786;N;5;3115;0;EC_PH-BR_1;20140313xThu;5_Brno;Jihomoravský kraj;h00;0;42
02-o2_01-ver_03-tour_03-lau2_07-day_05-300+_02-frt-1002_01-sng_00-n_00-n_00-n_00-n_00-n_00-n;1002;0;41712;0;N;533165;N;2;3026;0;EC_PH-BR_1;20140314xFri;2_Kolín;Středočeský kraj;h00;13;56
02-o2_01-ver_03-tour_03-lau2_07-day_05-300+_02-frt-1002_01-sng_00-n_00-n_00-n_00-n_00-n_00-n;1002;0;41712;0;N;554782;N;1;3018;0;EC_PH-BR_1;20140314xFri;1_Praha;Hlavní město Praha;h00;155;0
02-o2_01-ver_03-tour_03-lau2_07-day_05-300+_02-frt-1002_01-sng_00-n_00-n_00-n_00-n_00-n_00-n;1002;0;41712;0;N;555134;N;3;3093;0;EC_PH-BR_1;20140314xFri;3_Pardubice;Pardubický kraj;h00;12;68
02-o2_01-ver_03-tour_03-lau2_07-day_05-300+_02-frt-1002_01-sng_00-n_00-n_00-n_00-n_00-n_00-n;1002;0;41712;0;N;580031;N;4;3093;0;EC_PH-BR_1;20140314xFri;4_Česká Třebová;Pardubický kraj;h00;1;19
02-o2_01-ver_03-tour_03-lau2_07-day_05-300+_02-frt-1002_01-sng_00-n_00-n_00-n_00-n_00-n_00-n;1002;0;41712;0;N;582786;N;5;3115;0;EC_PH-BR_1;20140314xFri;5_Brno;Jihomoravský kraj;h00;0;38
02-o2_01-ver_03-tour_03-lau2_07-day_05-300+_02-frt-1002_01-sng_00-n_00-n_00-n_00-n_00-n_00-n;1002;0;41713;0;N;533165;N;2;3026;0;EC_PH-BR_1;20140315xSat;2_Kolín;Středočeský kraj;h00;5;40
02-o2_01-ver_03-tour_03-lau2_07-day_05-300+_02-frt-1002_01-sng_00-n_00-n_00-n_00-n_00-n_00-n;1002;0;41713;0;N;554782;N;1;3018;0;EC_PH-BR_1;20140315xSat;1_Praha;Hlavní město Praha;h00;105;0
02-o2_01-ver_03-tour_03-lau2_07-day_05-300+_02-frt-1002_01-sng_00-n_00-n_00-n_00-n_00-n_00-n;1002;0;41713;0;N;555134;N;3;3093;0;EC_PH-BR_1;20140315xSat;3_Pardubice;Pardubický kraj;h00;11;41
02-o2_01-ver_03-tour_03-lau2_07-day_05-300+_02-frt-1002_01-sng_00-n_00-n_00-n_00-n_00-n_00-n;1002;0;41713;0;N;580031;N;4;3093;0;EC_PH-BR_1;20140315xSat;4_Česká Třebová;Pardubický kraj;h00;5;15
02-o2_01-ver_03-tour_03-lau2_07-day_05-300+_02-frt-1002_01-sng_00-n_00-n_00-n_00-n_00-n_00-n;1002;0;41713;0;N;582786;N;5;3115;0;EC_PH-BR_1;20140315xSat;5_Brno;Jihomoravský kraj;h00;0;30
02-o2_01-ver_03-tour_03-lau2_07-day_05-300+_02-frt-1002_01-sng_00-n_00-n_00-n_00-n_00-n_00-n;1002;0;41714;0;N;533165;N;2;3026;0;EC_PH-BR_1;20140316xSun;2_Kolín;Středočeský kraj;h00;5;26
02-o2_01-ver_03-tour_03-lau2_07-day_05-300+_02-frt-1002_01-sng_00-n_00-n_00-n_00-n_00-n_00-n;1002;0;41714;0;N;554782;N;1;3018;0;EC_PH-BR_1;20140316xSun;1_Praha;Hlavní město Praha;h00;92;0
02-o2_01-ver_03-tour_03-lau2_07-day_05-300+_02-frt-1002_01-sng_00-n_00-n_00-n_00-n_00-n_00-n;1002;0;41714;0;N;555134;N;3;3093;0;EC_PH-BR_1;20140316xSun;3_Pardubice;Pardubický kraj;h00;9;35
02-o2_01-ver_03-tour_03-lau2_07-day_05-300+_02-frt-1002_01-sng_00-n_00-n_00-n_00-n_00-n_00-n;1002;0;41714;0;N;580031;N;4;3093;0;EC_PH-BR_1;20140316xSun;4_Česká Třebová;Pardubický kraj;h00;6;8
02-o2_01-ver_03-tour_03-lau2_07-day_05-300+_02-frt-1002_01-sng_00-n_00-n_00-n_00-n_00-n_00-n;1002;0;41714;0;N;582786;N;5;3115;0;EC_PH-BR_1;20140316xSun;5_Brno;Jihomoravský kraj;h00;0;43
02-o2_01-ver_03-tour_03-lau2_07-day_05-300+_02-frt-1002_01-sng_00-n_00-n_00-n_00-n_00-n_00-n;1002;0;41715;0;N;533165;N;2;3026;0;EC_PH-BR_1;20140317xMon;2_Kolín;Středočeský kraj;h00;17;93
02-o2_01-ver_03-tour_03-lau2_07-day_05-300+_02-frt-1002_01-sng_00-n_00-n_00-n_00-n_00-n_00-n;1002;0;41715;0;N;554782;N;1;3018;0;EC_PH-BR_1;20140317xMon;1_Praha;Hlavní město Praha;h00;160;0
02-o2_01-ver_03-tour_03-lau2_07-day_05-300+_02-frt-1002_01-sng_00-n_00-n_00-n_00-n_00-n_00-n;1002;0;41715;0;N;555134;N;3;3093;0;EC_PH-BR_1;20140317xMon;3_Pardubice;Pardubický kraj;h00;17;51
02-o2_01-ver_03-tour_03-lau2_07-day_05-300+_02-frt-1002_01-sng_00-n_00-n_00-n_00-n_00-n_00-n;1002;0;41715;0;N;580031;N;4;3093;0;EC_PH-BR_1;20140317xMon;4_Česká Třebová;Pardubický kraj;h00;6;12
02-o2_01-ver_03-tour_03-lau2_07-day_05-300+_02-frt-1002_01-sng_00-n_00-n_00-n_00-n_00-n_00-n;1002;0;41715;0;N;582786;N;5;3115;0;EC_PH-BR_1;20140317xMon;5_Brno;Jihomoravský kraj;h00;0;44
02-o2_01-ver_03-tour_03-lau2_07-day_05-300+_02-frt-1002_01-sng_00-n_00-n_00-n_00-n_00-n_00-n;1002;0;41716;0;N;533165;N;2;3026;0;EC_PH-BR_1;20140318xTue;2_Kolín;Středočeský kraj;h00;15;68
02-o2_01-ver_03-tour_03-lau2_07-day_05-300+_02-frt-1002_01-sng_00-n_00-n_00-n_00-n_00-n_00-n;1002;0;41716;0;N;554782;N;1;3018;0;EC_PH-BR_1;20140318xTue;1_Praha;Hlavní město Praha;h00;153;0
02-o2_01-ver_03-tour_03-lau2_07-day_05-300+_02-frt-1002_01-sng_00-n_00-n_00-n_00-n_00-n_00-n;1002;0;41716;0;N;555134;N;3;3093;0;EC_PH-BR_1;20140318xTue;3_Pardubice;Pardubický kraj;h00;6;48
02-o2_01-ver_03-tour_03-lau2_07-day_05-300+_02-frt-1002_01-sng_00-n_00-n_00-n_00-n_00-n_00-n;1002;0;41716;0;N;580031;N;4;3093;0;EC_PH-BR_1;20140318xTue;4_Česká Třebová;Pardubický kraj;h00;2;12
02-o2_01-ver_03-tour_03-lau2_07-day_05-300+_02-frt-1002_01-sng_00-n_00-n_00-n_00-n_00-n_00-n;1002;0;41716;0;N;582786;N;5;3115;0;EC_PH-BR_1;20140318xTue;5_Brno;Jihomoravský kraj;h00;0;48
02-o2_01-ver_03-tour_03-lau2_07-day_05-300+_02-frt-1002_01-sng_00-n_00-n_00-n_00-n_00-n_00-n;1002;0;41717;0;N;533165;N;2;3026;0;EC_PH-BR_1;20140319xWed;2_Kolín;Středočeský kraj;h00;13;82
02-o2_01-ver_03-tour_03-lau2_07-day_05-300+_02-frt-1002_01-sng_00-n_00-n_00-n_00-n_00-n_00-n;1002;0;41717;0;N;554782;N;1;3018;0;EC_PH-BR_1;20140319xWed;1_Praha;Hlavní město Praha;h00;152;0
02-o2_01-ver_03-tour_03-lau2_07-day_05-300+_02-frt-1002_01-sng_00-n_00-n_00-n_00-n_00-n_00-n;1002;0;41717;0;N;555134;N;3;3093;0;EC_PH-BR_1;20140319xWed;3_Pardubice;Pardubický kraj;h00;10;52
02-o2_01-ver_03-tour_03-lau2_07-day_05-300+_02-frt-1002_01-sng_00-n_00-n_00-n_00-n_00-n_00-n;1002;0;41717;0;N;580031;N;4;3093;0;EC_PH-BR_1;20140319xWed;4_Česká Třebová;Pardubický kraj;h00;0;9
02-o2_01-ver_03-tour_03-lau2_07-day_05-300+_02-frt-1002_01-sng_00-n_00-n_00-n_00-n_00-n_00-n;1002;0;41717;0;N;582786;N;5;3115;0;EC_PH-BR_1;20140319xWed;5_Brno;Jihomoravský kraj;h00;0;32
02-o2_01-ver_03-tour_03-lau2_07-day_05-300+_02-frt-1002_01-sng_00-n_00-n_00-n_00-n_00-n_00-n;1002;0;41718;0;N;533165;N;2;3026;0;EC_PH-BR_1;20140320xThu;2_Kolín;Středočeský kraj;h00;10;66
02-o2_01-ver_03-tour_03-lau2_07-day_05-300+_02-frt-1002_01-sng_00-n_00-n_00-n_00-n_00-n_00-n;1002;0;41718;0;N;554782;N;1;3018;0;EC_PH-BR_1;20140320xThu;1_Praha;Hlavní město Praha;h00;136;0
02-o2_01-ver_03-tour_03-lau2_07-day_05-300+_02-frt-1002_01-sng_00-n_00-n_00-n_00-n_00-n_00-n;1002;0;41718;0;N;555134;N;3;3093;0;EC_PH-BR_1;20140320xThu;3_Pardubice;Pardubický kraj;h00;15;50
02-o2_01-ver_03-tour_03-lau2_07-day_05-300+_02-frt-1002_01-sng_00-n_00-n_00-n_00-n_00-n_00-n;1002;0;41718;0;N;580031;N;4;3093;0;EC_PH-BR_1;20140320xThu;4_Česká Třebová;Pardubický kraj;h00;1;16
02-o2_01-ver_03-tour_03-lau2_07-day_05-300+_02-frt-1002_01-sng_00-n_00-n_00-n_00-n_00-n_00-n;1002;0;41718;0;N;582786;N;5;3115;0;EC_PH-BR_1;20140320xThu;5_Brno;Jihomoravský kraj;h00;0;30
02-o2_01-ver_03-tour_03-lau2_07-day_05-300+_02-frt-1002_01-sng_00-n_00-n_00-n_00-n_00-n_00-n;1002;0;41719;0;N;533165;N;2;3026;0;EC_PH-BR_1;20140321xFri;2_Kolín;Středočeský kraj;h00;11;57
02-o2_01-ver_03-tour_03-lau2_07-day_05-300+_02-frt-1002_01-sng_00-n_00-n_00-n_00-n_00-n_00-n;1002;0;41719;0;N;554782;N;1;3018;0;EC_PH-BR_1;20140321xFri;1_Praha;Hlavní město Praha;h00;121;0
02-o2_01-ver_03-tour_03-lau2_07-day_05-300+_02-frt-1002_01-sng_00-n_00-n_00-n_00-n_00-n_00-n;1002;0;41719;0;N;555134;N;3;3093;0;EC_PH-BR_1;20140321xFri;3_Pardubice;Pardubický kraj;h00;9;49
02-o2_01-ver_03-tour_03-lau2_07-day_05-300+_02-frt-1002_01-sng_00-n_00-n_00-n_00-n_00-n_00-n;1002;0;41719;0;N;580031;N;4;3093;0;EC_PH-BR_1;20140321xFri;4_Česká Třebová;Pardubický kraj;h00;4;14
02-o2_01-ver_03-tour_03-lau2_07-day_05-300+_02-frt-1002_01-sng_00-n_00-n_00-n_00-n_00-n_00-n;1002;0;41719;0;N;582786;N;5;3115;0;EC_PH-BR_1;20140321xFri;5_Brno;Jihomoravský kraj;h00;0;25
02-o2_01-ver_03-tour_03-lau2_07-day_05-300+_02-frt-1002_01-sng_00-n_00-n_00-n_00-n_00-n_00-n;1002;0;41720;0;N;533165;N;2;3026;0;EC_PH-BR_1;20140322xSat;2_Kolín;Středočeský kraj;h00;4;44
02-o2_01-ver_03-tour_03-lau2_07-day_05-300+_02-frt-1002_01-sng_00-n_00-n_00-n_00-n_00-n_00-n;1002;0;41720;0;N;554782;N;1;3018;0;EC_PH-BR_1;20140322xSat;1_Praha;Hlavní město Praha;h00;90;0
02-o2_01-ver_03-tour_03-lau2_07-day_05-300+_02-frt-1002_01-sng_00-n_00-n_00-n_00-n_00-n_00-n;1002;0;41720;0;N;555134;N;3;3093;0;EC_PH-BR_1;20140322xSat;3_Pardubice;Pardubický kraj;h00;5;30
02-o2_01-ver_03-tour_03-lau2_07-day_05-300+_02-frt-1002_01-sng_00-n_00-n_00-n_00-n_00-n_00-n;1002;0;41720;0;N;580031;N;4;3093;0;EC_PH-BR_1;20140322xSat;4_Česká Třebová;Pardubický kraj;h00;4;7
02-o2_01-ver_03-tour_03-lau2_07-day_05-300+_02-frt-1002_01-sng_00-n_00-n_00-n_00-n_00-n_00-n;1002;0;41720;0;N;582786;N;5;3115;0;EC_PH-BR_1;20140322xSat;5_Brno;Jihomoravský kraj;h00;0;22
02-o2_01-ver_03-tour_03-lau2_07-day_05-300+_02-frt-1002_01-sng_00-n_00-n_00-n_00-n_00-n_00-n;1002;0;41721;0;N;533165;N;2;3026;0;EC_PH-BR_1;20140323xSun;2_Kolín;Středočeský kraj;h00;5;34
02-o2_01-ver_03-tour_03-lau2_07-day_05-300+_02-frt-1002_01-sng_00-n_00-n_00-n_00-n_00-n_00-n;1002;0;41721;0;N;554782;N;1;3018;0;EC_PH-BR_1;20140323xSun;1_Praha;Hlavní město Praha;h00;81;0
02-o2_01-ver_03-tour_03-lau2_07-day_05-300+_02-frt-1002_01-sng_00-n_00-n_00-n_00-n_00-n_00-n;1002;0;41721;0;N;555134;N;3;3093;0;EC_PH-BR_1;20140323xSun;3_Pardubice;Pardubický kraj;h00;7;25
02-o2_01-ver_03-tour_03-lau2_07-day_05-300+_02-frt-1002_01-sng_00-n_00-n_00-n_00-n_00-n_00-n;1002;0;41721;0;N;580031;N;4;3093;0;EC_PH-BR_1;20140323xSun;4_Česká Třebová;Pardubický kraj;h00;3;7
02-o2_01-ver_03-tour_03-lau2_07-day_05-300+_02-frt-1002_01-sng_00-n_00-n_00-n_00-n_00-n_00-n;1002;0;41721;0;N;582786;N;5;3115;0;EC_PH-BR_1;20140323xSun;5_Brno;Jihomoravský kraj;h00;0;30
02-o2_01-ver_03-tour_03-lau2_07-day_05-300+_02-frt-1002_01-sng_00-n_00-n_00-n_00-n_00-n_00-n;1002;0;41722;0;N;533165;N;2;3026;0;EC_PH-BR_1;20140324xMon;2_Kolín;Středočeský kraj;h00;15;66
02-o2_01-ver_03-tour_03-lau2_07-day_05-300+_02-frt-1002_01-sng_00-n_00-n_00-n_00-n_00-n_00-n;1002;0;41722;0;N;554782;N;1;3018;0;EC_PH-BR_1;20140324xMon;1_Praha;Hlavní město Praha;h00;140;0
02-o2_01-ver_03-tour_03-lau2_07-day_05-300+_02-frt-1002_01-sng_00-n_00-n_00-n_00-n_00-n_00-n;1002;0;41722;0;N;555134;N;3;3093;0;EC_PH-BR_1;20140324xMon;3_Pardubice;Pardubický kraj;h00;13;59
02-o2_01-ver_03-tour_03-lau2_07-day_05-300+_02-frt-1002_01-sng_00-n_00-n_00-n_00-n_00-n_00-n;1002;0;41722;0;N;580031;N;4;3093;0;EC_PH-BR_1;20140324xMon;4_Česká Třebová;Pardubický kraj;h00;0;14
02-o2_01-ver_03-tour_03-lau2_07-day_05-300+_02-frt-1002_01-sng_00-n_00-n_00-n_00-n_00-n_00-n;1002;0;41722;0;N;582786;N;5;3115;0;EC_PH-BR_1;20140324xMon;5_Brno;Jihomoravský kraj;h00;0;29
02-o2_01-ver_03-tour_03-lau2_07-day_05-300+_02-frt-1002_01-sng_00-n_00-n_00-n_00-n_00-n_00-n;1002;0;41723;0;N;533165;N;2;3026;0;EC_PH-BR_1;20140325xTue;2_Kolín;Středočeský kraj;h00;12;65
02-o2_01-ver_03-tour_03-lau2_07-day_05-300+_02-frt-1002_01-sng_00-n_00-n_00-n_00-n_00-n_00-n;1002;0;41723;0;N;554782;N;1;3018;0;EC_PH-BR_1;20140325xTue;1_Praha;Hlavní město Praha;h00;126;0
02-o2_01-ver_03-tour_03-lau2_07-day_05-300+_02-frt-1002_01-sng_00-n_00-n_00-n_00-n_00-n_00-n;1002;0;41723;0;N;555134;N;3;3093;0;EC_PH-BR_1;20140325xTue;3_Pardubice;Pardubický kraj;h00;8;49
02-o2_01-ver_03-tour_03-lau2_07-day_05-300+_02-frt-1002_01-sng_00-n_00-n_00-n_00-n_00-n_00-n;1002;0;41723;0;N;580031;N;4;3093;0;EC_PH-BR_1;20140325xTue;4_Česká Třebová;Pardubický kraj;h00;5;11
02-o2_01-ver_03-tour_03-lau2_07-day_05-300+_02-frt-1002_01-sng_00-n_00-n_00-n_00-n_00-n_00-n;1002;0;41723;0;N;582786;N;5;3115;0;EC_PH-BR_1;20140325xTue;5_Brno;Jihomoravský kraj;h00;0;26
02-o2_01-ver_03-tour_03-lau2_07-day_05-300+_02-frt-1002_01-sng_00-n_00-n_00-n_00-n_00-n_00-n;1002;0;41724;0;N;533165;N;2;3026;0;EC_PH-BR_1;20140326xWed;2_Kolín;Středočeský kraj;h00;9;76
02-o2_01-ver_03-tour_03-lau2_07-day_05-300+_02-frt-1002_01-sng_00-n_00-n_00-n_00-n_00-n_00-n;1002;0;41724;0;N;554782;N;1;3018;0;EC_PH-BR_1;20140326xWed;1_Praha;Hlavní město Praha;h00;150;0
02-o2_01-ver_03-tour_03-lau2_07-day_05-300+_02-frt-1002_01-sng_00-n_00-n_00-n_00-n_00-n_00-n;1002;0;41724;0;N;555134;N;3;3093;0;EC_PH-BR_1;20140326xWed;3_Pardubice;Pardubický kraj;h00;10;48
02-o2_01-ver_03-tour_03-lau2_07-day_05-300+_02-frt-1002_01-sng_00-n_00-n_00-n_00-n_00-n_00-n;1002;0;41724;0;N;580031;N;4;3093;0;EC_PH-BR_1;20140326xWed;4_Česká Třebová;Pardubický kraj;h00;1;15
02-o2_01-ver_03-tour_03-lau2_07-day_05-300+_02-frt-1002_01-sng_00-n_00-n_00-n_00-n_00-n_00-n;1002;0;41724;0;N;582786;N;5;3115;0;EC_PH-BR_1;20140326xWed;5_Brno;Jihomoravský kraj;h00;0;31
