02-o2_02-edg_02-vis_03-lau2_07-day_05-300+_05-frt-1005_01-sng_00-n_00-n_00-n_00-n_00-n_00-n;1005;0;41710;0;N;554791;531189;1;3042;0;R_PL-PH_1;20140312xWed;01_Plzeň_Hořovice;Plzeňský kraj;h00;1;N
02-o2_02-edg_02-vis_03-lau2_07-day_05-300+_05-frt-1005_01-sng_00-n_00-n_00-n_00-n_00-n_00-n;1005;0;41711;0;N;554791;531189;1;3042;0;R_PL-PH_1;20140313xThu;01_Plzeň_Hořovice;Plzeňský kraj;h00;2;N
02-o2_02-edg_02-vis_03-lau2_07-day_05-300+_05-frt-1005_01-sng_00-n_00-n_00-n_00-n_00-n_00-n;1005;0;41714;0;N;554791;531189;1;3042;0;R_PL-PH_1;20140316xSun;01_Plzeň_Hořovice;Plzeňský kraj;h00;1;N
02-o2_02-edg_02-vis_03-lau2_07-day_05-300+_05-frt-1005_01-sng_00-n_00-n_00-n_00-n_00-n_00-n;1005;0;41718;0;N;554791;531189;1;3042;0;R_PL-PH_1;20140320xThu;01_Plzeň_Hořovice;Plzeňský kraj;h00;1;N
02-o2_02-edg_02-vis_03-lau2_07-day_05-300+_05-frt-1005_01-sng_00-n_00-n_00-n_00-n_00-n_00-n;1005;0;41713;0;N;554791;531189;1;3042;0;R_PL-PH_1;20140315xSat;01_Plzeň_Hořovice;Plzeňský kraj;h00;2;N
02-o2_02-edg_02-vis_03-lau2_07-day_05-300+_05-frt-1005_01-sng_00-n_00-n_00-n_00-n_00-n_00-n;1005;0;41720;0;N;554791;531189;1;3042;0;R_PL-PH_1;20140322xSat;01_Plzeň_Hořovice;Plzeňský kraj;h00;1;N
02-o2_02-edg_02-vis_03-lau2_07-day_05-300+_05-frt-1005_01-sng_00-n_00-n_00-n_00-n_00-n_00-n;1005;0;41712;0;N;554791;531189;1;3042;0;R_PL-PH_1;20140314xFri;01_Plzeň_Hořovice;Plzeňský kraj;h00;1;N
02-o2_02-edg_02-vis_03-lau2_07-day_05-300+_05-frt-1005_01-sng_00-n_00-n_00-n_00-n_00-n_00-n;1005;0;41724;0;N;554791;531189;1;3042;0;R_PL-PH_1;20140326xWed;01_Plzeň_Hořovice;Plzeňský kraj;h00;2;N
02-o2_02-edg_02-vis_03-lau2_07-day_05-300+_05-frt-1005_01-sng_00-n_00-n_00-n_00-n_00-n_00-n;1005;0;41724;0;N;554791;531057;1;3042;0;R_PL-PH_1;20140326xWed;01_Plzeň_Beroun;Plzeňský kraj;h00;5;N
02-o2_02-edg_02-vis_03-lau2_07-day_05-300+_05-frt-1005_01-sng_00-n_00-n_00-n_00-n_00-n_00-n;1005;0;41721;0;N;554791;531057;1;3042;0;R_PL-PH_1;20140323xSun;01_Plzeň_Beroun;Plzeňský kraj;h00;7;N
02-o2_02-edg_02-vis_03-lau2_07-day_05-300+_05-frt-1005_01-sng_00-n_00-n_00-n_00-n_00-n_00-n;1005;0;41716;0;N;554791;531057;1;3042;0;R_PL-PH_1;20140318xTue;01_Plzeň_Beroun;Plzeňský kraj;h00;5;N
02-o2_02-edg_02-vis_03-lau2_07-day_05-300+_05-frt-1005_01-sng_00-n_00-n_00-n_00-n_00-n_00-n;1005;0;41718;0;N;554791;531057;1;3042;0;R_PL-PH_1;20140320xThu;01_Plzeň_Beroun;Plzeňský kraj;h00;2;N
02-o2_02-edg_02-vis_03-lau2_07-day_05-300+_05-frt-1005_01-sng_00-n_00-n_00-n_00-n_00-n_00-n;1005;0;41723;0;N;554791;531057;1;3042;0;R_PL-PH_1;20140325xTue;01_Plzeň_Beroun;Plzeňský kraj;h00;11;N
02-o2_02-edg_02-vis_03-lau2_07-day_05-300+_05-frt-1005_01-sng_00-n_00-n_00-n_00-n_00-n_00-n;1005;0;41711;0;N;554791;531057;1;3042;0;R_PL-PH_1;20140313xThu;01_Plzeň_Beroun;Plzeňský kraj;h00;8;N
02-o2_02-edg_02-vis_03-lau2_07-day_05-300+_05-frt-1005_01-sng_00-n_00-n_00-n_00-n_00-n_00-n;1005;0;41720;0;N;554791;531057;1;3042;0;R_PL-PH_1;20140322xSat;01_Plzeň_Beroun;Plzeňský kraj;h00;3;N
02-o2_02-edg_02-vis_03-lau2_07-day_05-300+_05-frt-1005_01-sng_00-n_00-n_00-n_00-n_00-n_00-n;1005;0;41712;0;N;554791;531057;1;3042;0;R_PL-PH_1;20140314xFri;01_Plzeň_Beroun;Plzeňský kraj;h00;3;N
02-o2_02-edg_02-vis_03-lau2_07-day_05-300+_05-frt-1005_01-sng_00-n_00-n_00-n_00-n_00-n_00-n;1005;0;41710;0;N;554791;531057;1;3042;0;R_PL-PH_1;20140312xWed;01_Plzeň_Beroun;Plzeňský kraj;h00;11;N
02-o2_02-edg_02-vis_03-lau2_07-day_05-300+_05-frt-1005_01-sng_00-n_00-n_00-n_00-n_00-n_00-n;1005;0;41717;0;N;554791;531057;1;3042;0;R_PL-PH_1;20140319xWed;01_Plzeň_Beroun;Plzeňský kraj;h00;5;N
02-o2_02-edg_02-vis_03-lau2_07-day_05-300+_05-frt-1005_01-sng_00-n_00-n_00-n_00-n_00-n_00-n;1005;0;41713;0;N;554791;531057;1;3042;0;R_PL-PH_1;20140315xSat;01_Plzeň_Beroun;Plzeňský kraj;h00;2;N
02-o2_02-edg_02-vis_03-lau2_07-day_05-300+_05-frt-1005_01-sng_00-n_00-n_00-n_00-n_00-n_00-n;1005;0;41714;0;N;554791;531057;1;3042;0;R_PL-PH_1;20140316xSun;01_Plzeň_Beroun;Plzeňský kraj;h00;1;N
02-o2_02-edg_02-vis_03-lau2_07-day_05-300+_05-frt-1005_01-sng_00-n_00-n_00-n_00-n_00-n_00-n;1005;0;41722;0;N;554791;531057;1;3042;0;R_PL-PH_1;20140324xMon;01_Plzeň_Beroun;Plzeňský kraj;h00;5;N
02-o2_02-edg_02-vis_03-lau2_07-day_05-300+_05-frt-1005_01-sng_00-n_00-n_00-n_00-n_00-n_00-n;1005;0;41715;0;N;554791;531057;1;3042;0;R_PL-PH_1;20140317xMon;01_Plzeň_Beroun;Plzeňský kraj;h00;7;N
02-o2_02-edg_02-vis_03-lau2_07-day_05-300+_05-frt-1005_01-sng_00-n_00-n_00-n_00-n_00-n_00-n;1005;0;41719;0;N;554791;531057;1;3042;0;R_PL-PH_1;20140321xFri;01_Plzeň_Beroun;Plzeňský kraj;h00;5;N
02-o2_02-edg_02-vis_03-lau2_07-day_05-300+_05-frt-1005_01-sng_00-n_00-n_00-n_00-n_00-n_00-n;1005;0;41716;0;N;532011;554782;6;3026;0;R_PL-PH_1;20140318xTue;06_Zdice_Praha;Středočeský kraj;h00;27;N
02-o2_02-edg_02-vis_03-lau2_07-day_05-300+_05-frt-1005_01-sng_00-n_00-n_00-n_00-n_00-n_00-n;1005;0;41720;0;N;532011;554782;6;3026;0;R_PL-PH_1;20140322xSat;06_Zdice_Praha;Středočeský kraj;h00;3;N
02-o2_02-edg_02-vis_03-lau2_07-day_05-300+_05-frt-1005_01-sng_00-n_00-n_00-n_00-n_00-n_00-n;1005;0;41724;0;N;532011;554782;6;3026;0;R_PL-PH_1;20140326xWed;06_Zdice_Praha;Středočeský kraj;h00;35;N
02-o2_02-edg_02-vis_03-lau2_07-day_05-300+_05-frt-1005_01-sng_00-n_00-n_00-n_00-n_00-n_00-n;1005;0;41711;0;N;532011;554782;6;3026;0;R_PL-PH_1;20140313xThu;06_Zdice_Praha;Středočeský kraj;h00;26;N
02-o2_02-edg_02-vis_03-lau2_07-day_05-300+_05-frt-1005_01-sng_00-n_00-n_00-n_00-n_00-n_00-n;1005;0;41718;0;N;532011;554782;6;3026;0;R_PL-PH_1;20140320xThu;06_Zdice_Praha;Středočeský kraj;h00;38;N
02-o2_02-edg_02-vis_03-lau2_07-day_05-300+_05-frt-1005_01-sng_00-n_00-n_00-n_00-n_00-n_00-n;1005;0;41712;0;N;532011;554782;6;3026;0;R_PL-PH_1;20140314xFri;06_Zdice_Praha;Středočeský kraj;h00;27;N
02-o2_02-edg_02-vis_03-lau2_07-day_05-300+_05-frt-1005_01-sng_00-n_00-n_00-n_00-n_00-n_00-n;1005;0;41722;0;N;532011;554782;6;3026;0;R_PL-PH_1;20140324xMon;06_Zdice_Praha;Středočeský kraj;h00;18;N
02-o2_02-edg_02-vis_03-lau2_07-day_05-300+_05-frt-1005_01-sng_00-n_00-n_00-n_00-n_00-n_00-n;1005;0;41710;0;N;532011;554782;6;3026;0;R_PL-PH_1;20140312xWed;06_Zdice_Praha;Středočeský kraj;h00;22;N
02-o2_02-edg_02-vis_03-lau2_07-day_05-300+_05-frt-1005_01-sng_00-n_00-n_00-n_00-n_00-n_00-n;1005;0;41713;0;N;532011;554782;6;3026;0;R_PL-PH_1;20140315xSat;06_Zdice_Praha;Středočeský kraj;h00;7;N
02-o2_02-edg_02-vis_03-lau2_07-day_05-300+_05-frt-1005_01-sng_00-n_00-n_00-n_00-n_00-n_00-n;1005;0;41721;0;N;532011;554782;6;3026;0;R_PL-PH_1;20140323xSun;06_Zdice_Praha;Středočeský kraj;h00;1;N
02-o2_02-edg_02-vis_03-lau2_07-day_05-300+_05-frt-1005_01-sng_00-n_00-n_00-n_00-n_00-n_00-n;1005;0;41719;0;N;532011;554782;6;3026;0;R_PL-PH_1;20140321xFri;06_Zdice_Praha;Středočeský kraj;h00;10;N
02-o2_02-edg_02-vis_03-lau2_07-day_05-300+_05-frt-1005_01-sng_00-n_00-n_00-n_00-n_00-n_00-n;1005;0;41723;0;N;532011;554782;6;3026;0;R_PL-PH_1;20140325xTue;06_Zdice_Praha;Středočeský kraj;h00;23;N
02-o2_02-edg_02-vis_03-lau2_07-day_05-300+_05-frt-1005_01-sng_00-n_00-n_00-n_00-n_00-n_00-n;1005;0;41714;0;N;532011;554782;6;3026;0;R_PL-PH_1;20140316xSun;06_Zdice_Praha;Středočeský kraj;h00;1;N
02-o2_02-edg_02-vis_03-lau2_07-day_05-300+_05-frt-1005_01-sng_00-n_00-n_00-n_00-n_00-n_00-n;1005;0;41715;0;N;532011;554782;6;3026;0;R_PL-PH_1;20140317xMon;06_Zdice_Praha;Středočeský kraj;h00;12;N
02-o2_02-edg_02-vis_03-lau2_07-day_05-300+_05-frt-1005_01-sng_00-n_00-n_00-n_00-n_00-n_00-n;1005;0;41717;0;N;532011;554782;6;3026;0;R_PL-PH_1;20140319xWed;06_Zdice_Praha;Středočeský kraj;h00;28;N
02-o2_02-edg_02-vis_03-lau2_07-day_05-300+_05-frt-1005_01-sng_00-n_00-n_00-n_00-n_00-n_00-n;1005;0;41719;0;N;532011;531057;6;3026;0;R_PL-PH_1;20140321xFri;06_Zdice_Beroun;Středočeský kraj;h00;10;N
02-o2_02-edg_02-vis_03-lau2_07-day_05-300+_05-frt-1005_01-sng_00-n_00-n_00-n_00-n_00-n_00-n;1005;0;41711;0;N;532011;531057;6;3026;0;R_PL-PH_1;20140313xThu;06_Zdice_Beroun;Středočeský kraj;h00;41;N
02-o2_02-edg_02-vis_03-lau2_07-day_05-300+_05-frt-1005_01-sng_00-n_00-n_00-n_00-n_00-n_00-n;1005;0;41713;0;N;532011;531057;6;3026;0;R_PL-PH_1;20140315xSat;06_Zdice_Beroun;Středočeský kraj;h00;13;N
02-o2_02-edg_02-vis_03-lau2_07-day_05-300+_05-frt-1005_01-sng_00-n_00-n_00-n_00-n_00-n_00-n;1005;0;41722;0;N;532011;531057;6;3026;0;R_PL-PH_1;20140324xMon;06_Zdice_Beroun;Středočeský kraj;h00;53;N
02-o2_02-edg_02-vis_03-lau2_07-day_05-300+_05-frt-1005_01-sng_00-n_00-n_00-n_00-n_00-n_00-n;1005;0;41723;0;N;532011;531057;6;3026;0;R_PL-PH_1;20140325xTue;06_Zdice_Beroun;Středočeský kraj;h00;58;N
02-o2_02-edg_02-vis_03-lau2_07-day_05-300+_05-frt-1005_01-sng_00-n_00-n_00-n_00-n_00-n_00-n;1005;0;41718;0;N;532011;531057;6;3026;0;R_PL-PH_1;20140320xThu;06_Zdice_Beroun;Středočeský kraj;h00;72;N
02-o2_02-edg_02-vis_03-lau2_07-day_05-300+_05-frt-1005_01-sng_00-n_00-n_00-n_00-n_00-n_00-n;1005;0;41721;0;N;532011;531057;6;3026;0;R_PL-PH_1;20140323xSun;06_Zdice_Beroun;Středočeský kraj;h00;13;N
02-o2_02-edg_02-vis_03-lau2_07-day_05-300+_05-frt-1005_01-sng_00-n_00-n_00-n_00-n_00-n_00-n;1005;0;41712;0;N;532011;531057;6;3026;0;R_PL-PH_1;20140314xFri;06_Zdice_Beroun;Středočeský kraj;h00;51;N
02-o2_02-edg_02-vis_03-lau2_07-day_05-300+_05-frt-1005_01-sng_00-n_00-n_00-n_00-n_00-n_00-n;1005;0;41715;0;N;532011;531057;6;3026;0;R_PL-PH_1;20140317xMon;06_Zdice_Beroun;Středočeský kraj;h00;18;N
02-o2_02-edg_02-vis_03-lau2_07-day_05-300+_05-frt-1005_01-sng_00-n_00-n_00-n_00-n_00-n_00-n;1005;0;41714;0;N;532011;531057;6;3026;0;R_PL-PH_1;20140316xSun;06_Zdice_Beroun;Středočeský kraj;h00;4;N
02-o2_02-edg_02-vis_03-lau2_07-day_05-300+_05-frt-1005_01-sng_00-n_00-n_00-n_00-n_00-n_00-n;1005;0;41720;0;N;532011;531057;6;3026;0;R_PL-PH_1;20140322xSat;06_Zdice_Beroun;Středočeský kraj;h00;9;N
02-o2_02-edg_02-vis_03-lau2_07-day_05-300+_05-frt-1005_01-sng_00-n_00-n_00-n_00-n_00-n_00-n;1005;0;41710;0;N;532011;531057;6;3026;0;R_PL-PH_1;20140312xWed;06_Zdice_Beroun;Středočeský kraj;h00;46;N
02-o2_02-edg_02-vis_03-lau2_07-day_05-300+_05-frt-1005_01-sng_00-n_00-n_00-n_00-n_00-n_00-n;1005;0;41717;0;N;532011;531057;6;3026;0;R_PL-PH_1;20140319xWed;06_Zdice_Beroun;Středočeský kraj;h00;64;N
02-o2_02-edg_02-vis_03-lau2_07-day_05-300+_05-frt-1005_01-sng_00-n_00-n_00-n_00-n_00-n_00-n;1005;0;41716;0;N;532011;531057;6;3026;0;R_PL-PH_1;20140318xTue;06_Zdice_Beroun;Středočeský kraj;h00;49;N
02-o2_02-edg_02-vis_03-lau2_07-day_05-300+_05-frt-1005_01-sng_00-n_00-n_00-n_00-n_00-n_00-n;1005;0;41724;0;N;532011;531057;6;3026;0;R_PL-PH_1;20140326xWed;06_Zdice_Beroun;Středočeský kraj;h00;68;N
02-o2_02-edg_02-vis_03-lau2_07-day_05-300+_05-frt-1005_01-sng_00-n_00-n_00-n_00-n_00-n_00-n;1005;0;41720;0;N;531189;554782;5;3026;0;R_PL-PH_1;20140322xSat;05_Hořovice_Praha;Středočeský kraj;h00;4;N
02-o2_02-edg_02-vis_03-lau2_07-day_05-300+_05-frt-1005_01-sng_00-n_00-n_00-n_00-n_00-n_00-n;1005;0;41715;0;N;531189;554782;5;3026;0;R_PL-PH_1;20140317xMon;05_Hořovice_Praha;Středočeský kraj;h00;7;N
02-o2_02-edg_02-vis_03-lau2_07-day_05-300+_05-frt-1005_01-sng_00-n_00-n_00-n_00-n_00-n_00-n;1005;0;41721;0;N;531189;554782;5;3026;0;R_PL-PH_1;20140323xSun;05_Hořovice_Praha;Středočeský kraj;h00;2;N
02-o2_02-edg_02-vis_03-lau2_07-day_05-300+_05-frt-1005_01-sng_00-n_00-n_00-n_00-n_00-n_00-n;1005;0;41716;0;N;531189;554782;5;3026;0;R_PL-PH_1;20140318xTue;05_Hořovice_Praha;Středočeský kraj;h00;23;N
02-o2_02-edg_02-vis_03-lau2_07-day_05-300+_05-frt-1005_01-sng_00-n_00-n_00-n_00-n_00-n_00-n;1005;0;41722;0;N;531189;554782;5;3026;0;R_PL-PH_1;20140324xMon;05_Hořovice_Praha;Středočeský kraj;h00;22;N
02-o2_02-edg_02-vis_03-lau2_07-day_05-300+_05-frt-1005_01-sng_00-n_00-n_00-n_00-n_00-n_00-n;1005;0;41710;0;N;531189;554782;5;3026;0;R_PL-PH_1;20140312xWed;05_Hořovice_Praha;Středočeský kraj;h00;12;N
02-o2_02-edg_02-vis_03-lau2_07-day_05-300+_05-frt-1005_01-sng_00-n_00-n_00-n_00-n_00-n_00-n;1005;0;41724;0;N;531189;554782;5;3026;0;R_PL-PH_1;20140326xWed;05_Hořovice_Praha;Středočeský kraj;h00;13;N
02-o2_02-edg_02-vis_03-lau2_07-day_05-300+_05-frt-1005_01-sng_00-n_00-n_00-n_00-n_00-n_00-n;1005;0;41713;0;N;531189;554782;5;3026;0;R_PL-PH_1;20140315xSat;05_Hořovice_Praha;Středočeský kraj;h00;7;N
02-o2_02-edg_02-vis_03-lau2_07-day_05-300+_05-frt-1005_01-sng_00-n_00-n_00-n_00-n_00-n_00-n;1005;0;41718;0;N;531189;554782;5;3026;0;R_PL-PH_1;20140320xThu;05_Hořovice_Praha;Středočeský kraj;h00;17;N
02-o2_02-edg_02-vis_03-lau2_07-day_05-300+_05-frt-1005_01-sng_00-n_00-n_00-n_00-n_00-n_00-n;1005;0;41714;0;N;531189;554782;5;3026;0;R_PL-PH_1;20140316xSun;05_Hořovice_Praha;Středočeský kraj;h00;1;N
02-o2_02-edg_02-vis_03-lau2_07-day_05-300+_05-frt-1005_01-sng_00-n_00-n_00-n_00-n_00-n_00-n;1005;0;41711;0;N;531189;554782;5;3026;0;R_PL-PH_1;20140313xThu;05_Hořovice_Praha;Středočeský kraj;h00;30;N
02-o2_02-edg_02-vis_03-lau2_07-day_05-300+_05-frt-1005_01-sng_00-n_00-n_00-n_00-n_00-n_00-n;1005;0;41717;0;N;531189;554782;5;3026;0;R_PL-PH_1;20140319xWed;05_Hořovice_Praha;Středočeský kraj;h00;24;N
02-o2_02-edg_02-vis_03-lau2_07-day_05-300+_05-frt-1005_01-sng_00-n_00-n_00-n_00-n_00-n_00-n;1005;0;41712;0;N;531189;554782;5;3026;0;R_PL-PH_1;20140314xFri;05_Hořovice_Praha;Středočeský kraj;h00;18;N
02-o2_02-edg_02-vis_03-lau2_07-day_05-300+_05-frt-1005_01-sng_00-n_00-n_00-n_00-n_00-n_00-n;1005;0;41723;0;N;531189;554782;5;3026;0;R_PL-PH_1;20140325xTue;05_Hořovice_Praha;Středočeský kraj;h00;15;N
02-o2_02-edg_02-vis_03-lau2_07-day_05-300+_05-frt-1005_01-sng_00-n_00-n_00-n_00-n_00-n_00-n;1005;0;41719;0;N;531189;554782;5;3026;0;R_PL-PH_1;20140321xFri;05_Hořovice_Praha;Středočeský kraj;h00;9;N
02-o2_02-edg_02-vis_03-lau2_07-day_05-300+_05-frt-1005_01-sng_00-n_00-n_00-n_00-n_00-n_00-n;1005;0;41715;0;N;531189;532011;5;3026;0;R_PL-PH_1;20140317xMon;05_Hořovice_Zdice;Středočeský kraj;h00;12;N
02-o2_02-edg_02-vis_03-lau2_07-day_05-300+_05-frt-1005_01-sng_00-n_00-n_00-n_00-n_00-n_00-n;1005;0;41716;0;N;531189;532011;5;3026;0;R_PL-PH_1;20140318xTue;05_Hořovice_Zdice;Středočeský kraj;h00;20;N
02-o2_02-edg_02-vis_03-lau2_07-day_05-300+_05-frt-1005_01-sng_00-n_00-n_00-n_00-n_00-n_00-n;1005;0;41714;0;N;531189;532011;5;3026;0;R_PL-PH_1;20140316xSun;05_Hořovice_Zdice;Středočeský kraj;h00;5;N
02-o2_02-edg_02-vis_03-lau2_07-day_05-300+_05-frt-1005_01-sng_00-n_00-n_00-n_00-n_00-n_00-n;1005;0;41717;0;N;531189;532011;5;3026;0;R_PL-PH_1;20140319xWed;05_Hořovice_Zdice;Středočeský kraj;h00;27;N
02-o2_02-edg_02-vis_03-lau2_07-day_05-300+_05-frt-1005_01-sng_00-n_00-n_00-n_00-n_00-n_00-n;1005;0;41724;0;N;531189;532011;5;3026;0;R_PL-PH_1;20140326xWed;05_Hořovice_Zdice;Středočeský kraj;h00;14;N
02-o2_02-edg_02-vis_03-lau2_07-day_05-300+_05-frt-1005_01-sng_00-n_00-n_00-n_00-n_00-n_00-n;1005;0;41710;0;N;531189;532011;5;3026;0;R_PL-PH_1;20140312xWed;05_Hořovice_Zdice;Středočeský kraj;h00;17;N
02-o2_02-edg_02-vis_03-lau2_07-day_05-300+_05-frt-1005_01-sng_00-n_00-n_00-n_00-n_00-n_00-n;1005;0;41718;0;N;531189;532011;5;3026;0;R_PL-PH_1;20140320xThu;05_Hořovice_Zdice;Středočeský kraj;h00;28;N
02-o2_02-edg_02-vis_03-lau2_07-day_05-300+_05-frt-1005_01-sng_00-n_00-n_00-n_00-n_00-n_00-n;1005;0;41713;0;N;531189;532011;5;3026;0;R_PL-PH_1;20140315xSat;05_Hořovice_Zdice;Středočeský kraj;h00;4;N
02-o2_02-edg_02-vis_03-lau2_07-day_05-300+_05-frt-1005_01-sng_00-n_00-n_00-n_00-n_00-n_00-n;1005;0;41719;0;N;531189;532011;5;3026;0;R_PL-PH_1;20140321xFri;05_Hořovice_Zdice;Středočeský kraj;h00;11;N
02-o2_02-edg_02-vis_03-lau2_07-day_05-300+_05-frt-1005_01-sng_00-n_00-n_00-n_00-n_00-n_00-n;1005;0;41720;0;N;531189;532011;5;3026;0;R_PL-PH_1;20140322xSat;05_Hořovice_Zdice;Středočeský kraj;h00;2;N
02-o2_02-edg_02-vis_03-lau2_07-day_05-300+_05-frt-1005_01-sng_00-n_00-n_00-n_00-n_00-n_00-n;1005;0;41712;0;N;531189;532011;5;3026;0;R_PL-PH_1;20140314xFri;05_Hořovice_Zdice;Středočeský kraj;h00;20;N
02-o2_02-edg_02-vis_03-lau2_07-day_05-300+_05-frt-1005_01-sng_00-n_00-n_00-n_00-n_00-n_00-n;1005;0;41721;0;N;531189;532011;5;3026;0;R_PL-PH_1;20140323xSun;05_Hořovice_Zdice;Středočeský kraj;h00;4;N
02-o2_02-edg_02-vis_03-lau2_07-day_05-300+_05-frt-1005_01-sng_00-n_00-n_00-n_00-n_00-n_00-n;1005;0;41723;0;N;531189;532011;5;3026;0;R_PL-PH_1;20140325xTue;05_Hořovice_Zdice;Středočeský kraj;h00;22;N
02-o2_02-edg_02-vis_03-lau2_07-day_05-300+_05-frt-1005_01-sng_00-n_00-n_00-n_00-n_00-n_00-n;1005;0;41722;0;N;531189;532011;5;3026;0;R_PL-PH_1;20140324xMon;05_Hořovice_Zdice;Středočeský kraj;h00;16;N
02-o2_02-edg_02-vis_03-lau2_07-day_05-300+_05-frt-1005_01-sng_00-n_00-n_00-n_00-n_00-n_00-n;1005;0;41711;0;N;531189;532011;5;3026;0;R_PL-PH_1;20140313xThu;05_Hořovice_Zdice;Středočeský kraj;h00;32;N
02-o2_02-edg_02-vis_03-lau2_07-day_05-300+_05-frt-1005_01-sng_00-n_00-n_00-n_00-n_00-n_00-n;1005;0;41718;0;N;531189;531057;5;3026;0;R_PL-PH_1;20140320xThu;05_Hořovice_Beroun;Středočeský kraj;h00;29;N
02-o2_02-edg_02-vis_03-lau2_07-day_05-300+_05-frt-1005_01-sng_00-n_00-n_00-n_00-n_00-n_00-n;1005;0;41719;0;N;531189;531057;5;3026;0;R_PL-PH_1;20140321xFri;05_Hořovice_Beroun;Středočeský kraj;h00;6;N
02-o2_02-edg_02-vis_03-lau2_07-day_05-300+_05-frt-1005_01-sng_00-n_00-n_00-n_00-n_00-n_00-n;1005;0;41710;0;N;531189;531057;5;3026;0;R_PL-PH_1;20140312xWed;05_Hořovice_Beroun;Středočeský kraj;h00;27;N
02-o2_02-edg_02-vis_03-lau2_07-day_05-300+_05-frt-1005_01-sng_00-n_00-n_00-n_00-n_00-n_00-n;1005;0;41716;0;N;531189;531057;5;3026;0;R_PL-PH_1;20140318xTue;05_Hořovice_Beroun;Středočeský kraj;h00;21;N
02-o2_02-edg_02-vis_03-lau2_07-day_05-300+_05-frt-1005_01-sng_00-n_00-n_00-n_00-n_00-n_00-n;1005;0;41713;0;N;531189;531057;5;3026;0;R_PL-PH_1;20140315xSat;05_Hořovice_Beroun;Středočeský kraj;h00;4;N
02-o2_02-edg_02-vis_03-lau2_07-day_05-300+_05-frt-1005_01-sng_00-n_00-n_00-n_00-n_00-n_00-n;1005;0;41721;0;N;531189;531057;5;3026;0;R_PL-PH_1;20140323xSun;05_Hořovice_Beroun;Středočeský kraj;h00;1;N
02-o2_02-edg_02-vis_03-lau2_07-day_05-300+_05-frt-1005_01-sng_00-n_00-n_00-n_00-n_00-n_00-n;1005;0;41711;0;N;531189;531057;5;3026;0;R_PL-PH_1;20140313xThu;05_Hořovice_Beroun;Středočeský kraj;h00;27;N
02-o2_02-edg_02-vis_03-lau2_07-day_05-300+_05-frt-1005_01-sng_00-n_00-n_00-n_00-n_00-n_00-n;1005;0;41714;0;N;531189;531057;5;3026;0;R_PL-PH_1;20140316xSun;05_Hořovice_Beroun;Středočeský kraj;h00;2;N
02-o2_02-edg_02-vis_03-lau2_07-day_05-300+_05-frt-1005_01-sng_00-n_00-n_00-n_00-n_00-n_00-n;1005;0;41720;0;N;531189;531057;5;3026;0;R_PL-PH_1;20140322xSat;05_Hořovice_Beroun;Středočeský kraj;h00;2;N
02-o2_02-edg_02-vis_03-lau2_07-day_05-300+_05-frt-1005_01-sng_00-n_00-n_00-n_00-n_00-n_00-n;1005;0;41712;0;N;531189;531057;5;3026;0;R_PL-PH_1;20140314xFri;05_Hořovice_Beroun;Středočeský kraj;h00;24;N
02-o2_02-edg_02-vis_03-lau2_07-day_05-300+_05-frt-1005_01-sng_00-n_00-n_00-n_00-n_00-n_00-n;1005;0;41723;0;N;531189;531057;5;3026;0;R_PL-PH_1;20140325xTue;05_Hořovice_Beroun;Středočeský kraj;h00;26;N
02-o2_02-edg_02-vis_03-lau2_07-day_05-300+_05-frt-1005_01-sng_00-n_00-n_00-n_00-n_00-n_00-n;1005;0;41724;0;N;531189;531057;5;3026;0;R_PL-PH_1;20140326xWed;05_Hořovice_Beroun;Středočeský kraj;h00;26;N
02-o2_02-edg_02-vis_03-lau2_07-day_05-300+_05-frt-1005_01-sng_00-n_00-n_00-n_00-n_00-n_00-n;1005;0;41717;0;N;531189;531057;5;3026;0;R_PL-PH_1;20140319xWed;05_Hořovice_Beroun;Středočeský kraj;h00;29;N
02-o2_02-edg_02-vis_03-lau2_07-day_05-300+_05-frt-1005_01-sng_00-n_00-n_00-n_00-n_00-n_00-n;1005;0;41715;0;N;531189;531057;5;3026;0;R_PL-PH_1;20140317xMon;05_Hořovice_Beroun;Středočeský kraj;h00;5;N
02-o2_02-edg_02-vis_03-lau2_07-day_05-300+_05-frt-1005_01-sng_00-n_00-n_00-n_00-n_00-n_00-n;1005;0;41722;0;N;531189;531057;5;3026;0;R_PL-PH_1;20140324xMon;05_Hořovice_Beroun;Středočeský kraj;h00;26;N
02-o2_02-edg_02-vis_03-lau2_07-day_05-300+_05-frt-1005_01-sng_00-n_00-n_00-n_00-n_00-n_00-n;1005;0;41722;0;N;531057;554782;7;3026;0;R_PL-PH_1;20140324xMon;07_Beroun_Praha;Středočeský kraj;h00;576;N
02-o2_02-edg_02-vis_03-lau2_07-day_05-300+_05-frt-1005_01-sng_00-n_00-n_00-n_00-n_00-n_00-n;1005;0;41713;0;N;531057;554782;7;3026;0;R_PL-PH_1;20140315xSat;07_Beroun_Praha;Středočeský kraj;h00;195;N
02-o2_02-edg_02-vis_03-lau2_07-day_05-300+_05-frt-1005_01-sng_00-n_00-n_00-n_00-n_00-n_00-n;1005;0;41724;0;N;531057;554782;7;3026;0;R_PL-PH_1;20140326xWed;07_Beroun_Praha;Středočeský kraj;h00;569;N
02-o2_02-edg_02-vis_03-lau2_07-day_05-300+_05-frt-1005_01-sng_00-n_00-n_00-n_00-n_00-n_00-n;1005;0;41714;0;N;531057;554782;7;3026;0;R_PL-PH_1;20140316xSun;07_Beroun_Praha;Středočeský kraj;h00;115;N
02-o2_02-edg_02-vis_03-lau2_07-day_05-300+_05-frt-1005_01-sng_00-n_00-n_00-n_00-n_00-n_00-n;1005;0;41710;0;N;531057;554782;7;3026;0;R_PL-PH_1;20140312xWed;07_Beroun_Praha;Středočeský kraj;h00;537;N
02-o2_02-edg_02-vis_03-lau2_07-day_05-300+_05-frt-1005_01-sng_00-n_00-n_00-n_00-n_00-n_00-n;1005;0;41717;0;N;531057;554782;7;3026;0;R_PL-PH_1;20140319xWed;07_Beroun_Praha;Středočeský kraj;h00;662;N
02-o2_02-edg_02-vis_03-lau2_07-day_05-300+_05-frt-1005_01-sng_00-n_00-n_00-n_00-n_00-n_00-n;1005;0;41720;0;N;531057;554782;7;3026;0;R_PL-PH_1;20140322xSat;07_Beroun_Praha;Středočeský kraj;h00;189;N
02-o2_02-edg_02-vis_03-lau2_07-day_05-300+_05-frt-1005_01-sng_00-n_00-n_00-n_00-n_00-n_00-n;1005;0;41716;0;N;531057;554782;7;3026;0;R_PL-PH_1;20140318xTue;07_Beroun_Praha;Středočeský kraj;h00;636;N
02-o2_02-edg_02-vis_03-lau2_07-day_05-300+_05-frt-1005_01-sng_00-n_00-n_00-n_00-n_00-n_00-n;1005;0;41712;0;N;531057;554782;7;3026;0;R_PL-PH_1;20140314xFri;07_Beroun_Praha;Středočeský kraj;h00;540;N
02-o2_02-edg_02-vis_03-lau2_07-day_05-300+_05-frt-1005_01-sng_00-n_00-n_00-n_00-n_00-n_00-n;1005;0;41711;0;N;531057;554782;7;3026;0;R_PL-PH_1;20140313xThu;07_Beroun_Praha;Středočeský kraj;h00;582;N
02-o2_02-edg_02-vis_03-lau2_07-day_05-300+_05-frt-1005_01-sng_00-n_00-n_00-n_00-n_00-n_00-n;1005;0;41723;0;N;531057;554782;7;3026;0;R_PL-PH_1;20140325xTue;07_Beroun_Praha;Středočeský kraj;h00;610;N
02-o2_02-edg_02-vis_03-lau2_07-day_05-300+_05-frt-1005_01-sng_00-n_00-n_00-n_00-n_00-n_00-n;1005;0;41718;0;N;531057;554782;7;3026;0;R_PL-PH_1;20140320xThu;07_Beroun_Praha;Středočeský kraj;h00;592;N
02-o2_02-edg_02-vis_03-lau2_07-day_05-300+_05-frt-1005_01-sng_00-n_00-n_00-n_00-n_00-n_00-n;1005;0;41721;0;N;531057;554782;7;3026;0;R_PL-PH_1;20140323xSun;07_Beroun_Praha;Středočeský kraj;h00;131;N
02-o2_02-edg_02-vis_03-lau2_07-day_05-300+_05-frt-1005_01-sng_00-n_00-n_00-n_00-n_00-n_00-n;1005;0;41715;0;N;531057;554782;7;3026;0;R_PL-PH_1;20140317xMon;07_Beroun_Praha;Středočeský kraj;h00;457;N
02-o2_02-edg_02-vis_03-lau2_07-day_05-300+_05-frt-1005_01-sng_00-n_00-n_00-n_00-n_00-n_00-n;1005;0;41719;0;N;531057;554782;7;3026;0;R_PL-PH_1;20140321xFri;07_Beroun_Praha;Středočeský kraj;h00;436;N
02-o2_02-edg_02-vis_03-lau2_07-day_05-300+_05-frt-1005_01-sng_00-n_00-n_00-n_00-n_00-n_00-n;1005;0;41716;0;N;559903;554782;4;3042;0;R_PL-PH_1;20140318xTue;04_Kařez_Praha;Plzeňský kraj;h00;3;N
02-o2_02-edg_02-vis_03-lau2_07-day_05-300+_05-frt-1005_01-sng_00-n_00-n_00-n_00-n_00-n_00-n;1005;0;41722;0;N;559903;554782;4;3042;0;R_PL-PH_1;20140324xMon;04_Kařez_Praha;Plzeňský kraj;h00;1;N
02-o2_02-edg_02-vis_03-lau2_07-day_05-300+_05-frt-1005_01-sng_00-n_00-n_00-n_00-n_00-n_00-n;1005;0;41717;0;N;559903;554782;4;3042;0;R_PL-PH_1;20140319xWed;04_Kařez_Praha;Plzeňský kraj;h00;1;N
02-o2_02-edg_02-vis_03-lau2_07-day_05-300+_05-frt-1005_01-sng_00-n_00-n_00-n_00-n_00-n_00-n;1005;0;41711;0;N;559903;554782;4;3042;0;R_PL-PH_1;20140313xThu;04_Kařez_Praha;Plzeňský kraj;h00;1;N
02-o2_02-edg_02-vis_03-lau2_07-day_05-300+_05-frt-1005_01-sng_00-n_00-n_00-n_00-n_00-n_00-n;1005;0;41712;0;N;559903;554782;4;3042;0;R_PL-PH_1;20140314xFri;04_Kařez_Praha;Plzeňský kraj;h00;1;N
02-o2_02-edg_02-vis_03-lau2_07-day_05-300+_05-frt-1005_01-sng_00-n_00-n_00-n_00-n_00-n_00-n;1005;0;41723;0;N;559903;554782;4;3042;0;R_PL-PH_1;20140325xTue;04_Kařez_Praha;Plzeňský kraj;h00;1;N
02-o2_02-edg_02-vis_03-lau2_07-day_05-300+_05-frt-1005_01-sng_00-n_00-n_00-n_00-n_00-n_00-n;1005;0;41715;0;N;559903;554782;4;3042;0;R_PL-PH_1;20140317xMon;04_Kařez_Praha;Plzeňský kraj;h00;3;N
02-o2_02-edg_02-vis_03-lau2_07-day_05-300+_05-frt-1005_01-sng_00-n_00-n_00-n_00-n_00-n_00-n;1005;0;41724;0;N;559903;554782;4;3042;0;R_PL-PH_1;20140326xWed;04_Kařez_Praha;Plzeňský kraj;h00;2;N
02-o2_02-edg_02-vis_03-lau2_07-day_05-300+_05-frt-1005_01-sng_00-n_00-n_00-n_00-n_00-n_00-n;1005;0;41714;0;N;559903;554782;4;3042;0;R_PL-PH_1;20140316xSun;04_Kařez_Praha;Plzeňský kraj;h00;1;N
02-o2_02-edg_02-vis_03-lau2_07-day_05-300+_05-frt-1005_01-sng_00-n_00-n_00-n_00-n_00-n_00-n;1005;0;41718;0;N;559903;554782;4;3042;0;R_PL-PH_1;20140320xThu;04_Kařez_Praha;Plzeňský kraj;h00;2;N
02-o2_02-edg_02-vis_03-lau2_07-day_05-300+_05-frt-1005_01-sng_00-n_00-n_00-n_00-n_00-n_00-n;1005;0;41724;0;N;559903;532011;4;3042;0;R_PL-PH_1;20140326xWed;04_Kařez_Zdice;Plzeňský kraj;h00;1;N
02-o2_02-edg_02-vis_03-lau2_07-day_05-300+_05-frt-1005_01-sng_00-n_00-n_00-n_00-n_00-n_00-n;1005;0;41711;0;N;559903;532011;4;3042;0;R_PL-PH_1;20140313xThu;04_Kařez_Zdice;Plzeňský kraj;h00;1;N
02-o2_02-edg_02-vis_03-lau2_07-day_05-300+_05-frt-1005_01-sng_00-n_00-n_00-n_00-n_00-n_00-n;1005;0;41722;0;N;559903;532011;4;3042;0;R_PL-PH_1;20140324xMon;04_Kařez_Zdice;Plzeňský kraj;h00;3;N
02-o2_02-edg_02-vis_03-lau2_07-day_05-300+_05-frt-1005_01-sng_00-n_00-n_00-n_00-n_00-n_00-n;1005;0;41712;0;N;559903;531189;4;3042;0;R_PL-PH_1;20140314xFri;04_Kařez_Hořovice;Plzeňský kraj;h00;1;N
02-o2_02-edg_02-vis_03-lau2_07-day_05-300+_05-frt-1005_01-sng_00-n_00-n_00-n_00-n_00-n_00-n;1005;0;41716;0;N;559903;531189;4;3042;0;R_PL-PH_1;20140318xTue;04_Kařez_Hořovice;Plzeňský kraj;h00;2;N
02-o2_02-edg_02-vis_03-lau2_07-day_05-300+_05-frt-1005_01-sng_00-n_00-n_00-n_00-n_00-n_00-n;1005;0;41718;0;N;559903;531189;4;3042;0;R_PL-PH_1;20140320xThu;04_Kařez_Hořovice;Plzeňský kraj;h00;2;N
02-o2_02-edg_02-vis_03-lau2_07-day_05-300+_05-frt-1005_01-sng_00-n_00-n_00-n_00-n_00-n_00-n;1005;0;41717;0;N;559903;531189;4;3042;0;R_PL-PH_1;20140319xWed;04_Kařez_Hořovice;Plzeňský kraj;h00;4;N
02-o2_02-edg_02-vis_03-lau2_07-day_05-300+_05-frt-1005_01-sng_00-n_00-n_00-n_00-n_00-n_00-n;1005;0;41723;0;N;559903;531189;4;3042;0;R_PL-PH_1;20140325xTue;04_Kařez_Hořovice;Plzeňský kraj;h00;1;N
02-o2_02-edg_02-vis_03-lau2_07-day_05-300+_05-frt-1005_01-sng_00-n_00-n_00-n_00-n_00-n_00-n;1005;0;41722;0;N;559903;531189;4;3042;0;R_PL-PH_1;20140324xMon;04_Kařez_Hořovice;Plzeňský kraj;h00;3;N
02-o2_02-edg_02-vis_03-lau2_07-day_05-300+_05-frt-1005_01-sng_00-n_00-n_00-n_00-n_00-n_00-n;1005;0;41711;0;N;559903;531189;4;3042;0;R_PL-PH_1;20140313xThu;04_Kařez_Hořovice;Plzeňský kraj;h00;5;N
02-o2_02-edg_02-vis_03-lau2_07-day_05-300+_05-frt-1005_01-sng_00-n_00-n_00-n_00-n_00-n_00-n;1005;0;41720;0;N;559903;531189;4;3042;0;R_PL-PH_1;20140322xSat;04_Kařez_Hořovice;Plzeňský kraj;h00;1;N
02-o2_02-edg_02-vis_03-lau2_07-day_05-300+_05-frt-1005_01-sng_00-n_00-n_00-n_00-n_00-n_00-n;1005;0;41715;0;N;559903;531189;4;3042;0;R_PL-PH_1;20140317xMon;04_Kařez_Hořovice;Plzeňský kraj;h00;1;N
02-o2_02-edg_02-vis_03-lau2_07-day_05-300+_05-frt-1005_01-sng_00-n_00-n_00-n_00-n_00-n_00-n;1005;0;41712;0;N;559903;531057;4;3042;0;R_PL-PH_1;20140314xFri;04_Kařez_Beroun;Plzeňský kraj;h00;1;N
02-o2_02-edg_02-vis_03-lau2_07-day_05-300+_05-frt-1005_01-sng_00-n_00-n_00-n_00-n_00-n_00-n;1005;0;41722;0;N;559903;531057;4;3042;0;R_PL-PH_1;20140324xMon;04_Kařez_Beroun;Plzeňský kraj;h00;2;N
02-o2_02-edg_02-vis_03-lau2_07-day_05-300+_05-frt-1005_01-sng_00-n_00-n_00-n_00-n_00-n_00-n;1005;0;41717;0;N;559903;531057;4;3042;0;R_PL-PH_1;20140319xWed;04_Kařez_Beroun;Plzeňský kraj;h00;2;N
02-o2_02-edg_02-vis_03-lau2_07-day_05-300+_05-frt-1005_01-sng_00-n_00-n_00-n_00-n_00-n_00-n;1005;0;41723;0;N;559903;531057;4;3042;0;R_PL-PH_1;20140325xTue;04_Kařez_Beroun;Plzeňský kraj;h00;1;N
02-o2_02-edg_02-vis_03-lau2_07-day_05-300+_05-frt-1005_01-sng_00-n_00-n_00-n_00-n_00-n_00-n;1005;0;41714;0;N;559903;531057;4;3042;0;R_PL-PH_1;20140316xSun;04_Kařez_Beroun;Plzeňský kraj;h00;1;N
02-o2_02-edg_02-vis_03-lau2_07-day_05-300+_05-frt-1005_01-sng_00-n_00-n_00-n_00-n_00-n_00-n;1005;0;41710;0;N;559903;531057;4;3042;0;R_PL-PH_1;20140312xWed;04_Kařez_Beroun;Plzeňský kraj;h00;2;N
02-o2_02-edg_02-vis_03-lau2_07-day_05-300+_05-frt-1005_01-sng_00-n_00-n_00-n_00-n_00-n_00-n;1005;0;41715;0;N;559903;531057;4;3042;0;R_PL-PH_1;20140317xMon;04_Kařez_Beroun;Plzeňský kraj;h00;1;N
02-o2_02-edg_02-vis_03-lau2_07-day_05-300+_05-frt-1005_01-sng_00-n_00-n_00-n_00-n_00-n_00-n;1005;0;41723;0;N;559717;559903;3;3042;0;R_PL-PH_1;20140325xTue;03_Rokycany_Kařez;Plzeňský kraj;h00;1;N
02-o2_02-edg_02-vis_03-lau2_07-day_05-300+_05-frt-1005_01-sng_00-n_00-n_00-n_00-n_00-n_00-n;1005;0;41719;0;N;559717;559903;3;3042;0;R_PL-PH_1;20140321xFri;03_Rokycany_Kařez;Plzeňský kraj;h00;1;N
02-o2_02-edg_02-vis_03-lau2_07-day_05-300+_05-frt-1005_01-sng_00-n_00-n_00-n_00-n_00-n_00-n;1005;0;41715;0;N;559717;559903;3;3042;0;R_PL-PH_1;20140317xMon;03_Rokycany_Kařez;Plzeňský kraj;h00;2;N
02-o2_02-edg_02-vis_03-lau2_07-day_05-300+_05-frt-1005_01-sng_00-n_00-n_00-n_00-n_00-n_00-n;1005;0;41717;0;N;559717;559903;3;3042;0;R_PL-PH_1;20140319xWed;03_Rokycany_Kařez;Plzeňský kraj;h00;1;N
02-o2_02-edg_02-vis_03-lau2_07-day_05-300+_05-frt-1005_01-sng_00-n_00-n_00-n_00-n_00-n_00-n;1005;0;41724;0;N;559717;559903;3;3042;0;R_PL-PH_1;20140326xWed;03_Rokycany_Kařez;Plzeňský kraj;h00;2;N
02-o2_02-edg_02-vis_03-lau2_07-day_05-300+_05-frt-1005_01-sng_00-n_00-n_00-n_00-n_00-n_00-n;1005;0;41710;0;N;559717;559903;3;3042;0;R_PL-PH_1;20140312xWed;03_Rokycany_Kařez;Plzeňský kraj;h00;1;N
02-o2_02-edg_02-vis_03-lau2_07-day_05-300+_05-frt-1005_01-sng_00-n_00-n_00-n_00-n_00-n_00-n;1005;0;41716;0;N;559717;559903;3;3042;0;R_PL-PH_1;20140318xTue;03_Rokycany_Kařez;Plzeňský kraj;h00;2;N
02-o2_02-edg_02-vis_03-lau2_07-day_05-300+_05-frt-1005_01-sng_00-n_00-n_00-n_00-n_00-n_00-n;1005;0;41720;0;N;559717;559903;3;3042;0;R_PL-PH_1;20140322xSat;03_Rokycany_Kařez;Plzeňský kraj;h00;1;N
02-o2_02-edg_02-vis_03-lau2_07-day_05-300+_05-frt-1005_01-sng_00-n_00-n_00-n_00-n_00-n_00-n;1005;0;41711;0;N;559717;559903;3;3042;0;R_PL-PH_1;20140313xThu;03_Rokycany_Kařez;Plzeňský kraj;h00;1;N
02-o2_02-edg_02-vis_03-lau2_07-day_05-300+_05-frt-1005_01-sng_00-n_00-n_00-n_00-n_00-n_00-n;1005;0;41718;0;N;559717;559903;3;3042;0;R_PL-PH_1;20140320xThu;03_Rokycany_Kařez;Plzeňský kraj;h00;2;N
02-o2_02-edg_02-vis_03-lau2_07-day_05-300+_05-frt-1005_01-sng_00-n_00-n_00-n_00-n_00-n_00-n;1005;0;41718;0;N;559717;554782;3;3042;0;R_PL-PH_1;20140320xThu;03_Rokycany_Praha;Plzeňský kraj;h00;15;N
02-o2_02-edg_02-vis_03-lau2_07-day_05-300+_05-frt-1005_01-sng_00-n_00-n_00-n_00-n_00-n_00-n;1005;0;41713;0;N;559717;554782;3;3042;0;R_PL-PH_1;20140315xSat;03_Rokycany_Praha;Plzeňský kraj;h00;7;N
02-o2_02-edg_02-vis_03-lau2_07-day_05-300+_05-frt-1005_01-sng_00-n_00-n_00-n_00-n_00-n_00-n;1005;0;41710;0;N;559717;554782;3;3042;0;R_PL-PH_1;20140312xWed;03_Rokycany_Praha;Plzeňský kraj;h00;15;N
02-o2_02-edg_02-vis_03-lau2_07-day_05-300+_05-frt-1005_01-sng_00-n_00-n_00-n_00-n_00-n_00-n;1005;0;41715;0;N;559717;554782;3;3042;0;R_PL-PH_1;20140317xMon;03_Rokycany_Praha;Plzeňský kraj;h00;15;N
02-o2_02-edg_02-vis_03-lau2_07-day_05-300+_05-frt-1005_01-sng_00-n_00-n_00-n_00-n_00-n_00-n;1005;0;41722;0;N;559717;554782;3;3042;0;R_PL-PH_1;20140324xMon;03_Rokycany_Praha;Plzeňský kraj;h00;19;N
02-o2_02-edg_02-vis_03-lau2_07-day_05-300+_05-frt-1005_01-sng_00-n_00-n_00-n_00-n_00-n_00-n;1005;0;41720;0;N;559717;554782;3;3042;0;R_PL-PH_1;20140322xSat;03_Rokycany_Praha;Plzeňský kraj;h00;1;N
02-o2_02-edg_02-vis_03-lau2_07-day_05-300+_05-frt-1005_01-sng_00-n_00-n_00-n_00-n_00-n_00-n;1005;0;41724;0;N;559717;554782;3;3042;0;R_PL-PH_1;20140326xWed;03_Rokycany_Praha;Plzeňský kraj;h00;17;N
02-o2_02-edg_02-vis_03-lau2_07-day_05-300+_05-frt-1005_01-sng_00-n_00-n_00-n_00-n_00-n_00-n;1005;0;41723;0;N;559717;554782;3;3042;0;R_PL-PH_1;20140325xTue;03_Rokycany_Praha;Plzeňský kraj;h00;22;N
02-o2_02-edg_02-vis_03-lau2_07-day_05-300+_05-frt-1005_01-sng_00-n_00-n_00-n_00-n_00-n_00-n;1005;0;41712;0;N;559717;554782;3;3042;0;R_PL-PH_1;20140314xFri;03_Rokycany_Praha;Plzeňský kraj;h00;12;N
02-o2_02-edg_02-vis_03-lau2_07-day_05-300+_05-frt-1005_01-sng_00-n_00-n_00-n_00-n_00-n_00-n;1005;0;41719;0;N;559717;554782;3;3042;0;R_PL-PH_1;20140321xFri;03_Rokycany_Praha;Plzeňský kraj;h00;13;N
02-o2_02-edg_02-vis_03-lau2_07-day_05-300+_05-frt-1005_01-sng_00-n_00-n_00-n_00-n_00-n_00-n;1005;0;41716;0;N;559717;554782;3;3042;0;R_PL-PH_1;20140318xTue;03_Rokycany_Praha;Plzeňský kraj;h00;16;N
02-o2_02-edg_02-vis_03-lau2_07-day_05-300+_05-frt-1005_01-sng_00-n_00-n_00-n_00-n_00-n_00-n;1005;0;41714;0;N;559717;554782;3;3042;0;R_PL-PH_1;20140316xSun;03_Rokycany_Praha;Plzeňský kraj;h00;2;N
02-o2_02-edg_02-vis_03-lau2_07-day_05-300+_05-frt-1005_01-sng_00-n_00-n_00-n_00-n_00-n_00-n;1005;0;41721;0;N;559717;554782;3;3042;0;R_PL-PH_1;20140323xSun;03_Rokycany_Praha;Plzeňský kraj;h00;2;N
02-o2_02-edg_02-vis_03-lau2_07-day_05-300+_05-frt-1005_01-sng_00-n_00-n_00-n_00-n_00-n_00-n;1005;0;41711;0;N;559717;554782;3;3042;0;R_PL-PH_1;20140313xThu;03_Rokycany_Praha;Plzeňský kraj;h00;17;N
02-o2_02-edg_02-vis_03-lau2_07-day_05-300+_05-frt-1005_01-sng_00-n_00-n_00-n_00-n_00-n_00-n;1005;0;41717;0;N;559717;554782;3;3042;0;R_PL-PH_1;20140319xWed;03_Rokycany_Praha;Plzeňský kraj;h00;16;N
02-o2_02-edg_02-vis_03-lau2_07-day_05-300+_05-frt-1005_01-sng_00-n_00-n_00-n_00-n_00-n_00-n;1005;0;41717;0;N;559717;532011;3;3042;0;R_PL-PH_1;20140319xWed;03_Rokycany_Zdice;Plzeňský kraj;h00;1;N
02-o2_02-edg_02-vis_03-lau2_07-day_05-300+_05-frt-1005_01-sng_00-n_00-n_00-n_00-n_00-n_00-n;1005;0;41716;0;N;559717;531189;3;3042;0;R_PL-PH_1;20140318xTue;03_Rokycany_Hořovice;Plzeňský kraj;h00;1;N
02-o2_02-edg_02-vis_03-lau2_07-day_05-300+_05-frt-1005_01-sng_00-n_00-n_00-n_00-n_00-n_00-n;1005;0;41713;0;N;559717;531189;3;3042;0;R_PL-PH_1;20140315xSat;03_Rokycany_Hořovice;Plzeňský kraj;h00;1;N
02-o2_02-edg_02-vis_03-lau2_07-day_05-300+_05-frt-1005_01-sng_00-n_00-n_00-n_00-n_00-n_00-n;1005;0;41712;0;N;559717;531189;3;3042;0;R_PL-PH_1;20140314xFri;03_Rokycany_Hořovice;Plzeňský kraj;h00;1;N
02-o2_02-edg_02-vis_03-lau2_07-day_05-300+_05-frt-1005_01-sng_00-n_00-n_00-n_00-n_00-n_00-n;1005;0;41722;0;N;559717;531189;3;3042;0;R_PL-PH_1;20140324xMon;03_Rokycany_Hořovice;Plzeňský kraj;h00;1;N
02-o2_02-edg_02-vis_03-lau2_07-day_05-300+_05-frt-1005_01-sng_00-n_00-n_00-n_00-n_00-n_00-n;1005;0;41717;0;N;559717;531189;3;3042;0;R_PL-PH_1;20140319xWed;03_Rokycany_Hořovice;Plzeňský kraj;h00;2;N
02-o2_02-edg_02-vis_03-lau2_07-day_05-300+_05-frt-1005_01-sng_00-n_00-n_00-n_00-n_00-n_00-n;1005;0;41711;0;N;559717;531189;3;3042;0;R_PL-PH_1;20140313xThu;03_Rokycany_Hořovice;Plzeňský kraj;h00;2;N
02-o2_02-edg_02-vis_03-lau2_07-day_05-300+_05-frt-1005_01-sng_00-n_00-n_00-n_00-n_00-n_00-n;1005;0;41718;0;N;559717;531189;3;3042;0;R_PL-PH_1;20140320xThu;03_Rokycany_Hořovice;Plzeňský kraj;h00;1;N
02-o2_02-edg_02-vis_03-lau2_07-day_05-300+_05-frt-1005_01-sng_00-n_00-n_00-n_00-n_00-n_00-n;1005;0;41723;0;N;559717;531189;3;3042;0;R_PL-PH_1;20140325xTue;03_Rokycany_Hořovice;Plzeňský kraj;h00;1;N
02-o2_02-edg_02-vis_03-lau2_07-day_05-300+_05-frt-1005_01-sng_00-n_00-n_00-n_00-n_00-n_00-n;1005;0;41715;0;N;559717;531189;3;3042;0;R_PL-PH_1;20140317xMon;03_Rokycany_Hořovice;Plzeňský kraj;h00;1;N
02-o2_02-edg_02-vis_03-lau2_07-day_05-300+_05-frt-1005_01-sng_00-n_00-n_00-n_00-n_00-n_00-n;1005;0;41724;0;N;559717;531189;3;3042;0;R_PL-PH_1;20140326xWed;03_Rokycany_Hořovice;Plzeňský kraj;h00;1;N
02-o2_02-edg_02-vis_03-lau2_07-day_05-300+_05-frt-1005_01-sng_00-n_00-n_00-n_00-n_00-n_00-n;1005;0;41719;0;N;559717;531189;3;3042;0;R_PL-PH_1;20140321xFri;03_Rokycany_Hořovice;Plzeňský kraj;h00;1;N
02-o2_02-edg_02-vis_03-lau2_07-day_05-300+_05-frt-1005_01-sng_00-n_00-n_00-n_00-n_00-n_00-n;1005;0;41710;0;N;559717;531057;3;3042;0;R_PL-PH_1;20140312xWed;03_Rokycany_Beroun;Plzeňský kraj;h00;3;N
02-o2_02-edg_02-vis_03-lau2_07-day_05-300+_05-frt-1005_01-sng_00-n_00-n_00-n_00-n_00-n_00-n;1005;0;41722;0;N;559717;531057;3;3042;0;R_PL-PH_1;20140324xMon;03_Rokycany_Beroun;Plzeňský kraj;h00;5;N
02-o2_02-edg_02-vis_03-lau2_07-day_05-300+_05-frt-1005_01-sng_00-n_00-n_00-n_00-n_00-n_00-n;1005;0;41716;0;N;559717;531057;3;3042;0;R_PL-PH_1;20140318xTue;03_Rokycany_Beroun;Plzeňský kraj;h00;5;N
02-o2_02-edg_02-vis_03-lau2_07-day_05-300+_05-frt-1005_01-sng_00-n_00-n_00-n_00-n_00-n_00-n;1005;0;41714;0;N;559717;531057;3;3042;0;R_PL-PH_1;20140316xSun;03_Rokycany_Beroun;Plzeňský kraj;h00;1;N
02-o2_02-edg_02-vis_03-lau2_07-day_05-300+_05-frt-1005_01-sng_00-n_00-n_00-n_00-n_00-n_00-n;1005;0;41718;0;N;559717;531057;3;3042;0;R_PL-PH_1;20140320xThu;03_Rokycany_Beroun;Plzeňský kraj;h00;7;N
02-o2_02-edg_02-vis_03-lau2_07-day_05-300+_05-frt-1005_01-sng_00-n_00-n_00-n_00-n_00-n_00-n;1005;0;41712;0;N;559717;531057;3;3042;0;R_PL-PH_1;20140314xFri;03_Rokycany_Beroun;Plzeňský kraj;h00;6;N
02-o2_02-edg_02-vis_03-lau2_07-day_05-300+_05-frt-1005_01-sng_00-n_00-n_00-n_00-n_00-n_00-n;1005;0;41719;0;N;559717;531057;3;3042;0;R_PL-PH_1;20140321xFri;03_Rokycany_Beroun;Plzeňský kraj;h00;3;N
02-o2_02-edg_02-vis_03-lau2_07-day_05-300+_05-frt-1005_01-sng_00-n_00-n_00-n_00-n_00-n_00-n;1005;0;41724;0;N;559717;531057;3;3042;0;R_PL-PH_1;20140326xWed;03_Rokycany_Beroun;Plzeňský kraj;h00;4;N
02-o2_02-edg_02-vis_03-lau2_07-day_05-300+_05-frt-1005_01-sng_00-n_00-n_00-n_00-n_00-n_00-n;1005;0;41711;0;N;559717;531057;3;3042;0;R_PL-PH_1;20140313xThu;03_Rokycany_Beroun;Plzeňský kraj;h00;2;N
02-o2_02-edg_02-vis_03-lau2_07-day_05-300+_05-frt-1005_01-sng_00-n_00-n_00-n_00-n_00-n_00-n;1005;0;41715;0;N;559717;531057;3;3042;0;R_PL-PH_1;20140317xMon;03_Rokycany_Beroun;Plzeňský kraj;h00;5;N
02-o2_02-edg_02-vis_03-lau2_07-day_05-300+_05-frt-1005_01-sng_00-n_00-n_00-n_00-n_00-n_00-n;1005;0;41723;0;N;559717;531057;3;3042;0;R_PL-PH_1;20140325xTue;03_Rokycany_Beroun;Plzeňský kraj;h00;4;N
02-o2_02-edg_02-vis_03-lau2_07-day_05-300+_05-frt-1005_01-sng_00-n_00-n_00-n_00-n_00-n_00-n;1005;0;41713;0;N;559717;531057;3;3042;0;R_PL-PH_1;20140315xSat;03_Rokycany_Beroun;Plzeňský kraj;h00;1;N
02-o2_02-edg_02-vis_03-lau2_07-day_05-300+_05-frt-1005_01-sng_00-n_00-n_00-n_00-n_00-n_00-n;1005;0;41717;0;N;559717;531057;3;3042;0;R_PL-PH_1;20140319xWed;03_Rokycany_Beroun;Plzeňský kraj;h00;2;N
02-o2_02-edg_02-vis_03-lau2_07-day_05-300+_05-frt-1005_01-sng_00-n_00-n_00-n_00-n_00-n_00-n;1005;0;41716;0;N;558966;559717;2;3042;0;R_PL-PH_1;20140318xTue;02_Chrást_Rokycany;Plzeňský kraj;h00;2;N
02-o2_02-edg_02-vis_03-lau2_07-day_05-300+_05-frt-1005_01-sng_00-n_00-n_00-n_00-n_00-n_00-n;1005;0;41710;0;N;558966;559717;2;3042;0;R_PL-PH_1;20140312xWed;02_Chrást_Rokycany;Plzeňský kraj;h00;2;N
02-o2_02-edg_02-vis_03-lau2_07-day_05-300+_05-frt-1005_01-sng_00-n_00-n_00-n_00-n_00-n_00-n;1005;0;41717;0;N;558966;559717;2;3042;0;R_PL-PH_1;20140319xWed;02_Chrást_Rokycany;Plzeňský kraj;h00;1;N
02-o2_02-edg_02-vis_03-lau2_07-day_05-300+_05-frt-1005_01-sng_00-n_00-n_00-n_00-n_00-n_00-n;1005;0;41711;0;N;558966;559717;2;3042;0;R_PL-PH_1;20140313xThu;02_Chrást_Rokycany;Plzeňský kraj;h00;2;N
02-o2_02-edg_02-vis_03-lau2_07-day_05-300+_05-frt-1005_01-sng_00-n_00-n_00-n_00-n_00-n_00-n;1005;0;41718;0;N;558966;559717;2;3042;0;R_PL-PH_1;20140320xThu;02_Chrást_Rokycany;Plzeňský kraj;h00;2;N
02-o2_02-edg_02-vis_03-lau2_07-day_05-300+_05-frt-1005_01-sng_00-n_00-n_00-n_00-n_00-n_00-n;1005;0;41719;0;N;558966;559717;2;3042;0;R_PL-PH_1;20140321xFri;02_Chrást_Rokycany;Plzeňský kraj;h00;2;N
02-o2_02-edg_02-vis_03-lau2_07-day_05-300+_05-frt-1005_01-sng_00-n_00-n_00-n_00-n_00-n_00-n;1005;0;41724;0;N;558966;554782;2;3042;0;R_PL-PH_1;20140326xWed;02_Chrást_Praha;Plzeňský kraj;h00;5;N
02-o2_02-edg_02-vis_03-lau2_07-day_05-300+_05-frt-1005_01-sng_00-n_00-n_00-n_00-n_00-n_00-n;1005;0;41723;0;N;558966;554782;2;3042;0;R_PL-PH_1;20140325xTue;02_Chrást_Praha;Plzeňský kraj;h00;3;N
02-o2_02-edg_02-vis_03-lau2_07-day_05-300+_05-frt-1005_01-sng_00-n_00-n_00-n_00-n_00-n_00-n;1005;0;41713;0;N;558966;554782;2;3042;0;R_PL-PH_1;20140315xSat;02_Chrást_Praha;Plzeňský kraj;h00;1;N
02-o2_02-edg_02-vis_03-lau2_07-day_05-300+_05-frt-1005_01-sng_00-n_00-n_00-n_00-n_00-n_00-n;1005;0;41717;0;N;558966;554782;2;3042;0;R_PL-PH_1;20140319xWed;02_Chrást_Praha;Plzeňský kraj;h00;3;N
02-o2_02-edg_02-vis_03-lau2_07-day_05-300+_05-frt-1005_01-sng_00-n_00-n_00-n_00-n_00-n_00-n;1005;0;41710;0;N;558966;554782;2;3042;0;R_PL-PH_1;20140312xWed;02_Chrást_Praha;Plzeňský kraj;h00;2;N
02-o2_02-edg_02-vis_03-lau2_07-day_05-300+_05-frt-1005_01-sng_00-n_00-n_00-n_00-n_00-n_00-n;1005;0;41716;0;N;558966;554782;2;3042;0;R_PL-PH_1;20140318xTue;02_Chrást_Praha;Plzeňský kraj;h00;3;N
02-o2_02-edg_02-vis_03-lau2_07-day_05-300+_05-frt-1005_01-sng_00-n_00-n_00-n_00-n_00-n_00-n;1005;0;41722;0;N;558966;554782;2;3042;0;R_PL-PH_1;20140324xMon;02_Chrást_Praha;Plzeňský kraj;h00;2;N
02-o2_02-edg_02-vis_03-lau2_07-day_05-300+_05-frt-1005_01-sng_00-n_00-n_00-n_00-n_00-n_00-n;1005;0;41712;0;N;558966;554782;2;3042;0;R_PL-PH_1;20140314xFri;02_Chrást_Praha;Plzeňský kraj;h00;2;N
02-o2_02-edg_02-vis_03-lau2_07-day_05-300+_05-frt-1005_01-sng_00-n_00-n_00-n_00-n_00-n_00-n;1005;0;41718;0;N;558966;554782;2;3042;0;R_PL-PH_1;20140320xThu;02_Chrást_Praha;Plzeňský kraj;h00;4;N
02-o2_02-edg_02-vis_03-lau2_07-day_05-300+_05-frt-1005_01-sng_00-n_00-n_00-n_00-n_00-n_00-n;1005;0;41719;0;N;558966;554782;2;3042;0;R_PL-PH_1;20140321xFri;02_Chrást_Praha;Plzeňský kraj;h00;2;N
02-o2_02-edg_02-vis_03-lau2_07-day_05-300+_05-frt-1005_01-sng_00-n_00-n_00-n_00-n_00-n_00-n;1005;0;41711;0;N;558966;554782;2;3042;0;R_PL-PH_1;20140313xThu;02_Chrást_Praha;Plzeňský kraj;h00;1;N
02-o2_02-edg_02-vis_03-lau2_07-day_05-300+_05-frt-1005_01-sng_00-n_00-n_00-n_00-n_00-n_00-n;1005;0;41717;0;N;558966;531057;2;3042;0;R_PL-PH_1;20140319xWed;02_Chrást_Beroun;Plzeňský kraj;h00;1;N
02-o2_02-edg_02-vis_03-lau2_07-day_05-300+_05-frt-1005_01-sng_00-n_00-n_00-n_00-n_00-n_00-n;1005;0;41712;0;N;558966;531057;2;3042;0;R_PL-PH_1;20140314xFri;02_Chrást_Beroun;Plzeňský kraj;h00;1;N
02-o2_02-edg_02-vis_03-lau2_07-day_05-300+_05-frt-1005_01-sng_00-n_00-n_00-n_00-n_00-n_00-n;1005;0;41724;0;N;554791;559903;1;3042;0;R_PL-PH_1;20140326xWed;01_Plzeň_Kařez;Plzeňský kraj;h00;1;N
02-o2_02-edg_02-vis_03-lau2_07-day_05-300+_05-frt-1005_01-sng_00-n_00-n_00-n_00-n_00-n_00-n;1005;0;41712;0;N;554791;559903;1;3042;0;R_PL-PH_1;20140314xFri;01_Plzeň_Kařez;Plzeňský kraj;h00;2;N
02-o2_02-edg_02-vis_03-lau2_07-day_05-300+_05-frt-1005_01-sng_00-n_00-n_00-n_00-n_00-n_00-n;1005;0;41722;0;N;554791;559903;1;3042;0;R_PL-PH_1;20140324xMon;01_Plzeň_Kařez;Plzeňský kraj;h00;3;N
02-o2_02-edg_02-vis_03-lau2_07-day_05-300+_05-frt-1005_01-sng_00-n_00-n_00-n_00-n_00-n_00-n;1005;0;41717;0;N;554791;559903;1;3042;0;R_PL-PH_1;20140319xWed;01_Plzeň_Kařez;Plzeňský kraj;h00;1;N
02-o2_02-edg_02-vis_03-lau2_07-day_05-300+_05-frt-1005_01-sng_00-n_00-n_00-n_00-n_00-n_00-n;1005;0;41716;0;N;554791;559903;1;3042;0;R_PL-PH_1;20140318xTue;01_Plzeň_Kařez;Plzeňský kraj;h00;2;N
02-o2_02-edg_02-vis_03-lau2_07-day_05-300+_05-frt-1005_01-sng_00-n_00-n_00-n_00-n_00-n_00-n;1005;0;41720;0;N;554791;559903;1;3042;0;R_PL-PH_1;20140322xSat;01_Plzeň_Kařez;Plzeňský kraj;h00;1;N
02-o2_02-edg_02-vis_03-lau2_07-day_05-300+_05-frt-1005_01-sng_00-n_00-n_00-n_00-n_00-n_00-n;1005;0;41723;0;N;554791;559903;1;3042;0;R_PL-PH_1;20140325xTue;01_Plzeň_Kařez;Plzeňský kraj;h00;2;N
02-o2_02-edg_02-vis_03-lau2_07-day_05-300+_05-frt-1005_01-sng_00-n_00-n_00-n_00-n_00-n_00-n;1005;0;41718;0;N;554791;559903;1;3042;0;R_PL-PH_1;20140320xThu;01_Plzeň_Kařez;Plzeňský kraj;h00;1;N
02-o2_02-edg_02-vis_03-lau2_07-day_05-300+_05-frt-1005_01-sng_00-n_00-n_00-n_00-n_00-n_00-n;1005;0;41711;0;N;554791;559903;1;3042;0;R_PL-PH_1;20140313xThu;01_Plzeň_Kařez;Plzeňský kraj;h00;2;N
02-o2_02-edg_02-vis_03-lau2_07-day_05-300+_05-frt-1005_01-sng_00-n_00-n_00-n_00-n_00-n_00-n;1005;0;41710;0;N;554791;559903;1;3042;0;R_PL-PH_1;20140312xWed;01_Plzeň_Kařez;Plzeňský kraj;h00;4;N
02-o2_02-edg_02-vis_03-lau2_07-day_05-300+_05-frt-1005_01-sng_00-n_00-n_00-n_00-n_00-n_00-n;1005;0;41713;0;N;554791;559903;1;3042;0;R_PL-PH_1;20140315xSat;01_Plzeň_Kařez;Plzeňský kraj;h00;1;N
02-o2_02-edg_02-vis_03-lau2_07-day_05-300+_05-frt-1005_01-sng_00-n_00-n_00-n_00-n_00-n_00-n;1005;0;41710;0;N;554791;559717;1;3042;0;R_PL-PH_1;20140312xWed;01_Plzeň_Rokycany;Plzeňský kraj;h00;81;N
02-o2_02-edg_02-vis_03-lau2_07-day_05-300+_05-frt-1005_01-sng_00-n_00-n_00-n_00-n_00-n_00-n;1005;0;41713;0;N;554791;559717;1;3042;0;R_PL-PH_1;20140315xSat;01_Plzeň_Rokycany;Plzeňský kraj;h00;25;N
02-o2_02-edg_02-vis_03-lau2_07-day_05-300+_05-frt-1005_01-sng_00-n_00-n_00-n_00-n_00-n_00-n;1005;0;41714;0;N;554791;559717;1;3042;0;R_PL-PH_1;20140316xSun;01_Plzeň_Rokycany;Plzeňský kraj;h00;6;N
02-o2_02-edg_02-vis_03-lau2_07-day_05-300+_05-frt-1005_01-sng_00-n_00-n_00-n_00-n_00-n_00-n;1005;0;41719;0;N;554791;559717;1;3042;0;R_PL-PH_1;20140321xFri;01_Plzeň_Rokycany;Plzeňský kraj;h00;47;N
02-o2_02-edg_02-vis_03-lau2_07-day_05-300+_05-frt-1005_01-sng_00-n_00-n_00-n_00-n_00-n_00-n;1005;0;41716;0;N;554791;559717;1;3042;0;R_PL-PH_1;20140318xTue;01_Plzeň_Rokycany;Plzeňský kraj;h00;78;N
02-o2_02-edg_02-vis_03-lau2_07-day_05-300+_05-frt-1005_01-sng_00-n_00-n_00-n_00-n_00-n_00-n;1005;0;41712;0;N;554791;559717;1;3042;0;R_PL-PH_1;20140314xFri;01_Plzeň_Rokycany;Plzeňský kraj;h00;70;N
02-o2_02-edg_02-vis_03-lau2_07-day_05-300+_05-frt-1005_01-sng_00-n_00-n_00-n_00-n_00-n_00-n;1005;0;41715;0;N;554791;559717;1;3042;0;R_PL-PH_1;20140317xMon;01_Plzeň_Rokycany;Plzeňský kraj;h00;58;N
02-o2_02-edg_02-vis_03-lau2_07-day_05-300+_05-frt-1005_01-sng_00-n_00-n_00-n_00-n_00-n_00-n;1005;0;41723;0;N;554791;559717;1;3042;0;R_PL-PH_1;20140325xTue;01_Plzeň_Rokycany;Plzeňský kraj;h00;77;N
02-o2_02-edg_02-vis_03-lau2_07-day_05-300+_05-frt-1005_01-sng_00-n_00-n_00-n_00-n_00-n_00-n;1005;0;41717;0;N;554791;559717;1;3042;0;R_PL-PH_1;20140319xWed;01_Plzeň_Rokycany;Plzeňský kraj;h00;71;N
02-o2_02-edg_02-vis_03-lau2_07-day_05-300+_05-frt-1005_01-sng_00-n_00-n_00-n_00-n_00-n_00-n;1005;0;41718;0;N;554791;559717;1;3042;0;R_PL-PH_1;20140320xThu;01_Plzeň_Rokycany;Plzeňský kraj;h00;87;N
02-o2_02-edg_02-vis_03-lau2_07-day_05-300+_05-frt-1005_01-sng_00-n_00-n_00-n_00-n_00-n_00-n;1005;0;41720;0;N;554791;559717;1;3042;0;R_PL-PH_1;20140322xSat;01_Plzeň_Rokycany;Plzeňský kraj;h00;17;N
02-o2_02-edg_02-vis_03-lau2_07-day_05-300+_05-frt-1005_01-sng_00-n_00-n_00-n_00-n_00-n_00-n;1005;0;41722;0;N;554791;559717;1;3042;0;R_PL-PH_1;20140324xMon;01_Plzeň_Rokycany;Plzeňský kraj;h00;65;N
02-o2_02-edg_02-vis_03-lau2_07-day_05-300+_05-frt-1005_01-sng_00-n_00-n_00-n_00-n_00-n_00-n;1005;0;41724;0;N;554791;559717;1;3042;0;R_PL-PH_1;20140326xWed;01_Plzeň_Rokycany;Plzeňský kraj;h00;68;N
02-o2_02-edg_02-vis_03-lau2_07-day_05-300+_05-frt-1005_01-sng_00-n_00-n_00-n_00-n_00-n_00-n;1005;0;41711;0;N;554791;559717;1;3042;0;R_PL-PH_1;20140313xThu;01_Plzeň_Rokycany;Plzeňský kraj;h00;83;N
02-o2_02-edg_02-vis_03-lau2_07-day_05-300+_05-frt-1005_01-sng_00-n_00-n_00-n_00-n_00-n_00-n;1005;0;41721;0;N;554791;559717;1;3042;0;R_PL-PH_1;20140323xSun;01_Plzeň_Rokycany;Plzeňský kraj;h00;10;N
02-o2_02-edg_02-vis_03-lau2_07-day_05-300+_05-frt-1005_01-sng_00-n_00-n_00-n_00-n_00-n_00-n;1005;0;41716;0;N;554791;558966;1;3042;0;R_PL-PH_1;20140318xTue;01_Plzeň_Chrást;Plzeňský kraj;h00;32;N
02-o2_02-edg_02-vis_03-lau2_07-day_05-300+_05-frt-1005_01-sng_00-n_00-n_00-n_00-n_00-n_00-n;1005;0;41719;0;N;554791;558966;1;3042;0;R_PL-PH_1;20140321xFri;01_Plzeň_Chrást;Plzeňský kraj;h00;8;N
02-o2_02-edg_02-vis_03-lau2_07-day_05-300+_05-frt-1005_01-sng_00-n_00-n_00-n_00-n_00-n_00-n;1005;0;41722;0;N;554791;558966;1;3042;0;R_PL-PH_1;20140324xMon;01_Plzeň_Chrást;Plzeňský kraj;h00;25;N
02-o2_02-edg_02-vis_03-lau2_07-day_05-300+_05-frt-1005_01-sng_00-n_00-n_00-n_00-n_00-n_00-n;1005;0;41721;0;N;554791;558966;1;3042;0;R_PL-PH_1;20140323xSun;01_Plzeň_Chrást;Plzeňský kraj;h00;10;N
02-o2_02-edg_02-vis_03-lau2_07-day_05-300+_05-frt-1005_01-sng_00-n_00-n_00-n_00-n_00-n_00-n;1005;0;41714;0;N;554791;558966;1;3042;0;R_PL-PH_1;20140316xSun;01_Plzeň_Chrást;Plzeňský kraj;h00;8;N
02-o2_02-edg_02-vis_03-lau2_07-day_05-300+_05-frt-1005_01-sng_00-n_00-n_00-n_00-n_00-n_00-n;1005;0;41713;0;N;554791;558966;1;3042;0;R_PL-PH_1;20140315xSat;01_Plzeň_Chrást;Plzeňský kraj;h00;13;N
02-o2_02-edg_02-vis_03-lau2_07-day_05-300+_05-frt-1005_01-sng_00-n_00-n_00-n_00-n_00-n_00-n;1005;0;41715;0;N;554791;558966;1;3042;0;R_PL-PH_1;20140317xMon;01_Plzeň_Chrást;Plzeňský kraj;h00;19;N
02-o2_02-edg_02-vis_03-lau2_07-day_05-300+_05-frt-1005_01-sng_00-n_00-n_00-n_00-n_00-n_00-n;1005;0;41718;0;N;554791;558966;1;3042;0;R_PL-PH_1;20140320xThu;01_Plzeň_Chrást;Plzeňský kraj;h00;32;N
02-o2_02-edg_02-vis_03-lau2_07-day_05-300+_05-frt-1005_01-sng_00-n_00-n_00-n_00-n_00-n_00-n;1005;0;41710;0;N;554791;558966;1;3042;0;R_PL-PH_1;20140312xWed;01_Plzeň_Chrást;Plzeňský kraj;h00;28;N
02-o2_02-edg_02-vis_03-lau2_07-day_05-300+_05-frt-1005_01-sng_00-n_00-n_00-n_00-n_00-n_00-n;1005;0;41720;0;N;554791;558966;1;3042;0;R_PL-PH_1;20140322xSat;01_Plzeň_Chrást;Plzeňský kraj;h00;15;N
02-o2_02-edg_02-vis_03-lau2_07-day_05-300+_05-frt-1005_01-sng_00-n_00-n_00-n_00-n_00-n_00-n;1005;0;41724;0;N;554791;558966;1;3042;0;R_PL-PH_1;20140326xWed;01_Plzeň_Chrást;Plzeňský kraj;h00;32;N
02-o2_02-edg_02-vis_03-lau2_07-day_05-300+_05-frt-1005_01-sng_00-n_00-n_00-n_00-n_00-n_00-n;1005;0;41712;0;N;554791;558966;1;3042;0;R_PL-PH_1;20140314xFri;01_Plzeň_Chrást;Plzeňský kraj;h00;35;N
02-o2_02-edg_02-vis_03-lau2_07-day_05-300+_05-frt-1005_01-sng_00-n_00-n_00-n_00-n_00-n_00-n;1005;0;41717;0;N;554791;558966;1;3042;0;R_PL-PH_1;20140319xWed;01_Plzeň_Chrást;Plzeňský kraj;h00;36;N
02-o2_02-edg_02-vis_03-lau2_07-day_05-300+_05-frt-1005_01-sng_00-n_00-n_00-n_00-n_00-n_00-n;1005;0;41711;0;N;554791;558966;1;3042;0;R_PL-PH_1;20140313xThu;01_Plzeň_Chrást;Plzeňský kraj;h00;29;N
02-o2_02-edg_02-vis_03-lau2_07-day_05-300+_05-frt-1005_01-sng_00-n_00-n_00-n_00-n_00-n_00-n;1005;0;41723;0;N;554791;558966;1;3042;0;R_PL-PH_1;20140325xTue;01_Plzeň_Chrást;Plzeňský kraj;h00;24;N
02-o2_02-edg_02-vis_03-lau2_07-day_05-300+_05-frt-1005_01-sng_00-n_00-n_00-n_00-n_00-n_00-n;1005;0;41722;0;N;554791;554782;1;3042;0;R_PL-PH_1;20140324xMon;01_Plzeň_Praha;Plzeňský kraj;h00;174;N
02-o2_02-edg_02-vis_03-lau2_07-day_05-300+_05-frt-1005_01-sng_00-n_00-n_00-n_00-n_00-n_00-n;1005;0;41720;0;N;554791;554782;1;3042;0;R_PL-PH_1;20140322xSat;01_Plzeň_Praha;Plzeňský kraj;h00;63;N
02-o2_02-edg_02-vis_03-lau2_07-day_05-300+_05-frt-1005_01-sng_00-n_00-n_00-n_00-n_00-n_00-n;1005;0;41717;0;N;554791;554782;1;3042;0;R_PL-PH_1;20140319xWed;01_Plzeň_Praha;Plzeňský kraj;h00;202;N
02-o2_02-edg_02-vis_03-lau2_07-day_05-300+_05-frt-1005_01-sng_00-n_00-n_00-n_00-n_00-n_00-n;1005;0;41718;0;N;554791;554782;1;3042;0;R_PL-PH_1;20140320xThu;01_Plzeň_Praha;Plzeňský kraj;h00;185;N
02-o2_02-edg_02-vis_03-lau2_07-day_05-300+_05-frt-1005_01-sng_00-n_00-n_00-n_00-n_00-n_00-n;1005;0;41710;0;N;554791;554782;1;3042;0;R_PL-PH_1;20140312xWed;01_Plzeň_Praha;Plzeňský kraj;h00;184;N
02-o2_02-edg_02-vis_03-lau2_07-day_05-300+_05-frt-1005_01-sng_00-n_00-n_00-n_00-n_00-n_00-n;1005;0;41712;0;N;554791;554782;1;3042;0;R_PL-PH_1;20140314xFri;01_Plzeň_Praha;Plzeňský kraj;h00;147;N
02-o2_02-edg_02-vis_03-lau2_07-day_05-300+_05-frt-1005_01-sng_00-n_00-n_00-n_00-n_00-n_00-n;1005;0;41715;0;N;554791;554782;1;3042;0;R_PL-PH_1;20140317xMon;01_Plzeň_Praha;Plzeňský kraj;h00;150;N
02-o2_02-edg_02-vis_03-lau2_07-day_05-300+_05-frt-1005_01-sng_00-n_00-n_00-n_00-n_00-n_00-n;1005;0;41716;0;N;554791;554782;1;3042;0;R_PL-PH_1;20140318xTue;01_Plzeň_Praha;Plzeňský kraj;h00;241;N
02-o2_02-edg_02-vis_03-lau2_07-day_05-300+_05-frt-1005_01-sng_00-n_00-n_00-n_00-n_00-n_00-n;1005;0;41719;0;N;554791;554782;1;3042;0;R_PL-PH_1;20140321xFri;01_Plzeň_Praha;Plzeňský kraj;h00;124;N
02-o2_02-edg_02-vis_03-lau2_07-day_05-300+_05-frt-1005_01-sng_00-n_00-n_00-n_00-n_00-n_00-n;1005;0;41713;0;N;554791;554782;1;3042;0;R_PL-PH_1;20140315xSat;01_Plzeň_Praha;Plzeňský kraj;h00;76;N
02-o2_02-edg_02-vis_03-lau2_07-day_05-300+_05-frt-1005_01-sng_00-n_00-n_00-n_00-n_00-n_00-n;1005;0;41723;0;N;554791;554782;1;3042;0;R_PL-PH_1;20140325xTue;01_Plzeň_Praha;Plzeňský kraj;h00;222;N
02-o2_02-edg_02-vis_03-lau2_07-day_05-300+_05-frt-1005_01-sng_00-n_00-n_00-n_00-n_00-n_00-n;1005;0;41711;0;N;554791;554782;1;3042;0;R_PL-PH_1;20140313xThu;01_Plzeň_Praha;Plzeňský kraj;h00;186;N
02-o2_02-edg_02-vis_03-lau2_07-day_05-300+_05-frt-1005_01-sng_00-n_00-n_00-n_00-n_00-n_00-n;1005;0;41724;0;N;554791;554782;1;3042;0;R_PL-PH_1;20140326xWed;01_Plzeň_Praha;Plzeňský kraj;h00;209;N
02-o2_02-edg_02-vis_03-lau2_07-day_05-300+_05-frt-1005_01-sng_00-n_00-n_00-n_00-n_00-n_00-n;1005;0;41714;0;N;554791;554782;1;3042;0;R_PL-PH_1;20140316xSun;01_Plzeň_Praha;Plzeňský kraj;h00;42;N
02-o2_02-edg_02-vis_03-lau2_07-day_05-300+_05-frt-1005_01-sng_00-n_00-n_00-n_00-n_00-n_00-n;1005;0;41721;0;N;554791;554782;1;3042;0;R_PL-PH_1;20140323xSun;01_Plzeň_Praha;Plzeňský kraj;h00;31;N
02-o2_02-edg_02-vis_03-lau2_07-day_05-300+_05-frt-1005_01-sng_00-n_00-n_00-n_00-n_00-n_00-n;1005;0;41717;0;N;554791;532011;1;3042;0;R_PL-PH_1;20140319xWed;01_Plzeň_Zdice;Plzeňský kraj;h00;5;N
02-o2_02-edg_02-vis_03-lau2_07-day_05-300+_05-frt-1005_01-sng_00-n_00-n_00-n_00-n_00-n_00-n;1005;0;41719;0;N;554791;532011;1;3042;0;R_PL-PH_1;20140321xFri;01_Plzeň_Zdice;Plzeňský kraj;h00;3;N
02-o2_02-edg_02-vis_03-lau2_07-day_05-300+_05-frt-1005_01-sng_00-n_00-n_00-n_00-n_00-n_00-n;1005;0;41711;0;N;554791;532011;1;3042;0;R_PL-PH_1;20140313xThu;01_Plzeň_Zdice;Plzeňský kraj;h00;7;N
02-o2_02-edg_02-vis_03-lau2_07-day_05-300+_05-frt-1005_01-sng_00-n_00-n_00-n_00-n_00-n_00-n;1005;0;41712;0;N;554791;532011;1;3042;0;R_PL-PH_1;20140314xFri;01_Plzeň_Zdice;Plzeňský kraj;h00;3;N
02-o2_02-edg_02-vis_03-lau2_07-day_05-300+_05-frt-1005_01-sng_00-n_00-n_00-n_00-n_00-n_00-n;1005;0;41724;0;N;554791;532011;1;3042;0;R_PL-PH_1;20140326xWed;01_Plzeň_Zdice;Plzeňský kraj;h00;6;N
02-o2_02-edg_02-vis_03-lau2_07-day_05-300+_05-frt-1005_01-sng_00-n_00-n_00-n_00-n_00-n_00-n;1005;0;41722;0;N;554791;532011;1;3042;0;R_PL-PH_1;20140324xMon;01_Plzeň_Zdice;Plzeňský kraj;h00;6;N
02-o2_02-edg_02-vis_03-lau2_07-day_05-300+_05-frt-1005_01-sng_00-n_00-n_00-n_00-n_00-n_00-n;1005;0;41718;0;N;554791;532011;1;3042;0;R_PL-PH_1;20140320xThu;01_Plzeň_Zdice;Plzeňský kraj;h00;3;N
02-o2_02-edg_02-vis_03-lau2_07-day_05-300+_05-frt-1005_01-sng_00-n_00-n_00-n_00-n_00-n_00-n;1005;0;41716;0;N;554791;532011;1;3042;0;R_PL-PH_1;20140318xTue;01_Plzeň_Zdice;Plzeňský kraj;h00;6;N
02-o2_02-edg_02-vis_03-lau2_07-day_05-300+_05-frt-1005_01-sng_00-n_00-n_00-n_00-n_00-n_00-n;1005;0;41723;0;N;554791;532011;1;3042;0;R_PL-PH_1;20140325xTue;01_Plzeň_Zdice;Plzeňský kraj;h00;8;N
02-o2_02-edg_02-vis_03-lau2_07-day_05-300+_05-frt-1005_01-sng_00-n_00-n_00-n_00-n_00-n_00-n;1005;0;41720;0;N;554791;532011;1;3042;0;R_PL-PH_1;20140322xSat;01_Plzeň_Zdice;Plzeňský kraj;h00;1;N
02-o2_02-edg_02-vis_03-lau2_07-day_05-300+_05-frt-1005_01-sng_00-n_00-n_00-n_00-n_00-n_00-n;1005;0;41715;0;N;554791;532011;1;3042;0;R_PL-PH_1;20140317xMon;01_Plzeň_Zdice;Plzeňský kraj;h00;5;N
02-o2_02-edg_02-vis_03-lau2_07-day_05-300+_05-frt-1005_01-sng_00-n_00-n_00-n_00-n_00-n_00-n;1005;0;41710;0;N;554791;532011;1;3042;0;R_PL-PH_1;20140312xWed;01_Plzeň_Zdice;Plzeňský kraj;h00;5;N
02-o2_02-edg_02-vis_03-lau2_07-day_05-300+_05-frt-1005_01-sng_00-n_00-n_00-n_00-n_00-n_00-n;1005;0;41722;0;N;554791;531189;1;3042;0;R_PL-PH_1;20140324xMon;01_Plzeň_Hořovice;Plzeňský kraj;h00;1;N
02-o2_02-edg_02-vis_03-lau2_07-day_05-300+_05-frt-1005_01-sng_00-n_00-n_00-n_00-n_00-n_00-n;1005;0;41723;0;N;554791;531189;1;3042;0;R_PL-PH_1;20140325xTue;01_Plzeň_Hořovice;Plzeňský kraj;h00;1;N
02-o2_02-edg_02-vis_03-lau2_07-day_05-300+_05-frt-1005_01-sng_00-n_00-n_00-n_00-n_00-n_00-n;1005;0;41717;0;N;554791;531189;1;3042;0;R_PL-PH_1;20140319xWed;01_Plzeň_Hořovice;Plzeňský kraj;h00;2;N
02-o2_02-edg_02-vis_03-lau2_07-day_05-300+_05-frt-1005_01-sng_00-n_00-n_00-n_00-n_00-n_00-n;1005;0;41721;0;N;554791;531189;1;3042;0;R_PL-PH_1;20140323xSun;01_Plzeň_Hořovice;Plzeňský kraj;h00;2;N
