02-o2_01-ver_03-tour_03-lau2_07-day_05-300+_08-frt-1008_01-sng_00-n_00-n_00-n_00-n_00-n_00-n;1008;0;41710;0;N;531057;N;9;3026;0;PM_PH-BE_2;20140312xWed;9_Beroun;Středočeský kraj;h00;0;475
02-o2_01-ver_03-tour_03-lau2_07-day_05-300+_08-frt-1008_01-sng_00-n_00-n_00-n_00-n_00-n_00-n;1008;0;41710;0;N;531316;N;7;3026;0;PM_PH-BE_2;20140312xWed;7_Karlštejn;Středočeský kraj;h00;25;23
02-o2_01-ver_03-tour_03-lau2_07-day_05-300+_08-frt-1008_01-sng_00-n_00-n_00-n_00-n_00-n_00-n;1008;0;41710;0;N;531758;N;8;3026;0;PM_PH-BE_2;20140312xWed;8_Srbsko;Středočeský kraj;h00;14;6
02-o2_01-ver_03-tour_03-lau2_07-day_05-300+_08-frt-1008_01-sng_00-n_00-n_00-n_00-n_00-n_00-n;1008;0;41710;0;N;531979;N;6;3026;0;PM_PH-BE_2;20140312xWed;6_Zadní Třebaň;Středočeský kraj;h00;3;40
02-o2_01-ver_03-tour_03-lau2_07-day_05-300+_08-frt-1008_01-sng_00-n_00-n_00-n_00-n_00-n_00-n;1008;0;41710;0;N;539139;N;2;3026;0;PM_PH-BE_2;20140312xWed;2_Černošice;Středočeský kraj;h00;90;473
02-o2_01-ver_03-tour_03-lau2_07-day_05-300+_08-frt-1008_01-sng_00-n_00-n_00-n_00-n_00-n_00-n;1008;0;41710;0;N;539198;N;4;3026;0;PM_PH-BE_2;20140312xWed;4_Dobřichovice;Středočeský kraj;h00;6;120
02-o2_01-ver_03-tour_03-lau2_07-day_05-300+_08-frt-1008_01-sng_00-n_00-n_00-n_00-n_00-n_00-n;1008;0;41710;0;N;539643;N;5;3026;0;PM_PH-BE_2;20140312xWed;5_Řevnice;Středočeský kraj;h00;36;21
02-o2_01-ver_03-tour_03-lau2_07-day_05-300+_08-frt-1008_01-sng_00-n_00-n_00-n_00-n_00-n_00-n;1008;0;41710;0;N;539856;N;3;3026;0;PM_PH-BE_2;20140312xWed;3_Všenory;Středočeský kraj;h00;60;192
02-o2_01-ver_03-tour_03-lau2_07-day_05-300+_08-frt-1008_01-sng_00-n_00-n_00-n_00-n_00-n_00-n;1008;0;41710;0;N;554782;N;1;3018;0;PM_PH-BE_2;20140312xWed;1_Praha;Hlavní město Praha;h00;1116;0
02-o2_01-ver_03-tour_03-lau2_07-day_05-300+_08-frt-1008_01-sng_00-n_00-n_00-n_00-n_00-n_00-n;1008;0;41711;0;N;531057;N;9;3026;0;PM_PH-BE_2;20140313xThu;9_Beroun;Středočeský kraj;h00;0;510
02-o2_01-ver_03-tour_03-lau2_07-day_05-300+_08-frt-1008_01-sng_00-n_00-n_00-n_00-n_00-n_00-n;1008;0;41711;0;N;531316;N;7;3026;0;PM_PH-BE_2;20140313xThu;7_Karlštejn;Středočeský kraj;h00;30;33
02-o2_01-ver_03-tour_03-lau2_07-day_05-300+_08-frt-1008_01-sng_00-n_00-n_00-n_00-n_00-n_00-n;1008;0;41711;0;N;531758;N;8;3026;0;PM_PH-BE_2;20140313xThu;8_Srbsko;Středočeský kraj;h00;9;14
02-o2_01-ver_03-tour_03-lau2_07-day_05-300+_08-frt-1008_01-sng_00-n_00-n_00-n_00-n_00-n_00-n;1008;0;41711;0;N;531979;N;6;3026;0;PM_PH-BE_2;20140313xThu;6_Zadní Třebaň;Středočeský kraj;h00;5;38
02-o2_01-ver_03-tour_03-lau2_07-day_05-300+_08-frt-1008_01-sng_00-n_00-n_00-n_00-n_00-n_00-n;1008;0;41711;0;N;539139;N;2;3026;0;PM_PH-BE_2;20140313xThu;2_Černošice;Středočeský kraj;h00;74;327
02-o2_01-ver_03-tour_03-lau2_07-day_05-300+_08-frt-1008_01-sng_00-n_00-n_00-n_00-n_00-n_00-n;1008;0;41711;0;N;539198;N;4;3026;0;PM_PH-BE_2;20140313xThu;4_Dobřichovice;Středočeský kraj;h00;12;128
02-o2_01-ver_03-tour_03-lau2_07-day_05-300+_08-frt-1008_01-sng_00-n_00-n_00-n_00-n_00-n_00-n;1008;0;41711;0;N;539643;N;5;3026;0;PM_PH-BE_2;20140313xThu;5_Řevnice;Středočeský kraj;h00;37;22
02-o2_01-ver_03-tour_03-lau2_07-day_05-300+_08-frt-1008_01-sng_00-n_00-n_00-n_00-n_00-n_00-n;1008;0;41711;0;N;539856;N;3;3026;0;PM_PH-BE_2;20140313xThu;3_Všenory;Středočeský kraj;h00;55;177
02-o2_01-ver_03-tour_03-lau2_07-day_05-300+_08-frt-1008_01-sng_00-n_00-n_00-n_00-n_00-n_00-n;1008;0;41711;0;N;554782;N;1;3018;0;PM_PH-BE_2;20140313xThu;1_Praha;Hlavní město Praha;h00;1027;0
02-o2_01-ver_03-tour_03-lau2_07-day_05-300+_08-frt-1008_01-sng_00-n_00-n_00-n_00-n_00-n_00-n;1008;0;41712;0;N;531057;N;9;3026;0;PM_PH-BE_2;20140314xFri;9_Beroun;Středočeský kraj;h00;0;592
02-o2_01-ver_03-tour_03-lau2_07-day_05-300+_08-frt-1008_01-sng_00-n_00-n_00-n_00-n_00-n_00-n;1008;0;41712;0;N;531316;N;7;3026;0;PM_PH-BE_2;20140314xFri;7_Karlštejn;Středočeský kraj;h00;28;40
02-o2_01-ver_03-tour_03-lau2_07-day_05-300+_08-frt-1008_01-sng_00-n_00-n_00-n_00-n_00-n_00-n;1008;0;41712;0;N;531758;N;8;3026;0;PM_PH-BE_2;20140314xFri;8_Srbsko;Středočeský kraj;h00;7;9
02-o2_01-ver_03-tour_03-lau2_07-day_05-300+_08-frt-1008_01-sng_00-n_00-n_00-n_00-n_00-n_00-n;1008;0;41712;0;N;531979;N;6;3026;0;PM_PH-BE_2;20140314xFri;6_Zadní Třebaň;Středočeský kraj;h00;5;45
02-o2_01-ver_03-tour_03-lau2_07-day_05-300+_08-frt-1008_01-sng_00-n_00-n_00-n_00-n_00-n_00-n;1008;0;41712;0;N;539139;N;2;3026;0;PM_PH-BE_2;20140314xFri;2_Černošice;Středočeský kraj;h00;97;331
02-o2_01-ver_03-tour_03-lau2_07-day_05-300+_08-frt-1008_01-sng_00-n_00-n_00-n_00-n_00-n_00-n;1008;0;41712;0;N;539198;N;4;3026;0;PM_PH-BE_2;20140314xFri;4_Dobřichovice;Středočeský kraj;h00;14;135
02-o2_01-ver_03-tour_03-lau2_07-day_05-300+_08-frt-1008_01-sng_00-n_00-n_00-n_00-n_00-n_00-n;1008;0;41712;0;N;539643;N;5;3026;0;PM_PH-BE_2;20140314xFri;5_Řevnice;Středočeský kraj;h00;51;22
02-o2_01-ver_03-tour_03-lau2_07-day_05-300+_08-frt-1008_01-sng_00-n_00-n_00-n_00-n_00-n_00-n;1008;0;41712;0;N;539856;N;3;3026;0;PM_PH-BE_2;20140314xFri;3_Všenory;Středočeský kraj;h00;64;205
02-o2_01-ver_03-tour_03-lau2_07-day_05-300+_08-frt-1008_01-sng_00-n_00-n_00-n_00-n_00-n_00-n;1008;0;41712;0;N;554782;N;1;3018;0;PM_PH-BE_2;20140314xFri;1_Praha;Hlavní město Praha;h00;1113;0
02-o2_01-ver_03-tour_03-lau2_07-day_05-300+_08-frt-1008_01-sng_00-n_00-n_00-n_00-n_00-n_00-n;1008;0;41713;0;N;531057;N;9;3026;0;PM_PH-BE_2;20140315xSat;9_Beroun;Středočeský kraj;h00;0;449
02-o2_01-ver_03-tour_03-lau2_07-day_05-300+_08-frt-1008_01-sng_00-n_00-n_00-n_00-n_00-n_00-n;1008;0;41713;0;N;531316;N;7;3026;0;PM_PH-BE_2;20140315xSat;7_Karlštejn;Středočeský kraj;h00;22;26
02-o2_01-ver_03-tour_03-lau2_07-day_05-300+_08-frt-1008_01-sng_00-n_00-n_00-n_00-n_00-n_00-n;1008;0;41713;0;N;531758;N;8;3026;0;PM_PH-BE_2;20140315xSat;8_Srbsko;Středočeský kraj;h00;8;3
02-o2_01-ver_03-tour_03-lau2_07-day_05-300+_08-frt-1008_01-sng_00-n_00-n_00-n_00-n_00-n_00-n;1008;0;41713;0;N;531979;N;6;3026;0;PM_PH-BE_2;20140315xSat;6_Zadní Třebaň;Středočeský kraj;h00;2;31
02-o2_01-ver_03-tour_03-lau2_07-day_05-300+_08-frt-1008_01-sng_00-n_00-n_00-n_00-n_00-n_00-n;1008;0;41713;0;N;539139;N;2;3026;0;PM_PH-BE_2;20140315xSat;2_Černošice;Středočeský kraj;h00;94;249
02-o2_01-ver_03-tour_03-lau2_07-day_05-300+_08-frt-1008_01-sng_00-n_00-n_00-n_00-n_00-n_00-n;1008;0;41713;0;N;539198;N;4;3026;0;PM_PH-BE_2;20140315xSat;4_Dobřichovice;Středočeský kraj;h00;11;128
02-o2_01-ver_03-tour_03-lau2_07-day_05-300+_08-frt-1008_01-sng_00-n_00-n_00-n_00-n_00-n_00-n;1008;0;41713;0;N;539643;N;5;3026;0;PM_PH-BE_2;20140315xSat;5_Řevnice;Středočeský kraj;h00;34;17
02-o2_01-ver_03-tour_03-lau2_07-day_05-300+_08-frt-1008_01-sng_00-n_00-n_00-n_00-n_00-n_00-n;1008;0;41713;0;N;539856;N;3;3026;0;PM_PH-BE_2;20140315xSat;3_Všenory;Středočeský kraj;h00;80;139
02-o2_01-ver_03-tour_03-lau2_07-day_05-300+_08-frt-1008_01-sng_00-n_00-n_00-n_00-n_00-n_00-n;1008;0;41713;0;N;554782;N;1;3018;0;PM_PH-BE_2;20140315xSat;1_Praha;Hlavní město Praha;h00;791;0
02-o2_01-ver_03-tour_03-lau2_07-day_05-300+_08-frt-1008_01-sng_00-n_00-n_00-n_00-n_00-n_00-n;1008;0;41714;0;N;531057;N;9;3026;0;PM_PH-BE_2;20140316xSun;9_Beroun;Středočeský kraj;h00;0;296
02-o2_01-ver_03-tour_03-lau2_07-day_05-300+_08-frt-1008_01-sng_00-n_00-n_00-n_00-n_00-n_00-n;1008;0;41714;0;N;531316;N;7;3026;0;PM_PH-BE_2;20140316xSun;7_Karlštejn;Středočeský kraj;h00;7;9
02-o2_01-ver_03-tour_03-lau2_07-day_05-300+_08-frt-1008_01-sng_00-n_00-n_00-n_00-n_00-n_00-n;1008;0;41714;0;N;531758;N;8;3026;0;PM_PH-BE_2;20140316xSun;8_Srbsko;Středočeský kraj;h00;4;3
02-o2_01-ver_03-tour_03-lau2_07-day_05-300+_08-frt-1008_01-sng_00-n_00-n_00-n_00-n_00-n_00-n;1008;0;41714;0;N;531979;N;6;3026;0;PM_PH-BE_2;20140316xSun;6_Zadní Třebaň;Středočeský kraj;h00;1;18
02-o2_01-ver_03-tour_03-lau2_07-day_05-300+_08-frt-1008_01-sng_00-n_00-n_00-n_00-n_00-n_00-n;1008;0;41714;0;N;539139;N;2;3026;0;PM_PH-BE_2;20140316xSun;2_Černošice;Středočeský kraj;h00;78;151
02-o2_01-ver_03-tour_03-lau2_07-day_05-300+_08-frt-1008_01-sng_00-n_00-n_00-n_00-n_00-n_00-n;1008;0;41714;0;N;539198;N;4;3026;0;PM_PH-BE_2;20140316xSun;4_Dobřichovice;Středočeský kraj;h00;5;108
02-o2_01-ver_03-tour_03-lau2_07-day_05-300+_08-frt-1008_01-sng_00-n_00-n_00-n_00-n_00-n_00-n;1008;0;41714;0;N;539643;N;5;3026;0;PM_PH-BE_2;20140316xSun;5_Řevnice;Středočeský kraj;h00;17;10
02-o2_01-ver_03-tour_03-lau2_07-day_05-300+_08-frt-1008_01-sng_00-n_00-n_00-n_00-n_00-n_00-n;1008;0;41714;0;N;539856;N;3;3026;0;PM_PH-BE_2;20140316xSun;3_Všenory;Středočeský kraj;h00;70;107
02-o2_01-ver_03-tour_03-lau2_07-day_05-300+_08-frt-1008_01-sng_00-n_00-n_00-n_00-n_00-n_00-n;1008;0;41714;0;N;554782;N;1;3018;0;PM_PH-BE_2;20140316xSun;1_Praha;Hlavní město Praha;h00;520;0
02-o2_01-ver_03-tour_03-lau2_07-day_05-300+_08-frt-1008_01-sng_00-n_00-n_00-n_00-n_00-n_00-n;1008;0;41715;0;N;531057;N;9;3026;0;PM_PH-BE_2;20140317xMon;9_Beroun;Středočeský kraj;h00;0;496
02-o2_01-ver_03-tour_03-lau2_07-day_05-300+_08-frt-1008_01-sng_00-n_00-n_00-n_00-n_00-n_00-n;1008;0;41715;0;N;531316;N;7;3026;0;PM_PH-BE_2;20140317xMon;7_Karlštejn;Středočeský kraj;h00;18;21
02-o2_01-ver_03-tour_03-lau2_07-day_05-300+_08-frt-1008_01-sng_00-n_00-n_00-n_00-n_00-n_00-n;1008;0;41715;0;N;531758;N;8;3026;0;PM_PH-BE_2;20140317xMon;8_Srbsko;Středočeský kraj;h00;4;10
02-o2_01-ver_03-tour_03-lau2_07-day_05-300+_08-frt-1008_01-sng_00-n_00-n_00-n_00-n_00-n_00-n;1008;0;41715;0;N;531979;N;6;3026;0;PM_PH-BE_2;20140317xMon;6_Zadní Třebaň;Středočeský kraj;h00;1;15
02-o2_01-ver_03-tour_03-lau2_07-day_05-300+_08-frt-1008_01-sng_00-n_00-n_00-n_00-n_00-n_00-n;1008;0;41715;0;N;539139;N;2;3026;0;PM_PH-BE_2;20140317xMon;2_Černošice;Středočeský kraj;h00;66;260
02-o2_01-ver_03-tour_03-lau2_07-day_05-300+_08-frt-1008_01-sng_00-n_00-n_00-n_00-n_00-n_00-n;1008;0;41715;0;N;539198;N;4;3026;0;PM_PH-BE_2;20140317xMon;4_Dobřichovice;Středočeský kraj;h00;6;113
02-o2_01-ver_03-tour_03-lau2_07-day_05-300+_08-frt-1008_01-sng_00-n_00-n_00-n_00-n_00-n_00-n;1008;0;41715;0;N;539643;N;5;3026;0;PM_PH-BE_2;20140317xMon;5_Řevnice;Středočeský kraj;h00;10;11
02-o2_01-ver_03-tour_03-lau2_07-day_05-300+_08-frt-1008_01-sng_00-n_00-n_00-n_00-n_00-n_00-n;1008;0;41715;0;N;539856;N;3;3026;0;PM_PH-BE_2;20140317xMon;3_Všenory;Středočeský kraj;h00;44;144
02-o2_01-ver_03-tour_03-lau2_07-day_05-300+_08-frt-1008_01-sng_00-n_00-n_00-n_00-n_00-n_00-n;1008;0;41715;0;N;554782;N;1;3018;0;PM_PH-BE_2;20140317xMon;1_Praha;Hlavní město Praha;h00;921;0
02-o2_01-ver_03-tour_03-lau2_07-day_05-300+_08-frt-1008_01-sng_00-n_00-n_00-n_00-n_00-n_00-n;1008;0;41716;0;N;531057;N;9;3026;0;PM_PH-BE_2;20140318xTue;9_Beroun;Středočeský kraj;h00;0;474
02-o2_01-ver_03-tour_03-lau2_07-day_05-300+_08-frt-1008_01-sng_00-n_00-n_00-n_00-n_00-n_00-n;1008;0;41716;0;N;531316;N;7;3026;0;PM_PH-BE_2;20140318xTue;7_Karlštejn;Středočeský kraj;h00;19;29
02-o2_01-ver_03-tour_03-lau2_07-day_05-300+_08-frt-1008_01-sng_00-n_00-n_00-n_00-n_00-n_00-n;1008;0;41716;0;N;531758;N;8;3026;0;PM_PH-BE_2;20140318xTue;8_Srbsko;Středočeský kraj;h00;7;9
02-o2_01-ver_03-tour_03-lau2_07-day_05-300+_08-frt-1008_01-sng_00-n_00-n_00-n_00-n_00-n_00-n;1008;0;41716;0;N;531979;N;6;3026;0;PM_PH-BE_2;20140318xTue;6_Zadní Třebaň;Středočeský kraj;h00;3;43
02-o2_01-ver_03-tour_03-lau2_07-day_05-300+_08-frt-1008_01-sng_00-n_00-n_00-n_00-n_00-n_00-n;1008;0;41716;0;N;539139;N;2;3026;0;PM_PH-BE_2;20140318xTue;2_Černošice;Středočeský kraj;h00;65;286
02-o2_01-ver_03-tour_03-lau2_07-day_05-300+_08-frt-1008_01-sng_00-n_00-n_00-n_00-n_00-n_00-n;1008;0;41716;0;N;539198;N;4;3026;0;PM_PH-BE_2;20140318xTue;4_Dobřichovice;Středočeský kraj;h00;9;99
02-o2_01-ver_03-tour_03-lau2_07-day_05-300+_08-frt-1008_01-sng_00-n_00-n_00-n_00-n_00-n_00-n;1008;0;41716;0;N;539643;N;5;3026;0;PM_PH-BE_2;20140318xTue;5_Řevnice;Středočeský kraj;h00;43;18
02-o2_01-ver_03-tour_03-lau2_07-day_05-300+_08-frt-1008_01-sng_00-n_00-n_00-n_00-n_00-n_00-n;1008;0;41716;0;N;539856;N;3;3026;0;PM_PH-BE_2;20140318xTue;3_Všenory;Středočeský kraj;h00;50;172
02-o2_01-ver_03-tour_03-lau2_07-day_05-300+_08-frt-1008_01-sng_00-n_00-n_00-n_00-n_00-n_00-n;1008;0;41716;0;N;554782;N;1;3018;0;PM_PH-BE_2;20140318xTue;1_Praha;Hlavní město Praha;h00;934;0
02-o2_01-ver_03-tour_03-lau2_07-day_05-300+_08-frt-1008_01-sng_00-n_00-n_00-n_00-n_00-n_00-n;1008;0;41717;0;N;531057;N;9;3026;0;PM_PH-BE_2;20140319xWed;9_Beroun;Středočeský kraj;h00;0;530
02-o2_01-ver_03-tour_03-lau2_07-day_05-300+_08-frt-1008_01-sng_00-n_00-n_00-n_00-n_00-n_00-n;1008;0;41717;0;N;531316;N;7;3026;0;PM_PH-BE_2;20140319xWed;7_Karlštejn;Středočeský kraj;h00;34;43
02-o2_01-ver_03-tour_03-lau2_07-day_05-300+_08-frt-1008_01-sng_00-n_00-n_00-n_00-n_00-n_00-n;1008;0;41717;0;N;531758;N;8;3026;0;PM_PH-BE_2;20140319xWed;8_Srbsko;Středočeský kraj;h00;6;8
02-o2_01-ver_03-tour_03-lau2_07-day_05-300+_08-frt-1008_01-sng_00-n_00-n_00-n_00-n_00-n_00-n;1008;0;41717;0;N;531979;N;6;3026;0;PM_PH-BE_2;20140319xWed;6_Zadní Třebaň;Středočeský kraj;h00;7;48
02-o2_01-ver_03-tour_03-lau2_07-day_05-300+_08-frt-1008_01-sng_00-n_00-n_00-n_00-n_00-n_00-n;1008;0;41717;0;N;539139;N;2;3026;0;PM_PH-BE_2;20140319xWed;2_Černošice;Středočeský kraj;h00;116;391
02-o2_01-ver_03-tour_03-lau2_07-day_05-300+_08-frt-1008_01-sng_00-n_00-n_00-n_00-n_00-n_00-n;1008;0;41717;0;N;539198;N;4;3026;0;PM_PH-BE_2;20140319xWed;4_Dobřichovice;Středočeský kraj;h00;11;128
02-o2_01-ver_03-tour_03-lau2_07-day_05-300+_08-frt-1008_01-sng_00-n_00-n_00-n_00-n_00-n_00-n;1008;0;41717;0;N;539643;N;5;3026;0;PM_PH-BE_2;20140319xWed;5_Řevnice;Středočeský kraj;h00;64;22
02-o2_01-ver_03-tour_03-lau2_07-day_05-300+_08-frt-1008_01-sng_00-n_00-n_00-n_00-n_00-n_00-n;1008;0;41717;0;N;539856;N;3;3026;0;PM_PH-BE_2;20140319xWed;3_Všenory;Středočeský kraj;h00;57;202
02-o2_01-ver_03-tour_03-lau2_07-day_05-300+_08-frt-1008_01-sng_00-n_00-n_00-n_00-n_00-n_00-n;1008;0;41717;0;N;554782;N;1;3018;0;PM_PH-BE_2;20140319xWed;1_Praha;Hlavní město Praha;h00;1077;0
02-o2_01-ver_03-tour_03-lau2_07-day_05-300+_08-frt-1008_01-sng_00-n_00-n_00-n_00-n_00-n_00-n;1008;0;41718;0;N;531057;N;9;3026;0;PM_PH-BE_2;20140320xThu;9_Beroun;Středočeský kraj;h00;0;459
02-o2_01-ver_03-tour_03-lau2_07-day_05-300+_08-frt-1008_01-sng_00-n_00-n_00-n_00-n_00-n_00-n;1008;0;41718;0;N;531316;N;7;3026;0;PM_PH-BE_2;20140320xThu;7_Karlštejn;Středočeský kraj;h00;25;22
02-o2_01-ver_03-tour_03-lau2_07-day_05-300+_08-frt-1008_01-sng_00-n_00-n_00-n_00-n_00-n_00-n;1008;0;41718;0;N;531758;N;8;3026;0;PM_PH-BE_2;20140320xThu;8_Srbsko;Středočeský kraj;h00;7;6
02-o2_01-ver_03-tour_03-lau2_07-day_05-300+_08-frt-1008_01-sng_00-n_00-n_00-n_00-n_00-n_00-n;1008;0;41718;0;N;531979;N;6;3026;0;PM_PH-BE_2;20140320xThu;6_Zadní Třebaň;Středočeský kraj;h00;2;60
02-o2_01-ver_03-tour_03-lau2_07-day_05-300+_08-frt-1008_01-sng_00-n_00-n_00-n_00-n_00-n_00-n;1008;0;41718;0;N;539139;N;2;3026;0;PM_PH-BE_2;20140320xThu;2_Černošice;Středočeský kraj;h00;70;334
02-o2_01-ver_03-tour_03-lau2_07-day_05-300+_08-frt-1008_01-sng_00-n_00-n_00-n_00-n_00-n_00-n;1008;0;41718;0;N;539198;N;4;3026;0;PM_PH-BE_2;20140320xThu;4_Dobřichovice;Středočeský kraj;h00;12;112
02-o2_01-ver_03-tour_03-lau2_07-day_05-300+_08-frt-1008_01-sng_00-n_00-n_00-n_00-n_00-n_00-n;1008;0;41718;0;N;539643;N;5;3026;0;PM_PH-BE_2;20140320xThu;5_Řevnice;Středočeský kraj;h00;59;25
02-o2_01-ver_03-tour_03-lau2_07-day_05-300+_08-frt-1008_01-sng_00-n_00-n_00-n_00-n_00-n_00-n;1008;0;41718;0;N;539856;N;3;3026;0;PM_PH-BE_2;20140320xThu;3_Všenory;Středočeský kraj;h00;56;178
02-o2_01-ver_03-tour_03-lau2_07-day_05-300+_08-frt-1008_01-sng_00-n_00-n_00-n_00-n_00-n_00-n;1008;0;41718;0;N;554782;N;1;3018;0;PM_PH-BE_2;20140320xThu;1_Praha;Hlavní město Praha;h00;965;0
02-o2_01-ver_03-tour_03-lau2_07-day_05-300+_08-frt-1008_01-sng_00-n_00-n_00-n_00-n_00-n_00-n;1008;0;41719;0;N;531057;N;9;3026;0;PM_PH-BE_2;20140321xFri;9_Beroun;Středočeský kraj;h00;0;488
02-o2_01-ver_03-tour_03-lau2_07-day_05-300+_08-frt-1008_01-sng_00-n_00-n_00-n_00-n_00-n_00-n;1008;0;41719;0;N;531316;N;7;3026;0;PM_PH-BE_2;20140321xFri;7_Karlštejn;Středočeský kraj;h00;15;21
02-o2_01-ver_03-tour_03-lau2_07-day_05-300+_08-frt-1008_01-sng_00-n_00-n_00-n_00-n_00-n_00-n;1008;0;41719;0;N;531758;N;8;3026;0;PM_PH-BE_2;20140321xFri;8_Srbsko;Středočeský kraj;h00;10;2
02-o2_01-ver_03-tour_03-lau2_07-day_05-300+_08-frt-1008_01-sng_00-n_00-n_00-n_00-n_00-n_00-n;1008;0;41719;0;N;531979;N;6;3026;0;PM_PH-BE_2;20140321xFri;6_Zadní Třebaň;Středočeský kraj;h00;0;21
02-o2_01-ver_03-tour_03-lau2_07-day_05-300+_08-frt-1008_01-sng_00-n_00-n_00-n_00-n_00-n_00-n;1008;0;41719;0;N;539139;N;2;3026;0;PM_PH-BE_2;20140321xFri;2_Černošice;Středočeský kraj;h00;64;177
02-o2_01-ver_03-tour_03-lau2_07-day_05-300+_08-frt-1008_01-sng_00-n_00-n_00-n_00-n_00-n_00-n;1008;0;41719;0;N;539198;N;4;3026;0;PM_PH-BE_2;20140321xFri;4_Dobřichovice;Středočeský kraj;h00;8;107
02-o2_01-ver_03-tour_03-lau2_07-day_05-300+_08-frt-1008_01-sng_00-n_00-n_00-n_00-n_00-n_00-n;1008;0;41719;0;N;539643;N;5;3026;0;PM_PH-BE_2;20140321xFri;5_Řevnice;Středočeský kraj;h00;21;10
02-o2_01-ver_03-tour_03-lau2_07-day_05-300+_08-frt-1008_01-sng_00-n_00-n_00-n_00-n_00-n_00-n;1008;0;41719;0;N;539856;N;3;3026;0;PM_PH-BE_2;20140321xFri;3_Všenory;Středočeský kraj;h00;53;149
02-o2_01-ver_03-tour_03-lau2_07-day_05-300+_08-frt-1008_01-sng_00-n_00-n_00-n_00-n_00-n_00-n;1008;0;41719;0;N;554782;N;1;3018;0;PM_PH-BE_2;20140321xFri;1_Praha;Hlavní město Praha;h00;804;0
02-o2_01-ver_03-tour_03-lau2_07-day_05-300+_08-frt-1008_01-sng_00-n_00-n_00-n_00-n_00-n_00-n;1008;0;41720;0;N;531057;N;9;3026;0;PM_PH-BE_2;20140322xSat;9_Beroun;Středočeský kraj;h00;0;332
02-o2_01-ver_03-tour_03-lau2_07-day_05-300+_08-frt-1008_01-sng_00-n_00-n_00-n_00-n_00-n_00-n;1008;0;41720;0;N;531316;N;7;3026;0;PM_PH-BE_2;20140322xSat;7_Karlštejn;Středočeský kraj;h00;15;39
02-o2_01-ver_03-tour_03-lau2_07-day_05-300+_08-frt-1008_01-sng_00-n_00-n_00-n_00-n_00-n_00-n;1008;0;41720;0;N;531758;N;8;3026;0;PM_PH-BE_2;20140322xSat;8_Srbsko;Středočeský kraj;h00;11;10
02-o2_01-ver_03-tour_03-lau2_07-day_05-300+_08-frt-1008_01-sng_00-n_00-n_00-n_00-n_00-n_00-n;1008;0;41720;0;N;531979;N;6;3026;0;PM_PH-BE_2;20140322xSat;6_Zadní Třebaň;Středočeský kraj;h00;1;28
02-o2_01-ver_03-tour_03-lau2_07-day_05-300+_08-frt-1008_01-sng_00-n_00-n_00-n_00-n_00-n_00-n;1008;0;41720;0;N;539139;N;2;3026;0;PM_PH-BE_2;20140322xSat;2_Černošice;Středočeský kraj;h00;111;233
02-o2_01-ver_03-tour_03-lau2_07-day_05-300+_08-frt-1008_01-sng_00-n_00-n_00-n_00-n_00-n_00-n;1008;0;41720;0;N;539198;N;4;3026;0;PM_PH-BE_2;20140322xSat;4_Dobřichovice;Středočeský kraj;h00;7;120
02-o2_01-ver_03-tour_03-lau2_07-day_05-300+_08-frt-1008_01-sng_00-n_00-n_00-n_00-n_00-n_00-n;1008;0;41720;0;N;539643;N;5;3026;0;PM_PH-BE_2;20140322xSat;5_Řevnice;Středočeský kraj;h00;35;14
02-o2_01-ver_03-tour_03-lau2_07-day_05-300+_08-frt-1008_01-sng_00-n_00-n_00-n_00-n_00-n_00-n;1008;0;41720;0;N;539856;N;3;3026;0;PM_PH-BE_2;20140322xSat;3_Všenory;Středočeský kraj;h00;64;182
02-o2_01-ver_03-tour_03-lau2_07-day_05-300+_08-frt-1008_01-sng_00-n_00-n_00-n_00-n_00-n_00-n;1008;0;41720;0;N;554782;N;1;3018;0;PM_PH-BE_2;20140322xSat;1_Praha;Hlavní město Praha;h00;714;0
02-o2_01-ver_03-tour_03-lau2_07-day_05-300+_08-frt-1008_01-sng_00-n_00-n_00-n_00-n_00-n_00-n;1008;0;41721;0;N;531057;N;9;3026;0;PM_PH-BE_2;20140323xSun;9_Beroun;Středočeský kraj;h00;0;314
02-o2_01-ver_03-tour_03-lau2_07-day_05-300+_08-frt-1008_01-sng_00-n_00-n_00-n_00-n_00-n_00-n;1008;0;41721;0;N;531316;N;7;3026;0;PM_PH-BE_2;20140323xSun;7_Karlštejn;Středočeský kraj;h00;21;16
02-o2_01-ver_03-tour_03-lau2_07-day_05-300+_08-frt-1008_01-sng_00-n_00-n_00-n_00-n_00-n_00-n;1008;0;41721;0;N;531758;N;8;3026;0;PM_PH-BE_2;20140323xSun;8_Srbsko;Středočeský kraj;h00;3;0
02-o2_01-ver_03-tour_03-lau2_07-day_05-300+_08-frt-1008_01-sng_00-n_00-n_00-n_00-n_00-n_00-n;1008;0;41721;0;N;531979;N;6;3026;0;PM_PH-BE_2;20140323xSun;6_Zadní Třebaň;Středočeský kraj;h00;3;38
02-o2_01-ver_03-tour_03-lau2_07-day_05-300+_08-frt-1008_01-sng_00-n_00-n_00-n_00-n_00-n_00-n;1008;0;41721;0;N;539139;N;2;3026;0;PM_PH-BE_2;20140323xSun;2_Černošice;Středočeský kraj;h00;103;259
02-o2_01-ver_03-tour_03-lau2_07-day_05-300+_08-frt-1008_01-sng_00-n_00-n_00-n_00-n_00-n_00-n;1008;0;41721;0;N;539198;N;4;3026;0;PM_PH-BE_2;20140323xSun;4_Dobřichovice;Středočeský kraj;h00;8;118
02-o2_01-ver_03-tour_03-lau2_07-day_05-300+_08-frt-1008_01-sng_00-n_00-n_00-n_00-n_00-n_00-n;1008;0;41721;0;N;539643;N;5;3026;0;PM_PH-BE_2;20140323xSun;5_Řevnice;Středočeský kraj;h00;37;12
02-o2_01-ver_03-tour_03-lau2_07-day_05-300+_08-frt-1008_01-sng_00-n_00-n_00-n_00-n_00-n_00-n;1008;0;41721;0;N;539856;N;3;3026;0;PM_PH-BE_2;20140323xSun;3_Všenory;Středočeský kraj;h00;81;143
02-o2_01-ver_03-tour_03-lau2_07-day_05-300+_08-frt-1008_01-sng_00-n_00-n_00-n_00-n_00-n_00-n;1008;0;41721;0;N;554782;N;1;3018;0;PM_PH-BE_2;20140323xSun;1_Praha;Hlavní město Praha;h00;644;0
02-o2_01-ver_03-tour_03-lau2_07-day_05-300+_08-frt-1008_01-sng_00-n_00-n_00-n_00-n_00-n_00-n;1008;0;41722;0;N;531057;N;9;3026;0;PM_PH-BE_2;20140324xMon;9_Beroun;Středočeský kraj;h00;0;476
02-o2_01-ver_03-tour_03-lau2_07-day_05-300+_08-frt-1008_01-sng_00-n_00-n_00-n_00-n_00-n_00-n;1008;0;41722;0;N;531316;N;7;3026;0;PM_PH-BE_2;20140324xMon;7_Karlštejn;Středočeský kraj;h00;27;32
02-o2_01-ver_03-tour_03-lau2_07-day_05-300+_08-frt-1008_01-sng_00-n_00-n_00-n_00-n_00-n_00-n;1008;0;41722;0;N;531758;N;8;3026;0;PM_PH-BE_2;20140324xMon;8_Srbsko;Středočeský kraj;h00;4;4
02-o2_01-ver_03-tour_03-lau2_07-day_05-300+_08-frt-1008_01-sng_00-n_00-n_00-n_00-n_00-n_00-n;1008;0;41722;0;N;531979;N;6;3026;0;PM_PH-BE_2;20140324xMon;6_Zadní Třebaň;Středočeský kraj;h00;2;39
02-o2_01-ver_03-tour_03-lau2_07-day_05-300+_08-frt-1008_01-sng_00-n_00-n_00-n_00-n_00-n_00-n;1008;0;41722;0;N;539139;N;2;3026;0;PM_PH-BE_2;20140324xMon;2_Černošice;Středočeský kraj;h00;89;290
02-o2_01-ver_03-tour_03-lau2_07-day_05-300+_08-frt-1008_01-sng_00-n_00-n_00-n_00-n_00-n_00-n;1008;0;41722;0;N;539198;N;4;3026;0;PM_PH-BE_2;20140324xMon;4_Dobřichovice;Středočeský kraj;h00;7;128
02-o2_01-ver_03-tour_03-lau2_07-day_05-300+_08-frt-1008_01-sng_00-n_00-n_00-n_00-n_00-n_00-n;1008;0;41722;0;N;539643;N;5;3026;0;PM_PH-BE_2;20140324xMon;5_Řevnice;Středočeský kraj;h00;45;17
02-o2_01-ver_03-tour_03-lau2_07-day_05-300+_08-frt-1008_01-sng_00-n_00-n_00-n_00-n_00-n_00-n;1008;0;41722;0;N;539856;N;3;3026;0;PM_PH-BE_2;20140324xMon;3_Všenory;Středočeský kraj;h00;54;168
02-o2_01-ver_03-tour_03-lau2_07-day_05-300+_08-frt-1008_01-sng_00-n_00-n_00-n_00-n_00-n_00-n;1008;0;41722;0;N;554782;N;1;3018;0;PM_PH-BE_2;20140324xMon;1_Praha;Hlavní město Praha;h00;926;0
02-o2_01-ver_03-tour_03-lau2_07-day_05-300+_08-frt-1008_01-sng_00-n_00-n_00-n_00-n_00-n_00-n;1008;0;41723;0;N;531057;N;9;3026;0;PM_PH-BE_2;20140325xTue;9_Beroun;Středočeský kraj;h00;0;517
02-o2_01-ver_03-tour_03-lau2_07-day_05-300+_08-frt-1008_01-sng_00-n_00-n_00-n_00-n_00-n_00-n;1008;0;41723;0;N;531316;N;7;3026;0;PM_PH-BE_2;20140325xTue;7_Karlštejn;Středočeský kraj;h00;21;18
02-o2_01-ver_03-tour_03-lau2_07-day_05-300+_08-frt-1008_01-sng_00-n_00-n_00-n_00-n_00-n_00-n;1008;0;41723;0;N;531758;N;8;3026;0;PM_PH-BE_2;20140325xTue;8_Srbsko;Středočeský kraj;h00;6;6
02-o2_01-ver_03-tour_03-lau2_07-day_05-300+_08-frt-1008_01-sng_00-n_00-n_00-n_00-n_00-n_00-n;1008;0;41723;0;N;531979;N;6;3026;0;PM_PH-BE_2;20140325xTue;6_Zadní Třebaň;Středočeský kraj;h00;1;32
02-o2_01-ver_03-tour_03-lau2_07-day_05-300+_08-frt-1008_01-sng_00-n_00-n_00-n_00-n_00-n_00-n;1008;0;41723;0;N;539139;N;2;3026;0;PM_PH-BE_2;20140325xTue;2_Černošice;Středočeský kraj;h00;82;283
02-o2_01-ver_03-tour_03-lau2_07-day_05-300+_08-frt-1008_01-sng_00-n_00-n_00-n_00-n_00-n_00-n;1008;0;41723;0;N;539198;N;4;3026;0;PM_PH-BE_2;20140325xTue;4_Dobřichovice;Středočeský kraj;h00;9;144
02-o2_01-ver_03-tour_03-lau2_07-day_05-300+_08-frt-1008_01-sng_00-n_00-n_00-n_00-n_00-n_00-n;1008;0;41723;0;N;539643;N;5;3026;0;PM_PH-BE_2;20140325xTue;5_Řevnice;Středočeský kraj;h00;39;19
02-o2_01-ver_03-tour_03-lau2_07-day_05-300+_08-frt-1008_01-sng_00-n_00-n_00-n_00-n_00-n_00-n;1008;0;41723;0;N;539856;N;3;3026;0;PM_PH-BE_2;20140325xTue;3_Všenory;Středočeský kraj;h00;53;183
02-o2_01-ver_03-tour_03-lau2_07-day_05-300+_08-frt-1008_01-sng_00-n_00-n_00-n_00-n_00-n_00-n;1008;0;41723;0;N;554782;N;1;3018;0;PM_PH-BE_2;20140325xTue;1_Praha;Hlavní město Praha;h00;991;0
02-o2_01-ver_03-tour_03-lau2_07-day_05-300+_08-frt-1008_01-sng_00-n_00-n_00-n_00-n_00-n_00-n;1008;0;41724;0;N;531057;N;9;3026;0;PM_PH-BE_2;20140326xWed;9_Beroun;Středočeský kraj;h00;0;489
02-o2_01-ver_03-tour_03-lau2_07-day_05-300+_08-frt-1008_01-sng_00-n_00-n_00-n_00-n_00-n_00-n;1008;0;41724;0;N;531316;N;7;3026;0;PM_PH-BE_2;20140326xWed;7_Karlštejn;Středočeský kraj;h00;22;18
02-o2_01-ver_03-tour_03-lau2_07-day_05-300+_08-frt-1008_01-sng_00-n_00-n_00-n_00-n_00-n_00-n;1008;0;41724;0;N;531758;N;8;3026;0;PM_PH-BE_2;20140326xWed;8_Srbsko;Středočeský kraj;h00;5;11
02-o2_01-ver_03-tour_03-lau2_07-day_05-300+_08-frt-1008_01-sng_00-n_00-n_00-n_00-n_00-n_00-n;1008;0;41724;0;N;531979;N;6;3026;0;PM_PH-BE_2;20140326xWed;6_Zadní Třebaň;Středočeský kraj;h00;1;38
02-o2_01-ver_03-tour_03-lau2_07-day_05-300+_08-frt-1008_01-sng_00-n_00-n_00-n_00-n_00-n_00-n;1008;0;41724;0;N;539139;N;2;3026;0;PM_PH-BE_2;20140326xWed;2_Černošice;Středočeský kraj;h00;75;308
02-o2_01-ver_03-tour_03-lau2_07-day_05-300+_08-frt-1008_01-sng_00-n_00-n_00-n_00-n_00-n_00-n;1008;0;41724;0;N;539198;N;4;3026;0;PM_PH-BE_2;20140326xWed;4_Dobřichovice;Středočeský kraj;h00;7;132
02-o2_01-ver_03-tour_03-lau2_07-day_05-300+_08-frt-1008_01-sng_00-n_00-n_00-n_00-n_00-n_00-n;1008;0;41724;0;N;539643;N;5;3026;0;PM_PH-BE_2;20140326xWed;5_Řevnice;Středočeský kraj;h00;42;15
02-o2_01-ver_03-tour_03-lau2_07-day_05-300+_08-frt-1008_01-sng_00-n_00-n_00-n_00-n_00-n_00-n;1008;0;41724;0;N;539856;N;3;3026;0;PM_PH-BE_2;20140326xWed;3_Všenory;Středočeský kraj;h00;48;173
02-o2_01-ver_03-tour_03-lau2_07-day_05-300+_08-frt-1008_01-sng_00-n_00-n_00-n_00-n_00-n_00-n;1008;0;41724;0;N;554782;N;1;3018;0;PM_PH-BE_2;20140326xWed;1_Praha;Hlavní město Praha;h00;984;0
