02-o2_02-edg_02-vis_03-lau2_07-day_03-60_08-frt-1008_01-sng_00-n_00-n_00-n_00-n_00-n_00-n;1008;0;41713;0;N;539856;539198;3;3026;0;PM_PH-BE_2;20140315xSat;03_Všenory_Dobřichovice;Středočeský kraj;h00;106;N
02-o2_02-edg_02-vis_03-lau2_07-day_03-60_08-frt-1008_01-sng_00-n_00-n_00-n_00-n_00-n_00-n;1008;0;41717;0;N;539856;539198;3;3026;0;PM_PH-BE_2;20140319xWed;03_Všenory_Dobřichovice;Středočeský kraj;h00;76;N
02-o2_02-edg_02-vis_03-lau2_07-day_03-60_08-frt-1008_01-sng_00-n_00-n_00-n_00-n_00-n_00-n;1008;0;41710;0;N;539856;539198;3;3026;0;PM_PH-BE_2;20140312xWed;03_Všenory_Dobřichovice;Středočeský kraj;h00;145;N
02-o2_02-edg_02-vis_03-lau2_07-day_03-60_08-frt-1008_01-sng_00-n_00-n_00-n_00-n_00-n_00-n;1008;0;41712;0;N;539856;539198;3;3026;0;PM_PH-BE_2;20140314xFri;03_Všenory_Dobřichovice;Středočeský kraj;h00;120;N
02-o2_02-edg_02-vis_03-lau2_07-day_03-60_08-frt-1008_01-sng_00-n_00-n_00-n_00-n_00-n_00-n;1008;0;41720;0;N;539856;539198;3;3026;0;PM_PH-BE_2;20140322xSat;03_Všenory_Dobřichovice;Středočeský kraj;h00;129;N
02-o2_02-edg_02-vis_03-lau2_07-day_03-60_08-frt-1008_01-sng_00-n_00-n_00-n_00-n_00-n_00-n;1008;0;41716;0;N;539856;539198;3;3026;0;PM_PH-BE_2;20140318xTue;03_Všenory_Dobřichovice;Středočeský kraj;h00;135;N
02-o2_02-edg_02-vis_03-lau2_07-day_03-60_08-frt-1008_01-sng_00-n_00-n_00-n_00-n_00-n_00-n;1008;0;41721;0;N;539856;539198;3;3026;0;PM_PH-BE_2;20140323xSun;03_Všenory_Dobřichovice;Středočeský kraj;h00;167;N
02-o2_02-edg_02-vis_03-lau2_07-day_03-60_08-frt-1008_01-sng_00-n_00-n_00-n_00-n_00-n_00-n;1008;0;41724;0;N;539856;539198;3;3026;0;PM_PH-BE_2;20140326xWed;03_Všenory_Dobřichovice;Středočeský kraj;h00;138;N
02-o2_02-edg_02-vis_03-lau2_07-day_03-60_08-frt-1008_01-sng_00-n_00-n_00-n_00-n_00-n_00-n;1008;0;41723;0;N;539856;539198;3;3026;0;PM_PH-BE_2;20140325xTue;03_Všenory_Dobřichovice;Středočeský kraj;h00;79;N
02-o2_02-edg_02-vis_03-lau2_07-day_03-60_08-frt-1008_01-sng_00-n_00-n_00-n_00-n_00-n_00-n;1008;0;41722;0;N;539856;539198;3;3026;0;PM_PH-BE_2;20140324xMon;03_Všenory_Dobřichovice;Středočeský kraj;h00;167;N
02-o2_02-edg_02-vis_03-lau2_07-day_03-60_08-frt-1008_01-sng_00-n_00-n_00-n_00-n_00-n_00-n;1008;0;41713;0;N;539856;531979;3;3026;0;PM_PH-BE_2;20140315xSat;03_Všenory_Zadní Třebaň;Středočeský kraj;h00;1;N
02-o2_02-edg_02-vis_03-lau2_07-day_03-60_08-frt-1008_01-sng_00-n_00-n_00-n_00-n_00-n_00-n;1008;0;41714;0;N;539856;531979;3;3026;0;PM_PH-BE_2;20140316xSun;03_Všenory_Zadní Třebaň;Středočeský kraj;h00;4;N
02-o2_02-edg_02-vis_03-lau2_07-day_03-60_08-frt-1008_01-sng_00-n_00-n_00-n_00-n_00-n_00-n;1008;0;41710;0;N;539856;531979;3;3026;0;PM_PH-BE_2;20140312xWed;03_Všenory_Zadní Třebaň;Středočeský kraj;h00;2;N
02-o2_02-edg_02-vis_03-lau2_07-day_03-60_08-frt-1008_01-sng_00-n_00-n_00-n_00-n_00-n_00-n;1008;0;41724;0;N;539856;531979;3;3026;0;PM_PH-BE_2;20140326xWed;03_Všenory_Zadní Třebaň;Středočeský kraj;h00;1;N
02-o2_02-edg_02-vis_03-lau2_07-day_03-60_08-frt-1008_01-sng_00-n_00-n_00-n_00-n_00-n_00-n;1008;0;41722;0;N;539856;531979;3;3026;0;PM_PH-BE_2;20140324xMon;03_Všenory_Zadní Třebaň;Středočeský kraj;h00;2;N
02-o2_02-edg_02-vis_03-lau2_07-day_03-60_08-frt-1008_01-sng_00-n_00-n_00-n_00-n_00-n_00-n;1008;0;41721;0;N;539856;531979;3;3026;0;PM_PH-BE_2;20140323xSun;03_Všenory_Zadní Třebaň;Středočeský kraj;h00;2;N
02-o2_02-edg_02-vis_03-lau2_07-day_03-60_08-frt-1008_01-sng_00-n_00-n_00-n_00-n_00-n_00-n;1008;0;41719;0;N;539856;531316;3;3026;0;PM_PH-BE_2;20140321xFri;03_Všenory_Karlštejn;Středočeský kraj;h00;2;N
02-o2_02-edg_02-vis_03-lau2_07-day_03-60_08-frt-1008_01-sng_00-n_00-n_00-n_00-n_00-n_00-n;1008;0;41715;0;N;539856;531316;3;3026;0;PM_PH-BE_2;20140317xMon;03_Všenory_Karlštejn;Středočeský kraj;h00;2;N
02-o2_02-edg_02-vis_03-lau2_07-day_03-60_08-frt-1008_01-sng_00-n_00-n_00-n_00-n_00-n_00-n;1008;0;41710;0;N;539856;531316;3;3026;0;PM_PH-BE_2;20140312xWed;03_Všenory_Karlštejn;Středočeský kraj;h00;1;N
02-o2_02-edg_02-vis_03-lau2_07-day_03-60_08-frt-1008_01-sng_00-n_00-n_00-n_00-n_00-n_00-n;1008;0;41711;0;N;539856;531316;3;3026;0;PM_PH-BE_2;20140313xThu;03_Všenory_Karlštejn;Středočeský kraj;h00;2;N
02-o2_02-edg_02-vis_03-lau2_07-day_03-60_08-frt-1008_01-sng_00-n_00-n_00-n_00-n_00-n_00-n;1008;0;41717;0;N;539856;531316;3;3026;0;PM_PH-BE_2;20140319xWed;03_Všenory_Karlštejn;Středočeský kraj;h00;4;N
02-o2_02-edg_02-vis_03-lau2_07-day_03-60_08-frt-1008_01-sng_00-n_00-n_00-n_00-n_00-n_00-n;1008;0;41713;0;N;539856;531316;3;3026;0;PM_PH-BE_2;20140315xSat;03_Všenory_Karlštejn;Středočeský kraj;h00;1;N
02-o2_02-edg_02-vis_03-lau2_07-day_03-60_08-frt-1008_01-sng_00-n_00-n_00-n_00-n_00-n_00-n;1008;0;41716;0;N;539856;531316;3;3026;0;PM_PH-BE_2;20140318xTue;03_Všenory_Karlštejn;Středočeský kraj;h00;2;N
02-o2_02-edg_02-vis_03-lau2_07-day_03-60_08-frt-1008_01-sng_00-n_00-n_00-n_00-n_00-n_00-n;1008;0;41714;0;N;539856;531316;3;3026;0;PM_PH-BE_2;20140316xSun;03_Všenory_Karlštejn;Středočeský kraj;h00;3;N
02-o2_02-edg_02-vis_03-lau2_07-day_03-60_08-frt-1008_01-sng_00-n_00-n_00-n_00-n_00-n_00-n;1008;0;41712;0;N;539856;531316;3;3026;0;PM_PH-BE_2;20140314xFri;03_Všenory_Karlštejn;Středočeský kraj;h00;2;N
02-o2_02-edg_02-vis_03-lau2_07-day_03-60_08-frt-1008_01-sng_00-n_00-n_00-n_00-n_00-n_00-n;1008;0;41720;0;N;539856;531316;3;3026;0;PM_PH-BE_2;20140322xSat;03_Všenory_Karlštejn;Středočeský kraj;h00;1;N
02-o2_02-edg_02-vis_03-lau2_07-day_03-60_08-frt-1008_01-sng_00-n_00-n_00-n_00-n_00-n_00-n;1008;0;41718;0;N;539856;531316;3;3026;0;PM_PH-BE_2;20140320xThu;03_Všenory_Karlštejn;Středočeský kraj;h00;4;N
02-o2_02-edg_02-vis_03-lau2_07-day_03-60_08-frt-1008_01-sng_00-n_00-n_00-n_00-n_00-n_00-n;1008;0;41724;0;N;539856;531316;3;3026;0;PM_PH-BE_2;20140326xWed;03_Všenory_Karlštejn;Středočeský kraj;h00;3;N
02-o2_02-edg_02-vis_03-lau2_07-day_03-60_08-frt-1008_01-sng_00-n_00-n_00-n_00-n_00-n_00-n;1008;0;41721;0;N;539856;531316;3;3026;0;PM_PH-BE_2;20140323xSun;03_Všenory_Karlštejn;Středočeský kraj;h00;5;N
02-o2_02-edg_02-vis_03-lau2_07-day_03-60_08-frt-1008_01-sng_00-n_00-n_00-n_00-n_00-n_00-n;1008;0;41715;0;N;539856;531057;3;3026;0;PM_PH-BE_2;20140317xMon;03_Všenory_Beroun;Středočeský kraj;h00;1;N
02-o2_02-edg_02-vis_03-lau2_07-day_03-60_08-frt-1008_01-sng_00-n_00-n_00-n_00-n_00-n_00-n;1008;0;41713;0;N;539856;531057;3;3026;0;PM_PH-BE_2;20140315xSat;03_Všenory_Beroun;Středočeský kraj;h00;3;N
02-o2_02-edg_02-vis_03-lau2_07-day_03-60_08-frt-1008_01-sng_00-n_00-n_00-n_00-n_00-n_00-n;1008;0;41717;0;N;539856;531057;3;3026;0;PM_PH-BE_2;20140319xWed;03_Všenory_Beroun;Středočeský kraj;h00;4;N
02-o2_02-edg_02-vis_03-lau2_07-day_03-60_08-frt-1008_01-sng_00-n_00-n_00-n_00-n_00-n_00-n;1008;0;41714;0;N;539856;531057;3;3026;0;PM_PH-BE_2;20140316xSun;03_Všenory_Beroun;Středočeský kraj;h00;4;N
02-o2_02-edg_02-vis_03-lau2_07-day_03-60_08-frt-1008_01-sng_00-n_00-n_00-n_00-n_00-n_00-n;1008;0;41710;0;N;539856;531057;3;3026;0;PM_PH-BE_2;20140312xWed;03_Všenory_Beroun;Středočeský kraj;h00;3;N
02-o2_02-edg_02-vis_03-lau2_07-day_03-60_08-frt-1008_01-sng_00-n_00-n_00-n_00-n_00-n_00-n;1008;0;41711;0;N;539856;531057;3;3026;0;PM_PH-BE_2;20140313xThu;03_Všenory_Beroun;Středočeský kraj;h00;2;N
02-o2_02-edg_02-vis_03-lau2_07-day_03-60_08-frt-1008_01-sng_00-n_00-n_00-n_00-n_00-n_00-n;1008;0;41718;0;N;539856;531057;3;3026;0;PM_PH-BE_2;20140320xThu;03_Všenory_Beroun;Středočeský kraj;h00;4;N
02-o2_02-edg_02-vis_03-lau2_07-day_03-60_08-frt-1008_01-sng_00-n_00-n_00-n_00-n_00-n_00-n;1008;0;41719;0;N;539856;531057;3;3026;0;PM_PH-BE_2;20140321xFri;03_Všenory_Beroun;Středočeský kraj;h00;1;N
02-o2_02-edg_02-vis_03-lau2_07-day_03-60_08-frt-1008_01-sng_00-n_00-n_00-n_00-n_00-n_00-n;1008;0;41712;0;N;539856;531057;3;3026;0;PM_PH-BE_2;20140314xFri;03_Všenory_Beroun;Středočeský kraj;h00;1;N
02-o2_02-edg_02-vis_03-lau2_07-day_03-60_08-frt-1008_01-sng_00-n_00-n_00-n_00-n_00-n_00-n;1008;0;41716;0;N;539856;531057;3;3026;0;PM_PH-BE_2;20140318xTue;03_Všenory_Beroun;Středočeský kraj;h00;1;N
02-o2_02-edg_02-vis_03-lau2_07-day_03-60_08-frt-1008_01-sng_00-n_00-n_00-n_00-n_00-n_00-n;1008;0;41723;0;N;539856;531057;3;3026;0;PM_PH-BE_2;20140325xTue;03_Všenory_Beroun;Středočeský kraj;h00;1;N
02-o2_02-edg_02-vis_03-lau2_07-day_03-60_08-frt-1008_01-sng_00-n_00-n_00-n_00-n_00-n_00-n;1008;0;41724;0;N;539856;531057;3;3026;0;PM_PH-BE_2;20140326xWed;03_Všenory_Beroun;Středočeský kraj;h00;1;N
02-o2_02-edg_02-vis_03-lau2_07-day_03-60_08-frt-1008_01-sng_00-n_00-n_00-n_00-n_00-n_00-n;1008;0;41722;0;N;539856;531057;3;3026;0;PM_PH-BE_2;20140324xMon;03_Všenory_Beroun;Středočeský kraj;h00;2;N
02-o2_02-edg_02-vis_03-lau2_07-day_03-60_08-frt-1008_01-sng_00-n_00-n_00-n_00-n_00-n_00-n;1008;0;41721;0;N;539856;531057;3;3026;0;PM_PH-BE_2;20140323xSun;03_Všenory_Beroun;Středočeský kraj;h00;2;N
02-o2_02-edg_02-vis_03-lau2_07-day_03-60_08-frt-1008_01-sng_00-n_00-n_00-n_00-n_00-n_00-n;1008;0;41718;0;N;539643;531979;5;3026;0;PM_PH-BE_2;20140320xThu;05_Řevnice_Zadní Třebaň;Středočeský kraj;h00;81;N
02-o2_02-edg_02-vis_03-lau2_07-day_03-60_08-frt-1008_01-sng_00-n_00-n_00-n_00-n_00-n_00-n;1008;0;41720;0;N;539643;531979;5;3026;0;PM_PH-BE_2;20140322xSat;05_Řevnice_Zadní Třebaň;Středočeský kraj;h00;19;N
02-o2_02-edg_02-vis_03-lau2_07-day_03-60_08-frt-1008_01-sng_00-n_00-n_00-n_00-n_00-n_00-n;1008;0;41713;0;N;539643;531979;5;3026;0;PM_PH-BE_2;20140315xSat;05_Řevnice_Zadní Třebaň;Středočeský kraj;h00;36;N
02-o2_02-edg_02-vis_03-lau2_07-day_03-60_08-frt-1008_01-sng_00-n_00-n_00-n_00-n_00-n_00-n;1008;0;41714;0;N;539643;531979;5;3026;0;PM_PH-BE_2;20140316xSun;05_Řevnice_Zadní Třebaň;Středočeský kraj;h00;13;N
02-o2_02-edg_02-vis_03-lau2_07-day_03-60_08-frt-1008_01-sng_00-n_00-n_00-n_00-n_00-n_00-n;1008;0;41710;0;N;539643;531979;5;3026;0;PM_PH-BE_2;20140312xWed;05_Řevnice_Zadní Třebaň;Středočeský kraj;h00;46;N
02-o2_02-edg_02-vis_03-lau2_07-day_03-60_08-frt-1008_01-sng_00-n_00-n_00-n_00-n_00-n_00-n;1008;0;41711;0;N;539643;531979;5;3026;0;PM_PH-BE_2;20140313xThu;05_Řevnice_Zadní Třebaň;Středočeský kraj;h00;39;N
02-o2_02-edg_02-vis_03-lau2_07-day_03-60_08-frt-1008_01-sng_00-n_00-n_00-n_00-n_00-n_00-n;1008;0;41719;0;N;539643;531979;5;3026;0;PM_PH-BE_2;20140321xFri;05_Řevnice_Zadní Třebaň;Středočeský kraj;h00;14;N
02-o2_02-edg_02-vis_03-lau2_07-day_03-60_08-frt-1008_01-sng_00-n_00-n_00-n_00-n_00-n_00-n;1008;0;41716;0;N;539643;531979;5;3026;0;PM_PH-BE_2;20140318xTue;05_Řevnice_Zadní Třebaň;Středočeský kraj;h00;39;N
02-o2_02-edg_02-vis_03-lau2_07-day_03-60_08-frt-1008_01-sng_00-n_00-n_00-n_00-n_00-n_00-n;1008;0;41712;0;N;539643;531979;5;3026;0;PM_PH-BE_2;20140314xFri;05_Řevnice_Zadní Třebaň;Středočeský kraj;h00;28;N
02-o2_02-edg_02-vis_03-lau2_07-day_03-60_08-frt-1008_01-sng_00-n_00-n_00-n_00-n_00-n_00-n;1008;0;41715;0;N;539643;531979;5;3026;0;PM_PH-BE_2;20140317xMon;05_Řevnice_Zadní Třebaň;Středočeský kraj;h00;16;N
02-o2_02-edg_02-vis_03-lau2_07-day_03-60_08-frt-1008_01-sng_00-n_00-n_00-n_00-n_00-n_00-n;1008;0;41717;0;N;539643;531979;5;3026;0;PM_PH-BE_2;20140319xWed;05_Řevnice_Zadní Třebaň;Středočeský kraj;h00;60;N
02-o2_02-edg_02-vis_03-lau2_07-day_03-60_08-frt-1008_01-sng_00-n_00-n_00-n_00-n_00-n_00-n;1008;0;41723;0;N;539643;531979;5;3026;0;PM_PH-BE_2;20140325xTue;05_Řevnice_Zadní Třebaň;Středočeský kraj;h00;63;N
02-o2_02-edg_02-vis_03-lau2_07-day_03-60_08-frt-1008_01-sng_00-n_00-n_00-n_00-n_00-n_00-n;1008;0;41724;0;N;539643;531979;5;3026;0;PM_PH-BE_2;20140326xWed;05_Řevnice_Zadní Třebaň;Středočeský kraj;h00;56;N
02-o2_02-edg_02-vis_03-lau2_07-day_03-60_08-frt-1008_01-sng_00-n_00-n_00-n_00-n_00-n_00-n;1008;0;41722;0;N;539643;531979;5;3026;0;PM_PH-BE_2;20140324xMon;05_Řevnice_Zadní Třebaň;Středočeský kraj;h00;59;N
02-o2_02-edg_02-vis_03-lau2_07-day_03-60_08-frt-1008_01-sng_00-n_00-n_00-n_00-n_00-n_00-n;1008;0;41721;0;N;539643;531979;5;3026;0;PM_PH-BE_2;20140323xSun;05_Řevnice_Zadní Třebaň;Středočeský kraj;h00;52;N
02-o2_02-edg_02-vis_03-lau2_07-day_03-60_08-frt-1008_01-sng_00-n_00-n_00-n_00-n_00-n_00-n;1008;0;41718;0;N;539643;531758;5;3026;0;PM_PH-BE_2;20140320xThu;05_Řevnice_Srbsko;Středočeský kraj;h00;1;N
02-o2_02-edg_02-vis_03-lau2_07-day_03-60_08-frt-1008_01-sng_00-n_00-n_00-n_00-n_00-n_00-n;1008;0;41710;0;N;539643;531758;5;3026;0;PM_PH-BE_2;20140312xWed;05_Řevnice_Srbsko;Středočeský kraj;h00;1;N
02-o2_02-edg_02-vis_03-lau2_07-day_03-60_08-frt-1008_01-sng_00-n_00-n_00-n_00-n_00-n_00-n;1008;0;41720;0;N;539643;531316;5;3026;0;PM_PH-BE_2;20140322xSat;05_Řevnice_Karlštejn;Středočeský kraj;h00;9;N
02-o2_02-edg_02-vis_03-lau2_07-day_03-60_08-frt-1008_01-sng_00-n_00-n_00-n_00-n_00-n_00-n;1008;0;41710;0;N;539643;531316;5;3026;0;PM_PH-BE_2;20140312xWed;05_Řevnice_Karlštejn;Středočeský kraj;h00;10;N
02-o2_02-edg_02-vis_03-lau2_07-day_03-60_08-frt-1008_01-sng_00-n_00-n_00-n_00-n_00-n_00-n;1008;0;41719;0;N;539643;531316;5;3026;0;PM_PH-BE_2;20140321xFri;05_Řevnice_Karlštejn;Středočeský kraj;h00;3;N
02-o2_02-edg_02-vis_03-lau2_07-day_03-60_08-frt-1008_01-sng_00-n_00-n_00-n_00-n_00-n_00-n;1008;0;41713;0;N;539643;531316;5;3026;0;PM_PH-BE_2;20140315xSat;05_Řevnice_Karlštejn;Středočeský kraj;h00;3;N
02-o2_02-edg_02-vis_03-lau2_07-day_03-60_08-frt-1008_01-sng_00-n_00-n_00-n_00-n_00-n_00-n;1008;0;41715;0;N;539643;531316;5;3026;0;PM_PH-BE_2;20140317xMon;05_Řevnice_Karlštejn;Středočeský kraj;h00;1;N
02-o2_02-edg_02-vis_03-lau2_07-day_03-60_08-frt-1008_01-sng_00-n_00-n_00-n_00-n_00-n_00-n;1008;0;41711;0;N;539643;531316;5;3026;0;PM_PH-BE_2;20140313xThu;05_Řevnice_Karlštejn;Středočeský kraj;h00;10;N
02-o2_02-edg_02-vis_03-lau2_07-day_03-60_08-frt-1008_01-sng_00-n_00-n_00-n_00-n_00-n_00-n;1008;0;41714;0;N;539643;531316;5;3026;0;PM_PH-BE_2;20140316xSun;05_Řevnice_Karlštejn;Středočeský kraj;h00;6;N
02-o2_02-edg_02-vis_03-lau2_07-day_03-60_08-frt-1008_01-sng_00-n_00-n_00-n_00-n_00-n_00-n;1008;0;41718;0;N;539643;531316;5;3026;0;PM_PH-BE_2;20140320xThu;05_Řevnice_Karlštejn;Středočeský kraj;h00;14;N
02-o2_02-edg_02-vis_03-lau2_07-day_03-60_08-frt-1008_01-sng_00-n_00-n_00-n_00-n_00-n_00-n;1008;0;41712;0;N;539643;531316;5;3026;0;PM_PH-BE_2;20140314xFri;05_Řevnice_Karlštejn;Středočeský kraj;h00;8;N
02-o2_02-edg_02-vis_03-lau2_07-day_03-60_08-frt-1008_01-sng_00-n_00-n_00-n_00-n_00-n_00-n;1008;0;41717;0;N;539643;531316;5;3026;0;PM_PH-BE_2;20140319xWed;05_Řevnice_Karlštejn;Středočeský kraj;h00;13;N
02-o2_02-edg_02-vis_03-lau2_07-day_03-60_08-frt-1008_01-sng_00-n_00-n_00-n_00-n_00-n_00-n;1008;0;41716;0;N;539643;531316;5;3026;0;PM_PH-BE_2;20140318xTue;05_Řevnice_Karlštejn;Středočeský kraj;h00;9;N
02-o2_02-edg_02-vis_03-lau2_07-day_03-60_08-frt-1008_01-sng_00-n_00-n_00-n_00-n_00-n_00-n;1008;0;41722;0;N;539643;531316;5;3026;0;PM_PH-BE_2;20140324xMon;05_Řevnice_Karlštejn;Středočeský kraj;h00;9;N
02-o2_02-edg_02-vis_03-lau2_07-day_03-60_08-frt-1008_01-sng_00-n_00-n_00-n_00-n_00-n_00-n;1008;0;41724;0;N;539643;531316;5;3026;0;PM_PH-BE_2;20140326xWed;05_Řevnice_Karlštejn;Středočeský kraj;h00;16;N
02-o2_02-edg_02-vis_03-lau2_07-day_03-60_08-frt-1008_01-sng_00-n_00-n_00-n_00-n_00-n_00-n;1008;0;41721;0;N;539643;531316;5;3026;0;PM_PH-BE_2;20140323xSun;05_Řevnice_Karlštejn;Středočeský kraj;h00;9;N
02-o2_02-edg_02-vis_03-lau2_07-day_03-60_08-frt-1008_01-sng_00-n_00-n_00-n_00-n_00-n_00-n;1008;0;41723;0;N;539643;531316;5;3026;0;PM_PH-BE_2;20140325xTue;05_Řevnice_Karlštejn;Středočeský kraj;h00;12;N
02-o2_02-edg_02-vis_03-lau2_07-day_03-60_08-frt-1008_01-sng_00-n_00-n_00-n_00-n_00-n_00-n;1008;0;41715;0;N;539643;531057;5;3026;0;PM_PH-BE_2;20140317xMon;05_Řevnice_Beroun;Středočeský kraj;h00;3;N
02-o2_02-edg_02-vis_03-lau2_07-day_03-60_08-frt-1008_01-sng_00-n_00-n_00-n_00-n_00-n_00-n;1008;0;41710;0;N;539643;531057;5;3026;0;PM_PH-BE_2;20140312xWed;05_Řevnice_Beroun;Středočeský kraj;h00;10;N
02-o2_02-edg_02-vis_03-lau2_07-day_03-60_08-frt-1008_01-sng_00-n_00-n_00-n_00-n_00-n_00-n;1008;0;41714;0;N;539643;531057;5;3026;0;PM_PH-BE_2;20140316xSun;05_Řevnice_Beroun;Středočeský kraj;h00;1;N
02-o2_02-edg_02-vis_03-lau2_07-day_03-60_08-frt-1008_01-sng_00-n_00-n_00-n_00-n_00-n_00-n;1008;0;41721;0;N;539643;531057;5;3026;0;PM_PH-BE_2;20140323xSun;05_Řevnice_Beroun;Středočeský kraj;h00;3;N
02-o2_02-edg_02-vis_03-lau2_07-day_03-60_08-frt-1008_01-sng_00-n_00-n_00-n_00-n_00-n_00-n;1008;0;41711;0;N;539643;531057;5;3026;0;PM_PH-BE_2;20140313xThu;05_Řevnice_Beroun;Středočeský kraj;h00;6;N
02-o2_02-edg_02-vis_03-lau2_07-day_03-60_08-frt-1008_01-sng_00-n_00-n_00-n_00-n_00-n_00-n;1008;0;41720;0;N;539643;531057;5;3026;0;PM_PH-BE_2;20140322xSat;05_Řevnice_Beroun;Středočeský kraj;h00;4;N
02-o2_02-edg_02-vis_03-lau2_07-day_03-60_08-frt-1008_01-sng_00-n_00-n_00-n_00-n_00-n_00-n;1008;0;41718;0;N;539643;531057;5;3026;0;PM_PH-BE_2;20140320xThu;05_Řevnice_Beroun;Středočeský kraj;h00;8;N
02-o2_02-edg_02-vis_03-lau2_07-day_03-60_08-frt-1008_01-sng_00-n_00-n_00-n_00-n_00-n_00-n;1008;0;41716;0;N;539643;531057;5;3026;0;PM_PH-BE_2;20140318xTue;05_Řevnice_Beroun;Středočeský kraj;h00;5;N
02-o2_02-edg_02-vis_03-lau2_07-day_03-60_08-frt-1008_01-sng_00-n_00-n_00-n_00-n_00-n_00-n;1008;0;41719;0;N;539643;531057;5;3026;0;PM_PH-BE_2;20140321xFri;05_Řevnice_Beroun;Středočeský kraj;h00;1;N
02-o2_02-edg_02-vis_03-lau2_07-day_03-60_08-frt-1008_01-sng_00-n_00-n_00-n_00-n_00-n_00-n;1008;0;41713;0;N;539643;531057;5;3026;0;PM_PH-BE_2;20140315xSat;05_Řevnice_Beroun;Středočeský kraj;h00;1;N
02-o2_02-edg_02-vis_03-lau2_07-day_03-60_08-frt-1008_01-sng_00-n_00-n_00-n_00-n_00-n_00-n;1008;0;41717;0;N;539643;531057;5;3026;0;PM_PH-BE_2;20140319xWed;05_Řevnice_Beroun;Středočeský kraj;h00;11;N
02-o2_02-edg_02-vis_03-lau2_07-day_03-60_08-frt-1008_01-sng_00-n_00-n_00-n_00-n_00-n_00-n;1008;0;41712;0;N;539643;531057;5;3026;0;PM_PH-BE_2;20140314xFri;05_Řevnice_Beroun;Středočeský kraj;h00;5;N
02-o2_02-edg_02-vis_03-lau2_07-day_03-60_08-frt-1008_01-sng_00-n_00-n_00-n_00-n_00-n_00-n;1008;0;41722;0;N;539643;531057;5;3026;0;PM_PH-BE_2;20140324xMon;05_Řevnice_Beroun;Středočeský kraj;h00;3;N
02-o2_02-edg_02-vis_03-lau2_07-day_03-60_08-frt-1008_01-sng_00-n_00-n_00-n_00-n_00-n_00-n;1008;0;41723;0;N;539643;531057;5;3026;0;PM_PH-BE_2;20140325xTue;05_Řevnice_Beroun;Středočeský kraj;h00;10;N
02-o2_02-edg_02-vis_03-lau2_07-day_03-60_08-frt-1008_01-sng_00-n_00-n_00-n_00-n_00-n_00-n;1008;0;41724;0;N;539643;531057;5;3026;0;PM_PH-BE_2;20140326xWed;05_Řevnice_Beroun;Středočeský kraj;h00;14;N
02-o2_02-edg_02-vis_03-lau2_07-day_03-60_08-frt-1008_01-sng_00-n_00-n_00-n_00-n_00-n_00-n;1008;0;41719;0;N;539198;539643;4;3026;0;PM_PH-BE_2;20140321xFri;04_Dobřichovice_Řevnice;Středočeský kraj;h00;39;N
02-o2_02-edg_02-vis_03-lau2_07-day_03-60_08-frt-1008_01-sng_00-n_00-n_00-n_00-n_00-n_00-n;1008;0;41717;0;N;539198;539643;4;3026;0;PM_PH-BE_2;20140319xWed;04_Dobřichovice_Řevnice;Středočeský kraj;h00;44;N
02-o2_02-edg_02-vis_03-lau2_07-day_03-60_08-frt-1008_01-sng_00-n_00-n_00-n_00-n_00-n_00-n;1008;0;41716;0;N;539198;539643;4;3026;0;PM_PH-BE_2;20140318xTue;04_Dobřichovice_Řevnice;Středočeský kraj;h00;36;N
02-o2_02-edg_02-vis_03-lau2_07-day_03-60_08-frt-1008_01-sng_00-n_00-n_00-n_00-n_00-n_00-n;1008;0;41710;0;N;539198;539643;4;3026;0;PM_PH-BE_2;20140312xWed;04_Dobřichovice_Řevnice;Středočeský kraj;h00;31;N
02-o2_02-edg_02-vis_03-lau2_07-day_03-60_08-frt-1008_01-sng_00-n_00-n_00-n_00-n_00-n_00-n;1008;0;41720;0;N;539198;539643;4;3026;0;PM_PH-BE_2;20140322xSat;04_Dobřichovice_Řevnice;Středočeský kraj;h00;24;N
02-o2_02-edg_02-vis_03-lau2_07-day_03-60_08-frt-1008_01-sng_00-n_00-n_00-n_00-n_00-n_00-n;1008;0;41713;0;N;539198;539643;4;3026;0;PM_PH-BE_2;20140315xSat;04_Dobřichovice_Řevnice;Středočeský kraj;h00;36;N
02-o2_02-edg_02-vis_03-lau2_07-day_03-60_08-frt-1008_01-sng_00-n_00-n_00-n_00-n_00-n_00-n;1008;0;41712;0;N;539198;539643;4;3026;0;PM_PH-BE_2;20140314xFri;04_Dobřichovice_Řevnice;Středočeský kraj;h00;102;N
02-o2_02-edg_02-vis_03-lau2_07-day_03-60_08-frt-1008_01-sng_00-n_00-n_00-n_00-n_00-n_00-n;1008;0;41715;0;N;539198;539643;4;3026;0;PM_PH-BE_2;20140317xMon;04_Dobřichovice_Řevnice;Středočeský kraj;h00;10;N
02-o2_02-edg_02-vis_03-lau2_07-day_03-60_08-frt-1008_01-sng_00-n_00-n_00-n_00-n_00-n_00-n;1008;0;41718;0;N;539198;539643;4;3026;0;PM_PH-BE_2;20140320xThu;04_Dobřichovice_Řevnice;Středočeský kraj;h00;55;N
02-o2_02-edg_02-vis_03-lau2_07-day_03-60_08-frt-1008_01-sng_00-n_00-n_00-n_00-n_00-n_00-n;1008;0;41714;0;N;539198;539643;4;3026;0;PM_PH-BE_2;20140316xSun;04_Dobřichovice_Řevnice;Středočeský kraj;h00;27;N
02-o2_02-edg_02-vis_03-lau2_07-day_03-60_08-frt-1008_01-sng_00-n_00-n_00-n_00-n_00-n_00-n;1008;0;41711;0;N;539198;539643;4;3026;0;PM_PH-BE_2;20140313xThu;04_Dobřichovice_Řevnice;Středočeský kraj;h00;55;N
02-o2_02-edg_02-vis_03-lau2_07-day_03-60_08-frt-1008_01-sng_00-n_00-n_00-n_00-n_00-n_00-n;1008;0;41723;0;N;539198;539643;4;3026;0;PM_PH-BE_2;20140325xTue;04_Dobřichovice_Řevnice;Středočeský kraj;h00;31;N
02-o2_02-edg_02-vis_03-lau2_07-day_03-60_08-frt-1008_01-sng_00-n_00-n_00-n_00-n_00-n_00-n;1008;0;41722;0;N;539198;539643;4;3026;0;PM_PH-BE_2;20140324xMon;04_Dobřichovice_Řevnice;Středočeský kraj;h00;32;N
02-o2_02-edg_02-vis_03-lau2_07-day_03-60_08-frt-1008_01-sng_00-n_00-n_00-n_00-n_00-n_00-n;1008;0;41724;0;N;539198;539643;4;3026;0;PM_PH-BE_2;20140326xWed;04_Dobřichovice_Řevnice;Středočeský kraj;h00;31;N
02-o2_02-edg_02-vis_03-lau2_07-day_03-60_08-frt-1008_01-sng_00-n_00-n_00-n_00-n_00-n_00-n;1008;0;41721;0;N;539198;539643;4;3026;0;PM_PH-BE_2;20140323xSun;04_Dobřichovice_Řevnice;Středočeský kraj;h00;36;N
02-o2_02-edg_02-vis_03-lau2_07-day_03-60_08-frt-1008_01-sng_00-n_00-n_00-n_00-n_00-n_00-n;1008;0;41719;0;N;539198;531979;4;3026;0;PM_PH-BE_2;20140321xFri;04_Dobřichovice_Zadní Třebaň;Středočeský kraj;h00;1;N
02-o2_02-edg_02-vis_03-lau2_07-day_03-60_08-frt-1008_01-sng_00-n_00-n_00-n_00-n_00-n_00-n;1008;0;41711;0;N;539198;531979;4;3026;0;PM_PH-BE_2;20140313xThu;04_Dobřichovice_Zadní Třebaň;Středočeský kraj;h00;2;N
02-o2_02-edg_02-vis_03-lau2_07-day_03-60_08-frt-1008_01-sng_00-n_00-n_00-n_00-n_00-n_00-n;1008;0;41710;0;N;539198;531979;4;3026;0;PM_PH-BE_2;20140312xWed;04_Dobřichovice_Zadní Třebaň;Středočeský kraj;h00;1;N
02-o2_02-edg_02-vis_03-lau2_07-day_03-60_08-frt-1008_01-sng_00-n_00-n_00-n_00-n_00-n_00-n;1008;0;41716;0;N;539198;531979;4;3026;0;PM_PH-BE_2;20140318xTue;04_Dobřichovice_Zadní Třebaň;Středočeský kraj;h00;2;N
02-o2_02-edg_02-vis_03-lau2_07-day_03-60_08-frt-1008_01-sng_00-n_00-n_00-n_00-n_00-n_00-n;1008;0;41712;0;N;539198;531979;4;3026;0;PM_PH-BE_2;20140314xFri;04_Dobřichovice_Zadní Třebaň;Středočeský kraj;h00;19;N
02-o2_02-edg_02-vis_03-lau2_07-day_03-60_08-frt-1008_01-sng_00-n_00-n_00-n_00-n_00-n_00-n;1008;0;41718;0;N;539198;531979;4;3026;0;PM_PH-BE_2;20140320xThu;04_Dobřichovice_Zadní Třebaň;Středočeský kraj;h00;11;N
02-o2_02-edg_02-vis_03-lau2_07-day_03-60_08-frt-1008_01-sng_00-n_00-n_00-n_00-n_00-n_00-n;1008;0;41717;0;N;539198;531979;4;3026;0;PM_PH-BE_2;20140319xWed;04_Dobřichovice_Zadní Třebaň;Středočeský kraj;h00;5;N
02-o2_02-edg_02-vis_03-lau2_07-day_03-60_08-frt-1008_01-sng_00-n_00-n_00-n_00-n_00-n_00-n;1008;0;41713;0;N;539198;531979;4;3026;0;PM_PH-BE_2;20140315xSat;04_Dobřichovice_Zadní Třebaň;Středočeský kraj;h00;3;N
02-o2_02-edg_02-vis_03-lau2_07-day_03-60_08-frt-1008_01-sng_00-n_00-n_00-n_00-n_00-n_00-n;1008;0;41722;0;N;539198;531979;4;3026;0;PM_PH-BE_2;20140324xMon;04_Dobřichovice_Zadní Třebaň;Středočeský kraj;h00;1;N
02-o2_02-edg_02-vis_03-lau2_07-day_03-60_08-frt-1008_01-sng_00-n_00-n_00-n_00-n_00-n_00-n;1008;0;41724;0;N;539198;531979;4;3026;0;PM_PH-BE_2;20140326xWed;04_Dobřichovice_Zadní Třebaň;Středočeský kraj;h00;4;N
02-o2_02-edg_02-vis_03-lau2_07-day_03-60_08-frt-1008_01-sng_00-n_00-n_00-n_00-n_00-n_00-n;1008;0;41723;0;N;539198;531979;4;3026;0;PM_PH-BE_2;20140325xTue;04_Dobřichovice_Zadní Třebaň;Středočeský kraj;h00;4;N
02-o2_02-edg_02-vis_03-lau2_07-day_03-60_08-frt-1008_01-sng_00-n_00-n_00-n_00-n_00-n_00-n;1008;0;41719;0;N;539198;531758;4;3026;0;PM_PH-BE_2;20140321xFri;04_Dobřichovice_Srbsko;Středočeský kraj;h00;2;N
02-o2_02-edg_02-vis_03-lau2_07-day_03-60_08-frt-1008_01-sng_00-n_00-n_00-n_00-n_00-n_00-n;1008;0;41714;0;N;539198;531316;4;3026;0;PM_PH-BE_2;20140316xSun;04_Dobřichovice_Karlštejn;Středočeský kraj;h00;5;N
02-o2_02-edg_02-vis_03-lau2_07-day_03-60_08-frt-1008_01-sng_00-n_00-n_00-n_00-n_00-n_00-n;1008;0;41718;0;N;539198;531316;4;3026;0;PM_PH-BE_2;20140320xThu;04_Dobřichovice_Karlštejn;Středočeský kraj;h00;6;N
02-o2_02-edg_02-vis_03-lau2_07-day_03-60_08-frt-1008_01-sng_00-n_00-n_00-n_00-n_00-n_00-n;1008;0;41719;0;N;539198;531316;4;3026;0;PM_PH-BE_2;20140321xFri;04_Dobřichovice_Karlštejn;Středočeský kraj;h00;4;N
02-o2_02-edg_02-vis_03-lau2_07-day_03-60_08-frt-1008_01-sng_00-n_00-n_00-n_00-n_00-n_00-n;1008;0;41712;0;N;539198;531316;4;3026;0;PM_PH-BE_2;20140314xFri;04_Dobřichovice_Karlštejn;Středočeský kraj;h00;8;N
02-o2_02-edg_02-vis_03-lau2_07-day_03-60_08-frt-1008_01-sng_00-n_00-n_00-n_00-n_00-n_00-n;1008;0;41717;0;N;539198;531316;4;3026;0;PM_PH-BE_2;20140319xWed;04_Dobřichovice_Karlštejn;Středočeský kraj;h00;4;N
02-o2_02-edg_02-vis_03-lau2_07-day_03-60_08-frt-1008_01-sng_00-n_00-n_00-n_00-n_00-n_00-n;1008;0;41710;0;N;539198;531316;4;3026;0;PM_PH-BE_2;20140312xWed;04_Dobřichovice_Karlštejn;Středočeský kraj;h00;6;N
02-o2_02-edg_02-vis_03-lau2_07-day_03-60_08-frt-1008_01-sng_00-n_00-n_00-n_00-n_00-n_00-n;1008;0;41713;0;N;539198;531316;4;3026;0;PM_PH-BE_2;20140315xSat;04_Dobřichovice_Karlštejn;Středočeský kraj;h00;3;N
02-o2_02-edg_02-vis_03-lau2_07-day_03-60_08-frt-1008_01-sng_00-n_00-n_00-n_00-n_00-n_00-n;1008;0;41716;0;N;539198;531316;4;3026;0;PM_PH-BE_2;20140318xTue;04_Dobřichovice_Karlštejn;Středočeský kraj;h00;7;N
02-o2_02-edg_02-vis_03-lau2_07-day_03-60_08-frt-1008_01-sng_00-n_00-n_00-n_00-n_00-n_00-n;1008;0;41711;0;N;539198;531316;4;3026;0;PM_PH-BE_2;20140313xThu;04_Dobřichovice_Karlštejn;Středočeský kraj;h00;8;N
02-o2_02-edg_02-vis_03-lau2_07-day_03-60_08-frt-1008_01-sng_00-n_00-n_00-n_00-n_00-n_00-n;1008;0;41720;0;N;539198;531316;4;3026;0;PM_PH-BE_2;20140322xSat;04_Dobřichovice_Karlštejn;Středočeský kraj;h00;5;N
02-o2_02-edg_02-vis_03-lau2_07-day_03-60_08-frt-1008_01-sng_00-n_00-n_00-n_00-n_00-n_00-n;1008;0;41721;0;N;539198;531316;4;3026;0;PM_PH-BE_2;20140323xSun;04_Dobřichovice_Karlštejn;Středočeský kraj;h00;5;N
02-o2_02-edg_02-vis_03-lau2_07-day_03-60_08-frt-1008_01-sng_00-n_00-n_00-n_00-n_00-n_00-n;1008;0;41723;0;N;539198;531316;4;3026;0;PM_PH-BE_2;20140325xTue;04_Dobřichovice_Karlštejn;Středočeský kraj;h00;7;N
02-o2_02-edg_02-vis_03-lau2_07-day_03-60_08-frt-1008_01-sng_00-n_00-n_00-n_00-n_00-n_00-n;1008;0;41724;0;N;539198;531316;4;3026;0;PM_PH-BE_2;20140326xWed;04_Dobřichovice_Karlštejn;Středočeský kraj;h00;10;N
02-o2_02-edg_02-vis_03-lau2_07-day_03-60_08-frt-1008_01-sng_00-n_00-n_00-n_00-n_00-n_00-n;1008;0;41722;0;N;539198;531316;4;3026;0;PM_PH-BE_2;20140324xMon;04_Dobřichovice_Karlštejn;Středočeský kraj;h00;4;N
02-o2_02-edg_02-vis_03-lau2_07-day_03-60_08-frt-1008_01-sng_00-n_00-n_00-n_00-n_00-n_00-n;1008;0;41717;0;N;539198;531057;4;3026;0;PM_PH-BE_2;20140319xWed;04_Dobřichovice_Beroun;Středočeský kraj;h00;12;N
02-o2_02-edg_02-vis_03-lau2_07-day_03-60_08-frt-1008_01-sng_00-n_00-n_00-n_00-n_00-n_00-n;1008;0;41720;0;N;539198;531057;4;3026;0;PM_PH-BE_2;20140322xSat;04_Dobřichovice_Beroun;Středočeský kraj;h00;6;N
02-o2_02-edg_02-vis_03-lau2_07-day_03-60_08-frt-1008_01-sng_00-n_00-n_00-n_00-n_00-n_00-n;1008;0;41710;0;N;539198;531057;4;3026;0;PM_PH-BE_2;20140312xWed;04_Dobřichovice_Beroun;Středočeský kraj;h00;5;N
02-o2_02-edg_02-vis_03-lau2_07-day_03-60_08-frt-1008_01-sng_00-n_00-n_00-n_00-n_00-n_00-n;1008;0;41715;0;N;539198;531057;4;3026;0;PM_PH-BE_2;20140317xMon;04_Dobřichovice_Beroun;Středočeský kraj;h00;3;N
02-o2_02-edg_02-vis_03-lau2_07-day_03-60_08-frt-1008_01-sng_00-n_00-n_00-n_00-n_00-n_00-n;1008;0;41721;0;N;539198;531057;4;3026;0;PM_PH-BE_2;20140323xSun;04_Dobřichovice_Beroun;Středočeský kraj;h00;2;N
02-o2_02-edg_02-vis_03-lau2_07-day_03-60_08-frt-1008_01-sng_00-n_00-n_00-n_00-n_00-n_00-n;1008;0;41719;0;N;539198;531057;4;3026;0;PM_PH-BE_2;20140321xFri;04_Dobřichovice_Beroun;Středočeský kraj;h00;7;N
02-o2_02-edg_02-vis_03-lau2_07-day_03-60_08-frt-1008_01-sng_00-n_00-n_00-n_00-n_00-n_00-n;1008;0;41718;0;N;539198;531057;4;3026;0;PM_PH-BE_2;20140320xThu;04_Dobřichovice_Beroun;Středočeský kraj;h00;11;N
02-o2_02-edg_02-vis_03-lau2_07-day_03-60_08-frt-1008_01-sng_00-n_00-n_00-n_00-n_00-n_00-n;1008;0;41714;0;N;539198;531057;4;3026;0;PM_PH-BE_2;20140316xSun;04_Dobřichovice_Beroun;Středočeský kraj;h00;2;N
02-o2_02-edg_02-vis_03-lau2_07-day_03-60_08-frt-1008_01-sng_00-n_00-n_00-n_00-n_00-n_00-n;1008;0;41711;0;N;539198;531057;4;3026;0;PM_PH-BE_2;20140313xThu;04_Dobřichovice_Beroun;Středočeský kraj;h00;6;N
02-o2_02-edg_02-vis_03-lau2_07-day_03-60_08-frt-1008_01-sng_00-n_00-n_00-n_00-n_00-n_00-n;1008;0;41713;0;N;539198;531057;4;3026;0;PM_PH-BE_2;20140315xSat;04_Dobřichovice_Beroun;Středočeský kraj;h00;5;N
02-o2_02-edg_02-vis_03-lau2_07-day_03-60_08-frt-1008_01-sng_00-n_00-n_00-n_00-n_00-n_00-n;1008;0;41712;0;N;539198;531057;4;3026;0;PM_PH-BE_2;20140314xFri;04_Dobřichovice_Beroun;Středočeský kraj;h00;5;N
02-o2_02-edg_02-vis_03-lau2_07-day_03-60_08-frt-1008_01-sng_00-n_00-n_00-n_00-n_00-n_00-n;1008;0;41716;0;N;539198;531057;4;3026;0;PM_PH-BE_2;20140318xTue;04_Dobřichovice_Beroun;Středočeský kraj;h00;11;N
02-o2_02-edg_02-vis_03-lau2_07-day_03-60_08-frt-1008_01-sng_00-n_00-n_00-n_00-n_00-n_00-n;1008;0;41722;0;N;539198;531057;4;3026;0;PM_PH-BE_2;20140324xMon;04_Dobřichovice_Beroun;Středočeský kraj;h00;4;N
02-o2_02-edg_02-vis_03-lau2_07-day_03-60_08-frt-1008_01-sng_00-n_00-n_00-n_00-n_00-n_00-n;1008;0;41724;0;N;539198;531057;4;3026;0;PM_PH-BE_2;20140326xWed;04_Dobřichovice_Beroun;Středočeský kraj;h00;11;N
02-o2_02-edg_02-vis_03-lau2_07-day_03-60_08-frt-1008_01-sng_00-n_00-n_00-n_00-n_00-n_00-n;1008;0;41723;0;N;539198;531057;4;3026;0;PM_PH-BE_2;20140325xTue;04_Dobřichovice_Beroun;Středočeský kraj;h00;8;N
02-o2_02-edg_02-vis_03-lau2_07-day_03-60_08-frt-1008_01-sng_00-n_00-n_00-n_00-n_00-n_00-n;1008;0;41714;0;N;539139;539856;2;3026;0;PM_PH-BE_2;20140316xSun;02_Černošice_Všenory;Středočeský kraj;h00;144;N
02-o2_02-edg_02-vis_03-lau2_07-day_03-60_08-frt-1008_01-sng_00-n_00-n_00-n_00-n_00-n_00-n;1008;0;41720;0;N;539139;539856;2;3026;0;PM_PH-BE_2;20140322xSat;02_Černošice_Všenory;Středočeský kraj;h00;180;N
02-o2_02-edg_02-vis_03-lau2_07-day_03-60_08-frt-1008_01-sng_00-n_00-n_00-n_00-n_00-n_00-n;1008;0;41719;0;N;539139;539856;2;3026;0;PM_PH-BE_2;20140321xFri;02_Černošice_Všenory;Středočeský kraj;h00;220;N
02-o2_02-edg_02-vis_03-lau2_07-day_03-60_08-frt-1008_01-sng_00-n_00-n_00-n_00-n_00-n_00-n;1008;0;41712;0;N;539139;539856;2;3026;0;PM_PH-BE_2;20140314xFri;02_Černošice_Všenory;Středočeský kraj;h00;216;N
02-o2_02-edg_02-vis_03-lau2_07-day_03-60_08-frt-1008_01-sng_00-n_00-n_00-n_00-n_00-n_00-n;1008;0;41716;0;N;539139;539856;2;3026;0;PM_PH-BE_2;20140318xTue;02_Černošice_Všenory;Středočeský kraj;h00;276;N
02-o2_02-edg_02-vis_03-lau2_07-day_03-60_08-frt-1008_01-sng_00-n_00-n_00-n_00-n_00-n_00-n;1008;0;41718;0;N;539139;539856;2;3026;0;PM_PH-BE_2;20140320xThu;02_Černošice_Všenory;Středočeský kraj;h00;212;N
02-o2_02-edg_02-vis_03-lau2_07-day_03-60_08-frt-1008_01-sng_00-n_00-n_00-n_00-n_00-n_00-n;1008;0;41715;0;N;539139;539856;2;3026;0;PM_PH-BE_2;20140317xMon;02_Černošice_Všenory;Středočeský kraj;h00;179;N
02-o2_02-edg_02-vis_03-lau2_07-day_03-60_08-frt-1008_01-sng_00-n_00-n_00-n_00-n_00-n_00-n;1008;0;41710;0;N;539139;539856;2;3026;0;PM_PH-BE_2;20140312xWed;02_Černošice_Všenory;Středočeský kraj;h00;147;N
02-o2_02-edg_02-vis_03-lau2_07-day_03-60_08-frt-1008_01-sng_00-n_00-n_00-n_00-n_00-n_00-n;1008;0;41717;0;N;539139;539856;2;3026;0;PM_PH-BE_2;20140319xWed;02_Černošice_Všenory;Středočeský kraj;h00;305;N
02-o2_02-edg_02-vis_03-lau2_07-day_03-60_08-frt-1008_01-sng_00-n_00-n_00-n_00-n_00-n_00-n;1008;0;41713;0;N;539139;539856;2;3026;0;PM_PH-BE_2;20140315xSat;02_Černošice_Všenory;Středočeský kraj;h00;169;N
02-o2_02-edg_02-vis_03-lau2_07-day_03-60_08-frt-1008_01-sng_00-n_00-n_00-n_00-n_00-n_00-n;1008;0;41711;0;N;539139;539856;2;3026;0;PM_PH-BE_2;20140313xThu;02_Černošice_Všenory;Středočeský kraj;h00;202;N
02-o2_02-edg_02-vis_03-lau2_07-day_03-60_08-frt-1008_01-sng_00-n_00-n_00-n_00-n_00-n_00-n;1008;0;41721;0;N;539139;539856;2;3026;0;PM_PH-BE_2;20140323xSun;02_Černošice_Všenory;Středočeský kraj;h00;145;N
02-o2_02-edg_02-vis_03-lau2_07-day_03-60_08-frt-1008_01-sng_00-n_00-n_00-n_00-n_00-n_00-n;1008;0;41722;0;N;539139;539856;2;3026;0;PM_PH-BE_2;20140324xMon;02_Černošice_Všenory;Středočeský kraj;h00;237;N
02-o2_02-edg_02-vis_03-lau2_07-day_03-60_08-frt-1008_01-sng_00-n_00-n_00-n_00-n_00-n_00-n;1008;0;41723;0;N;539139;539856;2;3026;0;PM_PH-BE_2;20140325xTue;02_Černošice_Všenory;Středočeský kraj;h00;263;N
02-o2_02-edg_02-vis_03-lau2_07-day_03-60_08-frt-1008_01-sng_00-n_00-n_00-n_00-n_00-n_00-n;1008;0;41724;0;N;539139;539856;2;3026;0;PM_PH-BE_2;20140326xWed;02_Černošice_Všenory;Středočeský kraj;h00;228;N
02-o2_02-edg_02-vis_03-lau2_07-day_03-60_08-frt-1008_01-sng_00-n_00-n_00-n_00-n_00-n_00-n;1008;0;41715;0;N;539139;539643;2;3026;0;PM_PH-BE_2;20140317xMon;02_Černošice_Řevnice;Středočeský kraj;h00;3;N
02-o2_02-edg_02-vis_03-lau2_07-day_03-60_08-frt-1008_01-sng_00-n_00-n_00-n_00-n_00-n_00-n;1008;0;41720;0;N;539139;539643;2;3026;0;PM_PH-BE_2;20140322xSat;02_Černošice_Řevnice;Středočeský kraj;h00;4;N
02-o2_02-edg_02-vis_03-lau2_07-day_03-60_08-frt-1008_01-sng_00-n_00-n_00-n_00-n_00-n_00-n;1008;0;41713;0;N;539139;539643;2;3026;0;PM_PH-BE_2;20140315xSat;02_Černošice_Řevnice;Středočeský kraj;h00;1;N
02-o2_02-edg_02-vis_03-lau2_07-day_03-60_08-frt-1008_01-sng_00-n_00-n_00-n_00-n_00-n_00-n;1008;0;41710;0;N;539139;539643;2;3026;0;PM_PH-BE_2;20140312xWed;02_Černošice_Řevnice;Středočeský kraj;h00;5;N
02-o2_02-edg_02-vis_03-lau2_07-day_03-60_08-frt-1008_01-sng_00-n_00-n_00-n_00-n_00-n_00-n;1008;0;41714;0;N;539139;539643;2;3026;0;PM_PH-BE_2;20140316xSun;02_Černošice_Řevnice;Středočeský kraj;h00;3;N
02-o2_02-edg_02-vis_03-lau2_07-day_03-60_08-frt-1008_01-sng_00-n_00-n_00-n_00-n_00-n_00-n;1008;0;41716;0;N;539139;539643;2;3026;0;PM_PH-BE_2;20140318xTue;02_Černošice_Řevnice;Středočeský kraj;h00;4;N
02-o2_02-edg_02-vis_03-lau2_07-day_03-60_08-frt-1008_01-sng_00-n_00-n_00-n_00-n_00-n_00-n;1008;0;41718;0;N;539139;539643;2;3026;0;PM_PH-BE_2;20140320xThu;02_Černošice_Řevnice;Středočeský kraj;h00;5;N
02-o2_02-edg_02-vis_03-lau2_07-day_03-60_08-frt-1008_01-sng_00-n_00-n_00-n_00-n_00-n_00-n;1008;0;41717;0;N;539139;539643;2;3026;0;PM_PH-BE_2;20140319xWed;02_Černošice_Řevnice;Středočeský kraj;h00;9;N
02-o2_02-edg_02-vis_03-lau2_07-day_03-60_08-frt-1008_01-sng_00-n_00-n_00-n_00-n_00-n_00-n;1008;0;41719;0;N;539139;539643;2;3026;0;PM_PH-BE_2;20140321xFri;02_Černošice_Řevnice;Středočeský kraj;h00;2;N
02-o2_02-edg_02-vis_03-lau2_07-day_03-60_08-frt-1008_01-sng_00-n_00-n_00-n_00-n_00-n_00-n;1008;0;41711;0;N;539139;539643;2;3026;0;PM_PH-BE_2;20140313xThu;02_Černošice_Řevnice;Středočeský kraj;h00;2;N
02-o2_02-edg_02-vis_03-lau2_07-day_03-60_08-frt-1008_01-sng_00-n_00-n_00-n_00-n_00-n_00-n;1008;0;41712;0;N;539139;539643;2;3026;0;PM_PH-BE_2;20140314xFri;02_Černošice_Řevnice;Středočeský kraj;h00;6;N
02-o2_02-edg_02-vis_03-lau2_07-day_03-60_08-frt-1008_01-sng_00-n_00-n_00-n_00-n_00-n_00-n;1008;0;41724;0;N;539139;539643;2;3026;0;PM_PH-BE_2;20140326xWed;02_Černošice_Řevnice;Středočeský kraj;h00;13;N
02-o2_02-edg_02-vis_03-lau2_07-day_03-60_08-frt-1008_01-sng_00-n_00-n_00-n_00-n_00-n_00-n;1008;0;41723;0;N;539139;539643;2;3026;0;PM_PH-BE_2;20140325xTue;02_Černošice_Řevnice;Středočeský kraj;h00;7;N
02-o2_02-edg_02-vis_03-lau2_07-day_03-60_08-frt-1008_01-sng_00-n_00-n_00-n_00-n_00-n_00-n;1008;0;41722;0;N;539139;539643;2;3026;0;PM_PH-BE_2;20140324xMon;02_Černošice_Řevnice;Středočeský kraj;h00;9;N
02-o2_02-edg_02-vis_03-lau2_07-day_03-60_08-frt-1008_01-sng_00-n_00-n_00-n_00-n_00-n_00-n;1008;0;41721;0;N;539139;539643;2;3026;0;PM_PH-BE_2;20140323xSun;02_Černošice_Řevnice;Středočeský kraj;h00;2;N
02-o2_02-edg_02-vis_03-lau2_07-day_03-60_08-frt-1008_01-sng_00-n_00-n_00-n_00-n_00-n_00-n;1008;0;41720;0;N;539139;539198;2;3026;0;PM_PH-BE_2;20140322xSat;02_Černošice_Dobřichovice;Středočeský kraj;h00;47;N
02-o2_02-edg_02-vis_03-lau2_07-day_03-60_08-frt-1008_01-sng_00-n_00-n_00-n_00-n_00-n_00-n;1008;0;41710;0;N;539139;539198;2;3026;0;PM_PH-BE_2;20140312xWed;02_Černošice_Dobřichovice;Středočeský kraj;h00;64;N
02-o2_02-edg_02-vis_03-lau2_07-day_03-60_08-frt-1008_01-sng_00-n_00-n_00-n_00-n_00-n_00-n;1008;0;41714;0;N;539139;539198;2;3026;0;PM_PH-BE_2;20140316xSun;02_Černošice_Dobřichovice;Středočeský kraj;h00;35;N
02-o2_02-edg_02-vis_03-lau2_07-day_03-60_08-frt-1008_01-sng_00-n_00-n_00-n_00-n_00-n_00-n;1008;0;41718;0;N;539139;539198;2;3026;0;PM_PH-BE_2;20140320xThu;02_Černošice_Dobřichovice;Středočeský kraj;h00;72;N
02-o2_02-edg_02-vis_03-lau2_07-day_03-60_08-frt-1008_01-sng_00-n_00-n_00-n_00-n_00-n_00-n;1008;0;41711;0;N;539139;539198;2;3026;0;PM_PH-BE_2;20140313xThu;02_Černošice_Dobřichovice;Středočeský kraj;h00;56;N
02-o2_02-edg_02-vis_03-lau2_07-day_03-60_08-frt-1008_01-sng_00-n_00-n_00-n_00-n_00-n_00-n;1008;0;41719;0;N;539139;539198;2;3026;0;PM_PH-BE_2;20140321xFri;02_Černošice_Dobřichovice;Středočeský kraj;h00;35;N
02-o2_02-edg_02-vis_03-lau2_07-day_03-60_08-frt-1008_01-sng_00-n_00-n_00-n_00-n_00-n_00-n;1008;0;41712;0;N;539139;539198;2;3026;0;PM_PH-BE_2;20140314xFri;02_Černošice_Dobřichovice;Středočeský kraj;h00;84;N
02-o2_02-edg_02-vis_03-lau2_07-day_03-60_08-frt-1008_01-sng_00-n_00-n_00-n_00-n_00-n_00-n;1008;0;41713;0;N;539139;539198;2;3026;0;PM_PH-BE_2;20140315xSat;02_Černošice_Dobřichovice;Středočeský kraj;h00;50;N
02-o2_02-edg_02-vis_03-lau2_07-day_03-60_08-frt-1008_01-sng_00-n_00-n_00-n_00-n_00-n_00-n;1008;0;41716;0;N;539139;539198;2;3026;0;PM_PH-BE_2;20140318xTue;02_Černošice_Dobřichovice;Středočeský kraj;h00;80;N
02-o2_02-edg_02-vis_03-lau2_07-day_03-60_08-frt-1008_01-sng_00-n_00-n_00-n_00-n_00-n_00-n;1008;0;41717;0;N;539139;539198;2;3026;0;PM_PH-BE_2;20140319xWed;02_Černošice_Dobřichovice;Středočeský kraj;h00;91;N
02-o2_02-edg_02-vis_03-lau2_07-day_03-60_08-frt-1008_01-sng_00-n_00-n_00-n_00-n_00-n_00-n;1008;0;41715;0;N;539139;539198;2;3026;0;PM_PH-BE_2;20140317xMon;02_Černošice_Dobřichovice;Středočeský kraj;h00;36;N
02-o2_02-edg_02-vis_03-lau2_07-day_03-60_08-frt-1008_01-sng_00-n_00-n_00-n_00-n_00-n_00-n;1008;0;41721;0;N;539139;539198;2;3026;0;PM_PH-BE_2;20140323xSun;02_Černošice_Dobřichovice;Středočeský kraj;h00;32;N
02-o2_02-edg_02-vis_03-lau2_07-day_03-60_08-frt-1008_01-sng_00-n_00-n_00-n_00-n_00-n_00-n;1008;0;41724;0;N;539139;539198;2;3026;0;PM_PH-BE_2;20140326xWed;02_Černošice_Dobřichovice;Středočeský kraj;h00;75;N
02-o2_02-edg_02-vis_03-lau2_07-day_03-60_08-frt-1008_01-sng_00-n_00-n_00-n_00-n_00-n_00-n;1008;0;41722;0;N;539139;539198;2;3026;0;PM_PH-BE_2;20140324xMon;02_Černošice_Dobřichovice;Středočeský kraj;h00;66;N
02-o2_02-edg_02-vis_03-lau2_07-day_03-60_08-frt-1008_01-sng_00-n_00-n_00-n_00-n_00-n_00-n;1008;0;41723;0;N;539139;539198;2;3026;0;PM_PH-BE_2;20140325xTue;02_Černošice_Dobřichovice;Středočeský kraj;h00;71;N
02-o2_02-edg_02-vis_03-lau2_07-day_03-60_08-frt-1008_01-sng_00-n_00-n_00-n_00-n_00-n_00-n;1008;0;41719;0;N;539139;531979;2;3026;0;PM_PH-BE_2;20140321xFri;02_Černošice_Zadní Třebaň;Středočeský kraj;h00;1;N
02-o2_02-edg_02-vis_03-lau2_07-day_03-60_08-frt-1008_01-sng_00-n_00-n_00-n_00-n_00-n_00-n;1008;0;41710;0;N;539139;531979;2;3026;0;PM_PH-BE_2;20140312xWed;02_Černošice_Zadní Třebaň;Středočeský kraj;h00;1;N
02-o2_02-edg_02-vis_03-lau2_07-day_03-60_08-frt-1008_01-sng_00-n_00-n_00-n_00-n_00-n_00-n;1008;0;41718;0;N;539139;531979;2;3026;0;PM_PH-BE_2;20140320xThu;02_Černošice_Zadní Třebaň;Středočeský kraj;h00;2;N
02-o2_02-edg_02-vis_03-lau2_07-day_03-60_08-frt-1008_01-sng_00-n_00-n_00-n_00-n_00-n_00-n;1008;0;41717;0;N;539139;531979;2;3026;0;PM_PH-BE_2;20140319xWed;02_Černošice_Zadní Třebaň;Středočeský kraj;h00;1;N
02-o2_02-edg_02-vis_03-lau2_07-day_03-60_08-frt-1008_01-sng_00-n_00-n_00-n_00-n_00-n_00-n;1008;0;41715;0;N;539139;531979;2;3026;0;PM_PH-BE_2;20140317xMon;02_Černošice_Zadní Třebaň;Středočeský kraj;h00;1;N
02-o2_02-edg_02-vis_03-lau2_07-day_03-60_08-frt-1008_01-sng_00-n_00-n_00-n_00-n_00-n_00-n;1008;0;41712;0;N;539139;531979;2;3026;0;PM_PH-BE_2;20140314xFri;02_Černošice_Zadní Třebaň;Středočeský kraj;h00;1;N
02-o2_02-edg_02-vis_03-lau2_07-day_03-60_08-frt-1008_01-sng_00-n_00-n_00-n_00-n_00-n_00-n;1008;0;41711;0;N;539139;531979;2;3026;0;PM_PH-BE_2;20140313xThu;02_Černošice_Zadní Třebaň;Středočeský kraj;h00;1;N
02-o2_02-edg_02-vis_03-lau2_07-day_03-60_08-frt-1008_01-sng_00-n_00-n_00-n_00-n_00-n_00-n;1008;0;41723;0;N;539139;531979;2;3026;0;PM_PH-BE_2;20140325xTue;02_Černošice_Zadní Třebaň;Středočeský kraj;h00;1;N
02-o2_02-edg_02-vis_03-lau2_07-day_03-60_08-frt-1008_01-sng_00-n_00-n_00-n_00-n_00-n_00-n;1008;0;41724;0;N;539139;531979;2;3026;0;PM_PH-BE_2;20140326xWed;02_Černošice_Zadní Třebaň;Středočeský kraj;h00;1;N
02-o2_02-edg_02-vis_03-lau2_07-day_03-60_08-frt-1008_01-sng_00-n_00-n_00-n_00-n_00-n_00-n;1008;0;41722;0;N;539139;531979;2;3026;0;PM_PH-BE_2;20140324xMon;02_Černošice_Zadní Třebaň;Středočeský kraj;h00;1;N
02-o2_02-edg_02-vis_03-lau2_07-day_03-60_08-frt-1008_01-sng_00-n_00-n_00-n_00-n_00-n_00-n;1008;0;41717;0;N;539139;531316;2;3026;0;PM_PH-BE_2;20140319xWed;02_Černošice_Karlštejn;Středočeský kraj;h00;4;N
02-o2_02-edg_02-vis_03-lau2_07-day_03-60_08-frt-1008_01-sng_00-n_00-n_00-n_00-n_00-n_00-n;1008;0;41720;0;N;539139;531316;2;3026;0;PM_PH-BE_2;20140322xSat;02_Černošice_Karlštejn;Středočeský kraj;h00;3;N
02-o2_02-edg_02-vis_03-lau2_07-day_03-60_08-frt-1008_01-sng_00-n_00-n_00-n_00-n_00-n_00-n;1008;0;41713;0;N;539139;531316;2;3026;0;PM_PH-BE_2;20140315xSat;02_Černošice_Karlštejn;Středočeský kraj;h00;1;N
02-o2_02-edg_02-vis_03-lau2_07-day_03-60_08-frt-1008_01-sng_00-n_00-n_00-n_00-n_00-n_00-n;1008;0;41710;0;N;539139;531316;2;3026;0;PM_PH-BE_2;20140312xWed;02_Černošice_Karlštejn;Středočeský kraj;h00;2;N
02-o2_02-edg_02-vis_03-lau2_07-day_03-60_08-frt-1008_01-sng_00-n_00-n_00-n_00-n_00-n_00-n;1008;0;41712;0;N;539139;531316;2;3026;0;PM_PH-BE_2;20140314xFri;02_Černošice_Karlštejn;Středočeský kraj;h00;4;N
02-o2_02-edg_02-vis_03-lau2_07-day_03-60_08-frt-1008_01-sng_00-n_00-n_00-n_00-n_00-n_00-n;1008;0;41711;0;N;539139;531316;2;3026;0;PM_PH-BE_2;20140313xThu;02_Černošice_Karlštejn;Středočeský kraj;h00;4;N
02-o2_02-edg_02-vis_03-lau2_07-day_03-60_08-frt-1008_01-sng_00-n_00-n_00-n_00-n_00-n_00-n;1008;0;41716;0;N;539139;531316;2;3026;0;PM_PH-BE_2;20140318xTue;02_Černošice_Karlštejn;Středočeský kraj;h00;6;N
02-o2_02-edg_02-vis_03-lau2_07-day_03-60_08-frt-1008_01-sng_00-n_00-n_00-n_00-n_00-n_00-n;1008;0;41714;0;N;539139;531316;2;3026;0;PM_PH-BE_2;20140316xSun;02_Černošice_Karlštejn;Středočeský kraj;h00;1;N
02-o2_02-edg_02-vis_03-lau2_07-day_03-60_08-frt-1008_01-sng_00-n_00-n_00-n_00-n_00-n_00-n;1008;0;41719;0;N;539139;531316;2;3026;0;PM_PH-BE_2;20140321xFri;02_Černošice_Karlštejn;Středočeský kraj;h00;1;N
02-o2_02-edg_02-vis_03-lau2_07-day_03-60_08-frt-1008_01-sng_00-n_00-n_00-n_00-n_00-n_00-n;1008;0;41723;0;N;539139;531316;2;3026;0;PM_PH-BE_2;20140325xTue;02_Černošice_Karlštejn;Středočeský kraj;h00;2;N
02-o2_02-edg_02-vis_03-lau2_07-day_03-60_08-frt-1008_01-sng_00-n_00-n_00-n_00-n_00-n_00-n;1008;0;41722;0;N;539139;531316;2;3026;0;PM_PH-BE_2;20140324xMon;02_Černošice_Karlštejn;Středočeský kraj;h00;3;N
02-o2_02-edg_02-vis_03-lau2_07-day_03-60_08-frt-1008_01-sng_00-n_00-n_00-n_00-n_00-n_00-n;1008;0;41724;0;N;539139;531316;2;3026;0;PM_PH-BE_2;20140326xWed;02_Černošice_Karlštejn;Středočeský kraj;h00;4;N
02-o2_02-edg_02-vis_03-lau2_07-day_03-60_08-frt-1008_01-sng_00-n_00-n_00-n_00-n_00-n_00-n;1008;0;41718;0;N;539139;531057;2;3026;0;PM_PH-BE_2;20140320xThu;02_Černošice_Beroun;Středočeský kraj;h00;4;N
02-o2_02-edg_02-vis_03-lau2_07-day_03-60_08-frt-1008_01-sng_00-n_00-n_00-n_00-n_00-n_00-n;1008;0;41720;0;N;539139;531057;2;3026;0;PM_PH-BE_2;20140322xSat;02_Černošice_Beroun;Středočeský kraj;h00;6;N
02-o2_02-edg_02-vis_03-lau2_07-day_03-60_08-frt-1008_01-sng_00-n_00-n_00-n_00-n_00-n_00-n;1008;0;41712;0;N;539139;531057;2;3026;0;PM_PH-BE_2;20140314xFri;02_Černošice_Beroun;Středočeský kraj;h00;6;N
02-o2_02-edg_02-vis_03-lau2_07-day_03-60_08-frt-1008_01-sng_00-n_00-n_00-n_00-n_00-n_00-n;1008;0;41717;0;N;539139;531057;2;3026;0;PM_PH-BE_2;20140319xWed;02_Černošice_Beroun;Středočeský kraj;h00;5;N
02-o2_02-edg_02-vis_03-lau2_07-day_03-60_08-frt-1008_01-sng_00-n_00-n_00-n_00-n_00-n_00-n;1008;0;41714;0;N;539139;531057;2;3026;0;PM_PH-BE_2;20140316xSun;02_Černošice_Beroun;Středočeský kraj;h00;3;N
02-o2_02-edg_02-vis_03-lau2_07-day_03-60_08-frt-1008_01-sng_00-n_00-n_00-n_00-n_00-n_00-n;1008;0;41715;0;N;539139;531057;2;3026;0;PM_PH-BE_2;20140317xMon;02_Černošice_Beroun;Středočeský kraj;h00;1;N
02-o2_02-edg_02-vis_03-lau2_07-day_03-60_08-frt-1008_01-sng_00-n_00-n_00-n_00-n_00-n_00-n;1008;0;41711;0;N;539139;531057;2;3026;0;PM_PH-BE_2;20140313xThu;02_Černošice_Beroun;Středočeský kraj;h00;3;N
02-o2_02-edg_02-vis_03-lau2_07-day_03-60_08-frt-1008_01-sng_00-n_00-n_00-n_00-n_00-n_00-n;1008;0;41716;0;N;539139;531057;2;3026;0;PM_PH-BE_2;20140318xTue;02_Černošice_Beroun;Středočeský kraj;h00;5;N
02-o2_02-edg_02-vis_03-lau2_07-day_03-60_08-frt-1008_01-sng_00-n_00-n_00-n_00-n_00-n_00-n;1008;0;41713;0;N;539139;531057;2;3026;0;PM_PH-BE_2;20140315xSat;02_Černošice_Beroun;Středočeský kraj;h00;2;N
02-o2_02-edg_02-vis_03-lau2_07-day_03-60_08-frt-1008_01-sng_00-n_00-n_00-n_00-n_00-n_00-n;1008;0;41710;0;N;539139;531057;2;3026;0;PM_PH-BE_2;20140312xWed;02_Černošice_Beroun;Středočeský kraj;h00;2;N
02-o2_02-edg_02-vis_03-lau2_07-day_03-60_08-frt-1008_01-sng_00-n_00-n_00-n_00-n_00-n_00-n;1008;0;41724;0;N;539139;531057;2;3026;0;PM_PH-BE_2;20140326xWed;02_Černošice_Beroun;Středočeský kraj;h00;11;N
02-o2_02-edg_02-vis_03-lau2_07-day_03-60_08-frt-1008_01-sng_00-n_00-n_00-n_00-n_00-n_00-n;1008;0;41723;0;N;539139;531057;2;3026;0;PM_PH-BE_2;20140325xTue;02_Černošice_Beroun;Středočeský kraj;h00;3;N
02-o2_02-edg_02-vis_03-lau2_07-day_03-60_08-frt-1008_01-sng_00-n_00-n_00-n_00-n_00-n_00-n;1008;0;41722;0;N;539139;531057;2;3026;0;PM_PH-BE_2;20140324xMon;02_Černošice_Beroun;Středočeský kraj;h00;6;N
02-o2_02-edg_02-vis_03-lau2_07-day_03-60_08-frt-1008_01-sng_00-n_00-n_00-n_00-n_00-n_00-n;1008;0;41722;0;N;531979;531758;6;3026;0;PM_PH-BE_2;20140324xMon;06_Zadní Třebaň_Srbsko;Středočeský kraj;h00;1;N
02-o2_02-edg_02-vis_03-lau2_07-day_03-60_08-frt-1008_01-sng_00-n_00-n_00-n_00-n_00-n_00-n;1008;0;41713;0;N;531979;531316;6;3026;0;PM_PH-BE_2;20140315xSat;06_Zadní Třebaň_Karlštejn;Středočeský kraj;h00;6;N
02-o2_02-edg_02-vis_03-lau2_07-day_03-60_08-frt-1008_01-sng_00-n_00-n_00-n_00-n_00-n_00-n;1008;0;41710;0;N;531979;531316;6;3026;0;PM_PH-BE_2;20140312xWed;06_Zadní Třebaň_Karlštejn;Středočeský kraj;h00;17;N
02-o2_02-edg_02-vis_03-lau2_07-day_03-60_08-frt-1008_01-sng_00-n_00-n_00-n_00-n_00-n_00-n;1008;0;41719;0;N;531979;531316;6;3026;0;PM_PH-BE_2;20140321xFri;06_Zadní Třebaň_Karlštejn;Středočeský kraj;h00;6;N
02-o2_02-edg_02-vis_03-lau2_07-day_03-60_08-frt-1008_01-sng_00-n_00-n_00-n_00-n_00-n_00-n;1008;0;41714;0;N;531979;531316;6;3026;0;PM_PH-BE_2;20140316xSun;06_Zadní Třebaň_Karlštejn;Středočeský kraj;h00;11;N
02-o2_02-edg_02-vis_03-lau2_07-day_03-60_08-frt-1008_01-sng_00-n_00-n_00-n_00-n_00-n_00-n;1008;0;41718;0;N;531979;531316;6;3026;0;PM_PH-BE_2;20140320xThu;06_Zadní Třebaň_Karlštejn;Středočeský kraj;h00;48;N
02-o2_02-edg_02-vis_03-lau2_07-day_03-60_08-frt-1008_01-sng_00-n_00-n_00-n_00-n_00-n_00-n;1008;0;41712;0;N;531979;531316;6;3026;0;PM_PH-BE_2;20140314xFri;06_Zadní Třebaň_Karlštejn;Středočeský kraj;h00;16;N
02-o2_02-edg_02-vis_03-lau2_07-day_03-60_08-frt-1008_01-sng_00-n_00-n_00-n_00-n_00-n_00-n;1008;0;41717;0;N;531979;531316;6;3026;0;PM_PH-BE_2;20140319xWed;06_Zadní Třebaň_Karlštejn;Středočeský kraj;h00;5;N
02-o2_02-edg_02-vis_03-lau2_07-day_03-60_08-frt-1008_01-sng_00-n_00-n_00-n_00-n_00-n_00-n;1008;0;41716;0;N;531979;531316;6;3026;0;PM_PH-BE_2;20140318xTue;06_Zadní Třebaň_Karlštejn;Středočeský kraj;h00;9;N
02-o2_02-edg_02-vis_03-lau2_07-day_03-60_08-frt-1008_01-sng_00-n_00-n_00-n_00-n_00-n_00-n;1008;0;41711;0;N;531979;531316;6;3026;0;PM_PH-BE_2;20140313xThu;06_Zadní Třebaň_Karlštejn;Středočeský kraj;h00;34;N
02-o2_02-edg_02-vis_03-lau2_07-day_03-60_08-frt-1008_01-sng_00-n_00-n_00-n_00-n_00-n_00-n;1008;0;41720;0;N;531979;531316;6;3026;0;PM_PH-BE_2;20140322xSat;06_Zadní Třebaň_Karlštejn;Středočeský kraj;h00;8;N
02-o2_02-edg_02-vis_03-lau2_07-day_03-60_08-frt-1008_01-sng_00-n_00-n_00-n_00-n_00-n_00-n;1008;0;41715;0;N;531979;531316;6;3026;0;PM_PH-BE_2;20140317xMon;06_Zadní Třebaň_Karlštejn;Středočeský kraj;h00;2;N
02-o2_02-edg_02-vis_03-lau2_07-day_03-60_08-frt-1008_01-sng_00-n_00-n_00-n_00-n_00-n_00-n;1008;0;41724;0;N;531979;531316;6;3026;0;PM_PH-BE_2;20140326xWed;06_Zadní Třebaň_Karlštejn;Středočeský kraj;h00;7;N
02-o2_02-edg_02-vis_03-lau2_07-day_03-60_08-frt-1008_01-sng_00-n_00-n_00-n_00-n_00-n_00-n;1008;0;41723;0;N;531979;531316;6;3026;0;PM_PH-BE_2;20140325xTue;06_Zadní Třebaň_Karlštejn;Středočeský kraj;h00;33;N
02-o2_02-edg_02-vis_03-lau2_07-day_03-60_08-frt-1008_01-sng_00-n_00-n_00-n_00-n_00-n_00-n;1008;0;41721;0;N;531979;531316;6;3026;0;PM_PH-BE_2;20140323xSun;06_Zadní Třebaň_Karlštejn;Středočeský kraj;h00;10;N
02-o2_02-edg_02-vis_03-lau2_07-day_03-60_08-frt-1008_01-sng_00-n_00-n_00-n_00-n_00-n_00-n;1008;0;41722;0;N;531979;531316;6;3026;0;PM_PH-BE_2;20140324xMon;06_Zadní Třebaň_Karlštejn;Středočeský kraj;h00;11;N
02-o2_02-edg_02-vis_03-lau2_07-day_03-60_08-frt-1008_01-sng_00-n_00-n_00-n_00-n_00-n_00-n;1008;0;41715;0;N;531979;531057;6;3026;0;PM_PH-BE_2;20140317xMon;06_Zadní Třebaň_Beroun;Středočeský kraj;h00;1;N
02-o2_02-edg_02-vis_03-lau2_07-day_03-60_08-frt-1008_01-sng_00-n_00-n_00-n_00-n_00-n_00-n;1008;0;41712;0;N;531979;531057;6;3026;0;PM_PH-BE_2;20140314xFri;06_Zadní Třebaň_Beroun;Středočeský kraj;h00;9;N
02-o2_02-edg_02-vis_03-lau2_07-day_03-60_08-frt-1008_01-sng_00-n_00-n_00-n_00-n_00-n_00-n;1008;0;41718;0;N;531979;531057;6;3026;0;PM_PH-BE_2;20140320xThu;06_Zadní Třebaň_Beroun;Středočeský kraj;h00;11;N
02-o2_02-edg_02-vis_03-lau2_07-day_03-60_08-frt-1008_01-sng_00-n_00-n_00-n_00-n_00-n_00-n;1008;0;41717;0;N;531979;531057;6;3026;0;PM_PH-BE_2;20140319xWed;06_Zadní Třebaň_Beroun;Středočeský kraj;h00;14;N
02-o2_02-edg_02-vis_03-lau2_07-day_03-60_08-frt-1008_01-sng_00-n_00-n_00-n_00-n_00-n_00-n;1008;0;41716;0;N;531979;531057;6;3026;0;PM_PH-BE_2;20140318xTue;06_Zadní Třebaň_Beroun;Středočeský kraj;h00;6;N
02-o2_02-edg_02-vis_03-lau2_07-day_03-60_08-frt-1008_01-sng_00-n_00-n_00-n_00-n_00-n_00-n;1008;0;41711;0;N;531979;531057;6;3026;0;PM_PH-BE_2;20140313xThu;06_Zadní Třebaň_Beroun;Středočeský kraj;h00;4;N
02-o2_02-edg_02-vis_03-lau2_07-day_03-60_08-frt-1008_01-sng_00-n_00-n_00-n_00-n_00-n_00-n;1008;0;41714;0;N;531979;531057;6;3026;0;PM_PH-BE_2;20140316xSun;06_Zadní Třebaň_Beroun;Středočeský kraj;h00;4;N
02-o2_02-edg_02-vis_03-lau2_07-day_03-60_08-frt-1008_01-sng_00-n_00-n_00-n_00-n_00-n_00-n;1008;0;41721;0;N;531979;531057;6;3026;0;PM_PH-BE_2;20140323xSun;06_Zadní Třebaň_Beroun;Středočeský kraj;h00;4;N
02-o2_02-edg_02-vis_03-lau2_07-day_03-60_08-frt-1008_01-sng_00-n_00-n_00-n_00-n_00-n_00-n;1008;0;41710;0;N;531979;531057;6;3026;0;PM_PH-BE_2;20140312xWed;06_Zadní Třebaň_Beroun;Středočeský kraj;h00;10;N
02-o2_02-edg_02-vis_03-lau2_07-day_03-60_08-frt-1008_01-sng_00-n_00-n_00-n_00-n_00-n_00-n;1008;0;41713;0;N;531979;531057;6;3026;0;PM_PH-BE_2;20140315xSat;06_Zadní Třebaň_Beroun;Středočeský kraj;h00;2;N
02-o2_02-edg_02-vis_03-lau2_07-day_03-60_08-frt-1008_01-sng_00-n_00-n_00-n_00-n_00-n_00-n;1008;0;41723;0;N;531979;531057;6;3026;0;PM_PH-BE_2;20140325xTue;06_Zadní Třebaň_Beroun;Středočeský kraj;h00;6;N
02-o2_02-edg_02-vis_03-lau2_07-day_03-60_08-frt-1008_01-sng_00-n_00-n_00-n_00-n_00-n_00-n;1008;0;41724;0;N;531979;531057;6;3026;0;PM_PH-BE_2;20140326xWed;06_Zadní Třebaň_Beroun;Středočeský kraj;h00;6;N
02-o2_02-edg_02-vis_03-lau2_07-day_03-60_08-frt-1008_01-sng_00-n_00-n_00-n_00-n_00-n_00-n;1008;0;41722;0;N;531979;531057;6;3026;0;PM_PH-BE_2;20140324xMon;06_Zadní Třebaň_Beroun;Středočeský kraj;h00;9;N
02-o2_02-edg_02-vis_03-lau2_07-day_03-60_08-frt-1008_01-sng_00-n_00-n_00-n_00-n_00-n_00-n;1008;0;41713;0;N;531758;531057;8;3026;0;PM_PH-BE_2;20140315xSat;08_Srbsko_Beroun;Středočeský kraj;h00;21;N
02-o2_02-edg_02-vis_03-lau2_07-day_03-60_08-frt-1008_01-sng_00-n_00-n_00-n_00-n_00-n_00-n;1008;0;41712;0;N;531758;531057;8;3026;0;PM_PH-BE_2;20140314xFri;08_Srbsko_Beroun;Středočeský kraj;h00;31;N
02-o2_02-edg_02-vis_03-lau2_07-day_03-60_08-frt-1008_01-sng_00-n_00-n_00-n_00-n_00-n_00-n;1008;0;41710;0;N;531758;531057;8;3026;0;PM_PH-BE_2;20140312xWed;08_Srbsko_Beroun;Středočeský kraj;h00;51;N
02-o2_02-edg_02-vis_03-lau2_07-day_03-60_08-frt-1008_01-sng_00-n_00-n_00-n_00-n_00-n_00-n;1008;0;41714;0;N;531758;531057;8;3026;0;PM_PH-BE_2;20140316xSun;08_Srbsko_Beroun;Středočeský kraj;h00;3;N
02-o2_02-edg_02-vis_03-lau2_07-day_03-60_08-frt-1008_01-sng_00-n_00-n_00-n_00-n_00-n_00-n;1008;0;41720;0;N;531758;531057;8;3026;0;PM_PH-BE_2;20140322xSat;08_Srbsko_Beroun;Středočeský kraj;h00;14;N
02-o2_02-edg_02-vis_03-lau2_07-day_03-60_08-frt-1008_01-sng_00-n_00-n_00-n_00-n_00-n_00-n;1008;0;41719;0;N;531758;531057;8;3026;0;PM_PH-BE_2;20140321xFri;08_Srbsko_Beroun;Středočeský kraj;h00;22;N
02-o2_02-edg_02-vis_03-lau2_07-day_03-60_08-frt-1008_01-sng_00-n_00-n_00-n_00-n_00-n_00-n;1008;0;41718;0;N;531758;531057;8;3026;0;PM_PH-BE_2;20140320xThu;08_Srbsko_Beroun;Středočeský kraj;h00;43;N
02-o2_02-edg_02-vis_03-lau2_07-day_03-60_08-frt-1008_01-sng_00-n_00-n_00-n_00-n_00-n_00-n;1008;0;41717;0;N;531758;531057;8;3026;0;PM_PH-BE_2;20140319xWed;08_Srbsko_Beroun;Středočeský kraj;h00;32;N
02-o2_02-edg_02-vis_03-lau2_07-day_03-60_08-frt-1008_01-sng_00-n_00-n_00-n_00-n_00-n_00-n;1008;0;41711;0;N;531758;531057;8;3026;0;PM_PH-BE_2;20140313xThu;08_Srbsko_Beroun;Středočeský kraj;h00;44;N
02-o2_02-edg_02-vis_03-lau2_07-day_03-60_08-frt-1008_01-sng_00-n_00-n_00-n_00-n_00-n_00-n;1008;0;41721;0;N;531758;531057;8;3026;0;PM_PH-BE_2;20140323xSun;08_Srbsko_Beroun;Středočeský kraj;h00;13;N
02-o2_02-edg_02-vis_03-lau2_07-day_03-60_08-frt-1008_01-sng_00-n_00-n_00-n_00-n_00-n_00-n;1008;0;41715;0;N;531758;531057;8;3026;0;PM_PH-BE_2;20140317xMon;08_Srbsko_Beroun;Středočeský kraj;h00;15;N
02-o2_02-edg_02-vis_03-lau2_07-day_03-60_08-frt-1008_01-sng_00-n_00-n_00-n_00-n_00-n_00-n;1008;0;41716;0;N;531758;531057;8;3026;0;PM_PH-BE_2;20140318xTue;08_Srbsko_Beroun;Středočeský kraj;h00;40;N
02-o2_02-edg_02-vis_03-lau2_07-day_03-60_08-frt-1008_01-sng_00-n_00-n_00-n_00-n_00-n_00-n;1008;0;41723;0;N;531758;531057;8;3026;0;PM_PH-BE_2;20140325xTue;08_Srbsko_Beroun;Středočeský kraj;h00;47;N
02-o2_02-edg_02-vis_03-lau2_07-day_03-60_08-frt-1008_01-sng_00-n_00-n_00-n_00-n_00-n_00-n;1008;0;41724;0;N;531758;531057;8;3026;0;PM_PH-BE_2;20140326xWed;08_Srbsko_Beroun;Středočeský kraj;h00;44;N
02-o2_02-edg_02-vis_03-lau2_07-day_03-60_08-frt-1008_01-sng_00-n_00-n_00-n_00-n_00-n_00-n;1008;0;41722;0;N;531758;531057;8;3026;0;PM_PH-BE_2;20140324xMon;08_Srbsko_Beroun;Středočeský kraj;h00;42;N
02-o2_02-edg_02-vis_03-lau2_07-day_03-60_08-frt-1008_01-sng_00-n_00-n_00-n_00-n_00-n_00-n;1008;0;41713;0;N;531316;531758;7;3026;0;PM_PH-BE_2;20140315xSat;07_Karlštejn_Srbsko;Středočeský kraj;h00;2;N
02-o2_02-edg_02-vis_03-lau2_07-day_03-60_08-frt-1008_01-sng_00-n_00-n_00-n_00-n_00-n_00-n;1008;0;41720;0;N;531316;531758;7;3026;0;PM_PH-BE_2;20140322xSat;07_Karlštejn_Srbsko;Středočeský kraj;h00;6;N
02-o2_02-edg_02-vis_03-lau2_07-day_03-60_08-frt-1008_01-sng_00-n_00-n_00-n_00-n_00-n_00-n;1008;0;41716;0;N;531316;531758;7;3026;0;PM_PH-BE_2;20140318xTue;07_Karlštejn_Srbsko;Středočeský kraj;h00;1;N
02-o2_02-edg_02-vis_03-lau2_07-day_03-60_08-frt-1008_01-sng_00-n_00-n_00-n_00-n_00-n_00-n;1008;0;41712;0;N;531316;531758;7;3026;0;PM_PH-BE_2;20140314xFri;07_Karlštejn_Srbsko;Středočeský kraj;h00;1;N
02-o2_02-edg_02-vis_03-lau2_07-day_03-60_08-frt-1008_01-sng_00-n_00-n_00-n_00-n_00-n_00-n;1008;0;41715;0;N;531316;531758;7;3026;0;PM_PH-BE_2;20140317xMon;07_Karlštejn_Srbsko;Středočeský kraj;h00;1;N
02-o2_02-edg_02-vis_03-lau2_07-day_03-60_08-frt-1008_01-sng_00-n_00-n_00-n_00-n_00-n_00-n;1008;0;41711;0;N;531316;531758;7;3026;0;PM_PH-BE_2;20140313xThu;07_Karlštejn_Srbsko;Středočeský kraj;h00;1;N
02-o2_02-edg_02-vis_03-lau2_07-day_03-60_08-frt-1008_01-sng_00-n_00-n_00-n_00-n_00-n_00-n;1008;0;41719;0;N;531316;531758;7;3026;0;PM_PH-BE_2;20140321xFri;07_Karlštejn_Srbsko;Středočeský kraj;h00;2;N
02-o2_02-edg_02-vis_03-lau2_07-day_03-60_08-frt-1008_01-sng_00-n_00-n_00-n_00-n_00-n_00-n;1008;0;41724;0;N;531316;531758;7;3026;0;PM_PH-BE_2;20140326xWed;07_Karlštejn_Srbsko;Středočeský kraj;h00;1;N
02-o2_02-edg_02-vis_03-lau2_07-day_03-60_08-frt-1008_01-sng_00-n_00-n_00-n_00-n_00-n_00-n;1008;0;41723;0;N;531316;531758;7;3026;0;PM_PH-BE_2;20140325xTue;07_Karlštejn_Srbsko;Středočeský kraj;h00;2;N
02-o2_02-edg_02-vis_03-lau2_07-day_03-60_08-frt-1008_01-sng_00-n_00-n_00-n_00-n_00-n_00-n;1008;0;41717;0;N;531316;531057;7;3026;0;PM_PH-BE_2;20140319xWed;07_Karlštejn_Beroun;Středočeský kraj;h00;53;N
02-o2_02-edg_02-vis_03-lau2_07-day_03-60_08-frt-1008_01-sng_00-n_00-n_00-n_00-n_00-n_00-n;1008;0;41711;0;N;531316;531057;7;3026;0;PM_PH-BE_2;20140313xThu;07_Karlštejn_Beroun;Středočeský kraj;h00;26;N
02-o2_02-edg_02-vis_03-lau2_07-day_03-60_08-frt-1008_01-sng_00-n_00-n_00-n_00-n_00-n_00-n;1008;0;41719;0;N;531316;531057;7;3026;0;PM_PH-BE_2;20140321xFri;07_Karlštejn_Beroun;Středočeský kraj;h00;15;N
02-o2_02-edg_02-vis_03-lau2_07-day_03-60_08-frt-1008_01-sng_00-n_00-n_00-n_00-n_00-n_00-n;1008;0;41713;0;N;531316;531057;7;3026;0;PM_PH-BE_2;20140315xSat;07_Karlštejn_Beroun;Středočeský kraj;h00;16;N
02-o2_02-edg_02-vis_03-lau2_07-day_03-60_08-frt-1008_01-sng_00-n_00-n_00-n_00-n_00-n_00-n;1008;0;41714;0;N;531316;531057;7;3026;0;PM_PH-BE_2;20140316xSun;07_Karlštejn_Beroun;Středočeský kraj;h00;9;N
02-o2_02-edg_02-vis_03-lau2_07-day_03-60_08-frt-1008_01-sng_00-n_00-n_00-n_00-n_00-n_00-n;1008;0;41716;0;N;531316;531057;7;3026;0;PM_PH-BE_2;20140318xTue;07_Karlštejn_Beroun;Středočeský kraj;h00;34;N
02-o2_02-edg_02-vis_03-lau2_07-day_03-60_08-frt-1008_01-sng_00-n_00-n_00-n_00-n_00-n_00-n;1008;0;41712;0;N;531316;531057;7;3026;0;PM_PH-BE_2;20140314xFri;07_Karlštejn_Beroun;Středočeský kraj;h00;37;N
02-o2_02-edg_02-vis_03-lau2_07-day_03-60_08-frt-1008_01-sng_00-n_00-n_00-n_00-n_00-n_00-n;1008;0;41718;0;N;531316;531057;7;3026;0;PM_PH-BE_2;20140320xThu;07_Karlštejn_Beroun;Středočeský kraj;h00;44;N
02-o2_02-edg_02-vis_03-lau2_07-day_03-60_08-frt-1008_01-sng_00-n_00-n_00-n_00-n_00-n_00-n;1008;0;41710;0;N;531316;531057;7;3026;0;PM_PH-BE_2;20140312xWed;07_Karlštejn_Beroun;Středočeský kraj;h00;47;N
02-o2_02-edg_02-vis_03-lau2_07-day_03-60_08-frt-1008_01-sng_00-n_00-n_00-n_00-n_00-n_00-n;1008;0;41721;0;N;531316;531057;7;3026;0;PM_PH-BE_2;20140323xSun;07_Karlštejn_Beroun;Středočeský kraj;h00;17;N
02-o2_02-edg_02-vis_03-lau2_07-day_03-60_08-frt-1008_01-sng_00-n_00-n_00-n_00-n_00-n_00-n;1008;0;41715;0;N;531316;531057;7;3026;0;PM_PH-BE_2;20140317xMon;07_Karlštejn_Beroun;Středočeský kraj;h00;19;N
02-o2_02-edg_02-vis_03-lau2_07-day_03-60_08-frt-1008_01-sng_00-n_00-n_00-n_00-n_00-n_00-n;1008;0;41720;0;N;531316;531057;7;3026;0;PM_PH-BE_2;20140322xSat;07_Karlštejn_Beroun;Středočeský kraj;h00;15;N
02-o2_02-edg_02-vis_03-lau2_07-day_03-60_08-frt-1008_01-sng_00-n_00-n_00-n_00-n_00-n_00-n;1008;0;41723;0;N;531316;531057;7;3026;0;PM_PH-BE_2;20140325xTue;07_Karlštejn_Beroun;Středočeský kraj;h00;20;N
02-o2_02-edg_02-vis_03-lau2_07-day_03-60_08-frt-1008_01-sng_00-n_00-n_00-n_00-n_00-n_00-n;1008;0;41724;0;N;531316;531057;7;3026;0;PM_PH-BE_2;20140326xWed;07_Karlštejn_Beroun;Středočeský kraj;h00;33;N
02-o2_02-edg_02-vis_03-lau2_07-day_03-60_08-frt-1008_01-sng_00-n_00-n_00-n_00-n_00-n_00-n;1008;0;41722;0;N;531316;531057;7;3026;0;PM_PH-BE_2;20140324xMon;07_Karlštejn_Beroun;Středočeský kraj;h00;48;N
02-o2_02-edg_02-vis_03-lau2_07-day_03-60_08-frt-1008_01-sng_00-n_00-n_00-n_00-n_00-n_00-n;1008;0;41714;0;N;554782;539856;1;3018;0;PM_PH-BE_2;20140316xSun;01_Praha_Všenory;Hlavní město Praha;h00;47;N
02-o2_02-edg_02-vis_03-lau2_07-day_03-60_08-frt-1008_01-sng_00-n_00-n_00-n_00-n_00-n_00-n;1008;0;41715;0;N;554782;539856;1;3018;0;PM_PH-BE_2;20140317xMon;01_Praha_Všenory;Hlavní město Praha;h00;57;N
02-o2_02-edg_02-vis_03-lau2_07-day_03-60_08-frt-1008_01-sng_00-n_00-n_00-n_00-n_00-n_00-n;1008;0;41718;0;N;554782;539856;1;3018;0;PM_PH-BE_2;20140320xThu;01_Praha_Všenory;Hlavní město Praha;h00;112;N
02-o2_02-edg_02-vis_03-lau2_07-day_03-60_08-frt-1008_01-sng_00-n_00-n_00-n_00-n_00-n_00-n;1008;0;41720;0;N;554782;539856;1;3018;0;PM_PH-BE_2;20140322xSat;01_Praha_Všenory;Hlavní město Praha;h00;176;N
02-o2_02-edg_02-vis_03-lau2_07-day_03-60_08-frt-1008_01-sng_00-n_00-n_00-n_00-n_00-n_00-n;1008;0;41710;0;N;554782;539856;1;3018;0;PM_PH-BE_2;20140312xWed;01_Praha_Všenory;Hlavní město Praha;h00;84;N
02-o2_02-edg_02-vis_03-lau2_07-day_03-60_08-frt-1008_01-sng_00-n_00-n_00-n_00-n_00-n_00-n;1008;0;41711;0;N;554782;539856;1;3018;0;PM_PH-BE_2;20140313xThu;01_Praha_Všenory;Hlavní město Praha;h00;90;N
02-o2_02-edg_02-vis_03-lau2_07-day_03-60_08-frt-1008_01-sng_00-n_00-n_00-n_00-n_00-n_00-n;1008;0;41712;0;N;554782;539856;1;3018;0;PM_PH-BE_2;20140314xFri;01_Praha_Všenory;Hlavní město Praha;h00;135;N
02-o2_02-edg_02-vis_03-lau2_07-day_03-60_08-frt-1008_01-sng_00-n_00-n_00-n_00-n_00-n_00-n;1008;0;41717;0;N;554782;539856;1;3018;0;PM_PH-BE_2;20140319xWed;01_Praha_Všenory;Hlavní město Praha;h00;71;N
02-o2_02-edg_02-vis_03-lau2_07-day_03-60_08-frt-1008_01-sng_00-n_00-n_00-n_00-n_00-n_00-n;1008;0;41716;0;N;554782;539856;1;3018;0;PM_PH-BE_2;20140318xTue;01_Praha_Všenory;Hlavní město Praha;h00;98;N
02-o2_02-edg_02-vis_03-lau2_07-day_03-60_08-frt-1008_01-sng_00-n_00-n_00-n_00-n_00-n_00-n;1008;0;41713;0;N;554782;539856;1;3018;0;PM_PH-BE_2;20140315xSat;01_Praha_Všenory;Hlavní město Praha;h00;95;N
02-o2_02-edg_02-vis_03-lau2_07-day_03-60_08-frt-1008_01-sng_00-n_00-n_00-n_00-n_00-n_00-n;1008;0;41719;0;N;554782;539856;1;3018;0;PM_PH-BE_2;20140321xFri;01_Praha_Všenory;Hlavní město Praha;h00;104;N
02-o2_02-edg_02-vis_03-lau2_07-day_03-60_08-frt-1008_01-sng_00-n_00-n_00-n_00-n_00-n_00-n;1008;0;41721;0;N;554782;539856;1;3018;0;PM_PH-BE_2;20140323xSun;01_Praha_Všenory;Hlavní město Praha;h00;78;N
02-o2_02-edg_02-vis_03-lau2_07-day_03-60_08-frt-1008_01-sng_00-n_00-n_00-n_00-n_00-n_00-n;1008;0;41724;0;N;554782;539856;1;3018;0;PM_PH-BE_2;20140326xWed;01_Praha_Všenory;Hlavní město Praha;h00;98;N
02-o2_02-edg_02-vis_03-lau2_07-day_03-60_08-frt-1008_01-sng_00-n_00-n_00-n_00-n_00-n_00-n;1008;0;41723;0;N;554782;539856;1;3018;0;PM_PH-BE_2;20140325xTue;01_Praha_Všenory;Hlavní město Praha;h00;101;N
02-o2_02-edg_02-vis_03-lau2_07-day_03-60_08-frt-1008_01-sng_00-n_00-n_00-n_00-n_00-n_00-n;1008;0;41722;0;N;554782;539856;1;3018;0;PM_PH-BE_2;20140324xMon;01_Praha_Všenory;Hlavní město Praha;h00;66;N
02-o2_02-edg_02-vis_03-lau2_07-day_03-60_08-frt-1008_01-sng_00-n_00-n_00-n_00-n_00-n_00-n;1008;0;41720;0;N;554782;539643;1;3018;0;PM_PH-BE_2;20140322xSat;01_Praha_Řevnice;Hlavní město Praha;h00;37;N
02-o2_02-edg_02-vis_03-lau2_07-day_03-60_08-frt-1008_01-sng_00-n_00-n_00-n_00-n_00-n_00-n;1008;0;41719;0;N;554782;539643;1;3018;0;PM_PH-BE_2;20140321xFri;01_Praha_Řevnice;Hlavní město Praha;h00;19;N
02-o2_02-edg_02-vis_03-lau2_07-day_03-60_08-frt-1008_01-sng_00-n_00-n_00-n_00-n_00-n_00-n;1008;0;41712;0;N;554782;539643;1;3018;0;PM_PH-BE_2;20140314xFri;01_Praha_Řevnice;Hlavní město Praha;h00;30;N
02-o2_02-edg_02-vis_03-lau2_07-day_03-60_08-frt-1008_01-sng_00-n_00-n_00-n_00-n_00-n_00-n;1008;0;41713;0;N;554782;539643;1;3018;0;PM_PH-BE_2;20140315xSat;01_Praha_Řevnice;Hlavní město Praha;h00;16;N
02-o2_02-edg_02-vis_03-lau2_07-day_03-60_08-frt-1008_01-sng_00-n_00-n_00-n_00-n_00-n_00-n;1008;0;41711;0;N;554782;539643;1;3018;0;PM_PH-BE_2;20140313xThu;01_Praha_Řevnice;Hlavní město Praha;h00;19;N
02-o2_02-edg_02-vis_03-lau2_07-day_03-60_08-frt-1008_01-sng_00-n_00-n_00-n_00-n_00-n_00-n;1008;0;41715;0;N;554782;539643;1;3018;0;PM_PH-BE_2;20140317xMon;01_Praha_Řevnice;Hlavní město Praha;h00;7;N
02-o2_02-edg_02-vis_03-lau2_07-day_03-60_08-frt-1008_01-sng_00-n_00-n_00-n_00-n_00-n_00-n;1008;0;41714;0;N;554782;539643;1;3018;0;PM_PH-BE_2;20140316xSun;01_Praha_Řevnice;Hlavní město Praha;h00;10;N
02-o2_02-edg_02-vis_03-lau2_07-day_03-60_08-frt-1008_01-sng_00-n_00-n_00-n_00-n_00-n_00-n;1008;0;41710;0;N;554782;539643;1;3018;0;PM_PH-BE_2;20140312xWed;01_Praha_Řevnice;Hlavní město Praha;h00;20;N
02-o2_02-edg_02-vis_03-lau2_07-day_03-60_08-frt-1008_01-sng_00-n_00-n_00-n_00-n_00-n_00-n;1008;0;41717;0;N;554782;539643;1;3018;0;PM_PH-BE_2;20140319xWed;01_Praha_Řevnice;Hlavní město Praha;h00;17;N
02-o2_02-edg_02-vis_03-lau2_07-day_03-60_08-frt-1008_01-sng_00-n_00-n_00-n_00-n_00-n_00-n;1008;0;41716;0;N;554782;539643;1;3018;0;PM_PH-BE_2;20140318xTue;01_Praha_Řevnice;Hlavní město Praha;h00;18;N
02-o2_02-edg_02-vis_03-lau2_07-day_03-60_08-frt-1008_01-sng_00-n_00-n_00-n_00-n_00-n_00-n;1008;0;41718;0;N;554782;539643;1;3018;0;PM_PH-BE_2;20140320xThu;01_Praha_Řevnice;Hlavní město Praha;h00;21;N
02-o2_02-edg_02-vis_03-lau2_07-day_03-60_08-frt-1008_01-sng_00-n_00-n_00-n_00-n_00-n_00-n;1008;0;41721;0;N;554782;539643;1;3018;0;PM_PH-BE_2;20140323xSun;01_Praha_Řevnice;Hlavní město Praha;h00;10;N
02-o2_02-edg_02-vis_03-lau2_07-day_03-60_08-frt-1008_01-sng_00-n_00-n_00-n_00-n_00-n_00-n;1008;0;41722;0;N;554782;539643;1;3018;0;PM_PH-BE_2;20140324xMon;01_Praha_Řevnice;Hlavní město Praha;h00;6;N
02-o2_02-edg_02-vis_03-lau2_07-day_03-60_08-frt-1008_01-sng_00-n_00-n_00-n_00-n_00-n_00-n;1008;0;41723;0;N;554782;539643;1;3018;0;PM_PH-BE_2;20140325xTue;01_Praha_Řevnice;Hlavní město Praha;h00;12;N
02-o2_02-edg_02-vis_03-lau2_07-day_03-60_08-frt-1008_01-sng_00-n_00-n_00-n_00-n_00-n_00-n;1008;0;41724;0;N;554782;539643;1;3018;0;PM_PH-BE_2;20140326xWed;01_Praha_Řevnice;Hlavní město Praha;h00;19;N
02-o2_02-edg_02-vis_03-lau2_07-day_03-60_08-frt-1008_01-sng_00-n_00-n_00-n_00-n_00-n_00-n;1008;0;41710;0;N;554782;539198;1;3018;0;PM_PH-BE_2;20140312xWed;01_Praha_Dobřichovice;Hlavní město Praha;h00;67;N
02-o2_02-edg_02-vis_03-lau2_07-day_03-60_08-frt-1008_01-sng_00-n_00-n_00-n_00-n_00-n_00-n;1008;0;41720;0;N;554782;539198;1;3018;0;PM_PH-BE_2;20140322xSat;01_Praha_Dobřichovice;Hlavní město Praha;h00;141;N
02-o2_02-edg_02-vis_03-lau2_07-day_03-60_08-frt-1008_01-sng_00-n_00-n_00-n_00-n_00-n_00-n;1008;0;41718;0;N;554782;539198;1;3018;0;PM_PH-BE_2;20140320xThu;01_Praha_Dobřichovice;Hlavní město Praha;h00;87;N
02-o2_02-edg_02-vis_03-lau2_07-day_03-60_08-frt-1008_01-sng_00-n_00-n_00-n_00-n_00-n_00-n;1008;0;41716;0;N;554782;539198;1;3018;0;PM_PH-BE_2;20140318xTue;01_Praha_Dobřichovice;Hlavní město Praha;h00;75;N
02-o2_02-edg_02-vis_03-lau2_07-day_03-60_08-frt-1008_01-sng_00-n_00-n_00-n_00-n_00-n_00-n;1008;0;41713;0;N;554782;539198;1;3018;0;PM_PH-BE_2;20140315xSat;01_Praha_Dobřichovice;Hlavní město Praha;h00;73;N
02-o2_02-edg_02-vis_03-lau2_07-day_03-60_08-frt-1008_01-sng_00-n_00-n_00-n_00-n_00-n_00-n;1008;0;41717;0;N;554782;539198;1;3018;0;PM_PH-BE_2;20140319xWed;01_Praha_Dobřichovice;Hlavní město Praha;h00;83;N
02-o2_02-edg_02-vis_03-lau2_07-day_03-60_08-frt-1008_01-sng_00-n_00-n_00-n_00-n_00-n_00-n;1008;0;41715;0;N;554782;539198;1;3018;0;PM_PH-BE_2;20140317xMon;01_Praha_Dobřichovice;Hlavní město Praha;h00;37;N
02-o2_02-edg_02-vis_03-lau2_07-day_03-60_08-frt-1008_01-sng_00-n_00-n_00-n_00-n_00-n_00-n;1008;0;41719;0;N;554782;539198;1;3018;0;PM_PH-BE_2;20140321xFri;01_Praha_Dobřichovice;Hlavní město Praha;h00;76;N
02-o2_02-edg_02-vis_03-lau2_07-day_03-60_08-frt-1008_01-sng_00-n_00-n_00-n_00-n_00-n_00-n;1008;0;41711;0;N;554782;539198;1;3018;0;PM_PH-BE_2;20140313xThu;01_Praha_Dobřichovice;Hlavní město Praha;h00;71;N
02-o2_02-edg_02-vis_03-lau2_07-day_03-60_08-frt-1008_01-sng_00-n_00-n_00-n_00-n_00-n_00-n;1008;0;41714;0;N;554782;539198;1;3018;0;PM_PH-BE_2;20140316xSun;01_Praha_Dobřichovice;Hlavní město Praha;h00;37;N
02-o2_02-edg_02-vis_03-lau2_07-day_03-60_08-frt-1008_01-sng_00-n_00-n_00-n_00-n_00-n_00-n;1008;0;41712;0;N;554782;539198;1;3018;0;PM_PH-BE_2;20140314xFri;01_Praha_Dobřichovice;Hlavní město Praha;h00;116;N
02-o2_02-edg_02-vis_03-lau2_07-day_03-60_08-frt-1008_01-sng_00-n_00-n_00-n_00-n_00-n_00-n;1008;0;41724;0;N;554782;539198;1;3018;0;PM_PH-BE_2;20140326xWed;01_Praha_Dobřichovice;Hlavní město Praha;h00;95;N
02-o2_02-edg_02-vis_03-lau2_07-day_03-60_08-frt-1008_01-sng_00-n_00-n_00-n_00-n_00-n_00-n;1008;0;41721;0;N;554782;539198;1;3018;0;PM_PH-BE_2;20140323xSun;01_Praha_Dobřichovice;Hlavní město Praha;h00;51;N
02-o2_02-edg_02-vis_03-lau2_07-day_03-60_08-frt-1008_01-sng_00-n_00-n_00-n_00-n_00-n_00-n;1008;0;41723;0;N;554782;539198;1;3018;0;PM_PH-BE_2;20140325xTue;01_Praha_Dobřichovice;Hlavní město Praha;h00;76;N
02-o2_02-edg_02-vis_03-lau2_07-day_03-60_08-frt-1008_01-sng_00-n_00-n_00-n_00-n_00-n_00-n;1008;0;41722;0;N;554782;539198;1;3018;0;PM_PH-BE_2;20140324xMon;01_Praha_Dobřichovice;Hlavní město Praha;h00;61;N
02-o2_02-edg_02-vis_03-lau2_07-day_03-60_08-frt-1008_01-sng_00-n_00-n_00-n_00-n_00-n_00-n;1008;0;41713;0;N;554782;539139;1;3018;0;PM_PH-BE_2;20140315xSat;01_Praha_Černošice;Hlavní město Praha;h00;500;N
02-o2_02-edg_02-vis_03-lau2_07-day_03-60_08-frt-1008_01-sng_00-n_00-n_00-n_00-n_00-n_00-n;1008;0;41711;0;N;554782;539139;1;3018;0;PM_PH-BE_2;20140313xThu;01_Praha_Černošice;Hlavní město Praha;h00;356;N
02-o2_02-edg_02-vis_03-lau2_07-day_03-60_08-frt-1008_01-sng_00-n_00-n_00-n_00-n_00-n_00-n;1008;0;41715;0;N;554782;539139;1;3018;0;PM_PH-BE_2;20140317xMon;01_Praha_Černošice;Hlavní město Praha;h00;180;N
02-o2_02-edg_02-vis_03-lau2_07-day_03-60_08-frt-1008_01-sng_00-n_00-n_00-n_00-n_00-n_00-n;1008;0;41720;0;N;554782;539139;1;3018;0;PM_PH-BE_2;20140322xSat;01_Praha_Černošice;Hlavní město Praha;h00;314;N
02-o2_02-edg_02-vis_03-lau2_07-day_03-60_08-frt-1008_01-sng_00-n_00-n_00-n_00-n_00-n_00-n;1008;0;41716;0;N;554782;539139;1;3018;0;PM_PH-BE_2;20140318xTue;01_Praha_Černošice;Hlavní město Praha;h00;282;N
02-o2_02-edg_02-vis_03-lau2_07-day_03-60_08-frt-1008_01-sng_00-n_00-n_00-n_00-n_00-n_00-n;1008;0;41714;0;N;554782;539139;1;3018;0;PM_PH-BE_2;20140316xSun;01_Praha_Černošice;Hlavní město Praha;h00;148;N
02-o2_02-edg_02-vis_03-lau2_07-day_03-60_08-frt-1008_01-sng_00-n_00-n_00-n_00-n_00-n_00-n;1008;0;41710;0;N;554782;539139;1;3018;0;PM_PH-BE_2;20140312xWed;01_Praha_Černošice;Hlavní město Praha;h00;290;N
02-o2_02-edg_02-vis_03-lau2_07-day_03-60_08-frt-1008_01-sng_00-n_00-n_00-n_00-n_00-n_00-n;1008;0;41712;0;N;554782;539139;1;3018;0;PM_PH-BE_2;20140314xFri;01_Praha_Černošice;Hlavní město Praha;h00;290;N
02-o2_02-edg_02-vis_03-lau2_07-day_03-60_08-frt-1008_01-sng_00-n_00-n_00-n_00-n_00-n_00-n;1008;0;41718;0;N;554782;539139;1;3018;0;PM_PH-BE_2;20140320xThu;01_Praha_Černošice;Hlavní město Praha;h00;303;N
02-o2_02-edg_02-vis_03-lau2_07-day_03-60_08-frt-1008_01-sng_00-n_00-n_00-n_00-n_00-n_00-n;1008;0;41717;0;N;554782;539139;1;3018;0;PM_PH-BE_2;20140319xWed;01_Praha_Černošice;Hlavní město Praha;h00;278;N
02-o2_02-edg_02-vis_03-lau2_07-day_03-60_08-frt-1008_01-sng_00-n_00-n_00-n_00-n_00-n_00-n;1008;0;41719;0;N;554782;539139;1;3018;0;PM_PH-BE_2;20140321xFri;01_Praha_Černošice;Hlavní město Praha;h00;180;N
02-o2_02-edg_02-vis_03-lau2_07-day_03-60_08-frt-1008_01-sng_00-n_00-n_00-n_00-n_00-n_00-n;1008;0;41723;0;N;554782;539139;1;3018;0;PM_PH-BE_2;20140325xTue;01_Praha_Černošice;Hlavní město Praha;h00;267;N
02-o2_02-edg_02-vis_03-lau2_07-day_03-60_08-frt-1008_01-sng_00-n_00-n_00-n_00-n_00-n_00-n;1008;0;41722;0;N;554782;539139;1;3018;0;PM_PH-BE_2;20140324xMon;01_Praha_Černošice;Hlavní město Praha;h00;236;N
02-o2_02-edg_02-vis_03-lau2_07-day_03-60_08-frt-1008_01-sng_00-n_00-n_00-n_00-n_00-n_00-n;1008;0;41721;0;N;554782;539139;1;3018;0;PM_PH-BE_2;20140323xSun;01_Praha_Černošice;Hlavní město Praha;h00;192;N
02-o2_02-edg_02-vis_03-lau2_07-day_03-60_08-frt-1008_01-sng_00-n_00-n_00-n_00-n_00-n_00-n;1008;0;41724;0;N;554782;539139;1;3018;0;PM_PH-BE_2;20140326xWed;01_Praha_Černošice;Hlavní město Praha;h00;274;N
02-o2_02-edg_02-vis_03-lau2_07-day_03-60_08-frt-1008_01-sng_00-n_00-n_00-n_00-n_00-n_00-n;1008;0;41711;0;N;554782;531979;1;3018;0;PM_PH-BE_2;20140313xThu;01_Praha_Zadní Třebaň;Hlavní město Praha;h00;5;N
02-o2_02-edg_02-vis_03-lau2_07-day_03-60_08-frt-1008_01-sng_00-n_00-n_00-n_00-n_00-n_00-n;1008;0;41717;0;N;554782;531979;1;3018;0;PM_PH-BE_2;20140319xWed;01_Praha_Zadní Třebaň;Hlavní město Praha;h00;6;N
02-o2_02-edg_02-vis_03-lau2_07-day_03-60_08-frt-1008_01-sng_00-n_00-n_00-n_00-n_00-n_00-n;1008;0;41715;0;N;554782;531979;1;3018;0;PM_PH-BE_2;20140317xMon;01_Praha_Zadní Třebaň;Hlavní město Praha;h00;2;N
02-o2_02-edg_02-vis_03-lau2_07-day_03-60_08-frt-1008_01-sng_00-n_00-n_00-n_00-n_00-n_00-n;1008;0;41720;0;N;554782;531979;1;3018;0;PM_PH-BE_2;20140322xSat;01_Praha_Zadní Třebaň;Hlavní město Praha;h00;15;N
02-o2_02-edg_02-vis_03-lau2_07-day_03-60_08-frt-1008_01-sng_00-n_00-n_00-n_00-n_00-n_00-n;1008;0;41712;0;N;554782;531979;1;3018;0;PM_PH-BE_2;20140314xFri;01_Praha_Zadní Třebaň;Hlavní město Praha;h00;8;N
02-o2_02-edg_02-vis_03-lau2_07-day_03-60_08-frt-1008_01-sng_00-n_00-n_00-n_00-n_00-n_00-n;1008;0;41710;0;N;554782;531979;1;3018;0;PM_PH-BE_2;20140312xWed;01_Praha_Zadní Třebaň;Hlavní město Praha;h00;5;N
02-o2_02-edg_02-vis_03-lau2_07-day_03-60_08-frt-1008_01-sng_00-n_00-n_00-n_00-n_00-n_00-n;1008;0;41714;0;N;554782;531979;1;3018;0;PM_PH-BE_2;20140316xSun;01_Praha_Zadní Třebaň;Hlavní město Praha;h00;4;N
02-o2_02-edg_02-vis_03-lau2_07-day_03-60_08-frt-1008_01-sng_00-n_00-n_00-n_00-n_00-n_00-n;1008;0;41719;0;N;554782;531979;1;3018;0;PM_PH-BE_2;20140321xFri;01_Praha_Zadní Třebaň;Hlavní město Praha;h00;7;N
02-o2_02-edg_02-vis_03-lau2_07-day_03-60_08-frt-1008_01-sng_00-n_00-n_00-n_00-n_00-n_00-n;1008;0;41713;0;N;554782;531979;1;3018;0;PM_PH-BE_2;20140315xSat;01_Praha_Zadní Třebaň;Hlavní město Praha;h00;8;N
02-o2_02-edg_02-vis_03-lau2_07-day_03-60_08-frt-1008_01-sng_00-n_00-n_00-n_00-n_00-n_00-n;1008;0;41716;0;N;554782;531979;1;3018;0;PM_PH-BE_2;20140318xTue;01_Praha_Zadní Třebaň;Hlavní město Praha;h00;9;N
02-o2_02-edg_02-vis_03-lau2_07-day_03-60_08-frt-1008_01-sng_00-n_00-n_00-n_00-n_00-n_00-n;1008;0;41718;0;N;554782;531979;1;3018;0;PM_PH-BE_2;20140320xThu;01_Praha_Zadní Třebaň;Hlavní město Praha;h00;8;N
02-o2_02-edg_02-vis_03-lau2_07-day_03-60_08-frt-1008_01-sng_00-n_00-n_00-n_00-n_00-n_00-n;1008;0;41723;0;N;554782;531979;1;3018;0;PM_PH-BE_2;20140325xTue;01_Praha_Zadní Třebaň;Hlavní město Praha;h00;2;N
02-o2_02-edg_02-vis_03-lau2_07-day_03-60_08-frt-1008_01-sng_00-n_00-n_00-n_00-n_00-n_00-n;1008;0;41724;0;N;554782;531979;1;3018;0;PM_PH-BE_2;20140326xWed;01_Praha_Zadní Třebaň;Hlavní město Praha;h00;1;N
02-o2_02-edg_02-vis_03-lau2_07-day_03-60_08-frt-1008_01-sng_00-n_00-n_00-n_00-n_00-n_00-n;1008;0;41721;0;N;554782;531979;1;3018;0;PM_PH-BE_2;20140323xSun;01_Praha_Zadní Třebaň;Hlavní město Praha;h00;2;N
02-o2_02-edg_02-vis_03-lau2_07-day_03-60_08-frt-1008_01-sng_00-n_00-n_00-n_00-n_00-n_00-n;1008;0;41722;0;N;554782;531979;1;3018;0;PM_PH-BE_2;20140324xMon;01_Praha_Zadní Třebaň;Hlavní město Praha;h00;2;N
02-o2_02-edg_02-vis_03-lau2_07-day_03-60_08-frt-1008_01-sng_00-n_00-n_00-n_00-n_00-n_00-n;1008;0;41714;0;N;554782;531758;1;3018;0;PM_PH-BE_2;20140316xSun;01_Praha_Srbsko;Hlavní město Praha;h00;3;N
02-o2_02-edg_02-vis_03-lau2_07-day_03-60_08-frt-1008_01-sng_00-n_00-n_00-n_00-n_00-n_00-n;1008;0;41721;0;N;554782;531758;1;3018;0;PM_PH-BE_2;20140323xSun;01_Praha_Srbsko;Hlavní město Praha;h00;2;N
02-o2_02-edg_02-vis_03-lau2_07-day_03-60_08-frt-1008_01-sng_00-n_00-n_00-n_00-n_00-n_00-n;1008;0;41710;0;N;554782;531758;1;3018;0;PM_PH-BE_2;20140312xWed;01_Praha_Srbsko;Hlavní město Praha;h00;10;N
02-o2_02-edg_02-vis_03-lau2_07-day_03-60_08-frt-1008_01-sng_00-n_00-n_00-n_00-n_00-n_00-n;1008;0;41720;0;N;554782;531758;1;3018;0;PM_PH-BE_2;20140322xSat;01_Praha_Srbsko;Hlavní město Praha;h00;34;N
02-o2_02-edg_02-vis_03-lau2_07-day_03-60_08-frt-1008_01-sng_00-n_00-n_00-n_00-n_00-n_00-n;1008;0;41713;0;N;554782;531758;1;3018;0;PM_PH-BE_2;20140315xSat;01_Praha_Srbsko;Hlavní město Praha;h00;4;N
02-o2_02-edg_02-vis_03-lau2_07-day_03-60_08-frt-1008_01-sng_00-n_00-n_00-n_00-n_00-n_00-n;1008;0;41711;0;N;554782;531758;1;3018;0;PM_PH-BE_2;20140313xThu;01_Praha_Srbsko;Hlavní město Praha;h00;5;N
02-o2_02-edg_02-vis_03-lau2_07-day_03-60_08-frt-1008_01-sng_00-n_00-n_00-n_00-n_00-n_00-n;1008;0;41719;0;N;554782;531758;1;3018;0;PM_PH-BE_2;20140321xFri;01_Praha_Srbsko;Hlavní město Praha;h00;13;N
02-o2_02-edg_02-vis_03-lau2_07-day_03-60_08-frt-1008_01-sng_00-n_00-n_00-n_00-n_00-n_00-n;1008;0;41717;0;N;554782;531758;1;3018;0;PM_PH-BE_2;20140319xWed;01_Praha_Srbsko;Hlavní město Praha;h00;1;N
02-o2_02-edg_02-vis_03-lau2_07-day_03-60_08-frt-1008_01-sng_00-n_00-n_00-n_00-n_00-n_00-n;1008;0;41712;0;N;554782;531758;1;3018;0;PM_PH-BE_2;20140314xFri;01_Praha_Srbsko;Hlavní město Praha;h00;8;N
02-o2_02-edg_02-vis_03-lau2_07-day_03-60_08-frt-1008_01-sng_00-n_00-n_00-n_00-n_00-n_00-n;1008;0;41718;0;N;554782;531758;1;3018;0;PM_PH-BE_2;20140320xThu;01_Praha_Srbsko;Hlavní město Praha;h00;9;N
02-o2_02-edg_02-vis_03-lau2_07-day_03-60_08-frt-1008_01-sng_00-n_00-n_00-n_00-n_00-n_00-n;1008;0;41722;0;N;554782;531758;1;3018;0;PM_PH-BE_2;20140324xMon;01_Praha_Srbsko;Hlavní město Praha;h00;2;N
02-o2_02-edg_02-vis_03-lau2_07-day_03-60_08-frt-1008_01-sng_00-n_00-n_00-n_00-n_00-n_00-n;1008;0;41723;0;N;554782;531758;1;3018;0;PM_PH-BE_2;20140325xTue;01_Praha_Srbsko;Hlavní město Praha;h00;1;N
02-o2_02-edg_02-vis_03-lau2_07-day_03-60_08-frt-1008_01-sng_00-n_00-n_00-n_00-n_00-n_00-n;1008;0;41724;0;N;554782;531758;1;3018;0;PM_PH-BE_2;20140326xWed;01_Praha_Srbsko;Hlavní město Praha;h00;6;N
02-o2_02-edg_02-vis_03-lau2_07-day_03-60_08-frt-1008_01-sng_00-n_00-n_00-n_00-n_00-n_00-n;1008;0;41710;0;N;554782;531316;1;3018;0;PM_PH-BE_2;20140312xWed;01_Praha_Karlštejn;Hlavní město Praha;h00;25;N
02-o2_02-edg_02-vis_03-lau2_07-day_03-60_08-frt-1008_01-sng_00-n_00-n_00-n_00-n_00-n_00-n;1008;0;41715;0;N;554782;531316;1;3018;0;PM_PH-BE_2;20140317xMon;01_Praha_Karlštejn;Hlavní město Praha;h00;12;N
02-o2_02-edg_02-vis_03-lau2_07-day_03-60_08-frt-1008_01-sng_00-n_00-n_00-n_00-n_00-n_00-n;1008;0;41717;0;N;554782;531316;1;3018;0;PM_PH-BE_2;20140319xWed;01_Praha_Karlštejn;Hlavní město Praha;h00;18;N
02-o2_02-edg_02-vis_03-lau2_07-day_03-60_08-frt-1008_01-sng_00-n_00-n_00-n_00-n_00-n_00-n;1008;0;41718;0;N;554782;531316;1;3018;0;PM_PH-BE_2;20140320xThu;01_Praha_Karlštejn;Hlavní město Praha;h00;26;N
02-o2_02-edg_02-vis_03-lau2_07-day_03-60_08-frt-1008_01-sng_00-n_00-n_00-n_00-n_00-n_00-n;1008;0;41711;0;N;554782;531316;1;3018;0;PM_PH-BE_2;20140313xThu;01_Praha_Karlštejn;Hlavní město Praha;h00;26;N
02-o2_02-edg_02-vis_03-lau2_07-day_03-60_08-frt-1008_01-sng_00-n_00-n_00-n_00-n_00-n_00-n;1008;0;41713;0;N;554782;531316;1;3018;0;PM_PH-BE_2;20140315xSat;01_Praha_Karlštejn;Hlavní město Praha;h00;33;N
02-o2_02-edg_02-vis_03-lau2_07-day_03-60_08-frt-1008_01-sng_00-n_00-n_00-n_00-n_00-n_00-n;1008;0;41719;0;N;554782;531316;1;3018;0;PM_PH-BE_2;20140321xFri;01_Praha_Karlštejn;Hlavní město Praha;h00;37;N
02-o2_02-edg_02-vis_03-lau2_07-day_03-60_08-frt-1008_01-sng_00-n_00-n_00-n_00-n_00-n_00-n;1008;0;41712;0;N;554782;531316;1;3018;0;PM_PH-BE_2;20140314xFri;01_Praha_Karlštejn;Hlavní město Praha;h00;53;N
02-o2_02-edg_02-vis_03-lau2_07-day_03-60_08-frt-1008_01-sng_00-n_00-n_00-n_00-n_00-n_00-n;1008;0;41716;0;N;554782;531316;1;3018;0;PM_PH-BE_2;20140318xTue;01_Praha_Karlštejn;Hlavní město Praha;h00;28;N
02-o2_02-edg_02-vis_03-lau2_07-day_03-60_08-frt-1008_01-sng_00-n_00-n_00-n_00-n_00-n_00-n;1008;0;41720;0;N;554782;531316;1;3018;0;PM_PH-BE_2;20140322xSat;01_Praha_Karlštejn;Hlavní město Praha;h00;200;N
02-o2_02-edg_02-vis_03-lau2_07-day_03-60_08-frt-1008_01-sng_00-n_00-n_00-n_00-n_00-n_00-n;1008;0;41714;0;N;554782;531316;1;3018;0;PM_PH-BE_2;20140316xSun;01_Praha_Karlštejn;Hlavní město Praha;h00;32;N
02-o2_02-edg_02-vis_03-lau2_07-day_03-60_08-frt-1008_01-sng_00-n_00-n_00-n_00-n_00-n_00-n;1008;0;41721;0;N;554782;531316;1;3018;0;PM_PH-BE_2;20140323xSun;01_Praha_Karlštejn;Hlavní město Praha;h00;22;N
02-o2_02-edg_02-vis_03-lau2_07-day_03-60_08-frt-1008_01-sng_00-n_00-n_00-n_00-n_00-n_00-n;1008;0;41722;0;N;554782;531316;1;3018;0;PM_PH-BE_2;20140324xMon;01_Praha_Karlštejn;Hlavní město Praha;h00;13;N
02-o2_02-edg_02-vis_03-lau2_07-day_03-60_08-frt-1008_01-sng_00-n_00-n_00-n_00-n_00-n_00-n;1008;0;41723;0;N;554782;531316;1;3018;0;PM_PH-BE_2;20140325xTue;01_Praha_Karlštejn;Hlavní město Praha;h00;19;N
02-o2_02-edg_02-vis_03-lau2_07-day_03-60_08-frt-1008_01-sng_00-n_00-n_00-n_00-n_00-n_00-n;1008;0;41724;0;N;554782;531316;1;3018;0;PM_PH-BE_2;20140326xWed;01_Praha_Karlštejn;Hlavní město Praha;h00;25;N
02-o2_02-edg_02-vis_03-lau2_07-day_03-60_08-frt-1008_01-sng_00-n_00-n_00-n_00-n_00-n_00-n;1008;0;41716;0;N;554782;531057;1;3018;0;PM_PH-BE_2;20140318xTue;01_Praha_Beroun;Hlavní město Praha;h00;414;N
02-o2_02-edg_02-vis_03-lau2_07-day_03-60_08-frt-1008_01-sng_00-n_00-n_00-n_00-n_00-n_00-n;1008;0;41715;0;N;554782;531057;1;3018;0;PM_PH-BE_2;20140317xMon;01_Praha_Beroun;Hlavní město Praha;h00;317;N
02-o2_02-edg_02-vis_03-lau2_07-day_03-60_08-frt-1008_01-sng_00-n_00-n_00-n_00-n_00-n_00-n;1008;0;41717;0;N;554782;531057;1;3018;0;PM_PH-BE_2;20140319xWed;01_Praha_Beroun;Hlavní město Praha;h00;388;N
02-o2_02-edg_02-vis_03-lau2_07-day_03-60_08-frt-1008_01-sng_00-n_00-n_00-n_00-n_00-n_00-n;1008;0;41720;0;N;554782;531057;1;3018;0;PM_PH-BE_2;20140322xSat;01_Praha_Beroun;Hlavní město Praha;h00;528;N
02-o2_02-edg_02-vis_03-lau2_07-day_03-60_08-frt-1008_01-sng_00-n_00-n_00-n_00-n_00-n_00-n;1008;0;41713;0;N;554782;531057;1;3018;0;PM_PH-BE_2;20140315xSat;01_Praha_Beroun;Hlavní město Praha;h00;398;N
02-o2_02-edg_02-vis_03-lau2_07-day_03-60_08-frt-1008_01-sng_00-n_00-n_00-n_00-n_00-n_00-n;1008;0;41718;0;N;554782;531057;1;3018;0;PM_PH-BE_2;20140320xThu;01_Praha_Beroun;Hlavní město Praha;h00;394;N
02-o2_02-edg_02-vis_03-lau2_07-day_03-60_08-frt-1008_01-sng_00-n_00-n_00-n_00-n_00-n_00-n;1008;0;41710;0;N;554782;531057;1;3018;0;PM_PH-BE_2;20140312xWed;01_Praha_Beroun;Hlavní město Praha;h00;348;N
02-o2_02-edg_02-vis_03-lau2_07-day_03-60_08-frt-1008_01-sng_00-n_00-n_00-n_00-n_00-n_00-n;1008;0;41714;0;N;554782;531057;1;3018;0;PM_PH-BE_2;20140316xSun;01_Praha_Beroun;Hlavní město Praha;h00;253;N
02-o2_02-edg_02-vis_03-lau2_07-day_03-60_08-frt-1008_01-sng_00-n_00-n_00-n_00-n_00-n_00-n;1008;0;41711;0;N;554782;531057;1;3018;0;PM_PH-BE_2;20140313xThu;01_Praha_Beroun;Hlavní město Praha;h00;322;N
02-o2_02-edg_02-vis_03-lau2_07-day_03-60_08-frt-1008_01-sng_00-n_00-n_00-n_00-n_00-n_00-n;1008;0;41712;0;N;554782;531057;1;3018;0;PM_PH-BE_2;20140314xFri;01_Praha_Beroun;Hlavní město Praha;h00;410;N
02-o2_02-edg_02-vis_03-lau2_07-day_03-60_08-frt-1008_01-sng_00-n_00-n_00-n_00-n_00-n_00-n;1008;0;41719;0;N;554782;531057;1;3018;0;PM_PH-BE_2;20140321xFri;01_Praha_Beroun;Hlavní město Praha;h00;363;N
02-o2_02-edg_02-vis_03-lau2_07-day_03-60_08-frt-1008_01-sng_00-n_00-n_00-n_00-n_00-n_00-n;1008;0;41724;0;N;554782;531057;1;3018;0;PM_PH-BE_2;20140326xWed;01_Praha_Beroun;Hlavní město Praha;h00;429;N
02-o2_02-edg_02-vis_03-lau2_07-day_03-60_08-frt-1008_01-sng_00-n_00-n_00-n_00-n_00-n_00-n;1008;0;41722;0;N;554782;531057;1;3018;0;PM_PH-BE_2;20140324xMon;01_Praha_Beroun;Hlavní město Praha;h00;319;N
02-o2_02-edg_02-vis_03-lau2_07-day_03-60_08-frt-1008_01-sng_00-n_00-n_00-n_00-n_00-n_00-n;1008;0;41721;0;N;554782;531057;1;3018;0;PM_PH-BE_2;20140323xSun;01_Praha_Beroun;Hlavní město Praha;h00;246;N
02-o2_02-edg_02-vis_03-lau2_07-day_03-60_08-frt-1008_01-sng_00-n_00-n_00-n_00-n_00-n_00-n;1008;0;41723;0;N;554782;531057;1;3018;0;PM_PH-BE_2;20140325xTue;01_Praha_Beroun;Hlavní město Praha;h00;388;N
02-o2_02-edg_02-vis_03-lau2_07-day_03-60_08-frt-1008_01-sng_00-n_00-n_00-n_00-n_00-n_00-n;1008;0;41716;0;N;539856;539643;3;3026;0;PM_PH-BE_2;20140318xTue;03_Všenory_Řevnice;Středočeský kraj;h00;3;N
02-o2_02-edg_02-vis_03-lau2_07-day_03-60_08-frt-1008_01-sng_00-n_00-n_00-n_00-n_00-n_00-n;1008;0;41711;0;N;539856;539643;3;3026;0;PM_PH-BE_2;20140313xThu;03_Všenory_Řevnice;Středočeský kraj;h00;9;N
02-o2_02-edg_02-vis_03-lau2_07-day_03-60_08-frt-1008_01-sng_00-n_00-n_00-n_00-n_00-n_00-n;1008;0;41713;0;N;539856;539643;3;3026;0;PM_PH-BE_2;20140315xSat;03_Všenory_Řevnice;Středočeský kraj;h00;8;N
02-o2_02-edg_02-vis_03-lau2_07-day_03-60_08-frt-1008_01-sng_00-n_00-n_00-n_00-n_00-n_00-n;1008;0;41714;0;N;539856;539643;3;3026;0;PM_PH-BE_2;20140316xSun;03_Všenory_Řevnice;Středočeský kraj;h00;35;N
02-o2_02-edg_02-vis_03-lau2_07-day_03-60_08-frt-1008_01-sng_00-n_00-n_00-n_00-n_00-n_00-n;1008;0;41720;0;N;539856;539643;3;3026;0;PM_PH-BE_2;20140322xSat;03_Všenory_Řevnice;Středočeský kraj;h00;7;N
02-o2_02-edg_02-vis_03-lau2_07-day_03-60_08-frt-1008_01-sng_00-n_00-n_00-n_00-n_00-n_00-n;1008;0;41712;0;N;539856;539643;3;3026;0;PM_PH-BE_2;20140314xFri;03_Všenory_Řevnice;Středočeský kraj;h00;8;N
02-o2_02-edg_02-vis_03-lau2_07-day_03-60_08-frt-1008_01-sng_00-n_00-n_00-n_00-n_00-n_00-n;1008;0;41718;0;N;539856;539643;3;3026;0;PM_PH-BE_2;20140320xThu;03_Všenory_Řevnice;Středočeský kraj;h00;10;N
02-o2_02-edg_02-vis_03-lau2_07-day_03-60_08-frt-1008_01-sng_00-n_00-n_00-n_00-n_00-n_00-n;1008;0;41719;0;N;539856;539643;3;3026;0;PM_PH-BE_2;20140321xFri;03_Všenory_Řevnice;Středočeský kraj;h00;7;N
02-o2_02-edg_02-vis_03-lau2_07-day_03-60_08-frt-1008_01-sng_00-n_00-n_00-n_00-n_00-n_00-n;1008;0;41717;0;N;539856;539643;3;3026;0;PM_PH-BE_2;20140319xWed;03_Všenory_Řevnice;Středočeský kraj;h00;9;N
02-o2_02-edg_02-vis_03-lau2_07-day_03-60_08-frt-1008_01-sng_00-n_00-n_00-n_00-n_00-n_00-n;1008;0;41715;0;N;539856;539643;3;3026;0;PM_PH-BE_2;20140317xMon;03_Všenory_Řevnice;Středočeský kraj;h00;2;N
02-o2_02-edg_02-vis_03-lau2_07-day_03-60_08-frt-1008_01-sng_00-n_00-n_00-n_00-n_00-n_00-n;1008;0;41710;0;N;539856;539643;3;3026;0;PM_PH-BE_2;20140312xWed;03_Všenory_Řevnice;Středočeský kraj;h00;8;N
02-o2_02-edg_02-vis_03-lau2_07-day_03-60_08-frt-1008_01-sng_00-n_00-n_00-n_00-n_00-n_00-n;1008;0;41724;0;N;539856;539643;3;3026;0;PM_PH-BE_2;20140326xWed;03_Všenory_Řevnice;Středočeský kraj;h00;6;N
02-o2_02-edg_02-vis_03-lau2_07-day_03-60_08-frt-1008_01-sng_00-n_00-n_00-n_00-n_00-n_00-n;1008;0;41721;0;N;539856;539643;3;3026;0;PM_PH-BE_2;20140323xSun;03_Všenory_Řevnice;Středočeský kraj;h00;8;N
02-o2_02-edg_02-vis_03-lau2_07-day_03-60_08-frt-1008_01-sng_00-n_00-n_00-n_00-n_00-n_00-n;1008;0;41723;0;N;539856;539643;3;3026;0;PM_PH-BE_2;20140325xTue;03_Všenory_Řevnice;Středočeský kraj;h00;5;N
02-o2_02-edg_02-vis_03-lau2_07-day_03-60_08-frt-1008_01-sng_00-n_00-n_00-n_00-n_00-n_00-n;1008;0;41722;0;N;539856;539643;3;3026;0;PM_PH-BE_2;20140324xMon;03_Všenory_Řevnice;Středočeský kraj;h00;4;N
02-o2_02-edg_02-vis_03-lau2_07-day_03-60_08-frt-1008_01-sng_00-n_00-n_00-n_00-n_00-n_00-n;1008;0;41711;0;N;539856;539198;3;3026;0;PM_PH-BE_2;20140313xThu;03_Všenory_Dobřichovice;Středočeský kraj;h00;180;N
02-o2_02-edg_02-vis_03-lau2_07-day_03-60_08-frt-1008_01-sng_00-n_00-n_00-n_00-n_00-n_00-n;1008;0;41718;0;N;539856;539198;3;3026;0;PM_PH-BE_2;20140320xThu;03_Všenory_Dobřichovice;Středočeský kraj;h00;139;N
02-o2_02-edg_02-vis_03-lau2_07-day_03-60_08-frt-1008_01-sng_00-n_00-n_00-n_00-n_00-n_00-n;1008;0;41719;0;N;539856;539198;3;3026;0;PM_PH-BE_2;20140321xFri;03_Všenory_Dobřichovice;Středočeský kraj;h00;72;N
02-o2_02-edg_02-vis_03-lau2_07-day_03-60_08-frt-1008_01-sng_00-n_00-n_00-n_00-n_00-n_00-n;1008;0;41714;0;N;539856;539198;3;3026;0;PM_PH-BE_2;20140316xSun;03_Všenory_Dobřichovice;Středočeský kraj;h00;152;N
02-o2_02-edg_02-vis_03-lau2_07-day_03-60_08-frt-1008_01-sng_00-n_00-n_00-n_00-n_00-n_00-n;1008;0;41715;0;N;539856;539198;3;3026;0;PM_PH-BE_2;20140317xMon;03_Všenory_Dobřichovice;Středočeský kraj;h00;50;N
