02-o2_01-ver_02-vis_03-lau2_07-day_05-300+_07-frt-1007_01-sng_00-n_00-n_00-n_00-n_00-n_00-n;1007;0;41710;0;N;531057;N;1;3026;0;PM_BE-PH_1;20140312xWed;1_Beroun;Středočeský kraj;h00;557;0
02-o2_01-ver_02-vis_03-lau2_07-day_05-300+_07-frt-1007_01-sng_00-n_00-n_00-n_00-n_00-n_00-n;1007;0;41710;0;N;531316;N;3;3026;0;PM_BE-PH_1;20140312xWed;3_Karlštejn;Středočeský kraj;h00;21;18
02-o2_01-ver_02-vis_03-lau2_07-day_05-300+_07-frt-1007_01-sng_00-n_00-n_00-n_00-n_00-n_00-n;1007;0;41710;0;N;531758;N;2;3026;0;PM_BE-PH_1;20140312xWed;2_Srbsko;Středočeský kraj;h00;22;0
02-o2_01-ver_02-vis_03-lau2_07-day_05-300+_07-frt-1007_01-sng_00-n_00-n_00-n_00-n_00-n_00-n;1007;0;41710;0;N;531979;N;4;3026;0;PM_BE-PH_1;20140312xWed;4_Zadní Třebaň;Středočeský kraj;h00;39;5
02-o2_01-ver_02-vis_03-lau2_07-day_05-300+_07-frt-1007_01-sng_00-n_00-n_00-n_00-n_00-n_00-n;1007;0;41710;0;N;539139;N;8;3026;0;PM_BE-PH_1;20140312xWed;8_Černošice;Středočeský kraj;h00;327;70
02-o2_01-ver_02-vis_03-lau2_07-day_05-300+_07-frt-1007_01-sng_00-n_00-n_00-n_00-n_00-n_00-n;1007;0;41710;0;N;539198;N;6;3026;0;PM_BE-PH_1;20140312xWed;6_Dobřichovice;Středočeský kraj;h00;210;45
02-o2_01-ver_02-vis_03-lau2_07-day_05-300+_07-frt-1007_01-sng_00-n_00-n_00-n_00-n_00-n_00-n;1007;0;41710;0;N;539643;N;5;3026;0;PM_BE-PH_1;20140312xWed;5_Řevnice;Středočeský kraj;h00;98;30
02-o2_01-ver_02-vis_03-lau2_07-day_05-300+_07-frt-1007_01-sng_00-n_00-n_00-n_00-n_00-n_00-n;1007;0;41710;0;N;539856;N;7;3026;0;PM_BE-PH_1;20140312xWed;7_Všenory;Středočeský kraj;h00;101;109
02-o2_01-ver_02-vis_03-lau2_07-day_05-300+_07-frt-1007_01-sng_00-n_00-n_00-n_00-n_00-n_00-n;1007;0;41710;0;N;554782;N;9;3018;0;PM_BE-PH_1;20140312xWed;9_Praha;Hlavní město Praha;h00;0;1098
02-o2_01-ver_02-vis_03-lau2_07-day_05-300+_07-frt-1007_01-sng_00-n_00-n_00-n_00-n_00-n_00-n;1007;0;41711;0;N;531057;N;1;3026;0;PM_BE-PH_1;20140313xThu;1_Beroun;Středočeský kraj;h00;637;0
02-o2_01-ver_02-vis_03-lau2_07-day_05-300+_07-frt-1007_01-sng_00-n_00-n_00-n_00-n_00-n_00-n;1007;0;41711;0;N;531316;N;3;3026;0;PM_BE-PH_1;20140313xThu;3_Karlštejn;Středočeský kraj;h00;17;53
02-o2_01-ver_02-vis_03-lau2_07-day_05-300+_07-frt-1007_01-sng_00-n_00-n_00-n_00-n_00-n_00-n;1007;0;41711;0;N;531758;N;2;3026;0;PM_BE-PH_1;20140313xThu;2_Srbsko;Středočeský kraj;h00;18;1
02-o2_01-ver_02-vis_03-lau2_07-day_05-300+_07-frt-1007_01-sng_00-n_00-n_00-n_00-n_00-n_00-n;1007;0;41711;0;N;531979;N;4;3026;0;PM_BE-PH_1;20140313xThu;4_Zadní Třebaň;Středočeský kraj;h00;35;2
02-o2_01-ver_02-vis_03-lau2_07-day_05-300+_07-frt-1007_01-sng_00-n_00-n_00-n_00-n_00-n_00-n;1007;0;41711;0;N;539139;N;8;3026;0;PM_BE-PH_1;20140313xThu;8_Černošice;Středočeský kraj;h00;278;39
02-o2_01-ver_02-vis_03-lau2_07-day_05-300+_07-frt-1007_01-sng_00-n_00-n_00-n_00-n_00-n_00-n;1007;0;41711;0;N;539198;N;6;3026;0;PM_BE-PH_1;20140313xThu;6_Dobřichovice;Středočeský kraj;h00;143;13
02-o2_01-ver_02-vis_03-lau2_07-day_05-300+_07-frt-1007_01-sng_00-n_00-n_00-n_00-n_00-n_00-n;1007;0;41711;0;N;539643;N;5;3026;0;PM_BE-PH_1;20140313xThu;5_Řevnice;Středočeský kraj;h00;50;15
02-o2_01-ver_02-vis_03-lau2_07-day_05-300+_07-frt-1007_01-sng_00-n_00-n_00-n_00-n_00-n_00-n;1007;0;41711;0;N;539856;N;7;3026;0;PM_BE-PH_1;20140313xThu;7_Všenory;Středočeský kraj;h00;88;35
02-o2_01-ver_02-vis_03-lau2_07-day_05-300+_07-frt-1007_01-sng_00-n_00-n_00-n_00-n_00-n_00-n;1007;0;41711;0;N;554782;N;9;3018;0;PM_BE-PH_1;20140313xThu;9_Praha;Hlavní město Praha;h00;0;1108
02-o2_01-ver_02-vis_03-lau2_07-day_05-300+_07-frt-1007_01-sng_00-n_00-n_00-n_00-n_00-n_00-n;1007;0;41712;0;N;531057;N;1;3026;0;PM_BE-PH_1;20140314xFri;1_Beroun;Středočeský kraj;h00;557;0
02-o2_01-ver_02-vis_03-lau2_07-day_05-300+_07-frt-1007_01-sng_00-n_00-n_00-n_00-n_00-n_00-n;1007;0;41712;0;N;531316;N;3;3026;0;PM_BE-PH_1;20140314xFri;3_Karlštejn;Středočeský kraj;h00;8;15
02-o2_01-ver_02-vis_03-lau2_07-day_05-300+_07-frt-1007_01-sng_00-n_00-n_00-n_00-n_00-n_00-n;1007;0;41712;0;N;531758;N;2;3026;0;PM_BE-PH_1;20140314xFri;2_Srbsko;Středočeský kraj;h00;9;1
02-o2_01-ver_02-vis_03-lau2_07-day_05-300+_07-frt-1007_01-sng_00-n_00-n_00-n_00-n_00-n_00-n;1007;0;41712;0;N;531979;N;4;3026;0;PM_BE-PH_1;20140314xFri;4_Zadní Třebaň;Středočeský kraj;h00;59;0
02-o2_01-ver_02-vis_03-lau2_07-day_05-300+_07-frt-1007_01-sng_00-n_00-n_00-n_00-n_00-n_00-n;1007;0;41712;0;N;539139;N;8;3026;0;PM_BE-PH_1;20140314xFri;8_Černošice;Středočeský kraj;h00;244;63
02-o2_01-ver_02-vis_03-lau2_07-day_05-300+_07-frt-1007_01-sng_00-n_00-n_00-n_00-n_00-n_00-n;1007;0;41712;0;N;539198;N;6;3026;0;PM_BE-PH_1;20140314xFri;6_Dobřichovice;Středočeský kraj;h00;182;16
02-o2_01-ver_02-vis_03-lau2_07-day_05-300+_07-frt-1007_01-sng_00-n_00-n_00-n_00-n_00-n_00-n;1007;0;41712;0;N;539643;N;5;3026;0;PM_BE-PH_1;20140314xFri;5_Řevnice;Středočeský kraj;h00;35;42
02-o2_01-ver_02-vis_03-lau2_07-day_05-300+_07-frt-1007_01-sng_00-n_00-n_00-n_00-n_00-n_00-n;1007;0;41712;0;N;539856;N;7;3026;0;PM_BE-PH_1;20140314xFri;7_Všenory;Středočeský kraj;h00;96;68
02-o2_01-ver_02-vis_03-lau2_07-day_05-300+_07-frt-1007_01-sng_00-n_00-n_00-n_00-n_00-n_00-n;1007;0;41712;0;N;554782;N;9;3018;0;PM_BE-PH_1;20140314xFri;9_Praha;Hlavní město Praha;h00;0;985
02-o2_01-ver_02-vis_03-lau2_07-day_05-300+_07-frt-1007_01-sng_00-n_00-n_00-n_00-n_00-n_00-n;1007;0;41713;0;N;531057;N;1;3026;0;PM_BE-PH_1;20140315xSat;1_Beroun;Středočeský kraj;h00;208;0
02-o2_01-ver_02-vis_03-lau2_07-day_05-300+_07-frt-1007_01-sng_00-n_00-n_00-n_00-n_00-n_00-n;1007;0;41713;0;N;531316;N;3;3026;0;PM_BE-PH_1;20140315xSat;3_Karlštejn;Středočeský kraj;h00;5;16
02-o2_01-ver_02-vis_03-lau2_07-day_05-300+_07-frt-1007_01-sng_00-n_00-n_00-n_00-n_00-n_00-n;1007;0;41713;0;N;531758;N;2;3026;0;PM_BE-PH_1;20140315xSat;2_Srbsko;Středočeský kraj;h00;4;0
02-o2_01-ver_02-vis_03-lau2_07-day_05-300+_07-frt-1007_01-sng_00-n_00-n_00-n_00-n_00-n_00-n;1007;0;41713;0;N;531979;N;4;3026;0;PM_BE-PH_1;20140315xSat;4_Zadní Třebaň;Středočeský kraj;h00;4;2
02-o2_01-ver_02-vis_03-lau2_07-day_05-300+_07-frt-1007_01-sng_00-n_00-n_00-n_00-n_00-n_00-n;1007;0;41713;0;N;539139;N;8;3026;0;PM_BE-PH_1;20140315xSat;8_Černošice;Středočeský kraj;h00;75;48
02-o2_01-ver_02-vis_03-lau2_07-day_05-300+_07-frt-1007_01-sng_00-n_00-n_00-n_00-n_00-n_00-n;1007;0;41713;0;N;539198;N;6;3026;0;PM_BE-PH_1;20140315xSat;6_Dobřichovice;Středočeský kraj;h00;85;15
02-o2_01-ver_02-vis_03-lau2_07-day_05-300+_07-frt-1007_01-sng_00-n_00-n_00-n_00-n_00-n_00-n;1007;0;41713;0;N;539643;N;5;3026;0;PM_BE-PH_1;20140315xSat;5_Řevnice;Středočeský kraj;h00;20;5
02-o2_01-ver_02-vis_03-lau2_07-day_05-300+_07-frt-1007_01-sng_00-n_00-n_00-n_00-n_00-n_00-n;1007;0;41713;0;N;539856;N;7;3026;0;PM_BE-PH_1;20140315xSat;7_Všenory;Středočeský kraj;h00;68;59
02-o2_01-ver_02-vis_03-lau2_07-day_05-300+_07-frt-1007_01-sng_00-n_00-n_00-n_00-n_00-n_00-n;1007;0;41713;0;N;554782;N;9;3018;0;PM_BE-PH_1;20140315xSat;9_Praha;Hlavní město Praha;h00;0;324
02-o2_01-ver_02-vis_03-lau2_07-day_05-300+_07-frt-1007_01-sng_00-n_00-n_00-n_00-n_00-n_00-n;1007;0;41714;0;N;531057;N;1;3026;0;PM_BE-PH_1;20140316xSun;1_Beroun;Středočeský kraj;h00;137;0
02-o2_01-ver_02-vis_03-lau2_07-day_05-300+_07-frt-1007_01-sng_00-n_00-n_00-n_00-n_00-n_00-n;1007;0;41714;0;N;531316;N;3;3026;0;PM_BE-PH_1;20140316xSun;3_Karlštejn;Středočeský kraj;h00;2;21
02-o2_01-ver_02-vis_03-lau2_07-day_05-300+_07-frt-1007_01-sng_00-n_00-n_00-n_00-n_00-n_00-n;1007;0;41714;0;N;531979;N;4;3026;0;PM_BE-PH_1;20140316xSun;4_Zadní Třebaň;Středočeský kraj;h00;3;0
02-o2_01-ver_02-vis_03-lau2_07-day_05-300+_07-frt-1007_01-sng_00-n_00-n_00-n_00-n_00-n_00-n;1007;0;41714;0;N;539139;N;8;3026;0;PM_BE-PH_1;20140316xSun;8_Černošice;Středočeský kraj;h00;46;45
02-o2_01-ver_02-vis_03-lau2_07-day_05-300+_07-frt-1007_01-sng_00-n_00-n_00-n_00-n_00-n_00-n;1007;0;41714;0;N;539198;N;6;3026;0;PM_BE-PH_1;20140316xSun;6_Dobřichovice;Středočeský kraj;h00;42;8
02-o2_01-ver_02-vis_03-lau2_07-day_05-300+_07-frt-1007_01-sng_00-n_00-n_00-n_00-n_00-n_00-n;1007;0;41714;0;N;539643;N;5;3026;0;PM_BE-PH_1;20140316xSun;5_Řevnice;Středočeský kraj;h00;10;3
02-o2_01-ver_02-vis_03-lau2_07-day_05-300+_07-frt-1007_01-sng_00-n_00-n_00-n_00-n_00-n_00-n;1007;0;41714;0;N;539856;N;7;3026;0;PM_BE-PH_1;20140316xSun;7_Všenory;Středočeský kraj;h00;50;27
02-o2_01-ver_02-vis_03-lau2_07-day_05-300+_07-frt-1007_01-sng_00-n_00-n_00-n_00-n_00-n_00-n;1007;0;41714;0;N;554782;N;9;3018;0;PM_BE-PH_1;20140316xSun;9_Praha;Hlavní město Praha;h00;0;186
02-o2_01-ver_02-vis_03-lau2_07-day_05-300+_07-frt-1007_01-sng_00-n_00-n_00-n_00-n_00-n_00-n;1007;0;41715;0;N;531057;N;1;3026;0;PM_BE-PH_1;20140317xMon;1_Beroun;Středočeský kraj;h00;469;0
02-o2_01-ver_02-vis_03-lau2_07-day_05-300+_07-frt-1007_01-sng_00-n_00-n_00-n_00-n_00-n_00-n;1007;0;41715;0;N;531316;N;3;3026;0;PM_BE-PH_1;20140317xMon;3_Karlštejn;Středočeský kraj;h00;11;10
02-o2_01-ver_02-vis_03-lau2_07-day_05-300+_07-frt-1007_01-sng_00-n_00-n_00-n_00-n_00-n_00-n;1007;0;41715;0;N;531758;N;2;3026;0;PM_BE-PH_1;20140317xMon;2_Srbsko;Středočeský kraj;h00;9;1
02-o2_01-ver_02-vis_03-lau2_07-day_05-300+_07-frt-1007_01-sng_00-n_00-n_00-n_00-n_00-n_00-n;1007;0;41715;0;N;531979;N;4;3026;0;PM_BE-PH_1;20140317xMon;4_Zadní Třebaň;Středočeský kraj;h00;11;0
02-o2_01-ver_02-vis_03-lau2_07-day_05-300+_07-frt-1007_01-sng_00-n_00-n_00-n_00-n_00-n_00-n;1007;0;41715;0;N;539139;N;8;3026;0;PM_BE-PH_1;20140317xMon;8_Černošice;Středočeský kraj;h00;137;18
02-o2_01-ver_02-vis_03-lau2_07-day_05-300+_07-frt-1007_01-sng_00-n_00-n_00-n_00-n_00-n_00-n;1007;0;41715;0;N;539198;N;6;3026;0;PM_BE-PH_1;20140317xMon;6_Dobřichovice;Středočeský kraj;h00;162;7
02-o2_01-ver_02-vis_03-lau2_07-day_05-300+_07-frt-1007_01-sng_00-n_00-n_00-n_00-n_00-n_00-n;1007;0;41715;0;N;539643;N;5;3026;0;PM_BE-PH_1;20140317xMon;5_Řevnice;Středočeský kraj;h00;31;5
02-o2_01-ver_02-vis_03-lau2_07-day_05-300+_07-frt-1007_01-sng_00-n_00-n_00-n_00-n_00-n_00-n;1007;0;41715;0;N;539856;N;7;3026;0;PM_BE-PH_1;20140317xMon;7_Všenory;Středočeský kraj;h00;53;54
02-o2_01-ver_02-vis_03-lau2_07-day_05-300+_07-frt-1007_01-sng_00-n_00-n_00-n_00-n_00-n_00-n;1007;0;41715;0;N;554782;N;9;3018;0;PM_BE-PH_1;20140317xMon;9_Praha;Hlavní město Praha;h00;0;788
02-o2_01-ver_02-vis_03-lau2_07-day_05-300+_07-frt-1007_01-sng_00-n_00-n_00-n_00-n_00-n_00-n;1007;0;41716;0;N;531057;N;1;3026;0;PM_BE-PH_1;20140318xTue;1_Beroun;Středočeský kraj;h00;659;0
02-o2_01-ver_02-vis_03-lau2_07-day_05-300+_07-frt-1007_01-sng_00-n_00-n_00-n_00-n_00-n_00-n;1007;0;41716;0;N;531316;N;3;3026;0;PM_BE-PH_1;20140318xTue;3_Karlštejn;Středočeský kraj;h00;22;22
02-o2_01-ver_02-vis_03-lau2_07-day_05-300+_07-frt-1007_01-sng_00-n_00-n_00-n_00-n_00-n_00-n;1007;0;41716;0;N;531758;N;2;3026;0;PM_BE-PH_1;20140318xTue;2_Srbsko;Středočeský kraj;h00;25;1
02-o2_01-ver_02-vis_03-lau2_07-day_05-300+_07-frt-1007_01-sng_00-n_00-n_00-n_00-n_00-n_00-n;1007;0;41716;0;N;531979;N;4;3026;0;PM_BE-PH_1;20140318xTue;4_Zadní Třebaň;Středočeský kraj;h00;64;3
02-o2_01-ver_02-vis_03-lau2_07-day_05-300+_07-frt-1007_01-sng_00-n_00-n_00-n_00-n_00-n_00-n;1007;0;41716;0;N;539139;N;8;3026;0;PM_BE-PH_1;20140318xTue;8_Černošice;Středočeský kraj;h00;301;22
02-o2_01-ver_02-vis_03-lau2_07-day_05-300+_07-frt-1007_01-sng_00-n_00-n_00-n_00-n_00-n_00-n;1007;0;41716;0;N;539198;N;6;3026;0;PM_BE-PH_1;20140318xTue;6_Dobřichovice;Středočeský kraj;h00;197;8
02-o2_01-ver_02-vis_03-lau2_07-day_05-300+_07-frt-1007_01-sng_00-n_00-n_00-n_00-n_00-n_00-n;1007;0;41716;0;N;539643;N;5;3026;0;PM_BE-PH_1;20140318xTue;5_Řevnice;Středočeský kraj;h00;29;37
02-o2_01-ver_02-vis_03-lau2_07-day_05-300+_07-frt-1007_01-sng_00-n_00-n_00-n_00-n_00-n_00-n;1007;0;41716;0;N;539856;N;7;3026;0;PM_BE-PH_1;20140318xTue;7_Všenory;Středočeský kraj;h00;74;51
02-o2_01-ver_02-vis_03-lau2_07-day_05-300+_07-frt-1007_01-sng_00-n_00-n_00-n_00-n_00-n_00-n;1007;0;41716;0;N;554782;N;9;3018;0;PM_BE-PH_1;20140318xTue;9_Praha;Hlavní město Praha;h00;0;1227
02-o2_01-ver_02-vis_03-lau2_07-day_05-300+_07-frt-1007_01-sng_00-n_00-n_00-n_00-n_00-n_00-n;1007;0;41717;0;N;531057;N;1;3026;0;PM_BE-PH_1;20140319xWed;1_Beroun;Středočeský kraj;h00;700;0
02-o2_01-ver_02-vis_03-lau2_07-day_05-300+_07-frt-1007_01-sng_00-n_00-n_00-n_00-n_00-n_00-n;1007;0;41717;0;N;531316;N;3;3026;0;PM_BE-PH_1;20140319xWed;3_Karlštejn;Středočeský kraj;h00;16;30
02-o2_01-ver_02-vis_03-lau2_07-day_05-300+_07-frt-1007_01-sng_00-n_00-n_00-n_00-n_00-n_00-n;1007;0;41717;0;N;531758;N;2;3026;0;PM_BE-PH_1;20140319xWed;2_Srbsko;Středočeský kraj;h00;16;11
02-o2_01-ver_02-vis_03-lau2_07-day_05-300+_07-frt-1007_01-sng_00-n_00-n_00-n_00-n_00-n_00-n;1007;0;41717;0;N;531979;N;4;3026;0;PM_BE-PH_1;20140319xWed;4_Zadní Třebaň;Středočeský kraj;h00;71;3
02-o2_01-ver_02-vis_03-lau2_07-day_05-300+_07-frt-1007_01-sng_00-n_00-n_00-n_00-n_00-n_00-n;1007;0;41717;0;N;539139;N;8;3026;0;PM_BE-PH_1;20140319xWed;8_Černošice;Středočeský kraj;h00;377;80
02-o2_01-ver_02-vis_03-lau2_07-day_05-300+_07-frt-1007_01-sng_00-n_00-n_00-n_00-n_00-n_00-n;1007;0;41717;0;N;539198;N;6;3026;0;PM_BE-PH_1;20140319xWed;6_Dobřichovice;Středočeský kraj;h00;263;69
02-o2_01-ver_02-vis_03-lau2_07-day_05-300+_07-frt-1007_01-sng_00-n_00-n_00-n_00-n_00-n_00-n;1007;0;41717;0;N;539643;N;5;3026;0;PM_BE-PH_1;20140319xWed;5_Řevnice;Středočeský kraj;h00;146;37
02-o2_01-ver_02-vis_03-lau2_07-day_05-300+_07-frt-1007_01-sng_00-n_00-n_00-n_00-n_00-n_00-n;1007;0;41717;0;N;539856;N;7;3026;0;PM_BE-PH_1;20140319xWed;7_Všenory;Středočeský kraj;h00;98;129
02-o2_01-ver_02-vis_03-lau2_07-day_05-300+_07-frt-1007_01-sng_00-n_00-n_00-n_00-n_00-n_00-n;1007;0;41717;0;N;554782;N;9;3018;0;PM_BE-PH_1;20140319xWed;9_Praha;Hlavní město Praha;h00;0;1328
02-o2_01-ver_02-vis_03-lau2_07-day_05-300+_07-frt-1007_01-sng_00-n_00-n_00-n_00-n_00-n_00-n;1007;0;41718;0;N;531057;N;1;3026;0;PM_BE-PH_1;20140320xThu;1_Beroun;Středočeský kraj;h00;617;0
02-o2_01-ver_02-vis_03-lau2_07-day_05-300+_07-frt-1007_01-sng_00-n_00-n_00-n_00-n_00-n_00-n;1007;0;41718;0;N;531316;N;3;3026;0;PM_BE-PH_1;20140320xThu;3_Karlštejn;Středočeský kraj;h00;19;31
02-o2_01-ver_02-vis_03-lau2_07-day_05-300+_07-frt-1007_01-sng_00-n_00-n_00-n_00-n_00-n_00-n;1007;0;41718;0;N;531758;N;2;3026;0;PM_BE-PH_1;20140320xThu;2_Srbsko;Středočeský kraj;h00;21;0
02-o2_01-ver_02-vis_03-lau2_07-day_05-300+_07-frt-1007_01-sng_00-n_00-n_00-n_00-n_00-n_00-n;1007;0;41718;0;N;531979;N;4;3026;0;PM_BE-PH_1;20140320xThu;4_Zadní Třebaň;Středočeský kraj;h00;31;3
02-o2_01-ver_02-vis_03-lau2_07-day_05-300+_07-frt-1007_01-sng_00-n_00-n_00-n_00-n_00-n_00-n;1007;0;41718;0;N;539139;N;8;3026;0;PM_BE-PH_1;20140320xThu;8_Černošice;Středočeský kraj;h00;290;65
02-o2_01-ver_02-vis_03-lau2_07-day_05-300+_07-frt-1007_01-sng_00-n_00-n_00-n_00-n_00-n_00-n;1007;0;41718;0;N;539198;N;6;3026;0;PM_BE-PH_1;20140320xThu;6_Dobřichovice;Středočeský kraj;h00;230;18
02-o2_01-ver_02-vis_03-lau2_07-day_05-300+_07-frt-1007_01-sng_00-n_00-n_00-n_00-n_00-n_00-n;1007;0;41718;0;N;539643;N;5;3026;0;PM_BE-PH_1;20140320xThu;5_Řevnice;Středočeský kraj;h00;77;9
02-o2_01-ver_02-vis_03-lau2_07-day_05-300+_07-frt-1007_01-sng_00-n_00-n_00-n_00-n_00-n_00-n;1007;0;41718;0;N;539856;N;7;3026;0;PM_BE-PH_1;20140320xThu;7_Všenory;Středočeský kraj;h00;117;96
02-o2_01-ver_02-vis_03-lau2_07-day_05-300+_07-frt-1007_01-sng_00-n_00-n_00-n_00-n_00-n_00-n;1007;0;41718;0;N;554782;N;9;3018;0;PM_BE-PH_1;20140320xThu;9_Praha;Hlavní město Praha;h00;0;1180
02-o2_01-ver_02-vis_03-lau2_07-day_05-300+_07-frt-1007_01-sng_00-n_00-n_00-n_00-n_00-n_00-n;1007;0;41719;0;N;531057;N;1;3026;0;PM_BE-PH_1;20140321xFri;1_Beroun;Středočeský kraj;h00;444;0
02-o2_01-ver_02-vis_03-lau2_07-day_05-300+_07-frt-1007_01-sng_00-n_00-n_00-n_00-n_00-n_00-n;1007;0;41719;0;N;531316;N;3;3026;0;PM_BE-PH_1;20140321xFri;3_Karlštejn;Středočeský kraj;h00;7;10
02-o2_01-ver_02-vis_03-lau2_07-day_05-300+_07-frt-1007_01-sng_00-n_00-n_00-n_00-n_00-n_00-n;1007;0;41719;0;N;531758;N;2;3026;0;PM_BE-PH_1;20140321xFri;2_Srbsko;Středočeský kraj;h00;9;0
02-o2_01-ver_02-vis_03-lau2_07-day_05-300+_07-frt-1007_01-sng_00-n_00-n_00-n_00-n_00-n_00-n;1007;0;41719;0;N;531979;N;4;3026;0;PM_BE-PH_1;20140321xFri;4_Zadní Třebaň;Středočeský kraj;h00;8;0
02-o2_01-ver_02-vis_03-lau2_07-day_05-300+_07-frt-1007_01-sng_00-n_00-n_00-n_00-n_00-n_00-n;1007;0;41719;0;N;539139;N;8;3026;0;PM_BE-PH_1;20140321xFri;8_Černošice;Středočeský kraj;h00;143;17
02-o2_01-ver_02-vis_03-lau2_07-day_05-300+_07-frt-1007_01-sng_00-n_00-n_00-n_00-n_00-n_00-n;1007;0;41719;0;N;539198;N;6;3026;0;PM_BE-PH_1;20140321xFri;6_Dobřichovice;Středočeský kraj;h00;155;5
02-o2_01-ver_02-vis_03-lau2_07-day_05-300+_07-frt-1007_01-sng_00-n_00-n_00-n_00-n_00-n_00-n;1007;0;41719;0;N;539643;N;5;3026;0;PM_BE-PH_1;20140321xFri;5_Řevnice;Středočeský kraj;h00;18;3
02-o2_01-ver_02-vis_03-lau2_07-day_05-300+_07-frt-1007_01-sng_00-n_00-n_00-n_00-n_00-n_00-n;1007;0;41719;0;N;539856;N;7;3026;0;PM_BE-PH_1;20140321xFri;7_Všenory;Středočeský kraj;h00;48;59
02-o2_01-ver_02-vis_03-lau2_07-day_05-300+_07-frt-1007_01-sng_00-n_00-n_00-n_00-n_00-n_00-n;1007;0;41719;0;N;554782;N;9;3018;0;PM_BE-PH_1;20140321xFri;9_Praha;Hlavní město Praha;h00;0;738
02-o2_01-ver_02-vis_03-lau2_07-day_05-300+_07-frt-1007_01-sng_00-n_00-n_00-n_00-n_00-n_00-n;1007;0;41720;0;N;531057;N;1;3026;0;PM_BE-PH_1;20140322xSat;1_Beroun;Středočeský kraj;h00;206;0
02-o2_01-ver_02-vis_03-lau2_07-day_05-300+_07-frt-1007_01-sng_00-n_00-n_00-n_00-n_00-n_00-n;1007;0;41720;0;N;531316;N;3;3026;0;PM_BE-PH_1;20140322xSat;3_Karlštejn;Středočeský kraj;h00;7;15
02-o2_01-ver_02-vis_03-lau2_07-day_05-300+_07-frt-1007_01-sng_00-n_00-n_00-n_00-n_00-n_00-n;1007;0;41720;0;N;531758;N;2;3026;0;PM_BE-PH_1;20140322xSat;2_Srbsko;Středočeský kraj;h00;3;1
02-o2_01-ver_02-vis_03-lau2_07-day_05-300+_07-frt-1007_01-sng_00-n_00-n_00-n_00-n_00-n_00-n;1007;0;41720;0;N;531979;N;4;3026;0;PM_BE-PH_1;20140322xSat;4_Zadní Třebaň;Středočeský kraj;h00;10;4
02-o2_01-ver_02-vis_03-lau2_07-day_05-300+_07-frt-1007_01-sng_00-n_00-n_00-n_00-n_00-n_00-n;1007;0;41720;0;N;539139;N;8;3026;0;PM_BE-PH_1;20140322xSat;8_Černošice;Středočeský kraj;h00;84;49
02-o2_01-ver_02-vis_03-lau2_07-day_05-300+_07-frt-1007_01-sng_00-n_00-n_00-n_00-n_00-n_00-n;1007;0;41720;0;N;539198;N;6;3026;0;PM_BE-PH_1;20140322xSat;6_Dobřichovice;Středočeský kraj;h00;70;7
02-o2_01-ver_02-vis_03-lau2_07-day_05-300+_07-frt-1007_01-sng_00-n_00-n_00-n_00-n_00-n_00-n;1007;0;41720;0;N;539643;N;5;3026;0;PM_BE-PH_1;20140322xSat;5_Řevnice;Středočeský kraj;h00;15;7
02-o2_01-ver_02-vis_03-lau2_07-day_05-300+_07-frt-1007_01-sng_00-n_00-n_00-n_00-n_00-n_00-n;1007;0;41720;0;N;539856;N;7;3026;0;PM_BE-PH_1;20140322xSat;7_Všenory;Středočeský kraj;h00;55;50
02-o2_01-ver_02-vis_03-lau2_07-day_05-300+_07-frt-1007_01-sng_00-n_00-n_00-n_00-n_00-n_00-n;1007;0;41720;0;N;554782;N;9;3018;0;PM_BE-PH_1;20140322xSat;9_Praha;Hlavní město Praha;h00;0;317
02-o2_01-ver_02-vis_03-lau2_07-day_05-300+_07-frt-1007_01-sng_00-n_00-n_00-n_00-n_00-n_00-n;1007;0;41721;0;N;531057;N;1;3026;0;PM_BE-PH_1;20140323xSun;1_Beroun;Středočeský kraj;h00;144;0
02-o2_01-ver_02-vis_03-lau2_07-day_05-300+_07-frt-1007_01-sng_00-n_00-n_00-n_00-n_00-n_00-n;1007;0;41721;0;N;531316;N;3;3026;0;PM_BE-PH_1;20140323xSun;3_Karlštejn;Středočeský kraj;h00;3;13
02-o2_01-ver_02-vis_03-lau2_07-day_05-300+_07-frt-1007_01-sng_00-n_00-n_00-n_00-n_00-n_00-n;1007;0;41721;0;N;531758;N;2;3026;0;PM_BE-PH_1;20140323xSun;2_Srbsko;Středočeský kraj;h00;2;0
02-o2_01-ver_02-vis_03-lau2_07-day_05-300+_07-frt-1007_01-sng_00-n_00-n_00-n_00-n_00-n_00-n;1007;0;41721;0;N;531979;N;4;3026;0;PM_BE-PH_1;20140323xSun;4_Zadní Třebaň;Středočeský kraj;h00;51;3
02-o2_01-ver_02-vis_03-lau2_07-day_05-300+_07-frt-1007_01-sng_00-n_00-n_00-n_00-n_00-n_00-n;1007;0;41721;0;N;539139;N;8;3026;0;PM_BE-PH_1;20140323xSun;8_Černošice;Středočeský kraj;h00;127;55
02-o2_01-ver_02-vis_03-lau2_07-day_05-300+_07-frt-1007_01-sng_00-n_00-n_00-n_00-n_00-n_00-n;1007;0;41721;0;N;539198;N;6;3026;0;PM_BE-PH_1;20140323xSun;6_Dobřichovice;Středočeský kraj;h00;79;11
02-o2_01-ver_02-vis_03-lau2_07-day_05-300+_07-frt-1007_01-sng_00-n_00-n_00-n_00-n_00-n_00-n;1007;0;41721;0;N;539643;N;5;3026;0;PM_BE-PH_1;20140323xSun;5_Řevnice;Středočeský kraj;h00;14;44
02-o2_01-ver_02-vis_03-lau2_07-day_05-300+_07-frt-1007_01-sng_00-n_00-n_00-n_00-n_00-n_00-n;1007;0;41721;0;N;539856;N;7;3026;0;PM_BE-PH_1;20140323xSun;7_Všenory;Středočeský kraj;h00;56;68
02-o2_01-ver_02-vis_03-lau2_07-day_05-300+_07-frt-1007_01-sng_00-n_00-n_00-n_00-n_00-n_00-n;1007;0;41721;0;N;554782;N;9;3018;0;PM_BE-PH_1;20140323xSun;9_Praha;Hlavní město Praha;h00;0;282
02-o2_01-ver_02-vis_03-lau2_07-day_05-300+_07-frt-1007_01-sng_00-n_00-n_00-n_00-n_00-n_00-n;1007;0;41722;0;N;531057;N;1;3026;0;PM_BE-PH_1;20140324xMon;1_Beroun;Středočeský kraj;h00;591;0
02-o2_01-ver_02-vis_03-lau2_07-day_05-300+_07-frt-1007_01-sng_00-n_00-n_00-n_00-n_00-n_00-n;1007;0;41722;0;N;531316;N;3;3026;0;PM_BE-PH_1;20140324xMon;3_Karlštejn;Středočeský kraj;h00;21;15
02-o2_01-ver_02-vis_03-lau2_07-day_05-300+_07-frt-1007_01-sng_00-n_00-n_00-n_00-n_00-n_00-n;1007;0;41722;0;N;531758;N;2;3026;0;PM_BE-PH_1;20140324xMon;2_Srbsko;Středočeský kraj;h00;12;0
02-o2_01-ver_02-vis_03-lau2_07-day_05-300+_07-frt-1007_01-sng_00-n_00-n_00-n_00-n_00-n_00-n;1007;0;41722;0;N;531979;N;4;3026;0;PM_BE-PH_1;20140324xMon;4_Zadní Třebaň;Středočeský kraj;h00;61;0
02-o2_01-ver_02-vis_03-lau2_07-day_05-300+_07-frt-1007_01-sng_00-n_00-n_00-n_00-n_00-n_00-n;1007;0;41722;0;N;539139;N;8;3026;0;PM_BE-PH_1;20140324xMon;8_Černošice;Středočeský kraj;h00;296;38
02-o2_01-ver_02-vis_03-lau2_07-day_05-300+_07-frt-1007_01-sng_00-n_00-n_00-n_00-n_00-n_00-n;1007;0;41722;0;N;539198;N;6;3026;0;PM_BE-PH_1;20140324xMon;6_Dobřichovice;Středočeský kraj;h00;226;8
02-o2_01-ver_02-vis_03-lau2_07-day_05-300+_07-frt-1007_01-sng_00-n_00-n_00-n_00-n_00-n_00-n;1007;0;41722;0;N;539643;N;5;3026;0;PM_BE-PH_1;20140324xMon;5_Řevnice;Středočeský kraj;h00;36;40
02-o2_01-ver_02-vis_03-lau2_07-day_05-300+_07-frt-1007_01-sng_00-n_00-n_00-n_00-n_00-n_00-n;1007;0;41722;0;N;539856;N;7;3026;0;PM_BE-PH_1;20140324xMon;7_Všenory;Středočeský kraj;h00;91;100
02-o2_01-ver_02-vis_03-lau2_07-day_05-300+_07-frt-1007_01-sng_00-n_00-n_00-n_00-n_00-n_00-n;1007;0;41722;0;N;554782;N;9;3018;0;PM_BE-PH_1;20140324xMon;9_Praha;Hlavní město Praha;h00;0;1133
02-o2_01-ver_02-vis_03-lau2_07-day_05-300+_07-frt-1007_01-sng_00-n_00-n_00-n_00-n_00-n_00-n;1007;0;41723;0;N;531057;N;1;3026;0;PM_BE-PH_1;20140325xTue;1_Beroun;Středočeský kraj;h00;644;0
02-o2_01-ver_02-vis_03-lau2_07-day_05-300+_07-frt-1007_01-sng_00-n_00-n_00-n_00-n_00-n_00-n;1007;0;41723;0;N;531316;N;3;3026;0;PM_BE-PH_1;20140325xTue;3_Karlštejn;Středočeský kraj;h00;21;59
02-o2_01-ver_02-vis_03-lau2_07-day_05-300+_07-frt-1007_01-sng_00-n_00-n_00-n_00-n_00-n_00-n;1007;0;41723;0;N;531758;N;2;3026;0;PM_BE-PH_1;20140325xTue;2_Srbsko;Středočeský kraj;h00;37;0
02-o2_01-ver_02-vis_03-lau2_07-day_05-300+_07-frt-1007_01-sng_00-n_00-n_00-n_00-n_00-n_00-n;1007;0;41723;0;N;531979;N;4;3026;0;PM_BE-PH_1;20140325xTue;4_Zadní Třebaň;Středočeský kraj;h00;36;4
02-o2_01-ver_02-vis_03-lau2_07-day_05-300+_07-frt-1007_01-sng_00-n_00-n_00-n_00-n_00-n_00-n;1007;0;41723;0;N;539139;N;8;3026;0;PM_BE-PH_1;20140325xTue;8_Černošice;Středočeský kraj;h00;296;47
02-o2_01-ver_02-vis_03-lau2_07-day_05-300+_07-frt-1007_01-sng_00-n_00-n_00-n_00-n_00-n_00-n;1007;0;41723;0;N;539198;N;6;3026;0;PM_BE-PH_1;20140325xTue;6_Dobřichovice;Středočeský kraj;h00;226;12
02-o2_01-ver_02-vis_03-lau2_07-day_05-300+_07-frt-1007_01-sng_00-n_00-n_00-n_00-n_00-n_00-n;1007;0;41723;0;N;539643;N;5;3026;0;PM_BE-PH_1;20140325xTue;5_Řevnice;Středočeský kraj;h00;48;12
02-o2_01-ver_02-vis_03-lau2_07-day_05-300+_07-frt-1007_01-sng_00-n_00-n_00-n_00-n_00-n_00-n;1007;0;41723;0;N;539856;N;7;3026;0;PM_BE-PH_1;20140325xTue;7_Všenory;Středočeský kraj;h00;75;96
02-o2_01-ver_02-vis_03-lau2_07-day_05-300+_07-frt-1007_01-sng_00-n_00-n_00-n_00-n_00-n_00-n;1007;0;41723;0;N;554782;N;9;3018;0;PM_BE-PH_1;20140325xTue;9_Praha;Hlavní město Praha;h00;0;1153
02-o2_01-ver_02-vis_03-lau2_07-day_05-300+_07-frt-1007_01-sng_00-n_00-n_00-n_00-n_00-n_00-n;1007;0;41724;0;N;531057;N;1;3026;0;PM_BE-PH_1;20140326xWed;1_Beroun;Středočeský kraj;h00;601;0
02-o2_01-ver_02-vis_03-lau2_07-day_05-300+_07-frt-1007_01-sng_00-n_00-n_00-n_00-n_00-n_00-n;1007;0;41724;0;N;531316;N;3;3026;0;PM_BE-PH_1;20140326xWed;3_Karlštejn;Středočeský kraj;h00;20;32
02-o2_01-ver_02-vis_03-lau2_07-day_05-300+_07-frt-1007_01-sng_00-n_00-n_00-n_00-n_00-n_00-n;1007;0;41724;0;N;531758;N;2;3026;0;PM_BE-PH_1;20140326xWed;2_Srbsko;Středočeský kraj;h00;18;3
02-o2_01-ver_02-vis_03-lau2_07-day_05-300+_07-frt-1007_01-sng_00-n_00-n_00-n_00-n_00-n_00-n;1007;0;41724;0;N;531979;N;4;3026;0;PM_BE-PH_1;20140326xWed;4_Zadní Třebaň;Středočeský kraj;h00;22;1
02-o2_01-ver_02-vis_03-lau2_07-day_05-300+_07-frt-1007_01-sng_00-n_00-n_00-n_00-n_00-n_00-n;1007;0;41724;0;N;539139;N;8;3026;0;PM_BE-PH_1;20140326xWed;8_Černošice;Středočeský kraj;h00;293;65
02-o2_01-ver_02-vis_03-lau2_07-day_05-300+_07-frt-1007_01-sng_00-n_00-n_00-n_00-n_00-n_00-n;1007;0;41724;0;N;539198;N;6;3026;0;PM_BE-PH_1;20140326xWed;6_Dobřichovice;Středočeský kraj;h00;181;18
02-o2_01-ver_02-vis_03-lau2_07-day_05-300+_07-frt-1007_01-sng_00-n_00-n_00-n_00-n_00-n_00-n;1007;0;41724;0;N;539643;N;5;3026;0;PM_BE-PH_1;20140326xWed;5_Řevnice;Středočeský kraj;h00;55;9
02-o2_01-ver_02-vis_03-lau2_07-day_05-300+_07-frt-1007_01-sng_00-n_00-n_00-n_00-n_00-n_00-n;1007;0;41724;0;N;539856;N;7;3026;0;PM_BE-PH_1;20140326xWed;7_Všenory;Středočeský kraj;h00;118;63
02-o2_01-ver_02-vis_03-lau2_07-day_05-300+_07-frt-1007_01-sng_00-n_00-n_00-n_00-n_00-n_00-n;1007;0;41724;0;N;554782;N;9;3018;0;PM_BE-PH_1;20140326xWed;9_Praha;Hlavní město Praha;h00;0;1117
