02-o2_02-edg_02-vis_03-lau2_07-day_03-60_05-frt-1005_01-sng_00-n_00-n_00-n_00-n_00-n_00-n;1005;0;41722;0;N;559903;531057;4;3042;0;R_PL-PH_1;20140324xMon;04_Kařez_Beroun;Plzeňský kraj;h00;9;N
02-o2_02-edg_02-vis_03-lau2_07-day_03-60_05-frt-1005_01-sng_00-n_00-n_00-n_00-n_00-n_00-n;1005;0;41723;0;N;559903;531057;4;3042;0;R_PL-PH_1;20140325xTue;04_Kařez_Beroun;Plzeňský kraj;h00;1;N
02-o2_02-edg_02-vis_03-lau2_07-day_03-60_05-frt-1005_01-sng_00-n_00-n_00-n_00-n_00-n_00-n;1005;0;41716;0;N;559717;559903;3;3042;0;R_PL-PH_1;20140318xTue;03_Rokycany_Kařez;Plzeňský kraj;h00;17;N
02-o2_02-edg_02-vis_03-lau2_07-day_03-60_05-frt-1005_01-sng_00-n_00-n_00-n_00-n_00-n_00-n;1005;0;41720;0;N;559717;559903;3;3042;0;R_PL-PH_1;20140322xSat;03_Rokycany_Kařez;Plzeňský kraj;h00;9;N
02-o2_02-edg_02-vis_03-lau2_07-day_03-60_05-frt-1005_01-sng_00-n_00-n_00-n_00-n_00-n_00-n;1005;0;41715;0;N;559717;559903;3;3042;0;R_PL-PH_1;20140317xMon;03_Rokycany_Kařez;Plzeňský kraj;h00;15;N
02-o2_02-edg_02-vis_03-lau2_07-day_03-60_05-frt-1005_01-sng_00-n_00-n_00-n_00-n_00-n_00-n;1005;0;41719;0;N;559717;559903;3;3042;0;R_PL-PH_1;20140321xFri;03_Rokycany_Kařez;Plzeňský kraj;h00;16;N
02-o2_02-edg_02-vis_03-lau2_07-day_03-60_05-frt-1005_01-sng_00-n_00-n_00-n_00-n_00-n_00-n;1005;0;41718;0;N;559717;559903;3;3042;0;R_PL-PH_1;20140320xThu;03_Rokycany_Kařez;Plzeňský kraj;h00;25;N
02-o2_02-edg_02-vis_03-lau2_07-day_03-60_05-frt-1005_01-sng_00-n_00-n_00-n_00-n_00-n_00-n;1005;0;41710;0;N;559717;559903;3;3042;0;R_PL-PH_1;20140312xWed;03_Rokycany_Kařez;Plzeňský kraj;h00;22;N
02-o2_02-edg_02-vis_03-lau2_07-day_03-60_05-frt-1005_01-sng_00-n_00-n_00-n_00-n_00-n_00-n;1005;0;41712;0;N;559717;559903;3;3042;0;R_PL-PH_1;20140314xFri;03_Rokycany_Kařez;Plzeňský kraj;h00;20;N
02-o2_02-edg_02-vis_03-lau2_07-day_03-60_05-frt-1005_01-sng_00-n_00-n_00-n_00-n_00-n_00-n;1005;0;41714;0;N;559717;559903;3;3042;0;R_PL-PH_1;20140316xSun;03_Rokycany_Kařez;Plzeňský kraj;h00;4;N
02-o2_02-edg_02-vis_03-lau2_07-day_03-60_05-frt-1005_01-sng_00-n_00-n_00-n_00-n_00-n_00-n;1005;0;41711;0;N;559717;559903;3;3042;0;R_PL-PH_1;20140313xThu;03_Rokycany_Kařez;Plzeňský kraj;h00;25;N
02-o2_02-edg_02-vis_03-lau2_07-day_03-60_05-frt-1005_01-sng_00-n_00-n_00-n_00-n_00-n_00-n;1005;0;41713;0;N;559717;559903;3;3042;0;R_PL-PH_1;20140315xSat;03_Rokycany_Kařez;Plzeňský kraj;h00;15;N
02-o2_02-edg_02-vis_03-lau2_07-day_03-60_05-frt-1005_01-sng_00-n_00-n_00-n_00-n_00-n_00-n;1005;0;41717;0;N;559717;559903;3;3042;0;R_PL-PH_1;20140319xWed;03_Rokycany_Kařez;Plzeňský kraj;h00;25;N
02-o2_02-edg_02-vis_03-lau2_07-day_03-60_05-frt-1005_01-sng_00-n_00-n_00-n_00-n_00-n_00-n;1005;0;41724;0;N;559717;559903;3;3042;0;R_PL-PH_1;20140326xWed;03_Rokycany_Kařez;Plzeňský kraj;h00;29;N
02-o2_02-edg_02-vis_03-lau2_07-day_03-60_05-frt-1005_01-sng_00-n_00-n_00-n_00-n_00-n_00-n;1005;0;41723;0;N;559717;559903;3;3042;0;R_PL-PH_1;20140325xTue;03_Rokycany_Kařez;Plzeňský kraj;h00;22;N
02-o2_02-edg_02-vis_03-lau2_07-day_03-60_05-frt-1005_01-sng_00-n_00-n_00-n_00-n_00-n_00-n;1005;0;41721;0;N;559717;559903;3;3042;0;R_PL-PH_1;20140323xSun;03_Rokycany_Kařez;Plzeňský kraj;h00;13;N
02-o2_02-edg_02-vis_03-lau2_07-day_03-60_05-frt-1005_01-sng_00-n_00-n_00-n_00-n_00-n_00-n;1005;0;41722;0;N;559717;559903;3;3042;0;R_PL-PH_1;20140324xMon;03_Rokycany_Kařez;Plzeňský kraj;h00;18;N
02-o2_02-edg_02-vis_03-lau2_07-day_03-60_05-frt-1005_01-sng_00-n_00-n_00-n_00-n_00-n_00-n;1005;0;41720;0;N;559717;554782;3;3042;0;R_PL-PH_1;20140322xSat;03_Rokycany_Praha;Plzeňský kraj;h00;31;N
02-o2_02-edg_02-vis_03-lau2_07-day_03-60_05-frt-1005_01-sng_00-n_00-n_00-n_00-n_00-n_00-n;1005;0;41712;0;N;559717;554782;3;3042;0;R_PL-PH_1;20140314xFri;03_Rokycany_Praha;Plzeňský kraj;h00;52;N
02-o2_02-edg_02-vis_03-lau2_07-day_03-60_05-frt-1005_01-sng_00-n_00-n_00-n_00-n_00-n_00-n;1005;0;41710;0;N;559717;554782;3;3042;0;R_PL-PH_1;20140312xWed;03_Rokycany_Praha;Plzeňský kraj;h00;42;N
02-o2_02-edg_02-vis_03-lau2_07-day_03-60_05-frt-1005_01-sng_00-n_00-n_00-n_00-n_00-n_00-n;1005;0;41718;0;N;559717;554782;3;3042;0;R_PL-PH_1;20140320xThu;03_Rokycany_Praha;Plzeňský kraj;h00;64;N
02-o2_02-edg_02-vis_03-lau2_07-day_03-60_05-frt-1005_01-sng_00-n_00-n_00-n_00-n_00-n_00-n;1005;0;41711;0;N;559717;554782;3;3042;0;R_PL-PH_1;20140313xThu;03_Rokycany_Praha;Plzeňský kraj;h00;63;N
02-o2_02-edg_02-vis_03-lau2_07-day_03-60_05-frt-1005_01-sng_00-n_00-n_00-n_00-n_00-n_00-n;1005;0;41719;0;N;559717;554782;3;3042;0;R_PL-PH_1;20140321xFri;03_Rokycany_Praha;Plzeňský kraj;h00;47;N
02-o2_02-edg_02-vis_03-lau2_07-day_03-60_05-frt-1005_01-sng_00-n_00-n_00-n_00-n_00-n_00-n;1005;0;41717;0;N;559717;554782;3;3042;0;R_PL-PH_1;20140319xWed;03_Rokycany_Praha;Plzeňský kraj;h00;64;N
02-o2_02-edg_02-vis_03-lau2_07-day_03-60_05-frt-1005_01-sng_00-n_00-n_00-n_00-n_00-n_00-n;1005;0;41716;0;N;559717;554782;3;3042;0;R_PL-PH_1;20140318xTue;03_Rokycany_Praha;Plzeňský kraj;h00;68;N
02-o2_02-edg_02-vis_03-lau2_07-day_03-60_05-frt-1005_01-sng_00-n_00-n_00-n_00-n_00-n_00-n;1005;0;41713;0;N;559717;554782;3;3042;0;R_PL-PH_1;20140315xSat;03_Rokycany_Praha;Plzeňský kraj;h00;28;N
02-o2_02-edg_02-vis_03-lau2_07-day_03-60_05-frt-1005_01-sng_00-n_00-n_00-n_00-n_00-n_00-n;1005;0;41714;0;N;559717;554782;3;3042;0;R_PL-PH_1;20140316xSun;03_Rokycany_Praha;Plzeňský kraj;h00;26;N
02-o2_02-edg_02-vis_03-lau2_07-day_03-60_05-frt-1005_01-sng_00-n_00-n_00-n_00-n_00-n_00-n;1005;0;41715;0;N;559717;554782;3;3042;0;R_PL-PH_1;20140317xMon;03_Rokycany_Praha;Plzeňský kraj;h00;47;N
02-o2_02-edg_02-vis_03-lau2_07-day_03-60_05-frt-1005_01-sng_00-n_00-n_00-n_00-n_00-n_00-n;1005;0;41721;0;N;559717;554782;3;3042;0;R_PL-PH_1;20140323xSun;03_Rokycany_Praha;Plzeňský kraj;h00;26;N
02-o2_02-edg_02-vis_03-lau2_07-day_03-60_05-frt-1005_01-sng_00-n_00-n_00-n_00-n_00-n_00-n;1005;0;41724;0;N;559717;554782;3;3042;0;R_PL-PH_1;20140326xWed;03_Rokycany_Praha;Plzeňský kraj;h00;73;N
02-o2_02-edg_02-vis_03-lau2_07-day_03-60_05-frt-1005_01-sng_00-n_00-n_00-n_00-n_00-n_00-n;1005;0;41722;0;N;559717;554782;3;3042;0;R_PL-PH_1;20140324xMon;03_Rokycany_Praha;Plzeňský kraj;h00;70;N
02-o2_02-edg_02-vis_03-lau2_07-day_03-60_05-frt-1005_01-sng_00-n_00-n_00-n_00-n_00-n_00-n;1005;0;41723;0;N;559717;554782;3;3042;0;R_PL-PH_1;20140325xTue;03_Rokycany_Praha;Plzeňský kraj;h00;73;N
02-o2_02-edg_02-vis_03-lau2_07-day_03-60_05-frt-1005_01-sng_00-n_00-n_00-n_00-n_00-n_00-n;1005;0;41717;0;N;559717;532011;3;3042;0;R_PL-PH_1;20140319xWed;03_Rokycany_Zdice;Plzeňský kraj;h00;4;N
02-o2_02-edg_02-vis_03-lau2_07-day_03-60_05-frt-1005_01-sng_00-n_00-n_00-n_00-n_00-n_00-n;1005;0;41719;0;N;559717;532011;3;3042;0;R_PL-PH_1;20140321xFri;03_Rokycany_Zdice;Plzeňský kraj;h00;1;N
02-o2_02-edg_02-vis_03-lau2_07-day_03-60_05-frt-1005_01-sng_00-n_00-n_00-n_00-n_00-n_00-n;1005;0;41718;0;N;559717;532011;3;3042;0;R_PL-PH_1;20140320xThu;03_Rokycany_Zdice;Plzeňský kraj;h00;2;N
02-o2_02-edg_02-vis_03-lau2_07-day_03-60_05-frt-1005_01-sng_00-n_00-n_00-n_00-n_00-n_00-n;1005;0;41716;0;N;559717;532011;3;3042;0;R_PL-PH_1;20140318xTue;03_Rokycany_Zdice;Plzeňský kraj;h00;1;N
02-o2_02-edg_02-vis_03-lau2_07-day_03-60_05-frt-1005_01-sng_00-n_00-n_00-n_00-n_00-n_00-n;1005;0;41720;0;N;559717;532011;3;3042;0;R_PL-PH_1;20140322xSat;03_Rokycany_Zdice;Plzeňský kraj;h00;1;N
02-o2_02-edg_02-vis_03-lau2_07-day_03-60_05-frt-1005_01-sng_00-n_00-n_00-n_00-n_00-n_00-n;1005;0;41710;0;N;559717;532011;3;3042;0;R_PL-PH_1;20140312xWed;03_Rokycany_Zdice;Plzeňský kraj;h00;1;N
02-o2_02-edg_02-vis_03-lau2_07-day_03-60_05-frt-1005_01-sng_00-n_00-n_00-n_00-n_00-n_00-n;1005;0;41724;0;N;559717;532011;3;3042;0;R_PL-PH_1;20140326xWed;03_Rokycany_Zdice;Plzeňský kraj;h00;1;N
02-o2_02-edg_02-vis_03-lau2_07-day_03-60_05-frt-1005_01-sng_00-n_00-n_00-n_00-n_00-n_00-n;1005;0;41717;0;N;559717;531189;3;3042;0;R_PL-PH_1;20140319xWed;03_Rokycany_Hořovice;Plzeňský kraj;h00;9;N
02-o2_02-edg_02-vis_03-lau2_07-day_03-60_05-frt-1005_01-sng_00-n_00-n_00-n_00-n_00-n_00-n;1005;0;41715;0;N;559717;531189;3;3042;0;R_PL-PH_1;20140317xMon;03_Rokycany_Hořovice;Plzeňský kraj;h00;10;N
02-o2_02-edg_02-vis_03-lau2_07-day_03-60_05-frt-1005_01-sng_00-n_00-n_00-n_00-n_00-n_00-n;1005;0;41713;0;N;559717;531189;3;3042;0;R_PL-PH_1;20140315xSat;03_Rokycany_Hořovice;Plzeňský kraj;h00;2;N
02-o2_02-edg_02-vis_03-lau2_07-day_03-60_05-frt-1005_01-sng_00-n_00-n_00-n_00-n_00-n_00-n;1005;0;41710;0;N;559717;531189;3;3042;0;R_PL-PH_1;20140312xWed;03_Rokycany_Hořovice;Plzeňský kraj;h00;4;N
02-o2_02-edg_02-vis_03-lau2_07-day_03-60_05-frt-1005_01-sng_00-n_00-n_00-n_00-n_00-n_00-n;1005;0;41716;0;N;559717;531189;3;3042;0;R_PL-PH_1;20140318xTue;03_Rokycany_Hořovice;Plzeňský kraj;h00;3;N
02-o2_02-edg_02-vis_03-lau2_07-day_03-60_05-frt-1005_01-sng_00-n_00-n_00-n_00-n_00-n_00-n;1005;0;41711;0;N;559717;531189;3;3042;0;R_PL-PH_1;20140313xThu;03_Rokycany_Hořovice;Plzeňský kraj;h00;6;N
02-o2_02-edg_02-vis_03-lau2_07-day_03-60_05-frt-1005_01-sng_00-n_00-n_00-n_00-n_00-n_00-n;1005;0;41712;0;N;559717;531189;3;3042;0;R_PL-PH_1;20140314xFri;03_Rokycany_Hořovice;Plzeňský kraj;h00;4;N
02-o2_02-edg_02-vis_03-lau2_07-day_03-60_05-frt-1005_01-sng_00-n_00-n_00-n_00-n_00-n_00-n;1005;0;41718;0;N;559717;531189;3;3042;0;R_PL-PH_1;20140320xThu;03_Rokycany_Hořovice;Plzeňský kraj;h00;4;N
02-o2_02-edg_02-vis_03-lau2_07-day_03-60_05-frt-1005_01-sng_00-n_00-n_00-n_00-n_00-n_00-n;1005;0;41719;0;N;559717;531189;3;3042;0;R_PL-PH_1;20140321xFri;03_Rokycany_Hořovice;Plzeňský kraj;h00;7;N
02-o2_02-edg_02-vis_03-lau2_07-day_03-60_05-frt-1005_01-sng_00-n_00-n_00-n_00-n_00-n_00-n;1005;0;41722;0;N;559717;531189;3;3042;0;R_PL-PH_1;20140324xMon;03_Rokycany_Hořovice;Plzeňský kraj;h00;4;N
02-o2_02-edg_02-vis_03-lau2_07-day_03-60_05-frt-1005_01-sng_00-n_00-n_00-n_00-n_00-n_00-n;1005;0;41724;0;N;559717;531189;3;3042;0;R_PL-PH_1;20140326xWed;03_Rokycany_Hořovice;Plzeňský kraj;h00;5;N
02-o2_02-edg_02-vis_03-lau2_07-day_03-60_05-frt-1005_01-sng_00-n_00-n_00-n_00-n_00-n_00-n;1005;0;41723;0;N;559717;531189;3;3042;0;R_PL-PH_1;20140325xTue;03_Rokycany_Hořovice;Plzeňský kraj;h00;5;N
02-o2_02-edg_02-vis_03-lau2_07-day_03-60_05-frt-1005_01-sng_00-n_00-n_00-n_00-n_00-n_00-n;1005;0;41721;0;N;559717;531189;3;3042;0;R_PL-PH_1;20140323xSun;03_Rokycany_Hořovice;Plzeňský kraj;h00;3;N
02-o2_02-edg_02-vis_03-lau2_07-day_03-60_05-frt-1005_01-sng_00-n_00-n_00-n_00-n_00-n_00-n;1005;0;41712;0;N;559717;531057;3;3042;0;R_PL-PH_1;20140314xFri;03_Rokycany_Beroun;Plzeňský kraj;h00;22;N
02-o2_02-edg_02-vis_03-lau2_07-day_03-60_05-frt-1005_01-sng_00-n_00-n_00-n_00-n_00-n_00-n;1005;0;41718;0;N;559717;531057;3;3042;0;R_PL-PH_1;20140320xThu;03_Rokycany_Beroun;Plzeňský kraj;h00;15;N
02-o2_02-edg_02-vis_03-lau2_07-day_03-60_05-frt-1005_01-sng_00-n_00-n_00-n_00-n_00-n_00-n;1005;0;41716;0;N;559717;531057;3;3042;0;R_PL-PH_1;20140318xTue;03_Rokycany_Beroun;Plzeňský kraj;h00;17;N
02-o2_02-edg_02-vis_03-lau2_07-day_03-60_05-frt-1005_01-sng_00-n_00-n_00-n_00-n_00-n_00-n;1005;0;41715;0;N;559717;531057;3;3042;0;R_PL-PH_1;20140317xMon;03_Rokycany_Beroun;Plzeňský kraj;h00;16;N
02-o2_02-edg_02-vis_03-lau2_07-day_03-60_05-frt-1005_01-sng_00-n_00-n_00-n_00-n_00-n_00-n;1005;0;41711;0;N;559717;531057;3;3042;0;R_PL-PH_1;20140313xThu;03_Rokycany_Beroun;Plzeňský kraj;h00;25;N
02-o2_02-edg_02-vis_03-lau2_07-day_03-60_05-frt-1005_01-sng_00-n_00-n_00-n_00-n_00-n_00-n;1005;0;41714;0;N;559717;531057;3;3042;0;R_PL-PH_1;20140316xSun;03_Rokycany_Beroun;Plzeňský kraj;h00;7;N
02-o2_02-edg_02-vis_03-lau2_07-day_03-60_05-frt-1005_01-sng_00-n_00-n_00-n_00-n_00-n_00-n;1005;0;41719;0;N;559717;531057;3;3042;0;R_PL-PH_1;20140321xFri;03_Rokycany_Beroun;Plzeňský kraj;h00;11;N
02-o2_02-edg_02-vis_03-lau2_07-day_03-60_05-frt-1005_01-sng_00-n_00-n_00-n_00-n_00-n_00-n;1005;0;41720;0;N;559717;531057;3;3042;0;R_PL-PH_1;20140322xSat;03_Rokycany_Beroun;Plzeňský kraj;h00;5;N
02-o2_02-edg_02-vis_03-lau2_07-day_03-60_05-frt-1005_01-sng_00-n_00-n_00-n_00-n_00-n_00-n;1005;0;41713;0;N;559717;531057;3;3042;0;R_PL-PH_1;20140315xSat;03_Rokycany_Beroun;Plzeňský kraj;h00;12;N
02-o2_02-edg_02-vis_03-lau2_07-day_03-60_05-frt-1005_01-sng_00-n_00-n_00-n_00-n_00-n_00-n;1005;0;41717;0;N;559717;531057;3;3042;0;R_PL-PH_1;20140319xWed;03_Rokycany_Beroun;Plzeňský kraj;h00;17;N
02-o2_02-edg_02-vis_03-lau2_07-day_03-60_05-frt-1005_01-sng_00-n_00-n_00-n_00-n_00-n_00-n;1005;0;41710;0;N;559717;531057;3;3042;0;R_PL-PH_1;20140312xWed;03_Rokycany_Beroun;Plzeňský kraj;h00;27;N
02-o2_02-edg_02-vis_03-lau2_07-day_03-60_05-frt-1005_01-sng_00-n_00-n_00-n_00-n_00-n_00-n;1005;0;41721;0;N;559717;531057;3;3042;0;R_PL-PH_1;20140323xSun;03_Rokycany_Beroun;Plzeňský kraj;h00;6;N
02-o2_02-edg_02-vis_03-lau2_07-day_03-60_05-frt-1005_01-sng_00-n_00-n_00-n_00-n_00-n_00-n;1005;0;41724;0;N;559717;531057;3;3042;0;R_PL-PH_1;20140326xWed;03_Rokycany_Beroun;Plzeňský kraj;h00;20;N
02-o2_02-edg_02-vis_03-lau2_07-day_03-60_05-frt-1005_01-sng_00-n_00-n_00-n_00-n_00-n_00-n;1005;0;41722;0;N;559717;531057;3;3042;0;R_PL-PH_1;20140324xMon;03_Rokycany_Beroun;Plzeňský kraj;h00;20;N
02-o2_02-edg_02-vis_03-lau2_07-day_03-60_05-frt-1005_01-sng_00-n_00-n_00-n_00-n_00-n_00-n;1005;0;41723;0;N;559717;531057;3;3042;0;R_PL-PH_1;20140325xTue;03_Rokycany_Beroun;Plzeňský kraj;h00;25;N
02-o2_02-edg_02-vis_03-lau2_07-day_03-60_05-frt-1005_01-sng_00-n_00-n_00-n_00-n_00-n_00-n;1005;0;41717;0;N;558966;559903;2;3042;0;R_PL-PH_1;20140319xWed;02_Chrást_Kařez;Plzeňský kraj;h00;1;N
02-o2_02-edg_02-vis_03-lau2_07-day_03-60_05-frt-1005_01-sng_00-n_00-n_00-n_00-n_00-n_00-n;1005;0;41712;0;N;558966;559903;2;3042;0;R_PL-PH_1;20140314xFri;02_Chrást_Kařez;Plzeňský kraj;h00;2;N
02-o2_02-edg_02-vis_03-lau2_07-day_03-60_05-frt-1005_01-sng_00-n_00-n_00-n_00-n_00-n_00-n;1005;0;41723;0;N;558966;559903;2;3042;0;R_PL-PH_1;20140325xTue;02_Chrást_Kařez;Plzeňský kraj;h00;1;N
02-o2_02-edg_02-vis_03-lau2_07-day_03-60_05-frt-1005_01-sng_00-n_00-n_00-n_00-n_00-n_00-n;1005;0;41715;0;N;558966;559717;2;3042;0;R_PL-PH_1;20140317xMon;02_Chrást_Rokycany;Plzeňský kraj;h00;2;N
02-o2_02-edg_02-vis_03-lau2_07-day_03-60_05-frt-1005_01-sng_00-n_00-n_00-n_00-n_00-n_00-n;1005;0;41713;0;N;558966;559717;2;3042;0;R_PL-PH_1;20140315xSat;02_Chrást_Rokycany;Plzeňský kraj;h00;4;N
02-o2_02-edg_02-vis_03-lau2_07-day_03-60_05-frt-1005_01-sng_00-n_00-n_00-n_00-n_00-n_00-n;1005;0;41718;0;N;558966;559717;2;3042;0;R_PL-PH_1;20140320xThu;02_Chrást_Rokycany;Plzeňský kraj;h00;10;N
02-o2_02-edg_02-vis_03-lau2_07-day_03-60_05-frt-1005_01-sng_00-n_00-n_00-n_00-n_00-n_00-n;1005;0;41711;0;N;558966;559717;2;3042;0;R_PL-PH_1;20140313xThu;02_Chrást_Rokycany;Plzeňský kraj;h00;5;N
02-o2_02-edg_02-vis_03-lau2_07-day_03-60_05-frt-1005_01-sng_00-n_00-n_00-n_00-n_00-n_00-n;1005;0;41712;0;N;558966;559717;2;3042;0;R_PL-PH_1;20140314xFri;02_Chrást_Rokycany;Plzeňský kraj;h00;1;N
02-o2_02-edg_02-vis_03-lau2_07-day_03-60_05-frt-1005_01-sng_00-n_00-n_00-n_00-n_00-n_00-n;1005;0;41710;0;N;558966;559717;2;3042;0;R_PL-PH_1;20140312xWed;02_Chrást_Rokycany;Plzeňský kraj;h00;5;N
02-o2_02-edg_02-vis_03-lau2_07-day_03-60_05-frt-1005_01-sng_00-n_00-n_00-n_00-n_00-n_00-n;1005;0;41716;0;N;558966;559717;2;3042;0;R_PL-PH_1;20140318xTue;02_Chrást_Rokycany;Plzeňský kraj;h00;7;N
02-o2_02-edg_02-vis_03-lau2_07-day_03-60_05-frt-1005_01-sng_00-n_00-n_00-n_00-n_00-n_00-n;1005;0;41720;0;N;558966;559717;2;3042;0;R_PL-PH_1;20140322xSat;02_Chrást_Rokycany;Plzeňský kraj;h00;2;N
02-o2_02-edg_02-vis_03-lau2_07-day_03-60_05-frt-1005_01-sng_00-n_00-n_00-n_00-n_00-n_00-n;1005;0;41717;0;N;558966;559717;2;3042;0;R_PL-PH_1;20140319xWed;02_Chrást_Rokycany;Plzeňský kraj;h00;4;N
02-o2_02-edg_02-vis_03-lau2_07-day_03-60_05-frt-1005_01-sng_00-n_00-n_00-n_00-n_00-n_00-n;1005;0;41719;0;N;558966;559717;2;3042;0;R_PL-PH_1;20140321xFri;02_Chrást_Rokycany;Plzeňský kraj;h00;5;N
02-o2_02-edg_02-vis_03-lau2_07-day_03-60_05-frt-1005_01-sng_00-n_00-n_00-n_00-n_00-n_00-n;1005;0;41721;0;N;558966;559717;2;3042;0;R_PL-PH_1;20140323xSun;02_Chrást_Rokycany;Plzeňský kraj;h00;3;N
02-o2_02-edg_02-vis_03-lau2_07-day_03-60_05-frt-1005_01-sng_00-n_00-n_00-n_00-n_00-n_00-n;1005;0;41724;0;N;558966;559717;2;3042;0;R_PL-PH_1;20140326xWed;02_Chrást_Rokycany;Plzeňský kraj;h00;5;N
02-o2_02-edg_02-vis_03-lau2_07-day_03-60_05-frt-1005_01-sng_00-n_00-n_00-n_00-n_00-n_00-n;1005;0;41722;0;N;558966;559717;2;3042;0;R_PL-PH_1;20140324xMon;02_Chrást_Rokycany;Plzeňský kraj;h00;3;N
02-o2_02-edg_02-vis_03-lau2_07-day_03-60_05-frt-1005_01-sng_00-n_00-n_00-n_00-n_00-n_00-n;1005;0;41723;0;N;558966;559717;2;3042;0;R_PL-PH_1;20140325xTue;02_Chrást_Rokycany;Plzeňský kraj;h00;4;N
02-o2_02-edg_02-vis_03-lau2_07-day_03-60_05-frt-1005_01-sng_00-n_00-n_00-n_00-n_00-n_00-n;1005;0;41717;0;N;558966;554782;2;3042;0;R_PL-PH_1;20140319xWed;02_Chrást_Praha;Plzeňský kraj;h00;6;N
02-o2_02-edg_02-vis_03-lau2_07-day_03-60_05-frt-1005_01-sng_00-n_00-n_00-n_00-n_00-n_00-n;1005;0;41712;0;N;558966;554782;2;3042;0;R_PL-PH_1;20140314xFri;02_Chrást_Praha;Plzeňský kraj;h00;4;N
02-o2_02-edg_02-vis_03-lau2_07-day_03-60_05-frt-1005_01-sng_00-n_00-n_00-n_00-n_00-n_00-n;1005;0;41710;0;N;558966;554782;2;3042;0;R_PL-PH_1;20140312xWed;02_Chrást_Praha;Plzeňský kraj;h00;7;N
02-o2_02-edg_02-vis_03-lau2_07-day_03-60_05-frt-1005_01-sng_00-n_00-n_00-n_00-n_00-n_00-n;1005;0;41711;0;N;558966;554782;2;3042;0;R_PL-PH_1;20140313xThu;02_Chrást_Praha;Plzeňský kraj;h00;5;N
02-o2_02-edg_02-vis_03-lau2_07-day_03-60_05-frt-1005_01-sng_00-n_00-n_00-n_00-n_00-n_00-n;1005;0;41716;0;N;558966;554782;2;3042;0;R_PL-PH_1;20140318xTue;02_Chrást_Praha;Plzeňský kraj;h00;6;N
02-o2_02-edg_02-vis_03-lau2_07-day_03-60_05-frt-1005_01-sng_00-n_00-n_00-n_00-n_00-n_00-n;1005;0;41715;0;N;558966;554782;2;3042;0;R_PL-PH_1;20140317xMon;02_Chrást_Praha;Plzeňský kraj;h00;2;N
02-o2_02-edg_02-vis_03-lau2_07-day_03-60_05-frt-1005_01-sng_00-n_00-n_00-n_00-n_00-n_00-n;1005;0;41719;0;N;558966;554782;2;3042;0;R_PL-PH_1;20140321xFri;02_Chrást_Praha;Plzeňský kraj;h00;3;N
02-o2_02-edg_02-vis_03-lau2_07-day_03-60_05-frt-1005_01-sng_00-n_00-n_00-n_00-n_00-n_00-n;1005;0;41720;0;N;558966;554782;2;3042;0;R_PL-PH_1;20140322xSat;02_Chrást_Praha;Plzeňský kraj;h00;2;N
02-o2_02-edg_02-vis_03-lau2_07-day_03-60_05-frt-1005_01-sng_00-n_00-n_00-n_00-n_00-n_00-n;1005;0;41713;0;N;558966;554782;2;3042;0;R_PL-PH_1;20140315xSat;02_Chrást_Praha;Plzeňský kraj;h00;2;N
02-o2_02-edg_02-vis_03-lau2_07-day_03-60_05-frt-1005_01-sng_00-n_00-n_00-n_00-n_00-n_00-n;1005;0;41718;0;N;558966;554782;2;3042;0;R_PL-PH_1;20140320xThu;02_Chrást_Praha;Plzeňský kraj;h00;6;N
02-o2_02-edg_02-vis_03-lau2_07-day_03-60_05-frt-1005_01-sng_00-n_00-n_00-n_00-n_00-n_00-n;1005;0;41722;0;N;558966;554782;2;3042;0;R_PL-PH_1;20140324xMon;02_Chrást_Praha;Plzeňský kraj;h00;8;N
02-o2_02-edg_02-vis_03-lau2_07-day_03-60_05-frt-1005_01-sng_00-n_00-n_00-n_00-n_00-n_00-n;1005;0;41723;0;N;558966;554782;2;3042;0;R_PL-PH_1;20140325xTue;02_Chrást_Praha;Plzeňský kraj;h00;6;N
02-o2_02-edg_02-vis_03-lau2_07-day_03-60_05-frt-1005_01-sng_00-n_00-n_00-n_00-n_00-n_00-n;1005;0;41721;0;N;558966;554782;2;3042;0;R_PL-PH_1;20140323xSun;02_Chrást_Praha;Plzeňský kraj;h00;2;N
02-o2_02-edg_02-vis_03-lau2_07-day_03-60_05-frt-1005_01-sng_00-n_00-n_00-n_00-n_00-n_00-n;1005;0;41724;0;N;558966;554782;2;3042;0;R_PL-PH_1;20140326xWed;02_Chrást_Praha;Plzeňský kraj;h00;7;N
02-o2_02-edg_02-vis_03-lau2_07-day_03-60_05-frt-1005_01-sng_00-n_00-n_00-n_00-n_00-n_00-n;1005;0;41724;0;N;558966;532011;2;3042;0;R_PL-PH_1;20140326xWed;02_Chrást_Zdice;Plzeňský kraj;h00;1;N
02-o2_02-edg_02-vis_03-lau2_07-day_03-60_05-frt-1005_01-sng_00-n_00-n_00-n_00-n_00-n_00-n;1005;0;41715;0;N;558966;531189;2;3042;0;R_PL-PH_1;20140317xMon;02_Chrást_Hořovice;Plzeňský kraj;h00;1;N
02-o2_02-edg_02-vis_03-lau2_07-day_03-60_05-frt-1005_01-sng_00-n_00-n_00-n_00-n_00-n_00-n;1005;0;41718;0;N;558966;531189;2;3042;0;R_PL-PH_1;20140320xThu;02_Chrást_Hořovice;Plzeňský kraj;h00;1;N
02-o2_02-edg_02-vis_03-lau2_07-day_03-60_05-frt-1005_01-sng_00-n_00-n_00-n_00-n_00-n_00-n;1005;0;41711;0;N;558966;531189;2;3042;0;R_PL-PH_1;20140313xThu;02_Chrást_Hořovice;Plzeňský kraj;h00;1;N
02-o2_02-edg_02-vis_03-lau2_07-day_03-60_05-frt-1005_01-sng_00-n_00-n_00-n_00-n_00-n_00-n;1005;0;41717;0;N;558966;531057;2;3042;0;R_PL-PH_1;20140319xWed;02_Chrást_Beroun;Plzeňský kraj;h00;1;N
02-o2_02-edg_02-vis_03-lau2_07-day_03-60_05-frt-1005_01-sng_00-n_00-n_00-n_00-n_00-n_00-n;1005;0;41710;0;N;558966;531057;2;3042;0;R_PL-PH_1;20140312xWed;02_Chrást_Beroun;Plzeňský kraj;h00;2;N
02-o2_02-edg_02-vis_03-lau2_07-day_03-60_05-frt-1005_01-sng_00-n_00-n_00-n_00-n_00-n_00-n;1005;0;41712;0;N;558966;531057;2;3042;0;R_PL-PH_1;20140314xFri;02_Chrást_Beroun;Plzeňský kraj;h00;1;N
02-o2_02-edg_02-vis_03-lau2_07-day_03-60_05-frt-1005_01-sng_00-n_00-n_00-n_00-n_00-n_00-n;1005;0;41719;0;N;558966;531057;2;3042;0;R_PL-PH_1;20140321xFri;02_Chrást_Beroun;Plzeňský kraj;h00;1;N
02-o2_02-edg_02-vis_03-lau2_07-day_03-60_05-frt-1005_01-sng_00-n_00-n_00-n_00-n_00-n_00-n;1005;0;41718;0;N;558966;531057;2;3042;0;R_PL-PH_1;20140320xThu;02_Chrást_Beroun;Plzeňský kraj;h00;1;N
02-o2_02-edg_02-vis_03-lau2_07-day_03-60_05-frt-1005_01-sng_00-n_00-n_00-n_00-n_00-n_00-n;1005;0;41724;0;N;558966;531057;2;3042;0;R_PL-PH_1;20140326xWed;02_Chrást_Beroun;Plzeňský kraj;h00;1;N
02-o2_02-edg_02-vis_03-lau2_07-day_03-60_05-frt-1005_01-sng_00-n_00-n_00-n_00-n_00-n_00-n;1005;0;41723;0;N;558966;531057;2;3042;0;R_PL-PH_1;20140325xTue;02_Chrást_Beroun;Plzeňský kraj;h00;1;N
02-o2_02-edg_02-vis_03-lau2_07-day_03-60_05-frt-1005_01-sng_00-n_00-n_00-n_00-n_00-n_00-n;1005;0;41719;0;N;554791;559903;1;3042;0;R_PL-PH_1;20140321xFri;01_Plzeň_Kařez;Plzeňský kraj;h00;28;N
02-o2_02-edg_02-vis_03-lau2_07-day_03-60_05-frt-1005_01-sng_00-n_00-n_00-n_00-n_00-n_00-n;1005;0;41716;0;N;554791;559903;1;3042;0;R_PL-PH_1;20140318xTue;01_Plzeň_Kařez;Plzeňský kraj;h00;74;N
02-o2_02-edg_02-vis_03-lau2_07-day_03-60_05-frt-1005_01-sng_00-n_00-n_00-n_00-n_00-n_00-n;1005;0;41718;0;N;554791;559903;1;3042;0;R_PL-PH_1;20140320xThu;01_Plzeň_Kařez;Plzeňský kraj;h00;71;N
02-o2_02-edg_02-vis_03-lau2_07-day_03-60_05-frt-1005_01-sng_00-n_00-n_00-n_00-n_00-n_00-n;1005;0;41715;0;N;554791;559903;1;3042;0;R_PL-PH_1;20140317xMon;01_Plzeň_Kařez;Plzeňský kraj;h00;24;N
02-o2_02-edg_02-vis_03-lau2_07-day_03-60_05-frt-1005_01-sng_00-n_00-n_00-n_00-n_00-n_00-n;1005;0;41714;0;N;554791;559903;1;3042;0;R_PL-PH_1;20140316xSun;01_Plzeň_Kařez;Plzeňský kraj;h00;16;N
02-o2_02-edg_02-vis_03-lau2_07-day_03-60_05-frt-1005_01-sng_00-n_00-n_00-n_00-n_00-n_00-n;1005;0;41713;0;N;554791;559903;1;3042;0;R_PL-PH_1;20140315xSat;01_Plzeň_Kařez;Plzeňský kraj;h00;30;N
02-o2_02-edg_02-vis_03-lau2_07-day_03-60_05-frt-1005_01-sng_00-n_00-n_00-n_00-n_00-n_00-n;1005;0;41720;0;N;554791;559903;1;3042;0;R_PL-PH_1;20140322xSat;01_Plzeň_Kařez;Plzeňský kraj;h00;23;N
02-o2_02-edg_02-vis_03-lau2_07-day_03-60_05-frt-1005_01-sng_00-n_00-n_00-n_00-n_00-n_00-n;1005;0;41710;0;N;554791;559903;1;3042;0;R_PL-PH_1;20140312xWed;01_Plzeň_Kařez;Plzeňský kraj;h00;47;N
02-o2_02-edg_02-vis_03-lau2_07-day_03-60_05-frt-1005_01-sng_00-n_00-n_00-n_00-n_00-n_00-n;1005;0;41712;0;N;554791;559903;1;3042;0;R_PL-PH_1;20140314xFri;01_Plzeň_Kařez;Plzeňský kraj;h00;53;N
02-o2_02-edg_02-vis_03-lau2_07-day_03-60_05-frt-1005_01-sng_00-n_00-n_00-n_00-n_00-n_00-n;1005;0;41717;0;N;554791;559903;1;3042;0;R_PL-PH_1;20140319xWed;01_Plzeň_Kařez;Plzeňský kraj;h00;64;N
02-o2_02-edg_02-vis_03-lau2_07-day_03-60_05-frt-1005_01-sng_00-n_00-n_00-n_00-n_00-n_00-n;1005;0;41711;0;N;554791;559903;1;3042;0;R_PL-PH_1;20140313xThu;01_Plzeň_Kařez;Plzeňský kraj;h00;54;N
02-o2_02-edg_02-vis_03-lau2_07-day_03-60_05-frt-1005_01-sng_00-n_00-n_00-n_00-n_00-n_00-n;1005;0;41722;0;N;554791;559903;1;3042;0;R_PL-PH_1;20140324xMon;01_Plzeň_Kařez;Plzeňský kraj;h00;54;N
02-o2_02-edg_02-vis_03-lau2_07-day_03-60_05-frt-1005_01-sng_00-n_00-n_00-n_00-n_00-n_00-n;1005;0;41723;0;N;554791;559903;1;3042;0;R_PL-PH_1;20140325xTue;01_Plzeň_Kařez;Plzeňský kraj;h00;61;N
02-o2_02-edg_02-vis_03-lau2_07-day_03-60_05-frt-1005_01-sng_00-n_00-n_00-n_00-n_00-n_00-n;1005;0;41724;0;N;554791;559903;1;3042;0;R_PL-PH_1;20140326xWed;01_Plzeň_Kařez;Plzeňský kraj;h00;72;N
02-o2_02-edg_02-vis_03-lau2_07-day_03-60_05-frt-1005_01-sng_00-n_00-n_00-n_00-n_00-n_00-n;1005;0;41721;0;N;554791;559903;1;3042;0;R_PL-PH_1;20140323xSun;01_Plzeň_Kařez;Plzeňský kraj;h00;19;N
02-o2_02-edg_02-vis_03-lau2_07-day_03-60_05-frt-1005_01-sng_00-n_00-n_00-n_00-n_00-n_00-n;1005;0;41713;0;N;554791;559717;1;3042;0;R_PL-PH_1;20140315xSat;01_Plzeň_Rokycany;Plzeňský kraj;h00;165;N
02-o2_02-edg_02-vis_03-lau2_07-day_03-60_05-frt-1005_01-sng_00-n_00-n_00-n_00-n_00-n_00-n;1005;0;41714;0;N;554791;559717;1;3042;0;R_PL-PH_1;20140316xSun;01_Plzeň_Rokycany;Plzeňský kraj;h00;109;N
02-o2_02-edg_02-vis_03-lau2_07-day_03-60_05-frt-1005_01-sng_00-n_00-n_00-n_00-n_00-n_00-n;1005;0;41720;0;N;554791;559717;1;3042;0;R_PL-PH_1;20140322xSat;01_Plzeň_Rokycany;Plzeňský kraj;h00;127;N
02-o2_02-edg_02-vis_03-lau2_07-day_03-60_05-frt-1005_01-sng_00-n_00-n_00-n_00-n_00-n_00-n;1005;0;41715;0;N;554791;559717;1;3042;0;R_PL-PH_1;20140317xMon;01_Plzeň_Rokycany;Plzeňský kraj;h00;198;N
02-o2_02-edg_02-vis_03-lau2_07-day_03-60_05-frt-1005_01-sng_00-n_00-n_00-n_00-n_00-n_00-n;1005;0;41719;0;N;554791;559717;1;3042;0;R_PL-PH_1;20140321xFri;01_Plzeň_Rokycany;Plzeňský kraj;h00;188;N
02-o2_02-edg_02-vis_03-lau2_07-day_03-60_05-frt-1005_01-sng_00-n_00-n_00-n_00-n_00-n_00-n;1005;0;41718;0;N;554791;559717;1;3042;0;R_PL-PH_1;20140320xThu;01_Plzeň_Rokycany;Plzeňský kraj;h00;308;N
02-o2_02-edg_02-vis_03-lau2_07-day_03-60_05-frt-1005_01-sng_00-n_00-n_00-n_00-n_00-n_00-n;1005;0;41716;0;N;554791;559717;1;3042;0;R_PL-PH_1;20140318xTue;01_Plzeň_Rokycany;Plzeňský kraj;h00;281;N
02-o2_02-edg_02-vis_03-lau2_07-day_03-60_05-frt-1005_01-sng_00-n_00-n_00-n_00-n_00-n_00-n;1005;0;41711;0;N;554791;559717;1;3042;0;R_PL-PH_1;20140313xThu;01_Plzeň_Rokycany;Plzeňský kraj;h00;329;N
02-o2_02-edg_02-vis_03-lau2_07-day_03-60_05-frt-1005_01-sng_00-n_00-n_00-n_00-n_00-n_00-n;1005;0;41712;0;N;554791;559717;1;3042;0;R_PL-PH_1;20140314xFri;01_Plzeň_Rokycany;Plzeňský kraj;h00;285;N
02-o2_02-edg_02-vis_03-lau2_07-day_03-60_05-frt-1005_01-sng_00-n_00-n_00-n_00-n_00-n_00-n;1005;0;41710;0;N;554791;559717;1;3042;0;R_PL-PH_1;20140312xWed;01_Plzeň_Rokycany;Plzeňský kraj;h00;290;N
02-o2_02-edg_02-vis_03-lau2_07-day_03-60_05-frt-1005_01-sng_00-n_00-n_00-n_00-n_00-n_00-n;1005;0;41717;0;N;554791;559717;1;3042;0;R_PL-PH_1;20140319xWed;01_Plzeň_Rokycany;Plzeňský kraj;h00;298;N
02-o2_02-edg_02-vis_03-lau2_07-day_03-60_05-frt-1005_01-sng_00-n_00-n_00-n_00-n_00-n_00-n;1005;0;41724;0;N;554791;559717;1;3042;0;R_PL-PH_1;20140326xWed;01_Plzeň_Rokycany;Plzeňský kraj;h00;287;N
02-o2_02-edg_02-vis_03-lau2_07-day_03-60_05-frt-1005_01-sng_00-n_00-n_00-n_00-n_00-n_00-n;1005;0;41722;0;N;554791;559717;1;3042;0;R_PL-PH_1;20140324xMon;01_Plzeň_Rokycany;Plzeňský kraj;h00;230;N
02-o2_02-edg_02-vis_03-lau2_07-day_03-60_05-frt-1005_01-sng_00-n_00-n_00-n_00-n_00-n_00-n;1005;0;41723;0;N;554791;559717;1;3042;0;R_PL-PH_1;20140325xTue;01_Plzeň_Rokycany;Plzeňský kraj;h00;310;N
02-o2_02-edg_02-vis_03-lau2_07-day_03-60_05-frt-1005_01-sng_00-n_00-n_00-n_00-n_00-n_00-n;1005;0;41721;0;N;554791;559717;1;3042;0;R_PL-PH_1;20140323xSun;01_Plzeň_Rokycany;Plzeňský kraj;h00;107;N
02-o2_02-edg_02-vis_03-lau2_07-day_03-60_05-frt-1005_01-sng_00-n_00-n_00-n_00-n_00-n_00-n;1005;0;41710;0;N;554791;558966;1;3042;0;R_PL-PH_1;20140312xWed;01_Plzeň_Chrást;Plzeňský kraj;h00;132;N
02-o2_02-edg_02-vis_03-lau2_07-day_03-60_05-frt-1005_01-sng_00-n_00-n_00-n_00-n_00-n_00-n;1005;0;41720;0;N;554791;558966;1;3042;0;R_PL-PH_1;20140322xSat;01_Plzeň_Chrást;Plzeňský kraj;h00;100;N
02-o2_02-edg_02-vis_03-lau2_07-day_03-60_05-frt-1005_01-sng_00-n_00-n_00-n_00-n_00-n_00-n;1005;0;41714;0;N;554791;558966;1;3042;0;R_PL-PH_1;20140316xSun;01_Plzeň_Chrást;Plzeňský kraj;h00;32;N
02-o2_02-edg_02-vis_03-lau2_07-day_03-60_05-frt-1005_01-sng_00-n_00-n_00-n_00-n_00-n_00-n;1005;0;41717;0;N;554791;558966;1;3042;0;R_PL-PH_1;20140319xWed;01_Plzeň_Chrást;Plzeňský kraj;h00;127;N
02-o2_02-edg_02-vis_03-lau2_07-day_03-60_05-frt-1005_01-sng_00-n_00-n_00-n_00-n_00-n_00-n;1005;0;41715;0;N;554791;558966;1;3042;0;R_PL-PH_1;20140317xMon;01_Plzeň_Chrást;Plzeňský kraj;h00;65;N
02-o2_02-edg_02-vis_03-lau2_07-day_03-60_05-frt-1005_01-sng_00-n_00-n_00-n_00-n_00-n_00-n;1005;0;41712;0;N;554791;558966;1;3042;0;R_PL-PH_1;20140314xFri;01_Plzeň_Chrást;Plzeňský kraj;h00;146;N
02-o2_02-edg_02-vis_03-lau2_07-day_03-60_05-frt-1005_01-sng_00-n_00-n_00-n_00-n_00-n_00-n;1005;0;41718;0;N;554791;558966;1;3042;0;R_PL-PH_1;20140320xThu;01_Plzeň_Chrást;Plzeňský kraj;h00;168;N
02-o2_02-edg_02-vis_03-lau2_07-day_03-60_05-frt-1005_01-sng_00-n_00-n_00-n_00-n_00-n_00-n;1005;0;41719;0;N;554791;558966;1;3042;0;R_PL-PH_1;20140321xFri;01_Plzeň_Chrást;Plzeňský kraj;h00;55;N
02-o2_02-edg_02-vis_03-lau2_07-day_03-60_05-frt-1005_01-sng_00-n_00-n_00-n_00-n_00-n_00-n;1005;0;41713;0;N;554791;558966;1;3042;0;R_PL-PH_1;20140315xSat;01_Plzeň_Chrást;Plzeňský kraj;h00;78;N
02-o2_02-edg_02-vis_03-lau2_07-day_03-60_05-frt-1005_01-sng_00-n_00-n_00-n_00-n_00-n_00-n;1005;0;41711;0;N;554791;558966;1;3042;0;R_PL-PH_1;20140313xThu;01_Plzeň_Chrást;Plzeňský kraj;h00;136;N
02-o2_02-edg_02-vis_03-lau2_07-day_03-60_05-frt-1005_01-sng_00-n_00-n_00-n_00-n_00-n_00-n;1005;0;41716;0;N;554791;558966;1;3042;0;R_PL-PH_1;20140318xTue;01_Plzeň_Chrást;Plzeňský kraj;h00;135;N
02-o2_02-edg_02-vis_03-lau2_07-day_03-60_05-frt-1005_01-sng_00-n_00-n_00-n_00-n_00-n_00-n;1005;0;41722;0;N;554791;558966;1;3042;0;R_PL-PH_1;20140324xMon;01_Plzeň_Chrást;Plzeňský kraj;h00;116;N
02-o2_02-edg_02-vis_03-lau2_07-day_03-60_05-frt-1005_01-sng_00-n_00-n_00-n_00-n_00-n_00-n;1005;0;41723;0;N;554791;558966;1;3042;0;R_PL-PH_1;20140325xTue;01_Plzeň_Chrást;Plzeňský kraj;h00;111;N
02-o2_02-edg_02-vis_03-lau2_07-day_03-60_05-frt-1005_01-sng_00-n_00-n_00-n_00-n_00-n_00-n;1005;0;41721;0;N;554791;558966;1;3042;0;R_PL-PH_1;20140323xSun;01_Plzeň_Chrást;Plzeňský kraj;h00;69;N
02-o2_02-edg_02-vis_03-lau2_07-day_03-60_05-frt-1005_01-sng_00-n_00-n_00-n_00-n_00-n_00-n;1005;0;41724;0;N;554791;558966;1;3042;0;R_PL-PH_1;20140326xWed;01_Plzeň_Chrást;Plzeňský kraj;h00;123;N
02-o2_02-edg_02-vis_03-lau2_07-day_03-60_05-frt-1005_01-sng_00-n_00-n_00-n_00-n_00-n_00-n;1005;0;41711;0;N;554791;554782;1;3042;0;R_PL-PH_1;20140313xThu;01_Plzeň_Praha;Plzeňský kraj;h00;800;N
02-o2_02-edg_02-vis_03-lau2_07-day_03-60_05-frt-1005_01-sng_00-n_00-n_00-n_00-n_00-n_00-n;1005;0;41718;0;N;554791;554782;1;3042;0;R_PL-PH_1;20140320xThu;01_Plzeň_Praha;Plzeňský kraj;h00;772;N
02-o2_02-edg_02-vis_03-lau2_07-day_03-60_05-frt-1005_01-sng_00-n_00-n_00-n_00-n_00-n_00-n;1005;0;41714;0;N;554791;554782;1;3042;0;R_PL-PH_1;20140316xSun;01_Plzeň_Praha;Plzeňský kraj;h00;264;N
02-o2_02-edg_02-vis_03-lau2_07-day_03-60_05-frt-1005_01-sng_00-n_00-n_00-n_00-n_00-n_00-n;1005;0;41713;0;N;554791;554782;1;3042;0;R_PL-PH_1;20140315xSat;01_Plzeň_Praha;Plzeňský kraj;h00;441;N
02-o2_02-edg_02-vis_03-lau2_07-day_03-60_05-frt-1005_01-sng_00-n_00-n_00-n_00-n_00-n_00-n;1005;0;41716;0;N;554791;554782;1;3042;0;R_PL-PH_1;20140318xTue;01_Plzeň_Praha;Plzeňský kraj;h00;892;N
02-o2_02-edg_02-vis_03-lau2_07-day_03-60_05-frt-1005_01-sng_00-n_00-n_00-n_00-n_00-n_00-n;1005;0;41719;0;N;554791;554782;1;3042;0;R_PL-PH_1;20140321xFri;01_Plzeň_Praha;Plzeňský kraj;h00;526;N
02-o2_02-edg_02-vis_03-lau2_07-day_03-60_05-frt-1005_01-sng_00-n_00-n_00-n_00-n_00-n_00-n;1005;0;41715;0;N;554791;554782;1;3042;0;R_PL-PH_1;20140317xMon;01_Plzeň_Praha;Plzeňský kraj;h00;577;N
02-o2_02-edg_02-vis_03-lau2_07-day_03-60_05-frt-1005_01-sng_00-n_00-n_00-n_00-n_00-n_00-n;1005;0;41712;0;N;554791;554782;1;3042;0;R_PL-PH_1;20140314xFri;01_Plzeň_Praha;Plzeňský kraj;h00;623;N
02-o2_02-edg_02-vis_03-lau2_07-day_03-60_05-frt-1005_01-sng_00-n_00-n_00-n_00-n_00-n_00-n;1005;0;41717;0;N;554791;554782;1;3042;0;R_PL-PH_1;20140319xWed;01_Plzeň_Praha;Plzeňský kraj;h00;798;N
02-o2_02-edg_02-vis_03-lau2_07-day_03-60_05-frt-1005_01-sng_00-n_00-n_00-n_00-n_00-n_00-n;1005;0;41710;0;N;554791;554782;1;3042;0;R_PL-PH_1;20140312xWed;01_Plzeň_Praha;Plzeňský kraj;h00;740;N
02-o2_02-edg_02-vis_03-lau2_07-day_03-60_05-frt-1005_01-sng_00-n_00-n_00-n_00-n_00-n_00-n;1005;0;41720;0;N;554791;554782;1;3042;0;R_PL-PH_1;20140322xSat;01_Plzeň_Praha;Plzeňský kraj;h00;374;N
02-o2_02-edg_02-vis_03-lau2_07-day_03-60_05-frt-1005_01-sng_00-n_00-n_00-n_00-n_00-n_00-n;1005;0;41724;0;N;554791;554782;1;3042;0;R_PL-PH_1;20140326xWed;01_Plzeň_Praha;Plzeňský kraj;h00;796;N
02-o2_02-edg_02-vis_03-lau2_07-day_03-60_05-frt-1005_01-sng_00-n_00-n_00-n_00-n_00-n_00-n;1005;0;41722;0;N;554791;554782;1;3042;0;R_PL-PH_1;20140324xMon;01_Plzeň_Praha;Plzeňský kraj;h00;671;N
02-o2_02-edg_02-vis_03-lau2_07-day_03-60_05-frt-1005_01-sng_00-n_00-n_00-n_00-n_00-n_00-n;1005;0;41721;0;N;554791;554782;1;3042;0;R_PL-PH_1;20140323xSun;01_Plzeň_Praha;Plzeňský kraj;h00;309;N
02-o2_02-edg_02-vis_03-lau2_07-day_03-60_05-frt-1005_01-sng_00-n_00-n_00-n_00-n_00-n_00-n;1005;0;41723;0;N;554791;554782;1;3042;0;R_PL-PH_1;20140325xTue;01_Plzeň_Praha;Plzeňský kraj;h00;846;N
02-o2_02-edg_02-vis_03-lau2_07-day_03-60_05-frt-1005_01-sng_00-n_00-n_00-n_00-n_00-n_00-n;1005;0;41714;0;N;554791;532011;1;3042;0;R_PL-PH_1;20140316xSun;01_Plzeň_Zdice;Plzeňský kraj;h00;1;N
02-o2_02-edg_02-vis_03-lau2_07-day_03-60_05-frt-1005_01-sng_00-n_00-n_00-n_00-n_00-n_00-n;1005;0;41718;0;N;554791;532011;1;3042;0;R_PL-PH_1;20140320xThu;01_Plzeň_Zdice;Plzeňský kraj;h00;14;N
02-o2_02-edg_02-vis_03-lau2_07-day_03-60_05-frt-1005_01-sng_00-n_00-n_00-n_00-n_00-n_00-n;1005;0;41715;0;N;554791;532011;1;3042;0;R_PL-PH_1;20140317xMon;01_Plzeň_Zdice;Plzeňský kraj;h00;10;N
02-o2_02-edg_02-vis_03-lau2_07-day_03-60_05-frt-1005_01-sng_00-n_00-n_00-n_00-n_00-n_00-n;1005;0;41717;0;N;554791;532011;1;3042;0;R_PL-PH_1;20140319xWed;01_Plzeň_Zdice;Plzeňský kraj;h00;15;N
02-o2_02-edg_02-vis_03-lau2_07-day_03-60_05-frt-1005_01-sng_00-n_00-n_00-n_00-n_00-n_00-n;1005;0;41719;0;N;554791;532011;1;3042;0;R_PL-PH_1;20140321xFri;01_Plzeň_Zdice;Plzeňský kraj;h00;7;N
02-o2_02-edg_02-vis_03-lau2_07-day_03-60_05-frt-1005_01-sng_00-n_00-n_00-n_00-n_00-n_00-n;1005;0;41710;0;N;554791;532011;1;3042;0;R_PL-PH_1;20140312xWed;01_Plzeň_Zdice;Plzeňský kraj;h00;12;N
02-o2_02-edg_02-vis_03-lau2_07-day_03-60_05-frt-1005_01-sng_00-n_00-n_00-n_00-n_00-n_00-n;1005;0;41712;0;N;554791;532011;1;3042;0;R_PL-PH_1;20140314xFri;01_Plzeň_Zdice;Plzeňský kraj;h00;7;N
02-o2_02-edg_02-vis_03-lau2_07-day_03-60_05-frt-1005_01-sng_00-n_00-n_00-n_00-n_00-n_00-n;1005;0;41720;0;N;554791;532011;1;3042;0;R_PL-PH_1;20140322xSat;01_Plzeň_Zdice;Plzeňský kraj;h00;6;N
02-o2_02-edg_02-vis_03-lau2_07-day_03-60_05-frt-1005_01-sng_00-n_00-n_00-n_00-n_00-n_00-n;1005;0;41716;0;N;554791;532011;1;3042;0;R_PL-PH_1;20140318xTue;01_Plzeň_Zdice;Plzeňský kraj;h00;15;N
02-o2_02-edg_02-vis_03-lau2_07-day_03-60_05-frt-1005_01-sng_00-n_00-n_00-n_00-n_00-n_00-n;1005;0;41711;0;N;554791;532011;1;3042;0;R_PL-PH_1;20140313xThu;01_Plzeň_Zdice;Plzeňský kraj;h00;14;N
02-o2_02-edg_02-vis_03-lau2_07-day_03-60_05-frt-1005_01-sng_00-n_00-n_00-n_00-n_00-n_00-n;1005;0;41723;0;N;554791;532011;1;3042;0;R_PL-PH_1;20140325xTue;01_Plzeň_Zdice;Plzeňský kraj;h00;15;N
02-o2_02-edg_02-vis_03-lau2_07-day_03-60_05-frt-1005_01-sng_00-n_00-n_00-n_00-n_00-n_00-n;1005;0;41724;0;N;554791;532011;1;3042;0;R_PL-PH_1;20140326xWed;01_Plzeň_Zdice;Plzeňský kraj;h00;12;N
02-o2_02-edg_02-vis_03-lau2_07-day_03-60_05-frt-1005_01-sng_00-n_00-n_00-n_00-n_00-n_00-n;1005;0;41722;0;N;554791;532011;1;3042;0;R_PL-PH_1;20140324xMon;01_Plzeň_Zdice;Plzeňský kraj;h00;16;N
02-o2_02-edg_02-vis_03-lau2_07-day_03-60_05-frt-1005_01-sng_00-n_00-n_00-n_00-n_00-n_00-n;1005;0;41721;0;N;554791;532011;1;3042;0;R_PL-PH_1;20140323xSun;01_Plzeň_Zdice;Plzeňský kraj;h00;3;N
02-o2_02-edg_02-vis_03-lau2_07-day_03-60_05-frt-1005_01-sng_00-n_00-n_00-n_00-n_00-n_00-n;1005;0;41710;0;N;554791;531189;1;3042;0;R_PL-PH_1;20140312xWed;01_Plzeň_Hořovice;Plzeňský kraj;h00;12;N
02-o2_02-edg_02-vis_03-lau2_07-day_03-60_05-frt-1005_01-sng_00-n_00-n_00-n_00-n_00-n_00-n;1005;0;41715;0;N;554791;531189;1;3042;0;R_PL-PH_1;20140317xMon;01_Plzeň_Hořovice;Plzeňský kraj;h00;6;N
02-o2_02-edg_02-vis_03-lau2_07-day_03-60_05-frt-1005_01-sng_00-n_00-n_00-n_00-n_00-n_00-n;1005;0;41711;0;N;554791;531189;1;3042;0;R_PL-PH_1;20140313xThu;01_Plzeň_Hořovice;Plzeňský kraj;h00;12;N
02-o2_02-edg_02-vis_03-lau2_07-day_03-60_05-frt-1005_01-sng_00-n_00-n_00-n_00-n_00-n_00-n;1005;0;41713;0;N;554791;531189;1;3042;0;R_PL-PH_1;20140315xSat;01_Plzeň_Hořovice;Plzeňský kraj;h00;4;N
02-o2_02-edg_02-vis_03-lau2_07-day_03-60_05-frt-1005_01-sng_00-n_00-n_00-n_00-n_00-n_00-n;1005;0;41720;0;N;554791;531189;1;3042;0;R_PL-PH_1;20140322xSat;01_Plzeň_Hořovice;Plzeňský kraj;h00;8;N
02-o2_02-edg_02-vis_03-lau2_07-day_03-60_05-frt-1005_01-sng_00-n_00-n_00-n_00-n_00-n_00-n;1005;0;41716;0;N;554791;531189;1;3042;0;R_PL-PH_1;20140318xTue;01_Plzeň_Hořovice;Plzeňský kraj;h00;15;N
02-o2_02-edg_02-vis_03-lau2_07-day_03-60_05-frt-1005_01-sng_00-n_00-n_00-n_00-n_00-n_00-n;1005;0;41714;0;N;554791;531189;1;3042;0;R_PL-PH_1;20140316xSun;01_Plzeň_Hořovice;Plzeňský kraj;h00;2;N
02-o2_02-edg_02-vis_03-lau2_07-day_03-60_05-frt-1005_01-sng_00-n_00-n_00-n_00-n_00-n_00-n;1005;0;41717;0;N;554791;531189;1;3042;0;R_PL-PH_1;20140319xWed;01_Plzeň_Hořovice;Plzeňský kraj;h00;15;N
02-o2_02-edg_02-vis_03-lau2_07-day_03-60_05-frt-1005_01-sng_00-n_00-n_00-n_00-n_00-n_00-n;1005;0;41719;0;N;554791;531189;1;3042;0;R_PL-PH_1;20140321xFri;01_Plzeň_Hořovice;Plzeňský kraj;h00;2;N
02-o2_02-edg_02-vis_03-lau2_07-day_03-60_05-frt-1005_01-sng_00-n_00-n_00-n_00-n_00-n_00-n;1005;0;41718;0;N;554791;531189;1;3042;0;R_PL-PH_1;20140320xThu;01_Plzeň_Hořovice;Plzeňský kraj;h00;15;N
02-o2_02-edg_02-vis_03-lau2_07-day_03-60_05-frt-1005_01-sng_00-n_00-n_00-n_00-n_00-n_00-n;1005;0;41712;0;N;554791;531189;1;3042;0;R_PL-PH_1;20140314xFri;01_Plzeň_Hořovice;Plzeňský kraj;h00;9;N
02-o2_02-edg_02-vis_03-lau2_07-day_03-60_05-frt-1005_01-sng_00-n_00-n_00-n_00-n_00-n_00-n;1005;0;41721;0;N;554791;531189;1;3042;0;R_PL-PH_1;20140323xSun;01_Plzeň_Hořovice;Plzeňský kraj;h00;4;N
02-o2_02-edg_02-vis_03-lau2_07-day_03-60_05-frt-1005_01-sng_00-n_00-n_00-n_00-n_00-n_00-n;1005;0;41723;0;N;554791;531189;1;3042;0;R_PL-PH_1;20140325xTue;01_Plzeň_Hořovice;Plzeňský kraj;h00;8;N
02-o2_02-edg_02-vis_03-lau2_07-day_03-60_05-frt-1005_01-sng_00-n_00-n_00-n_00-n_00-n_00-n;1005;0;41722;0;N;554791;531189;1;3042;0;R_PL-PH_1;20140324xMon;01_Plzeň_Hořovice;Plzeňský kraj;h00;9;N
02-o2_02-edg_02-vis_03-lau2_07-day_03-60_05-frt-1005_01-sng_00-n_00-n_00-n_00-n_00-n_00-n;1005;0;41724;0;N;554791;531189;1;3042;0;R_PL-PH_1;20140326xWed;01_Plzeň_Hořovice;Plzeňský kraj;h00;14;N
02-o2_02-edg_02-vis_03-lau2_07-day_03-60_05-frt-1005_01-sng_00-n_00-n_00-n_00-n_00-n_00-n;1005;0;41711;0;N;554791;531057;1;3042;0;R_PL-PH_1;20140313xThu;01_Plzeň_Beroun;Plzeňský kraj;h00;149;N
02-o2_02-edg_02-vis_03-lau2_07-day_03-60_05-frt-1005_01-sng_00-n_00-n_00-n_00-n_00-n_00-n;1005;0;41718;0;N;554791;531057;1;3042;0;R_PL-PH_1;20140320xThu;01_Plzeň_Beroun;Plzeňský kraj;h00;78;N
02-o2_02-edg_02-vis_03-lau2_07-day_03-60_05-frt-1005_01-sng_00-n_00-n_00-n_00-n_00-n_00-n;1005;0;41715;0;N;554791;531057;1;3042;0;R_PL-PH_1;20140317xMon;01_Plzeň_Beroun;Plzeňský kraj;h00;65;N
02-o2_02-edg_02-vis_03-lau2_07-day_03-60_05-frt-1005_01-sng_00-n_00-n_00-n_00-n_00-n_00-n;1005;0;41720;0;N;554791;531057;1;3042;0;R_PL-PH_1;20140322xSat;01_Plzeň_Beroun;Plzeňský kraj;h00;65;N
02-o2_02-edg_02-vis_03-lau2_07-day_03-60_05-frt-1005_01-sng_00-n_00-n_00-n_00-n_00-n_00-n;1005;0;41710;0;N;554791;531057;1;3042;0;R_PL-PH_1;20140312xWed;01_Plzeň_Beroun;Plzeňský kraj;h00;146;N
02-o2_02-edg_02-vis_03-lau2_07-day_03-60_05-frt-1005_01-sng_00-n_00-n_00-n_00-n_00-n_00-n;1005;0;41712;0;N;554791;531057;1;3042;0;R_PL-PH_1;20140314xFri;01_Plzeň_Beroun;Plzeňský kraj;h00;74;N
02-o2_02-edg_02-vis_03-lau2_07-day_03-60_05-frt-1005_01-sng_00-n_00-n_00-n_00-n_00-n_00-n;1005;0;41714;0;N;554791;531057;1;3042;0;R_PL-PH_1;20140316xSun;01_Plzeň_Beroun;Plzeňský kraj;h00;35;N
02-o2_02-edg_02-vis_03-lau2_07-day_03-60_05-frt-1005_01-sng_00-n_00-n_00-n_00-n_00-n_00-n;1005;0;41717;0;N;554791;531057;1;3042;0;R_PL-PH_1;20140319xWed;01_Plzeň_Beroun;Plzeňský kraj;h00;72;N
02-o2_02-edg_02-vis_03-lau2_07-day_03-60_05-frt-1005_01-sng_00-n_00-n_00-n_00-n_00-n_00-n;1005;0;41719;0;N;554791;531057;1;3042;0;R_PL-PH_1;20140321xFri;01_Plzeň_Beroun;Plzeňský kraj;h00;94;N
02-o2_02-edg_02-vis_03-lau2_07-day_03-60_05-frt-1005_01-sng_00-n_00-n_00-n_00-n_00-n_00-n;1005;0;41713;0;N;554791;531057;1;3042;0;R_PL-PH_1;20140315xSat;01_Plzeň_Beroun;Plzeňský kraj;h00;61;N
02-o2_02-edg_02-vis_03-lau2_07-day_03-60_05-frt-1005_01-sng_00-n_00-n_00-n_00-n_00-n_00-n;1005;0;41716;0;N;554791;531057;1;3042;0;R_PL-PH_1;20140318xTue;01_Plzeň_Beroun;Plzeňský kraj;h00;77;N
02-o2_02-edg_02-vis_03-lau2_07-day_03-60_05-frt-1005_01-sng_00-n_00-n_00-n_00-n_00-n_00-n;1005;0;41722;0;N;554791;531057;1;3042;0;R_PL-PH_1;20140324xMon;01_Plzeň_Beroun;Plzeňský kraj;h00;70;N
02-o2_02-edg_02-vis_03-lau2_07-day_03-60_05-frt-1005_01-sng_00-n_00-n_00-n_00-n_00-n_00-n;1005;0;41723;0;N;554791;531057;1;3042;0;R_PL-PH_1;20140325xTue;01_Plzeň_Beroun;Plzeňský kraj;h00;90;N
02-o2_02-edg_02-vis_03-lau2_07-day_03-60_05-frt-1005_01-sng_00-n_00-n_00-n_00-n_00-n_00-n;1005;0;41721;0;N;554791;531057;1;3042;0;R_PL-PH_1;20140323xSun;01_Plzeň_Beroun;Plzeňský kraj;h00;68;N
02-o2_02-edg_02-vis_03-lau2_07-day_03-60_05-frt-1005_01-sng_00-n_00-n_00-n_00-n_00-n_00-n;1005;0;41724;0;N;554791;531057;1;3042;0;R_PL-PH_1;20140326xWed;01_Plzeň_Beroun;Plzeňský kraj;h00;87;N
02-o2_02-edg_02-vis_03-lau2_07-day_03-60_05-frt-1005_01-sng_00-n_00-n_00-n_00-n_00-n_00-n;1005;0;41714;0;N;532011;554782;6;3026;0;R_PL-PH_1;20140316xSun;06_Zdice_Praha;Středočeský kraj;h00;12;N
02-o2_02-edg_02-vis_03-lau2_07-day_03-60_05-frt-1005_01-sng_00-n_00-n_00-n_00-n_00-n_00-n;1005;0;41711;0;N;532011;554782;6;3026;0;R_PL-PH_1;20140313xThu;06_Zdice_Praha;Středočeský kraj;h00;52;N
02-o2_02-edg_02-vis_03-lau2_07-day_03-60_05-frt-1005_01-sng_00-n_00-n_00-n_00-n_00-n_00-n;1005;0;41717;0;N;532011;554782;6;3026;0;R_PL-PH_1;20140319xWed;06_Zdice_Praha;Středočeský kraj;h00;77;N
02-o2_02-edg_02-vis_03-lau2_07-day_03-60_05-frt-1005_01-sng_00-n_00-n_00-n_00-n_00-n_00-n;1005;0;41715;0;N;532011;554782;6;3026;0;R_PL-PH_1;20140317xMon;06_Zdice_Praha;Středočeský kraj;h00;53;N
02-o2_02-edg_02-vis_03-lau2_07-day_03-60_05-frt-1005_01-sng_00-n_00-n_00-n_00-n_00-n_00-n;1005;0;41720;0;N;532011;554782;6;3026;0;R_PL-PH_1;20140322xSat;06_Zdice_Praha;Středočeský kraj;h00;20;N
02-o2_02-edg_02-vis_03-lau2_07-day_03-60_05-frt-1005_01-sng_00-n_00-n_00-n_00-n_00-n_00-n;1005;0;41713;0;N;532011;554782;6;3026;0;R_PL-PH_1;20140315xSat;06_Zdice_Praha;Středočeský kraj;h00;46;N
02-o2_02-edg_02-vis_03-lau2_07-day_03-60_05-frt-1005_01-sng_00-n_00-n_00-n_00-n_00-n_00-n;1005;0;41719;0;N;532011;554782;6;3026;0;R_PL-PH_1;20140321xFri;06_Zdice_Praha;Středočeský kraj;h00;29;N
02-o2_02-edg_02-vis_03-lau2_07-day_03-60_05-frt-1005_01-sng_00-n_00-n_00-n_00-n_00-n_00-n;1005;0;41716;0;N;532011;554782;6;3026;0;R_PL-PH_1;20140318xTue;06_Zdice_Praha;Středočeský kraj;h00;65;N
02-o2_02-edg_02-vis_03-lau2_07-day_03-60_05-frt-1005_01-sng_00-n_00-n_00-n_00-n_00-n_00-n;1005;0;41718;0;N;532011;554782;6;3026;0;R_PL-PH_1;20140320xThu;06_Zdice_Praha;Středočeský kraj;h00;126;N
02-o2_02-edg_02-vis_03-lau2_07-day_03-60_05-frt-1005_01-sng_00-n_00-n_00-n_00-n_00-n_00-n;1005;0;41710;0;N;532011;554782;6;3026;0;R_PL-PH_1;20140312xWed;06_Zdice_Praha;Středočeský kraj;h00;55;N
02-o2_02-edg_02-vis_03-lau2_07-day_03-60_05-frt-1005_01-sng_00-n_00-n_00-n_00-n_00-n_00-n;1005;0;41712;0;N;532011;554782;6;3026;0;R_PL-PH_1;20140314xFri;06_Zdice_Praha;Středočeský kraj;h00;104;N
02-o2_02-edg_02-vis_03-lau2_07-day_03-60_05-frt-1005_01-sng_00-n_00-n_00-n_00-n_00-n_00-n;1005;0;41724;0;N;532011;554782;6;3026;0;R_PL-PH_1;20140326xWed;06_Zdice_Praha;Středočeský kraj;h00;94;N
02-o2_02-edg_02-vis_03-lau2_07-day_03-60_05-frt-1005_01-sng_00-n_00-n_00-n_00-n_00-n_00-n;1005;0;41722;0;N;532011;554782;6;3026;0;R_PL-PH_1;20140324xMon;06_Zdice_Praha;Středočeský kraj;h00;49;N
02-o2_02-edg_02-vis_03-lau2_07-day_03-60_05-frt-1005_01-sng_00-n_00-n_00-n_00-n_00-n_00-n;1005;0;41723;0;N;532011;554782;6;3026;0;R_PL-PH_1;20140325xTue;06_Zdice_Praha;Středočeský kraj;h00;59;N
02-o2_02-edg_02-vis_03-lau2_07-day_03-60_05-frt-1005_01-sng_00-n_00-n_00-n_00-n_00-n_00-n;1005;0;41721;0;N;532011;554782;6;3026;0;R_PL-PH_1;20140323xSun;06_Zdice_Praha;Středočeský kraj;h00;41;N
02-o2_02-edg_02-vis_03-lau2_07-day_03-60_05-frt-1005_01-sng_00-n_00-n_00-n_00-n_00-n_00-n;1005;0;41716;0;N;532011;531057;6;3026;0;R_PL-PH_1;20140318xTue;06_Zdice_Beroun;Středočeský kraj;h00;157;N
02-o2_02-edg_02-vis_03-lau2_07-day_03-60_05-frt-1005_01-sng_00-n_00-n_00-n_00-n_00-n_00-n;1005;0;41712;0;N;532011;531057;6;3026;0;R_PL-PH_1;20140314xFri;06_Zdice_Beroun;Středočeský kraj;h00;231;N
02-o2_02-edg_02-vis_03-lau2_07-day_03-60_05-frt-1005_01-sng_00-n_00-n_00-n_00-n_00-n_00-n;1005;0;41719;0;N;532011;531057;6;3026;0;R_PL-PH_1;20140321xFri;06_Zdice_Beroun;Středočeský kraj;h00;61;N
02-o2_02-edg_02-vis_03-lau2_07-day_03-60_05-frt-1005_01-sng_00-n_00-n_00-n_00-n_00-n_00-n;1005;0;41711;0;N;532011;531057;6;3026;0;R_PL-PH_1;20140313xThu;06_Zdice_Beroun;Středočeský kraj;h00;135;N
02-o2_02-edg_02-vis_03-lau2_07-day_03-60_05-frt-1005_01-sng_00-n_00-n_00-n_00-n_00-n_00-n;1005;0;41718;0;N;532011;531057;6;3026;0;R_PL-PH_1;20140320xThu;06_Zdice_Beroun;Středočeský kraj;h00;246;N
02-o2_02-edg_02-vis_03-lau2_07-day_03-60_05-frt-1005_01-sng_00-n_00-n_00-n_00-n_00-n_00-n;1005;0;41713;0;N;532011;531057;6;3026;0;R_PL-PH_1;20140315xSat;06_Zdice_Beroun;Středočeský kraj;h00;89;N
02-o2_02-edg_02-vis_03-lau2_07-day_03-60_05-frt-1005_01-sng_00-n_00-n_00-n_00-n_00-n_00-n;1005;0;41720;0;N;532011;531057;6;3026;0;R_PL-PH_1;20140322xSat;06_Zdice_Beroun;Středočeský kraj;h00;36;N
02-o2_02-edg_02-vis_03-lau2_07-day_03-60_05-frt-1005_01-sng_00-n_00-n_00-n_00-n_00-n_00-n;1005;0;41715;0;N;532011;531057;6;3026;0;R_PL-PH_1;20140317xMon;06_Zdice_Beroun;Středočeský kraj;h00;93;N
02-o2_02-edg_02-vis_03-lau2_07-day_03-60_05-frt-1005_01-sng_00-n_00-n_00-n_00-n_00-n_00-n;1005;0;41717;0;N;532011;531057;6;3026;0;R_PL-PH_1;20140319xWed;06_Zdice_Beroun;Středočeský kraj;h00;207;N
02-o2_02-edg_02-vis_03-lau2_07-day_03-60_05-frt-1005_01-sng_00-n_00-n_00-n_00-n_00-n_00-n;1005;0;41710;0;N;532011;531057;6;3026;0;R_PL-PH_1;20140312xWed;06_Zdice_Beroun;Středočeský kraj;h00;149;N
02-o2_02-edg_02-vis_03-lau2_07-day_03-60_05-frt-1005_01-sng_00-n_00-n_00-n_00-n_00-n_00-n;1005;0;41714;0;N;532011;531057;6;3026;0;R_PL-PH_1;20140316xSun;06_Zdice_Beroun;Středočeský kraj;h00;20;N
02-o2_02-edg_02-vis_03-lau2_07-day_03-60_05-frt-1005_01-sng_00-n_00-n_00-n_00-n_00-n_00-n;1005;0;41721;0;N;532011;531057;6;3026;0;R_PL-PH_1;20140323xSun;06_Zdice_Beroun;Středočeský kraj;h00;77;N
02-o2_02-edg_02-vis_03-lau2_07-day_03-60_05-frt-1005_01-sng_00-n_00-n_00-n_00-n_00-n_00-n;1005;0;41723;0;N;532011;531057;6;3026;0;R_PL-PH_1;20140325xTue;06_Zdice_Beroun;Středočeský kraj;h00;145;N
02-o2_02-edg_02-vis_03-lau2_07-day_03-60_05-frt-1005_01-sng_00-n_00-n_00-n_00-n_00-n_00-n;1005;0;41724;0;N;532011;531057;6;3026;0;R_PL-PH_1;20140326xWed;06_Zdice_Beroun;Středočeský kraj;h00;214;N
02-o2_02-edg_02-vis_03-lau2_07-day_03-60_05-frt-1005_01-sng_00-n_00-n_00-n_00-n_00-n_00-n;1005;0;41722;0;N;532011;531057;6;3026;0;R_PL-PH_1;20140324xMon;06_Zdice_Beroun;Středočeský kraj;h00;134;N
02-o2_02-edg_02-vis_03-lau2_07-day_03-60_05-frt-1005_01-sng_00-n_00-n_00-n_00-n_00-n_00-n;1005;0;41713;0;N;531189;554782;5;3026;0;R_PL-PH_1;20140315xSat;05_Hořovice_Praha;Středočeský kraj;h00;38;N
02-o2_02-edg_02-vis_03-lau2_07-day_03-60_05-frt-1005_01-sng_00-n_00-n_00-n_00-n_00-n_00-n;1005;0;41717;0;N;531189;554782;5;3026;0;R_PL-PH_1;20140319xWed;05_Hořovice_Praha;Středočeský kraj;h00;62;N
02-o2_02-edg_02-vis_03-lau2_07-day_03-60_05-frt-1005_01-sng_00-n_00-n_00-n_00-n_00-n_00-n;1005;0;41716;0;N;531189;554782;5;3026;0;R_PL-PH_1;20140318xTue;05_Hořovice_Praha;Středočeský kraj;h00;57;N
02-o2_02-edg_02-vis_03-lau2_07-day_03-60_05-frt-1005_01-sng_00-n_00-n_00-n_00-n_00-n_00-n;1005;0;41711;0;N;531189;554782;5;3026;0;R_PL-PH_1;20140313xThu;05_Hořovice_Praha;Středočeský kraj;h00;68;N
02-o2_02-edg_02-vis_03-lau2_07-day_03-60_05-frt-1005_01-sng_00-n_00-n_00-n_00-n_00-n_00-n;1005;0;41718;0;N;531189;554782;5;3026;0;R_PL-PH_1;20140320xThu;05_Hořovice_Praha;Středočeský kraj;h00;55;N
02-o2_02-edg_02-vis_03-lau2_07-day_03-60_05-frt-1005_01-sng_00-n_00-n_00-n_00-n_00-n_00-n;1005;0;41720;0;N;531189;554782;5;3026;0;R_PL-PH_1;20140322xSat;05_Hořovice_Praha;Středočeský kraj;h00;19;N
02-o2_02-edg_02-vis_03-lau2_07-day_03-60_05-frt-1005_01-sng_00-n_00-n_00-n_00-n_00-n_00-n;1005;0;41714;0;N;531189;554782;5;3026;0;R_PL-PH_1;20140316xSun;05_Hořovice_Praha;Středočeský kraj;h00;17;N
02-o2_02-edg_02-vis_03-lau2_07-day_03-60_05-frt-1005_01-sng_00-n_00-n_00-n_00-n_00-n_00-n;1005;0;41715;0;N;531189;554782;5;3026;0;R_PL-PH_1;20140317xMon;05_Hořovice_Praha;Středočeský kraj;h00;20;N
02-o2_02-edg_02-vis_03-lau2_07-day_03-60_05-frt-1005_01-sng_00-n_00-n_00-n_00-n_00-n_00-n;1005;0;41719;0;N;531189;554782;5;3026;0;R_PL-PH_1;20140321xFri;05_Hořovice_Praha;Středočeský kraj;h00;29;N
02-o2_02-edg_02-vis_03-lau2_07-day_03-60_05-frt-1005_01-sng_00-n_00-n_00-n_00-n_00-n_00-n;1005;0;41712;0;N;531189;554782;5;3026;0;R_PL-PH_1;20140314xFri;05_Hořovice_Praha;Středočeský kraj;h00;66;N
02-o2_02-edg_02-vis_03-lau2_07-day_03-60_05-frt-1005_01-sng_00-n_00-n_00-n_00-n_00-n_00-n;1005;0;41710;0;N;531189;554782;5;3026;0;R_PL-PH_1;20140312xWed;05_Hořovice_Praha;Středočeský kraj;h00;39;N
02-o2_02-edg_02-vis_03-lau2_07-day_03-60_05-frt-1005_01-sng_00-n_00-n_00-n_00-n_00-n_00-n;1005;0;41723;0;N;531189;554782;5;3026;0;R_PL-PH_1;20140325xTue;05_Hořovice_Praha;Středočeský kraj;h00;35;N
02-o2_02-edg_02-vis_03-lau2_07-day_03-60_05-frt-1005_01-sng_00-n_00-n_00-n_00-n_00-n_00-n;1005;0;41722;0;N;531189;554782;5;3026;0;R_PL-PH_1;20140324xMon;05_Hořovice_Praha;Středočeský kraj;h00;62;N
02-o2_02-edg_02-vis_03-lau2_07-day_03-60_05-frt-1005_01-sng_00-n_00-n_00-n_00-n_00-n_00-n;1005;0;41721;0;N;531189;554782;5;3026;0;R_PL-PH_1;20140323xSun;05_Hořovice_Praha;Středočeský kraj;h00;34;N
02-o2_02-edg_02-vis_03-lau2_07-day_03-60_05-frt-1005_01-sng_00-n_00-n_00-n_00-n_00-n_00-n;1005;0;41724;0;N;531189;554782;5;3026;0;R_PL-PH_1;20140326xWed;05_Hořovice_Praha;Středočeský kraj;h00;45;N
02-o2_02-edg_02-vis_03-lau2_07-day_03-60_05-frt-1005_01-sng_00-n_00-n_00-n_00-n_00-n_00-n;1005;0;41720;0;N;531189;532011;5;3026;0;R_PL-PH_1;20140322xSat;05_Hořovice_Zdice;Středočeský kraj;h00;6;N
02-o2_02-edg_02-vis_03-lau2_07-day_03-60_05-frt-1005_01-sng_00-n_00-n_00-n_00-n_00-n_00-n;1005;0;41717;0;N;531189;532011;5;3026;0;R_PL-PH_1;20140319xWed;05_Hořovice_Zdice;Středočeský kraj;h00;44;N
02-o2_02-edg_02-vis_03-lau2_07-day_03-60_05-frt-1005_01-sng_00-n_00-n_00-n_00-n_00-n_00-n;1005;0;41712;0;N;531189;532011;5;3026;0;R_PL-PH_1;20140314xFri;05_Hořovice_Zdice;Středočeský kraj;h00;31;N
02-o2_02-edg_02-vis_03-lau2_07-day_03-60_05-frt-1005_01-sng_00-n_00-n_00-n_00-n_00-n_00-n;1005;0;41719;0;N;531189;532011;5;3026;0;R_PL-PH_1;20140321xFri;05_Hořovice_Zdice;Středočeský kraj;h00;22;N
02-o2_02-edg_02-vis_03-lau2_07-day_03-60_05-frt-1005_01-sng_00-n_00-n_00-n_00-n_00-n_00-n;1005;0;41716;0;N;531189;532011;5;3026;0;R_PL-PH_1;20140318xTue;05_Hořovice_Zdice;Středočeský kraj;h00;28;N
02-o2_02-edg_02-vis_03-lau2_07-day_03-60_05-frt-1005_01-sng_00-n_00-n_00-n_00-n_00-n_00-n;1005;0;41711;0;N;531189;532011;5;3026;0;R_PL-PH_1;20140313xThu;05_Hořovice_Zdice;Středočeský kraj;h00;50;N
02-o2_02-edg_02-vis_03-lau2_07-day_03-60_05-frt-1005_01-sng_00-n_00-n_00-n_00-n_00-n_00-n;1005;0;41710;0;N;531189;532011;5;3026;0;R_PL-PH_1;20140312xWed;05_Hořovice_Zdice;Středočeský kraj;h00;28;N
02-o2_02-edg_02-vis_03-lau2_07-day_03-60_05-frt-1005_01-sng_00-n_00-n_00-n_00-n_00-n_00-n;1005;0;41713;0;N;531189;532011;5;3026;0;R_PL-PH_1;20140315xSat;05_Hořovice_Zdice;Středočeský kraj;h00;11;N
02-o2_02-edg_02-vis_03-lau2_07-day_03-60_05-frt-1005_01-sng_00-n_00-n_00-n_00-n_00-n_00-n;1005;0;41714;0;N;531189;532011;5;3026;0;R_PL-PH_1;20140316xSun;05_Hořovice_Zdice;Středočeský kraj;h00;11;N
02-o2_02-edg_02-vis_03-lau2_07-day_03-60_05-frt-1005_01-sng_00-n_00-n_00-n_00-n_00-n_00-n;1005;0;41718;0;N;531189;532011;5;3026;0;R_PL-PH_1;20140320xThu;05_Hořovice_Zdice;Středočeský kraj;h00;42;N
02-o2_02-edg_02-vis_03-lau2_07-day_03-60_05-frt-1005_01-sng_00-n_00-n_00-n_00-n_00-n_00-n;1005;0;41715;0;N;531189;532011;5;3026;0;R_PL-PH_1;20140317xMon;05_Hořovice_Zdice;Středočeský kraj;h00;19;N
02-o2_02-edg_02-vis_03-lau2_07-day_03-60_05-frt-1005_01-sng_00-n_00-n_00-n_00-n_00-n_00-n;1005;0;41724;0;N;531189;532011;5;3026;0;R_PL-PH_1;20140326xWed;05_Hořovice_Zdice;Středočeský kraj;h00;22;N
02-o2_02-edg_02-vis_03-lau2_07-day_03-60_05-frt-1005_01-sng_00-n_00-n_00-n_00-n_00-n_00-n;1005;0;41723;0;N;531189;532011;5;3026;0;R_PL-PH_1;20140325xTue;05_Hořovice_Zdice;Středočeský kraj;h00;34;N
02-o2_02-edg_02-vis_03-lau2_07-day_03-60_05-frt-1005_01-sng_00-n_00-n_00-n_00-n_00-n_00-n;1005;0;41721;0;N;531189;532011;5;3026;0;R_PL-PH_1;20140323xSun;05_Hořovice_Zdice;Středočeský kraj;h00;9;N
02-o2_02-edg_02-vis_03-lau2_07-day_03-60_05-frt-1005_01-sng_00-n_00-n_00-n_00-n_00-n_00-n;1005;0;41722;0;N;531189;532011;5;3026;0;R_PL-PH_1;20140324xMon;05_Hořovice_Zdice;Středočeský kraj;h00;38;N
02-o2_02-edg_02-vis_03-lau2_07-day_03-60_05-frt-1005_01-sng_00-n_00-n_00-n_00-n_00-n_00-n;1005;0;41713;0;N;531189;531057;5;3026;0;R_PL-PH_1;20140315xSat;05_Hořovice_Beroun;Středočeský kraj;h00;27;N
02-o2_02-edg_02-vis_03-lau2_07-day_03-60_05-frt-1005_01-sng_00-n_00-n_00-n_00-n_00-n_00-n;1005;0;41710;0;N;531189;531057;5;3026;0;R_PL-PH_1;20140312xWed;05_Hořovice_Beroun;Středočeský kraj;h00;63;N
02-o2_02-edg_02-vis_03-lau2_07-day_03-60_05-frt-1005_01-sng_00-n_00-n_00-n_00-n_00-n_00-n;1005;0;41711;0;N;531189;531057;5;3026;0;R_PL-PH_1;20140313xThu;05_Hořovice_Beroun;Středočeský kraj;h00;95;N
02-o2_02-edg_02-vis_03-lau2_07-day_03-60_05-frt-1005_01-sng_00-n_00-n_00-n_00-n_00-n_00-n;1005;0;41715;0;N;531189;531057;5;3026;0;R_PL-PH_1;20140317xMon;05_Hořovice_Beroun;Středočeský kraj;h00;25;N
02-o2_02-edg_02-vis_03-lau2_07-day_03-60_05-frt-1005_01-sng_00-n_00-n_00-n_00-n_00-n_00-n;1005;0;41716;0;N;531189;531057;5;3026;0;R_PL-PH_1;20140318xTue;05_Hořovice_Beroun;Středočeský kraj;h00;62;N
02-o2_02-edg_02-vis_03-lau2_07-day_03-60_05-frt-1005_01-sng_00-n_00-n_00-n_00-n_00-n_00-n;1005;0;41721;0;N;531189;531057;5;3026;0;R_PL-PH_1;20140323xSun;05_Hořovice_Beroun;Středočeský kraj;h00;14;N
02-o2_02-edg_02-vis_03-lau2_07-day_03-60_05-frt-1005_01-sng_00-n_00-n_00-n_00-n_00-n_00-n;1005;0;41717;0;N;531189;531057;5;3026;0;R_PL-PH_1;20140319xWed;05_Hořovice_Beroun;Středočeský kraj;h00;77;N
02-o2_02-edg_02-vis_03-lau2_07-day_03-60_05-frt-1005_01-sng_00-n_00-n_00-n_00-n_00-n_00-n;1005;0;41720;0;N;531189;531057;5;3026;0;R_PL-PH_1;20140322xSat;05_Hořovice_Beroun;Středočeský kraj;h00;20;N
02-o2_02-edg_02-vis_03-lau2_07-day_03-60_05-frt-1005_01-sng_00-n_00-n_00-n_00-n_00-n_00-n;1005;0;41719;0;N;531189;531057;5;3026;0;R_PL-PH_1;20140321xFri;05_Hořovice_Beroun;Středočeský kraj;h00;39;N
02-o2_02-edg_02-vis_03-lau2_07-day_03-60_05-frt-1005_01-sng_00-n_00-n_00-n_00-n_00-n_00-n;1005;0;41712;0;N;531189;531057;5;3026;0;R_PL-PH_1;20140314xFri;05_Hořovice_Beroun;Středočeský kraj;h00;71;N
02-o2_02-edg_02-vis_03-lau2_07-day_03-60_05-frt-1005_01-sng_00-n_00-n_00-n_00-n_00-n_00-n;1005;0;41714;0;N;531189;531057;5;3026;0;R_PL-PH_1;20140316xSun;05_Hořovice_Beroun;Středočeský kraj;h00;17;N
02-o2_02-edg_02-vis_03-lau2_07-day_03-60_05-frt-1005_01-sng_00-n_00-n_00-n_00-n_00-n_00-n;1005;0;41718;0;N;531189;531057;5;3026;0;R_PL-PH_1;20140320xThu;05_Hořovice_Beroun;Středočeský kraj;h00;71;N
02-o2_02-edg_02-vis_03-lau2_07-day_03-60_05-frt-1005_01-sng_00-n_00-n_00-n_00-n_00-n_00-n;1005;0;41723;0;N;531189;531057;5;3026;0;R_PL-PH_1;20140325xTue;05_Hořovice_Beroun;Středočeský kraj;h00;71;N
02-o2_02-edg_02-vis_03-lau2_07-day_03-60_05-frt-1005_01-sng_00-n_00-n_00-n_00-n_00-n_00-n;1005;0;41724;0;N;531189;531057;5;3026;0;R_PL-PH_1;20140326xWed;05_Hořovice_Beroun;Středočeský kraj;h00;62;N
02-o2_02-edg_02-vis_03-lau2_07-day_03-60_05-frt-1005_01-sng_00-n_00-n_00-n_00-n_00-n_00-n;1005;0;41722;0;N;531189;531057;5;3026;0;R_PL-PH_1;20140324xMon;05_Hořovice_Beroun;Středočeský kraj;h00;76;N
02-o2_02-edg_02-vis_03-lau2_07-day_03-60_05-frt-1005_01-sng_00-n_00-n_00-n_00-n_00-n_00-n;1005;0;41714;0;N;531057;554782;7;3026;0;R_PL-PH_1;20140316xSun;07_Beroun_Praha;Středočeský kraj;h00;324;N
02-o2_02-edg_02-vis_03-lau2_07-day_03-60_05-frt-1005_01-sng_00-n_00-n_00-n_00-n_00-n_00-n;1005;0;41710;0;N;531057;554782;7;3026;0;R_PL-PH_1;20140312xWed;07_Beroun_Praha;Středočeský kraj;h00;856;N
02-o2_02-edg_02-vis_03-lau2_07-day_03-60_05-frt-1005_01-sng_00-n_00-n_00-n_00-n_00-n_00-n;1005;0;41718;0;N;531057;554782;7;3026;0;R_PL-PH_1;20140320xThu;07_Beroun_Praha;Středočeský kraj;h00;950;N
02-o2_02-edg_02-vis_03-lau2_07-day_03-60_05-frt-1005_01-sng_00-n_00-n_00-n_00-n_00-n_00-n;1005;0;41716;0;N;531057;554782;7;3026;0;R_PL-PH_1;20140318xTue;07_Beroun_Praha;Středočeský kraj;h00;981;N
02-o2_02-edg_02-vis_03-lau2_07-day_03-60_05-frt-1005_01-sng_00-n_00-n_00-n_00-n_00-n_00-n;1005;0;41719;0;N;531057;554782;7;3026;0;R_PL-PH_1;20140321xFri;07_Beroun_Praha;Středočeský kraj;h00;746;N
02-o2_02-edg_02-vis_03-lau2_07-day_03-60_05-frt-1005_01-sng_00-n_00-n_00-n_00-n_00-n_00-n;1005;0;41717;0;N;531057;554782;7;3026;0;R_PL-PH_1;20140319xWed;07_Beroun_Praha;Středočeský kraj;h00;1064;N
02-o2_02-edg_02-vis_03-lau2_07-day_03-60_05-frt-1005_01-sng_00-n_00-n_00-n_00-n_00-n_00-n;1005;0;41711;0;N;531057;554782;7;3026;0;R_PL-PH_1;20140313xThu;07_Beroun_Praha;Středočeský kraj;h00;979;N
02-o2_02-edg_02-vis_03-lau2_07-day_03-60_05-frt-1005_01-sng_00-n_00-n_00-n_00-n_00-n_00-n;1005;0;41720;0;N;531057;554782;7;3026;0;R_PL-PH_1;20140322xSat;07_Beroun_Praha;Středočeský kraj;h00;440;N
02-o2_02-edg_02-vis_03-lau2_07-day_03-60_05-frt-1005_01-sng_00-n_00-n_00-n_00-n_00-n_00-n;1005;0;41713;0;N;531057;554782;7;3026;0;R_PL-PH_1;20140315xSat;07_Beroun_Praha;Středočeský kraj;h00;510;N
02-o2_02-edg_02-vis_03-lau2_07-day_03-60_05-frt-1005_01-sng_00-n_00-n_00-n_00-n_00-n_00-n;1005;0;41712;0;N;531057;554782;7;3026;0;R_PL-PH_1;20140314xFri;07_Beroun_Praha;Středočeský kraj;h00;928;N
02-o2_02-edg_02-vis_03-lau2_07-day_03-60_05-frt-1005_01-sng_00-n_00-n_00-n_00-n_00-n_00-n;1005;0;41715;0;N;531057;554782;7;3026;0;R_PL-PH_1;20140317xMon;07_Beroun_Praha;Středočeský kraj;h00;725;N
02-o2_02-edg_02-vis_03-lau2_07-day_03-60_05-frt-1005_01-sng_00-n_00-n_00-n_00-n_00-n_00-n;1005;0;41724;0;N;531057;554782;7;3026;0;R_PL-PH_1;20140326xWed;07_Beroun_Praha;Středočeský kraj;h00;885;N
02-o2_02-edg_02-vis_03-lau2_07-day_03-60_05-frt-1005_01-sng_00-n_00-n_00-n_00-n_00-n_00-n;1005;0;41722;0;N;531057;554782;7;3026;0;R_PL-PH_1;20140324xMon;07_Beroun_Praha;Středočeský kraj;h00;959;N
02-o2_02-edg_02-vis_03-lau2_07-day_03-60_05-frt-1005_01-sng_00-n_00-n_00-n_00-n_00-n_00-n;1005;0;41721;0;N;531057;554782;7;3026;0;R_PL-PH_1;20140323xSun;07_Beroun_Praha;Středočeský kraj;h00;383;N
02-o2_02-edg_02-vis_03-lau2_07-day_03-60_05-frt-1005_01-sng_00-n_00-n_00-n_00-n_00-n_00-n;1005;0;41723;0;N;531057;554782;7;3026;0;R_PL-PH_1;20140325xTue;07_Beroun_Praha;Středočeský kraj;h00;990;N
02-o2_02-edg_02-vis_03-lau2_07-day_03-60_05-frt-1005_01-sng_00-n_00-n_00-n_00-n_00-n_00-n;1005;0;41714;0;N;559903;554782;4;3042;0;R_PL-PH_1;20140316xSun;04_Kařez_Praha;Plzeňský kraj;h00;2;N
02-o2_02-edg_02-vis_03-lau2_07-day_03-60_05-frt-1005_01-sng_00-n_00-n_00-n_00-n_00-n_00-n;1005;0;41719;0;N;559903;554782;4;3042;0;R_PL-PH_1;20140321xFri;04_Kařez_Praha;Plzeňský kraj;h00;2;N
02-o2_02-edg_02-vis_03-lau2_07-day_03-60_05-frt-1005_01-sng_00-n_00-n_00-n_00-n_00-n_00-n;1005;0;41712;0;N;559903;554782;4;3042;0;R_PL-PH_1;20140314xFri;04_Kařez_Praha;Plzeňský kraj;h00;20;N
02-o2_02-edg_02-vis_03-lau2_07-day_03-60_05-frt-1005_01-sng_00-n_00-n_00-n_00-n_00-n_00-n;1005;0;41718;0;N;559903;554782;4;3042;0;R_PL-PH_1;20140320xThu;04_Kařez_Praha;Plzeňský kraj;h00;3;N
02-o2_02-edg_02-vis_03-lau2_07-day_03-60_05-frt-1005_01-sng_00-n_00-n_00-n_00-n_00-n_00-n;1005;0;41711;0;N;559903;554782;4;3042;0;R_PL-PH_1;20140313xThu;04_Kařez_Praha;Plzeňský kraj;h00;12;N
02-o2_02-edg_02-vis_03-lau2_07-day_03-60_05-frt-1005_01-sng_00-n_00-n_00-n_00-n_00-n_00-n;1005;0;41720;0;N;559903;554782;4;3042;0;R_PL-PH_1;20140322xSat;04_Kařez_Praha;Plzeňský kraj;h00;2;N
02-o2_02-edg_02-vis_03-lau2_07-day_03-60_05-frt-1005_01-sng_00-n_00-n_00-n_00-n_00-n_00-n;1005;0;41716;0;N;559903;554782;4;3042;0;R_PL-PH_1;20140318xTue;04_Kařez_Praha;Plzeňský kraj;h00;10;N
02-o2_02-edg_02-vis_03-lau2_07-day_03-60_05-frt-1005_01-sng_00-n_00-n_00-n_00-n_00-n_00-n;1005;0;41717;0;N;559903;554782;4;3042;0;R_PL-PH_1;20140319xWed;04_Kařez_Praha;Plzeňský kraj;h00;13;N
02-o2_02-edg_02-vis_03-lau2_07-day_03-60_05-frt-1005_01-sng_00-n_00-n_00-n_00-n_00-n_00-n;1005;0;41715;0;N;559903;554782;4;3042;0;R_PL-PH_1;20140317xMon;04_Kařez_Praha;Plzeňský kraj;h00;6;N
02-o2_02-edg_02-vis_03-lau2_07-day_03-60_05-frt-1005_01-sng_00-n_00-n_00-n_00-n_00-n_00-n;1005;0;41710;0;N;559903;554782;4;3042;0;R_PL-PH_1;20140312xWed;04_Kařez_Praha;Plzeňský kraj;h00;12;N
02-o2_02-edg_02-vis_03-lau2_07-day_03-60_05-frt-1005_01-sng_00-n_00-n_00-n_00-n_00-n_00-n;1005;0;41713;0;N;559903;554782;4;3042;0;R_PL-PH_1;20140315xSat;04_Kařez_Praha;Plzeňský kraj;h00;5;N
02-o2_02-edg_02-vis_03-lau2_07-day_03-60_05-frt-1005_01-sng_00-n_00-n_00-n_00-n_00-n_00-n;1005;0;41721;0;N;559903;554782;4;3042;0;R_PL-PH_1;20140323xSun;04_Kařez_Praha;Plzeňský kraj;h00;2;N
02-o2_02-edg_02-vis_03-lau2_07-day_03-60_05-frt-1005_01-sng_00-n_00-n_00-n_00-n_00-n_00-n;1005;0;41722;0;N;559903;554782;4;3042;0;R_PL-PH_1;20140324xMon;04_Kařez_Praha;Plzeňský kraj;h00;13;N
02-o2_02-edg_02-vis_03-lau2_07-day_03-60_05-frt-1005_01-sng_00-n_00-n_00-n_00-n_00-n_00-n;1005;0;41724;0;N;559903;554782;4;3042;0;R_PL-PH_1;20140326xWed;04_Kařez_Praha;Plzeňský kraj;h00;5;N
02-o2_02-edg_02-vis_03-lau2_07-day_03-60_05-frt-1005_01-sng_00-n_00-n_00-n_00-n_00-n_00-n;1005;0;41723;0;N;559903;554782;4;3042;0;R_PL-PH_1;20140325xTue;04_Kařez_Praha;Plzeňský kraj;h00;1;N
02-o2_02-edg_02-vis_03-lau2_07-day_03-60_05-frt-1005_01-sng_00-n_00-n_00-n_00-n_00-n_00-n;1005;0;41718;0;N;559903;532011;4;3042;0;R_PL-PH_1;20140320xThu;04_Kařez_Zdice;Plzeňský kraj;h00;1;N
02-o2_02-edg_02-vis_03-lau2_07-day_03-60_05-frt-1005_01-sng_00-n_00-n_00-n_00-n_00-n_00-n;1005;0;41715;0;N;559903;532011;4;3042;0;R_PL-PH_1;20140317xMon;04_Kařez_Zdice;Plzeňský kraj;h00;2;N
02-o2_02-edg_02-vis_03-lau2_07-day_03-60_05-frt-1005_01-sng_00-n_00-n_00-n_00-n_00-n_00-n;1005;0;41711;0;N;559903;532011;4;3042;0;R_PL-PH_1;20140313xThu;04_Kařez_Zdice;Plzeňský kraj;h00;2;N
02-o2_02-edg_02-vis_03-lau2_07-day_03-60_05-frt-1005_01-sng_00-n_00-n_00-n_00-n_00-n_00-n;1005;0;41712;0;N;559903;532011;4;3042;0;R_PL-PH_1;20140314xFri;04_Kařez_Zdice;Plzeňský kraj;h00;1;N
02-o2_02-edg_02-vis_03-lau2_07-day_03-60_05-frt-1005_01-sng_00-n_00-n_00-n_00-n_00-n_00-n;1005;0;41722;0;N;559903;532011;4;3042;0;R_PL-PH_1;20140324xMon;04_Kařez_Zdice;Plzeňský kraj;h00;5;N
02-o2_02-edg_02-vis_03-lau2_07-day_03-60_05-frt-1005_01-sng_00-n_00-n_00-n_00-n_00-n_00-n;1005;0;41724;0;N;559903;532011;4;3042;0;R_PL-PH_1;20140326xWed;04_Kařez_Zdice;Plzeňský kraj;h00;1;N
02-o2_02-edg_02-vis_03-lau2_07-day_03-60_05-frt-1005_01-sng_00-n_00-n_00-n_00-n_00-n_00-n;1005;0;41711;0;N;559903;531189;4;3042;0;R_PL-PH_1;20140313xThu;04_Kařez_Hořovice;Plzeňský kraj;h00;8;N
02-o2_02-edg_02-vis_03-lau2_07-day_03-60_05-frt-1005_01-sng_00-n_00-n_00-n_00-n_00-n_00-n;1005;0;41718;0;N;559903;531189;4;3042;0;R_PL-PH_1;20140320xThu;04_Kařez_Hořovice;Plzeňský kraj;h00;4;N
02-o2_02-edg_02-vis_03-lau2_07-day_03-60_05-frt-1005_01-sng_00-n_00-n_00-n_00-n_00-n_00-n;1005;0;41710;0;N;559903;531189;4;3042;0;R_PL-PH_1;20140312xWed;04_Kařez_Hořovice;Plzeňský kraj;h00;4;N
02-o2_02-edg_02-vis_03-lau2_07-day_03-60_05-frt-1005_01-sng_00-n_00-n_00-n_00-n_00-n_00-n;1005;0;41717;0;N;559903;531189;4;3042;0;R_PL-PH_1;20140319xWed;04_Kařez_Hořovice;Plzeňský kraj;h00;14;N
02-o2_02-edg_02-vis_03-lau2_07-day_03-60_05-frt-1005_01-sng_00-n_00-n_00-n_00-n_00-n_00-n;1005;0;41715;0;N;559903;531189;4;3042;0;R_PL-PH_1;20140317xMon;04_Kařez_Hořovice;Plzeňský kraj;h00;4;N
02-o2_02-edg_02-vis_03-lau2_07-day_03-60_05-frt-1005_01-sng_00-n_00-n_00-n_00-n_00-n_00-n;1005;0;41719;0;N;559903;531189;4;3042;0;R_PL-PH_1;20140321xFri;04_Kařez_Hořovice;Plzeňský kraj;h00;4;N
02-o2_02-edg_02-vis_03-lau2_07-day_03-60_05-frt-1005_01-sng_00-n_00-n_00-n_00-n_00-n_00-n;1005;0;41712;0;N;559903;531189;4;3042;0;R_PL-PH_1;20140314xFri;04_Kařez_Hořovice;Plzeňský kraj;h00;5;N
02-o2_02-edg_02-vis_03-lau2_07-day_03-60_05-frt-1005_01-sng_00-n_00-n_00-n_00-n_00-n_00-n;1005;0;41720;0;N;559903;531189;4;3042;0;R_PL-PH_1;20140322xSat;04_Kařez_Hořovice;Plzeňský kraj;h00;4;N
02-o2_02-edg_02-vis_03-lau2_07-day_03-60_05-frt-1005_01-sng_00-n_00-n_00-n_00-n_00-n_00-n;1005;0;41713;0;N;559903;531189;4;3042;0;R_PL-PH_1;20140315xSat;04_Kařez_Hořovice;Plzeňský kraj;h00;2;N
02-o2_02-edg_02-vis_03-lau2_07-day_03-60_05-frt-1005_01-sng_00-n_00-n_00-n_00-n_00-n_00-n;1005;0;41714;0;N;559903;531189;4;3042;0;R_PL-PH_1;20140316xSun;04_Kařez_Hořovice;Plzeňský kraj;h00;3;N
02-o2_02-edg_02-vis_03-lau2_07-day_03-60_05-frt-1005_01-sng_00-n_00-n_00-n_00-n_00-n_00-n;1005;0;41716;0;N;559903;531189;4;3042;0;R_PL-PH_1;20140318xTue;04_Kařez_Hořovice;Plzeňský kraj;h00;6;N
02-o2_02-edg_02-vis_03-lau2_07-day_03-60_05-frt-1005_01-sng_00-n_00-n_00-n_00-n_00-n_00-n;1005;0;41722;0;N;559903;531189;4;3042;0;R_PL-PH_1;20140324xMon;04_Kařez_Hořovice;Plzeňský kraj;h00;12;N
02-o2_02-edg_02-vis_03-lau2_07-day_03-60_05-frt-1005_01-sng_00-n_00-n_00-n_00-n_00-n_00-n;1005;0;41721;0;N;559903;531189;4;3042;0;R_PL-PH_1;20140323xSun;04_Kařez_Hořovice;Plzeňský kraj;h00;4;N
02-o2_02-edg_02-vis_03-lau2_07-day_03-60_05-frt-1005_01-sng_00-n_00-n_00-n_00-n_00-n_00-n;1005;0;41723;0;N;559903;531189;4;3042;0;R_PL-PH_1;20140325xTue;04_Kařez_Hořovice;Plzeňský kraj;h00;2;N
02-o2_02-edg_02-vis_03-lau2_07-day_03-60_05-frt-1005_01-sng_00-n_00-n_00-n_00-n_00-n_00-n;1005;0;41724;0;N;559903;531189;4;3042;0;R_PL-PH_1;20140326xWed;04_Kařez_Hořovice;Plzeňský kraj;h00;2;N
02-o2_02-edg_02-vis_03-lau2_07-day_03-60_05-frt-1005_01-sng_00-n_00-n_00-n_00-n_00-n_00-n;1005;0;41721;0;N;559903;531057;4;3042;0;R_PL-PH_1;20140323xSun;04_Kařez_Beroun;Plzeňský kraj;h00;1;N
02-o2_02-edg_02-vis_03-lau2_07-day_03-60_05-frt-1005_01-sng_00-n_00-n_00-n_00-n_00-n_00-n;1005;0;41719;0;N;559903;531057;4;3042;0;R_PL-PH_1;20140321xFri;04_Kařez_Beroun;Plzeňský kraj;h00;2;N
02-o2_02-edg_02-vis_03-lau2_07-day_03-60_05-frt-1005_01-sng_00-n_00-n_00-n_00-n_00-n_00-n;1005;0;41712;0;N;559903;531057;4;3042;0;R_PL-PH_1;20140314xFri;04_Kařez_Beroun;Plzeňský kraj;h00;5;N
02-o2_02-edg_02-vis_03-lau2_07-day_03-60_05-frt-1005_01-sng_00-n_00-n_00-n_00-n_00-n_00-n;1005;0;41710;0;N;559903;531057;4;3042;0;R_PL-PH_1;20140312xWed;04_Kařez_Beroun;Plzeňský kraj;h00;4;N
02-o2_02-edg_02-vis_03-lau2_07-day_03-60_05-frt-1005_01-sng_00-n_00-n_00-n_00-n_00-n_00-n;1005;0;41714;0;N;559903;531057;4;3042;0;R_PL-PH_1;20140316xSun;04_Kařez_Beroun;Plzeňský kraj;h00;3;N
02-o2_02-edg_02-vis_03-lau2_07-day_03-60_05-frt-1005_01-sng_00-n_00-n_00-n_00-n_00-n_00-n;1005;0;41711;0;N;559903;531057;4;3042;0;R_PL-PH_1;20140313xThu;04_Kařez_Beroun;Plzeňský kraj;h00;5;N
02-o2_02-edg_02-vis_03-lau2_07-day_03-60_05-frt-1005_01-sng_00-n_00-n_00-n_00-n_00-n_00-n;1005;0;41716;0;N;559903;531057;4;3042;0;R_PL-PH_1;20140318xTue;04_Kařez_Beroun;Plzeňský kraj;h00;2;N
02-o2_02-edg_02-vis_03-lau2_07-day_03-60_05-frt-1005_01-sng_00-n_00-n_00-n_00-n_00-n_00-n;1005;0;41715;0;N;559903;531057;4;3042;0;R_PL-PH_1;20140317xMon;04_Kařez_Beroun;Plzeňský kraj;h00;4;N
02-o2_02-edg_02-vis_03-lau2_07-day_03-60_05-frt-1005_01-sng_00-n_00-n_00-n_00-n_00-n_00-n;1005;0;41713;0;N;559903;531057;4;3042;0;R_PL-PH_1;20140315xSat;04_Kařez_Beroun;Plzeňský kraj;h00;2;N
02-o2_02-edg_02-vis_03-lau2_07-day_03-60_05-frt-1005_01-sng_00-n_00-n_00-n_00-n_00-n_00-n;1005;0;41717;0;N;559903;531057;4;3042;0;R_PL-PH_1;20140319xWed;04_Kařez_Beroun;Plzeňský kraj;h00;10;N
