02-o2_02-edg_02-vis_03-lau2_07-day_03-60_07-frt-1007_01-sng_00-n_00-n_00-n_00-n_00-n_00-n;1007;0;41714;0;N;539643;539856;5;3026;0;PM_BE-PH_1;20140316xSun;05_Řevnice_Všenory;Středočeský kraj;h00;5;N
02-o2_02-edg_02-vis_03-lau2_07-day_03-60_07-frt-1007_01-sng_00-n_00-n_00-n_00-n_00-n_00-n;1007;0;41712;0;N;539643;539856;5;3026;0;PM_BE-PH_1;20140314xFri;05_Řevnice_Všenory;Středočeský kraj;h00;15;N
02-o2_02-edg_02-vis_03-lau2_07-day_03-60_07-frt-1007_01-sng_00-n_00-n_00-n_00-n_00-n_00-n;1007;0;41718;0;N;539643;539856;5;3026;0;PM_BE-PH_1;20140320xThu;05_Řevnice_Všenory;Středočeský kraj;h00;36;N
02-o2_02-edg_02-vis_03-lau2_07-day_03-60_07-frt-1007_01-sng_00-n_00-n_00-n_00-n_00-n_00-n;1007;0;41721;0;N;539643;539856;5;3026;0;PM_BE-PH_1;20140323xSun;05_Řevnice_Všenory;Středočeský kraj;h00;14;N
02-o2_02-edg_02-vis_03-lau2_07-day_03-60_07-frt-1007_01-sng_00-n_00-n_00-n_00-n_00-n_00-n;1007;0;41722;0;N;539643;539856;5;3026;0;PM_BE-PH_1;20140324xMon;05_Řevnice_Všenory;Středočeský kraj;h00;8;N
02-o2_02-edg_02-vis_03-lau2_07-day_03-60_07-frt-1007_01-sng_00-n_00-n_00-n_00-n_00-n_00-n;1007;0;41723;0;N;539643;539856;5;3026;0;PM_BE-PH_1;20140325xTue;05_Řevnice_Všenory;Středočeský kraj;h00;19;N
02-o2_02-edg_02-vis_03-lau2_07-day_03-60_07-frt-1007_01-sng_00-n_00-n_00-n_00-n_00-n_00-n;1007;0;41724;0;N;539643;539856;5;3026;0;PM_BE-PH_1;20140326xWed;05_Řevnice_Všenory;Středočeský kraj;h00;31;N
02-o2_02-edg_02-vis_03-lau2_07-day_03-60_07-frt-1007_01-sng_00-n_00-n_00-n_00-n_00-n_00-n;1007;0;41712;0;N;539643;539198;5;3026;0;PM_BE-PH_1;20140314xFri;05_Řevnice_Dobřichovice;Středočeský kraj;h00;39;N
02-o2_02-edg_02-vis_03-lau2_07-day_03-60_07-frt-1007_01-sng_00-n_00-n_00-n_00-n_00-n_00-n;1007;0;41720;0;N;539643;539198;5;3026;0;PM_BE-PH_1;20140322xSat;05_Řevnice_Dobřichovice;Středočeský kraj;h00;39;N
02-o2_02-edg_02-vis_03-lau2_07-day_03-60_07-frt-1007_01-sng_00-n_00-n_00-n_00-n_00-n_00-n;1007;0;41718;0;N;539643;539198;5;3026;0;PM_BE-PH_1;20140320xThu;05_Řevnice_Dobřichovice;Středočeský kraj;h00;83;N
02-o2_02-edg_02-vis_03-lau2_07-day_03-60_07-frt-1007_01-sng_00-n_00-n_00-n_00-n_00-n_00-n;1007;0;41716;0;N;539643;539198;5;3026;0;PM_BE-PH_1;20140318xTue;05_Řevnice_Dobřichovice;Středočeský kraj;h00;26;N
02-o2_02-edg_02-vis_03-lau2_07-day_03-60_07-frt-1007_01-sng_00-n_00-n_00-n_00-n_00-n_00-n;1007;0;41717;0;N;539643;539198;5;3026;0;PM_BE-PH_1;20140319xWed;05_Řevnice_Dobřichovice;Středočeský kraj;h00;122;N
02-o2_02-edg_02-vis_03-lau2_07-day_03-60_07-frt-1007_01-sng_00-n_00-n_00-n_00-n_00-n_00-n;1007;0;41719;0;N;539643;539198;5;3026;0;PM_BE-PH_1;20140321xFri;05_Řevnice_Dobřichovice;Středočeský kraj;h00;17;N
02-o2_02-edg_02-vis_03-lau2_07-day_03-60_07-frt-1007_01-sng_00-n_00-n_00-n_00-n_00-n_00-n;1007;0;41710;0;N;539643;539198;5;3026;0;PM_BE-PH_1;20140312xWed;05_Řevnice_Dobřichovice;Středočeský kraj;h00;79;N
02-o2_02-edg_02-vis_03-lau2_07-day_03-60_07-frt-1007_01-sng_00-n_00-n_00-n_00-n_00-n_00-n;1007;0;41713;0;N;539643;539198;5;3026;0;PM_BE-PH_1;20140315xSat;05_Řevnice_Dobřichovice;Středočeský kraj;h00;28;N
02-o2_02-edg_02-vis_03-lau2_07-day_03-60_07-frt-1007_01-sng_00-n_00-n_00-n_00-n_00-n_00-n;1007;0;41711;0;N;539643;539198;5;3026;0;PM_BE-PH_1;20140313xThu;05_Řevnice_Dobřichovice;Středočeský kraj;h00;29;N
02-o2_02-edg_02-vis_03-lau2_07-day_03-60_07-frt-1007_01-sng_00-n_00-n_00-n_00-n_00-n_00-n;1007;0;41714;0;N;539643;539198;5;3026;0;PM_BE-PH_1;20140316xSun;05_Řevnice_Dobřichovice;Středočeský kraj;h00;11;N
02-o2_02-edg_02-vis_03-lau2_07-day_03-60_07-frt-1007_01-sng_00-n_00-n_00-n_00-n_00-n_00-n;1007;0;41715;0;N;539643;539198;5;3026;0;PM_BE-PH_1;20140317xMon;05_Řevnice_Dobřichovice;Středočeský kraj;h00;35;N
02-o2_02-edg_02-vis_03-lau2_07-day_03-60_07-frt-1007_01-sng_00-n_00-n_00-n_00-n_00-n_00-n;1007;0;41723;0;N;539643;539198;5;3026;0;PM_BE-PH_1;20140325xTue;05_Řevnice_Dobřichovice;Středočeský kraj;h00;69;N
02-o2_02-edg_02-vis_03-lau2_07-day_03-60_07-frt-1007_01-sng_00-n_00-n_00-n_00-n_00-n_00-n;1007;0;41722;0;N;539643;539198;5;3026;0;PM_BE-PH_1;20140324xMon;05_Řevnice_Dobřichovice;Středočeský kraj;h00;31;N
02-o2_02-edg_02-vis_03-lau2_07-day_03-60_07-frt-1007_01-sng_00-n_00-n_00-n_00-n_00-n_00-n;1007;0;41724;0;N;539643;539198;5;3026;0;PM_BE-PH_1;20140326xWed;05_Řevnice_Dobřichovice;Středočeský kraj;h00;86;N
02-o2_02-edg_02-vis_03-lau2_07-day_03-60_07-frt-1007_01-sng_00-n_00-n_00-n_00-n_00-n_00-n;1007;0;41721;0;N;539643;539198;5;3026;0;PM_BE-PH_1;20140323xSun;05_Řevnice_Dobřichovice;Středočeský kraj;h00;40;N
02-o2_02-edg_02-vis_03-lau2_07-day_03-60_07-frt-1007_01-sng_00-n_00-n_00-n_00-n_00-n_00-n;1007;0;41717;0;N;539643;539139;5;3026;0;PM_BE-PH_1;20140319xWed;05_Řevnice_Černošice;Středočeský kraj;h00;22;N
02-o2_02-edg_02-vis_03-lau2_07-day_03-60_07-frt-1007_01-sng_00-n_00-n_00-n_00-n_00-n_00-n;1007;0;41710;0;N;539643;539139;5;3026;0;PM_BE-PH_1;20140312xWed;05_Řevnice_Černošice;Středočeský kraj;h00;18;N
02-o2_02-edg_02-vis_03-lau2_07-day_03-60_07-frt-1007_01-sng_00-n_00-n_00-n_00-n_00-n_00-n;1007;0;41714;0;N;539643;539139;5;3026;0;PM_BE-PH_1;20140316xSun;05_Řevnice_Černošice;Středočeský kraj;h00;2;N
02-o2_02-edg_02-vis_03-lau2_07-day_03-60_07-frt-1007_01-sng_00-n_00-n_00-n_00-n_00-n_00-n;1007;0;41720;0;N;539643;539139;5;3026;0;PM_BE-PH_1;20140322xSat;05_Řevnice_Černošice;Středočeský kraj;h00;5;N
02-o2_02-edg_02-vis_03-lau2_07-day_03-60_07-frt-1007_01-sng_00-n_00-n_00-n_00-n_00-n_00-n;1007;0;41716;0;N;539643;539139;5;3026;0;PM_BE-PH_1;20140318xTue;05_Řevnice_Černošice;Středočeský kraj;h00;1;N
02-o2_02-edg_02-vis_03-lau2_07-day_03-60_07-frt-1007_01-sng_00-n_00-n_00-n_00-n_00-n_00-n;1007;0;41719;0;N;539643;539139;5;3026;0;PM_BE-PH_1;20140321xFri;05_Řevnice_Černošice;Středočeský kraj;h00;1;N
02-o2_02-edg_02-vis_03-lau2_07-day_03-60_07-frt-1007_01-sng_00-n_00-n_00-n_00-n_00-n_00-n;1007;0;41712;0;N;539643;539139;5;3026;0;PM_BE-PH_1;20140314xFri;05_Řevnice_Černošice;Středočeský kraj;h00;3;N
02-o2_02-edg_02-vis_03-lau2_07-day_03-60_07-frt-1007_01-sng_00-n_00-n_00-n_00-n_00-n_00-n;1007;0;41718;0;N;539643;539139;5;3026;0;PM_BE-PH_1;20140320xThu;05_Řevnice_Černošice;Středočeský kraj;h00;15;N
02-o2_02-edg_02-vis_03-lau2_07-day_03-60_07-frt-1007_01-sng_00-n_00-n_00-n_00-n_00-n_00-n;1007;0;41715;0;N;539643;539139;5;3026;0;PM_BE-PH_1;20140317xMon;05_Řevnice_Černošice;Středočeský kraj;h00;6;N
02-o2_02-edg_02-vis_03-lau2_07-day_03-60_07-frt-1007_01-sng_00-n_00-n_00-n_00-n_00-n_00-n;1007;0;41711;0;N;539643;539139;5;3026;0;PM_BE-PH_1;20140313xThu;05_Řevnice_Černošice;Středočeský kraj;h00;6;N
02-o2_02-edg_02-vis_03-lau2_07-day_03-60_07-frt-1007_01-sng_00-n_00-n_00-n_00-n_00-n_00-n;1007;0;41713;0;N;539643;539139;5;3026;0;PM_BE-PH_1;20140315xSat;05_Řevnice_Černošice;Středočeský kraj;h00;3;N
02-o2_02-edg_02-vis_03-lau2_07-day_03-60_07-frt-1007_01-sng_00-n_00-n_00-n_00-n_00-n_00-n;1007;0;41723;0;N;539643;539139;5;3026;0;PM_BE-PH_1;20140325xTue;05_Řevnice_Černošice;Středočeský kraj;h00;12;N
02-o2_02-edg_02-vis_03-lau2_07-day_03-60_07-frt-1007_01-sng_00-n_00-n_00-n_00-n_00-n_00-n;1007;0;41724;0;N;539643;539139;5;3026;0;PM_BE-PH_1;20140326xWed;05_Řevnice_Černošice;Středočeský kraj;h00;16;N
02-o2_02-edg_02-vis_03-lau2_07-day_03-60_07-frt-1007_01-sng_00-n_00-n_00-n_00-n_00-n_00-n;1007;0;41721;0;N;539643;539139;5;3026;0;PM_BE-PH_1;20140323xSun;05_Řevnice_Černošice;Středočeský kraj;h00;2;N
02-o2_02-edg_02-vis_03-lau2_07-day_03-60_07-frt-1007_01-sng_00-n_00-n_00-n_00-n_00-n_00-n;1007;0;41722;0;N;539643;539139;5;3026;0;PM_BE-PH_1;20140324xMon;05_Řevnice_Černošice;Středočeský kraj;h00;3;N
02-o2_02-edg_02-vis_03-lau2_07-day_03-60_07-frt-1007_01-sng_00-n_00-n_00-n_00-n_00-n_00-n;1007;0;41718;0;N;539198;554782;6;3026;0;PM_BE-PH_1;20140320xThu;06_Dobřichovice_Praha;Středočeský kraj;h00;446;N
02-o2_02-edg_02-vis_03-lau2_07-day_03-60_07-frt-1007_01-sng_00-n_00-n_00-n_00-n_00-n_00-n;1007;0;41711;0;N;539198;554782;6;3026;0;PM_BE-PH_1;20140313xThu;06_Dobřichovice_Praha;Středočeský kraj;h00;274;N
02-o2_02-edg_02-vis_03-lau2_07-day_03-60_07-frt-1007_01-sng_00-n_00-n_00-n_00-n_00-n_00-n;1007;0;41715;0;N;539198;554782;6;3026;0;PM_BE-PH_1;20140317xMon;06_Dobřichovice_Praha;Středočeský kraj;h00;291;N
02-o2_02-edg_02-vis_03-lau2_07-day_03-60_07-frt-1007_01-sng_00-n_00-n_00-n_00-n_00-n_00-n;1007;0;41716;0;N;539198;554782;6;3026;0;PM_BE-PH_1;20140318xTue;06_Dobřichovice_Praha;Středočeský kraj;h00;402;N
02-o2_02-edg_02-vis_03-lau2_07-day_03-60_07-frt-1007_01-sng_00-n_00-n_00-n_00-n_00-n_00-n;1007;0;41710;0;N;539198;554782;6;3026;0;PM_BE-PH_1;20140312xWed;06_Dobřichovice_Praha;Středočeský kraj;h00;219;N
02-o2_02-edg_02-vis_03-lau2_07-day_03-60_07-frt-1007_01-sng_00-n_00-n_00-n_00-n_00-n_00-n;1007;0;41713;0;N;539198;554782;6;3026;0;PM_BE-PH_1;20140315xSat;06_Dobřichovice_Praha;Středočeský kraj;h00;140;N
02-o2_02-edg_02-vis_03-lau2_07-day_03-60_07-frt-1007_01-sng_00-n_00-n_00-n_00-n_00-n_00-n;1007;0;41712;0;N;539198;554782;6;3026;0;PM_BE-PH_1;20140314xFri;06_Dobřichovice_Praha;Středočeský kraj;h00;314;N
02-o2_02-edg_02-vis_03-lau2_07-day_03-60_07-frt-1007_01-sng_00-n_00-n_00-n_00-n_00-n_00-n;1007;0;41719;0;N;539198;554782;6;3026;0;PM_BE-PH_1;20140321xFri;06_Dobřichovice_Praha;Středočeský kraj;h00;295;N
02-o2_02-edg_02-vis_03-lau2_07-day_03-60_07-frt-1007_01-sng_00-n_00-n_00-n_00-n_00-n_00-n;1007;0;41714;0;N;539198;554782;6;3026;0;PM_BE-PH_1;20140316xSun;06_Dobřichovice_Praha;Středočeský kraj;h00;88;N
02-o2_02-edg_02-vis_03-lau2_07-day_03-60_07-frt-1007_01-sng_00-n_00-n_00-n_00-n_00-n_00-n;1007;0;41720;0;N;539198;554782;6;3026;0;PM_BE-PH_1;20140322xSat;06_Dobřichovice_Praha;Středočeský kraj;h00;110;N
02-o2_02-edg_02-vis_03-lau2_07-day_03-60_07-frt-1007_01-sng_00-n_00-n_00-n_00-n_00-n_00-n;1007;0;41717;0;N;539198;554782;6;3026;0;PM_BE-PH_1;20140319xWed;06_Dobřichovice_Praha;Středočeský kraj;h00;426;N
02-o2_02-edg_02-vis_03-lau2_07-day_03-60_07-frt-1007_01-sng_00-n_00-n_00-n_00-n_00-n_00-n;1007;0;41723;0;N;539198;554782;6;3026;0;PM_BE-PH_1;20140325xTue;06_Dobřichovice_Praha;Středočeský kraj;h00;392;N
02-o2_02-edg_02-vis_03-lau2_07-day_03-60_07-frt-1007_01-sng_00-n_00-n_00-n_00-n_00-n_00-n;1007;0;41722;0;N;539198;554782;6;3026;0;PM_BE-PH_1;20140324xMon;06_Dobřichovice_Praha;Středočeský kraj;h00;303;N
02-o2_02-edg_02-vis_03-lau2_07-day_03-60_07-frt-1007_01-sng_00-n_00-n_00-n_00-n_00-n_00-n;1007;0;41724;0;N;539198;554782;6;3026;0;PM_BE-PH_1;20140326xWed;06_Dobřichovice_Praha;Středočeský kraj;h00;318;N
02-o2_02-edg_02-vis_03-lau2_07-day_03-60_07-frt-1007_01-sng_00-n_00-n_00-n_00-n_00-n_00-n;1007;0;41721;0;N;539198;554782;6;3026;0;PM_BE-PH_1;20140323xSun;06_Dobřichovice_Praha;Středočeský kraj;h00;119;N
02-o2_02-edg_02-vis_03-lau2_07-day_03-60_07-frt-1007_01-sng_00-n_00-n_00-n_00-n_00-n_00-n;1007;0;41714;0;N;539198;539856;6;3026;0;PM_BE-PH_1;20140316xSun;06_Dobřichovice_Všenory;Středočeský kraj;h00;159;N
02-o2_02-edg_02-vis_03-lau2_07-day_03-60_07-frt-1007_01-sng_00-n_00-n_00-n_00-n_00-n_00-n;1007;0;41712;0;N;539198;539856;6;3026;0;PM_BE-PH_1;20140314xFri;06_Dobřichovice_Všenory;Středočeský kraj;h00;294;N
02-o2_02-edg_02-vis_03-lau2_07-day_03-60_07-frt-1007_01-sng_00-n_00-n_00-n_00-n_00-n_00-n;1007;0;41715;0;N;539198;539856;6;3026;0;PM_BE-PH_1;20140317xMon;06_Dobřichovice_Všenory;Středočeský kraj;h00;257;N
02-o2_02-edg_02-vis_03-lau2_07-day_03-60_07-frt-1007_01-sng_00-n_00-n_00-n_00-n_00-n_00-n;1007;0;41710;0;N;539198;539856;6;3026;0;PM_BE-PH_1;20140312xWed;06_Dobřichovice_Všenory;Středočeský kraj;h00;226;N
02-o2_02-edg_02-vis_03-lau2_07-day_03-60_07-frt-1007_01-sng_00-n_00-n_00-n_00-n_00-n_00-n;1007;0;41711;0;N;539198;539856;6;3026;0;PM_BE-PH_1;20140313xThu;06_Dobřichovice_Všenory;Středočeský kraj;h00;171;N
02-o2_02-edg_02-vis_03-lau2_07-day_03-60_07-frt-1007_01-sng_00-n_00-n_00-n_00-n_00-n_00-n;1007;0;41719;0;N;539198;539856;6;3026;0;PM_BE-PH_1;20140321xFri;06_Dobřichovice_Všenory;Středočeský kraj;h00;267;N
02-o2_02-edg_02-vis_03-lau2_07-day_03-60_07-frt-1007_01-sng_00-n_00-n_00-n_00-n_00-n_00-n;1007;0;41720;0;N;539198;539856;6;3026;0;PM_BE-PH_1;20140322xSat;06_Dobřichovice_Všenory;Středočeský kraj;h00;192;N
02-o2_02-edg_02-vis_03-lau2_07-day_03-60_07-frt-1007_01-sng_00-n_00-n_00-n_00-n_00-n_00-n;1007;0;41716;0;N;539198;539856;6;3026;0;PM_BE-PH_1;20140318xTue;06_Dobřichovice_Všenory;Středočeský kraj;h00;264;N
02-o2_02-edg_02-vis_03-lau2_07-day_03-60_07-frt-1007_01-sng_00-n_00-n_00-n_00-n_00-n_00-n;1007;0;41713;0;N;539198;539856;6;3026;0;PM_BE-PH_1;20140315xSat;06_Dobřichovice_Všenory;Středočeský kraj;h00;257;N
02-o2_02-edg_02-vis_03-lau2_07-day_03-60_07-frt-1007_01-sng_00-n_00-n_00-n_00-n_00-n_00-n;1007;0;41718;0;N;539198;539856;6;3026;0;PM_BE-PH_1;20140320xThu;06_Dobřichovice_Všenory;Středočeský kraj;h00;341;N
02-o2_02-edg_02-vis_03-lau2_07-day_03-60_07-frt-1007_01-sng_00-n_00-n_00-n_00-n_00-n_00-n;1007;0;41717;0;N;539198;539856;6;3026;0;PM_BE-PH_1;20140319xWed;06_Dobřichovice_Všenory;Středočeský kraj;h00;374;N
02-o2_02-edg_02-vis_03-lau2_07-day_03-60_07-frt-1007_01-sng_00-n_00-n_00-n_00-n_00-n_00-n;1007;0;41723;0;N;539198;539856;6;3026;0;PM_BE-PH_1;20140325xTue;06_Dobřichovice_Všenory;Středočeský kraj;h00;353;N
02-o2_02-edg_02-vis_03-lau2_07-day_03-60_07-frt-1007_01-sng_00-n_00-n_00-n_00-n_00-n_00-n;1007;0;41722;0;N;539198;539856;6;3026;0;PM_BE-PH_1;20140324xMon;06_Dobřichovice_Všenory;Středočeský kraj;h00;299;N
02-o2_02-edg_02-vis_03-lau2_07-day_03-60_07-frt-1007_01-sng_00-n_00-n_00-n_00-n_00-n_00-n;1007;0;41721;0;N;539198;539856;6;3026;0;PM_BE-PH_1;20140323xSun;06_Dobřichovice_Všenory;Středočeský kraj;h00;239;N
02-o2_02-edg_02-vis_03-lau2_07-day_03-60_07-frt-1007_01-sng_00-n_00-n_00-n_00-n_00-n_00-n;1007;0;41724;0;N;539198;539856;6;3026;0;PM_BE-PH_1;20140326xWed;06_Dobřichovice_Všenory;Středočeský kraj;h00;293;N
02-o2_02-edg_02-vis_03-lau2_07-day_03-60_07-frt-1007_01-sng_00-n_00-n_00-n_00-n_00-n_00-n;1007;0;41715;0;N;539198;539139;6;3026;0;PM_BE-PH_1;20140317xMon;06_Dobřichovice_Černošice;Středočeský kraj;h00;27;N
02-o2_02-edg_02-vis_03-lau2_07-day_03-60_07-frt-1007_01-sng_00-n_00-n_00-n_00-n_00-n_00-n;1007;0;41710;0;N;539198;539139;6;3026;0;PM_BE-PH_1;20140312xWed;06_Dobřichovice_Černošice;Středočeský kraj;h00;53;N
02-o2_02-edg_02-vis_03-lau2_07-day_03-60_07-frt-1007_01-sng_00-n_00-n_00-n_00-n_00-n_00-n;1007;0;41714;0;N;539198;539139;6;3026;0;PM_BE-PH_1;20140316xSun;06_Dobřichovice_Černošice;Středočeský kraj;h00;23;N
02-o2_02-edg_02-vis_03-lau2_07-day_03-60_07-frt-1007_01-sng_00-n_00-n_00-n_00-n_00-n_00-n;1007;0;41712;0;N;539198;539139;6;3026;0;PM_BE-PH_1;20140314xFri;06_Dobřichovice_Černošice;Středočeský kraj;h00;57;N
02-o2_02-edg_02-vis_03-lau2_07-day_03-60_07-frt-1007_01-sng_00-n_00-n_00-n_00-n_00-n_00-n;1007;0;41719;0;N;539198;539139;6;3026;0;PM_BE-PH_1;20140321xFri;06_Dobřichovice_Černošice;Středočeský kraj;h00;50;N
02-o2_02-edg_02-vis_03-lau2_07-day_03-60_07-frt-1007_01-sng_00-n_00-n_00-n_00-n_00-n_00-n;1007;0;41716;0;N;539198;539139;6;3026;0;PM_BE-PH_1;20140318xTue;06_Dobřichovice_Černošice;Středočeský kraj;h00;58;N
02-o2_02-edg_02-vis_03-lau2_07-day_03-60_07-frt-1007_01-sng_00-n_00-n_00-n_00-n_00-n_00-n;1007;0;41718;0;N;539198;539139;6;3026;0;PM_BE-PH_1;20140320xThu;06_Dobřichovice_Černošice;Středočeský kraj;h00;69;N
02-o2_02-edg_02-vis_03-lau2_07-day_03-60_07-frt-1007_01-sng_00-n_00-n_00-n_00-n_00-n_00-n;1007;0;41720;0;N;539198;539139;6;3026;0;PM_BE-PH_1;20140322xSat;06_Dobřichovice_Černošice;Středočeský kraj;h00;22;N
02-o2_02-edg_02-vis_03-lau2_07-day_03-60_07-frt-1007_01-sng_00-n_00-n_00-n_00-n_00-n_00-n;1007;0;41711;0;N;539198;539139;6;3026;0;PM_BE-PH_1;20140313xThu;06_Dobřichovice_Černošice;Středočeský kraj;h00;43;N
02-o2_02-edg_02-vis_03-lau2_07-day_03-60_07-frt-1007_01-sng_00-n_00-n_00-n_00-n_00-n_00-n;1007;0;41717;0;N;539198;539139;6;3026;0;PM_BE-PH_1;20140319xWed;06_Dobřichovice_Černošice;Středočeský kraj;h00;70;N
02-o2_02-edg_02-vis_03-lau2_07-day_03-60_07-frt-1007_01-sng_00-n_00-n_00-n_00-n_00-n_00-n;1007;0;41713;0;N;539198;539139;6;3026;0;PM_BE-PH_1;20140315xSat;06_Dobřichovice_Černošice;Středočeský kraj;h00;32;N
02-o2_02-edg_02-vis_03-lau2_07-day_03-60_07-frt-1007_01-sng_00-n_00-n_00-n_00-n_00-n_00-n;1007;0;41723;0;N;539198;539139;6;3026;0;PM_BE-PH_1;20140325xTue;06_Dobřichovice_Černošice;Středočeský kraj;h00;54;N
02-o2_02-edg_02-vis_03-lau2_07-day_03-60_07-frt-1007_01-sng_00-n_00-n_00-n_00-n_00-n_00-n;1007;0;41722;0;N;539198;539139;6;3026;0;PM_BE-PH_1;20140324xMon;06_Dobřichovice_Černošice;Středočeský kraj;h00;49;N
02-o2_02-edg_02-vis_03-lau2_07-day_03-60_07-frt-1007_01-sng_00-n_00-n_00-n_00-n_00-n_00-n;1007;0;41721;0;N;539198;539139;6;3026;0;PM_BE-PH_1;20140323xSun;06_Dobřichovice_Černošice;Středočeský kraj;h00;23;N
02-o2_02-edg_02-vis_03-lau2_07-day_03-60_07-frt-1007_01-sng_00-n_00-n_00-n_00-n_00-n_00-n;1007;0;41724;0;N;539198;539139;6;3026;0;PM_BE-PH_1;20140326xWed;06_Dobřichovice_Černošice;Středočeský kraj;h00;58;N
02-o2_02-edg_02-vis_03-lau2_07-day_03-60_07-frt-1007_01-sng_00-n_00-n_00-n_00-n_00-n_00-n;1007;0;41710;0;N;539139;554782;8;3026;0;PM_BE-PH_1;20140312xWed;08_Černošice_Praha;Středočeský kraj;h00;741;N
02-o2_02-edg_02-vis_03-lau2_07-day_03-60_07-frt-1007_01-sng_00-n_00-n_00-n_00-n_00-n_00-n;1007;0;41713;0;N;539139;554782;8;3026;0;PM_BE-PH_1;20140315xSat;08_Černošice_Praha;Středočeský kraj;h00;261;N
02-o2_02-edg_02-vis_03-lau2_07-day_03-60_07-frt-1007_01-sng_00-n_00-n_00-n_00-n_00-n_00-n;1007;0;41715;0;N;539139;554782;8;3026;0;PM_BE-PH_1;20140317xMon;08_Černošice_Praha;Středočeský kraj;h00;412;N
02-o2_02-edg_02-vis_03-lau2_07-day_03-60_07-frt-1007_01-sng_00-n_00-n_00-n_00-n_00-n_00-n;1007;0;41719;0;N;539139;554782;8;3026;0;PM_BE-PH_1;20140321xFri;08_Černošice_Praha;Středočeský kraj;h00;428;N
02-o2_02-edg_02-vis_03-lau2_07-day_03-60_07-frt-1007_01-sng_00-n_00-n_00-n_00-n_00-n_00-n;1007;0;41716;0;N;539139;554782;8;3026;0;PM_BE-PH_1;20140318xTue;08_Černošice_Praha;Středočeský kraj;h00;769;N
02-o2_02-edg_02-vis_03-lau2_07-day_03-60_07-frt-1007_01-sng_00-n_00-n_00-n_00-n_00-n_00-n;1007;0;41712;0;N;539139;554782;8;3026;0;PM_BE-PH_1;20140314xFri;08_Černošice_Praha;Středočeský kraj;h00;671;N
02-o2_02-edg_02-vis_03-lau2_07-day_03-60_07-frt-1007_01-sng_00-n_00-n_00-n_00-n_00-n_00-n;1007;0;41711;0;N;539139;554782;8;3026;0;PM_BE-PH_1;20140313xThu;08_Černošice_Praha;Středočeský kraj;h00;650;N
02-o2_02-edg_02-vis_03-lau2_07-day_03-60_07-frt-1007_01-sng_00-n_00-n_00-n_00-n_00-n_00-n;1007;0;41717;0;N;539139;554782;8;3026;0;PM_BE-PH_1;20140319xWed;08_Černošice_Praha;Středočeský kraj;h00;915;N
02-o2_02-edg_02-vis_03-lau2_07-day_03-60_07-frt-1007_01-sng_00-n_00-n_00-n_00-n_00-n_00-n;1007;0;41714;0;N;539139;554782;8;3026;0;PM_BE-PH_1;20140316xSun;08_Černošice_Praha;Středočeský kraj;h00;245;N
02-o2_02-edg_02-vis_03-lau2_07-day_03-60_07-frt-1007_01-sng_00-n_00-n_00-n_00-n_00-n_00-n;1007;0;41720;0;N;539139;554782;8;3026;0;PM_BE-PH_1;20140322xSat;08_Černošice_Praha;Středočeský kraj;h00;308;N
02-o2_02-edg_02-vis_03-lau2_07-day_03-60_07-frt-1007_01-sng_00-n_00-n_00-n_00-n_00-n_00-n;1007;0;41718;0;N;539139;554782;8;3026;0;PM_BE-PH_1;20140320xThu;08_Černošice_Praha;Středočeský kraj;h00;772;N
02-o2_02-edg_02-vis_03-lau2_07-day_03-60_07-frt-1007_01-sng_00-n_00-n_00-n_00-n_00-n_00-n;1007;0;41724;0;N;539139;554782;8;3026;0;PM_BE-PH_1;20140326xWed;08_Černošice_Praha;Středočeský kraj;h00;742;N
02-o2_02-edg_02-vis_03-lau2_07-day_03-60_07-frt-1007_01-sng_00-n_00-n_00-n_00-n_00-n_00-n;1007;0;41723;0;N;539139;554782;8;3026;0;PM_BE-PH_1;20140325xTue;08_Černošice_Praha;Středočeský kraj;h00;759;N
02-o2_02-edg_02-vis_03-lau2_07-day_03-60_07-frt-1007_01-sng_00-n_00-n_00-n_00-n_00-n_00-n;1007;0;41721;0;N;539139;554782;8;3026;0;PM_BE-PH_1;20140323xSun;08_Černošice_Praha;Středočeský kraj;h00;423;N
02-o2_02-edg_02-vis_03-lau2_07-day_03-60_07-frt-1007_01-sng_00-n_00-n_00-n_00-n_00-n_00-n;1007;0;41722;0;N;539139;554782;8;3026;0;PM_BE-PH_1;20140324xMon;08_Černošice_Praha;Středočeský kraj;h00;746;N
02-o2_02-edg_02-vis_03-lau2_07-day_03-60_07-frt-1007_01-sng_00-n_00-n_00-n_00-n_00-n_00-n;1007;0;41714;0;N;531979;554782;4;3026;0;PM_BE-PH_1;20140316xSun;04_Zadní Třebaň_Praha;Středočeský kraj;h00;7;N
02-o2_02-edg_02-vis_03-lau2_07-day_03-60_07-frt-1007_01-sng_00-n_00-n_00-n_00-n_00-n_00-n;1007;0;41710;0;N;531979;554782;4;3026;0;PM_BE-PH_1;20140312xWed;04_Zadní Třebaň_Praha;Středočeský kraj;h00;27;N
02-o2_02-edg_02-vis_03-lau2_07-day_03-60_07-frt-1007_01-sng_00-n_00-n_00-n_00-n_00-n_00-n;1007;0;41717;0;N;531979;554782;4;3026;0;PM_BE-PH_1;20140319xWed;04_Zadní Třebaň_Praha;Středočeský kraj;h00;98;N
02-o2_02-edg_02-vis_03-lau2_07-day_03-60_07-frt-1007_01-sng_00-n_00-n_00-n_00-n_00-n_00-n;1007;0;41712;0;N;531979;554782;4;3026;0;PM_BE-PH_1;20140314xFri;04_Zadní Třebaň_Praha;Středočeský kraj;h00;51;N
02-o2_02-edg_02-vis_03-lau2_07-day_03-60_07-frt-1007_01-sng_00-n_00-n_00-n_00-n_00-n_00-n;1007;0;41720;0;N;531979;554782;4;3026;0;PM_BE-PH_1;20140322xSat;04_Zadní Třebaň_Praha;Středočeský kraj;h00;4;N
02-o2_02-edg_02-vis_03-lau2_07-day_03-60_07-frt-1007_01-sng_00-n_00-n_00-n_00-n_00-n_00-n;1007;0;41718;0;N;531979;554782;4;3026;0;PM_BE-PH_1;20140320xThu;04_Zadní Třebaň_Praha;Středočeský kraj;h00;58;N
02-o2_02-edg_02-vis_03-lau2_07-day_03-60_07-frt-1007_01-sng_00-n_00-n_00-n_00-n_00-n_00-n;1007;0;41711;0;N;531979;554782;4;3026;0;PM_BE-PH_1;20140313xThu;04_Zadní Třebaň_Praha;Středočeský kraj;h00;44;N
02-o2_02-edg_02-vis_03-lau2_07-day_03-60_07-frt-1007_01-sng_00-n_00-n_00-n_00-n_00-n_00-n;1007;0;41713;0;N;531979;554782;4;3026;0;PM_BE-PH_1;20140315xSat;04_Zadní Třebaň_Praha;Středočeský kraj;h00;8;N
02-o2_02-edg_02-vis_03-lau2_07-day_03-60_07-frt-1007_01-sng_00-n_00-n_00-n_00-n_00-n_00-n;1007;0;41716;0;N;531979;554782;4;3026;0;PM_BE-PH_1;20140318xTue;04_Zadní Třebaň_Praha;Středočeský kraj;h00;76;N
02-o2_02-edg_02-vis_03-lau2_07-day_03-60_07-frt-1007_01-sng_00-n_00-n_00-n_00-n_00-n_00-n;1007;0;41719;0;N;531979;554782;4;3026;0;PM_BE-PH_1;20140321xFri;04_Zadní Třebaň_Praha;Středočeský kraj;h00;11;N
02-o2_02-edg_02-vis_03-lau2_07-day_03-60_07-frt-1007_01-sng_00-n_00-n_00-n_00-n_00-n_00-n;1007;0;41715;0;N;531979;554782;4;3026;0;PM_BE-PH_1;20140317xMon;04_Zadní Třebaň_Praha;Středočeský kraj;h00;17;N
02-o2_02-edg_02-vis_03-lau2_07-day_03-60_07-frt-1007_01-sng_00-n_00-n_00-n_00-n_00-n_00-n;1007;0;41723;0;N;531979;554782;4;3026;0;PM_BE-PH_1;20140325xTue;04_Zadní Třebaň_Praha;Středočeský kraj;h00;42;N
02-o2_02-edg_02-vis_03-lau2_07-day_03-60_07-frt-1007_01-sng_00-n_00-n_00-n_00-n_00-n_00-n;1007;0;41721;0;N;531979;554782;4;3026;0;PM_BE-PH_1;20140323xSun;04_Zadní Třebaň_Praha;Středočeský kraj;h00;24;N
02-o2_02-edg_02-vis_03-lau2_07-day_03-60_07-frt-1007_01-sng_00-n_00-n_00-n_00-n_00-n_00-n;1007;0;41724;0;N;531979;554782;4;3026;0;PM_BE-PH_1;20140326xWed;04_Zadní Třebaň_Praha;Středočeský kraj;h00;30;N
02-o2_02-edg_02-vis_03-lau2_07-day_03-60_07-frt-1007_01-sng_00-n_00-n_00-n_00-n_00-n_00-n;1007;0;41722;0;N;531979;554782;4;3026;0;PM_BE-PH_1;20140324xMon;04_Zadní Třebaň_Praha;Středočeský kraj;h00;75;N
02-o2_02-edg_02-vis_03-lau2_07-day_03-60_07-frt-1007_01-sng_00-n_00-n_00-n_00-n_00-n_00-n;1007;0;41717;0;N;531979;539856;4;3026;0;PM_BE-PH_1;20140319xWed;04_Zadní Třebaň_Všenory;Středočeský kraj;h00;9;N
02-o2_02-edg_02-vis_03-lau2_07-day_03-60_07-frt-1007_01-sng_00-n_00-n_00-n_00-n_00-n_00-n;1007;0;41719;0;N;531979;539856;4;3026;0;PM_BE-PH_1;20140321xFri;04_Zadní Třebaň_Všenory;Středočeský kraj;h00;5;N
02-o2_02-edg_02-vis_03-lau2_07-day_03-60_07-frt-1007_01-sng_00-n_00-n_00-n_00-n_00-n_00-n;1007;0;41716;0;N;531979;539856;4;3026;0;PM_BE-PH_1;20140318xTue;04_Zadní Třebaň_Všenory;Středočeský kraj;h00;6;N
02-o2_02-edg_02-vis_03-lau2_07-day_03-60_07-frt-1007_01-sng_00-n_00-n_00-n_00-n_00-n_00-n;1007;0;41712;0;N;531979;539856;4;3026;0;PM_BE-PH_1;20140314xFri;04_Zadní Třebaň_Všenory;Středočeský kraj;h00;5;N
02-o2_02-edg_02-vis_03-lau2_07-day_03-60_07-frt-1007_01-sng_00-n_00-n_00-n_00-n_00-n_00-n;1007;0;41720;0;N;531979;539856;4;3026;0;PM_BE-PH_1;20140322xSat;04_Zadní Třebaň_Všenory;Středočeský kraj;h00;1;N
02-o2_02-edg_02-vis_03-lau2_07-day_03-60_07-frt-1007_01-sng_00-n_00-n_00-n_00-n_00-n_00-n;1007;0;41718;0;N;531979;539856;4;3026;0;PM_BE-PH_1;20140320xThu;04_Zadní Třebaň_Všenory;Středočeský kraj;h00;4;N
02-o2_02-edg_02-vis_03-lau2_07-day_03-60_07-frt-1007_01-sng_00-n_00-n_00-n_00-n_00-n_00-n;1007;0;41715;0;N;531979;539856;4;3026;0;PM_BE-PH_1;20140317xMon;04_Zadní Třebaň_Všenory;Středočeský kraj;h00;1;N
02-o2_02-edg_02-vis_03-lau2_07-day_03-60_07-frt-1007_01-sng_00-n_00-n_00-n_00-n_00-n_00-n;1007;0;41711;0;N;531979;539856;4;3026;0;PM_BE-PH_1;20140313xThu;04_Zadní Třebaň_Všenory;Středočeský kraj;h00;1;N
02-o2_02-edg_02-vis_03-lau2_07-day_03-60_07-frt-1007_01-sng_00-n_00-n_00-n_00-n_00-n_00-n;1007;0;41713;0;N;531979;539856;4;3026;0;PM_BE-PH_1;20140315xSat;04_Zadní Třebaň_Všenory;Středočeský kraj;h00;5;N
02-o2_02-edg_02-vis_03-lau2_07-day_03-60_07-frt-1007_01-sng_00-n_00-n_00-n_00-n_00-n_00-n;1007;0;41721;0;N;531979;539856;4;3026;0;PM_BE-PH_1;20140323xSun;04_Zadní Třebaň_Všenory;Středočeský kraj;h00;3;N
02-o2_02-edg_02-vis_03-lau2_07-day_03-60_07-frt-1007_01-sng_00-n_00-n_00-n_00-n_00-n_00-n;1007;0;41723;0;N;531979;539856;4;3026;0;PM_BE-PH_1;20140325xTue;04_Zadní Třebaň_Všenory;Středočeský kraj;h00;2;N
02-o2_02-edg_02-vis_03-lau2_07-day_03-60_07-frt-1007_01-sng_00-n_00-n_00-n_00-n_00-n_00-n;1007;0;41722;0;N;531979;539856;4;3026;0;PM_BE-PH_1;20140324xMon;04_Zadní Třebaň_Všenory;Středočeský kraj;h00;6;N
02-o2_02-edg_02-vis_03-lau2_07-day_03-60_07-frt-1007_01-sng_00-n_00-n_00-n_00-n_00-n_00-n;1007;0;41724;0;N;531979;539856;4;3026;0;PM_BE-PH_1;20140326xWed;04_Zadní Třebaň_Všenory;Středočeský kraj;h00;2;N
02-o2_02-edg_02-vis_03-lau2_07-day_03-60_07-frt-1007_01-sng_00-n_00-n_00-n_00-n_00-n_00-n;1007;0;41716;0;N;531979;539643;4;3026;0;PM_BE-PH_1;20140318xTue;04_Zadní Třebaň_Řevnice;Středočeský kraj;h00;126;N
02-o2_02-edg_02-vis_03-lau2_07-day_03-60_07-frt-1007_01-sng_00-n_00-n_00-n_00-n_00-n_00-n;1007;0;41719;0;N;531979;539643;4;3026;0;PM_BE-PH_1;20140321xFri;04_Zadní Třebaň_Řevnice;Středočeský kraj;h00;12;N
02-o2_02-edg_02-vis_03-lau2_07-day_03-60_07-frt-1007_01-sng_00-n_00-n_00-n_00-n_00-n_00-n;1007;0;41711;0;N;531979;539643;4;3026;0;PM_BE-PH_1;20140313xThu;04_Zadní Třebaň_Řevnice;Středočeský kraj;h00;41;N
02-o2_02-edg_02-vis_03-lau2_07-day_03-60_07-frt-1007_01-sng_00-n_00-n_00-n_00-n_00-n_00-n;1007;0;41720;0;N;531979;539643;4;3026;0;PM_BE-PH_1;20140322xSat;04_Zadní Třebaň_Řevnice;Středočeský kraj;h00;9;N
02-o2_02-edg_02-vis_03-lau2_07-day_03-60_07-frt-1007_01-sng_00-n_00-n_00-n_00-n_00-n_00-n;1007;0;41713;0;N;531979;539643;4;3026;0;PM_BE-PH_1;20140315xSat;04_Zadní Třebaň_Řevnice;Středočeský kraj;h00;15;N
02-o2_02-edg_02-vis_03-lau2_07-day_03-60_07-frt-1007_01-sng_00-n_00-n_00-n_00-n_00-n_00-n;1007;0;41717;0;N;531979;539643;4;3026;0;PM_BE-PH_1;20140319xWed;04_Zadní Třebaň_Řevnice;Středočeský kraj;h00;151;N
02-o2_02-edg_02-vis_03-lau2_07-day_03-60_07-frt-1007_01-sng_00-n_00-n_00-n_00-n_00-n_00-n;1007;0;41715;0;N;531979;539643;4;3026;0;PM_BE-PH_1;20140317xMon;04_Zadní Třebaň_Řevnice;Středočeský kraj;h00;5;N
02-o2_02-edg_02-vis_03-lau2_07-day_03-60_07-frt-1007_01-sng_00-n_00-n_00-n_00-n_00-n_00-n;1007;0;41712;0;N;531979;539643;4;3026;0;PM_BE-PH_1;20140314xFri;04_Zadní Třebaň_Řevnice;Středočeský kraj;h00;79;N
02-o2_02-edg_02-vis_03-lau2_07-day_03-60_07-frt-1007_01-sng_00-n_00-n_00-n_00-n_00-n_00-n;1007;0;41710;0;N;531979;539643;4;3026;0;PM_BE-PH_1;20140312xWed;04_Zadní Třebaň_Řevnice;Středočeský kraj;h00;56;N
02-o2_02-edg_02-vis_03-lau2_07-day_03-60_07-frt-1007_01-sng_00-n_00-n_00-n_00-n_00-n_00-n;1007;0;41714;0;N;531979;539643;4;3026;0;PM_BE-PH_1;20140316xSun;04_Zadní Třebaň_Řevnice;Středočeský kraj;h00;18;N
02-o2_02-edg_02-vis_03-lau2_07-day_03-60_07-frt-1007_01-sng_00-n_00-n_00-n_00-n_00-n_00-n;1007;0;41718;0;N;531979;539643;4;3026;0;PM_BE-PH_1;20140320xThu;04_Zadní Třebaň_Řevnice;Středočeský kraj;h00;70;N
02-o2_02-edg_02-vis_03-lau2_07-day_03-60_07-frt-1007_01-sng_00-n_00-n_00-n_00-n_00-n_00-n;1007;0;41724;0;N;531979;539643;4;3026;0;PM_BE-PH_1;20140326xWed;04_Zadní Třebaň_Řevnice;Středočeský kraj;h00;32;N
02-o2_02-edg_02-vis_03-lau2_07-day_03-60_07-frt-1007_01-sng_00-n_00-n_00-n_00-n_00-n_00-n;1007;0;41722;0;N;531979;539643;4;3026;0;PM_BE-PH_1;20140324xMon;04_Zadní Třebaň_Řevnice;Středočeský kraj;h00;135;N
02-o2_02-edg_02-vis_03-lau2_07-day_03-60_07-frt-1007_01-sng_00-n_00-n_00-n_00-n_00-n_00-n;1007;0;41723;0;N;531979;539643;4;3026;0;PM_BE-PH_1;20140325xTue;04_Zadní Třebaň_Řevnice;Středočeský kraj;h00;33;N
02-o2_02-edg_02-vis_03-lau2_07-day_03-60_07-frt-1007_01-sng_00-n_00-n_00-n_00-n_00-n_00-n;1007;0;41721;0;N;531979;539643;4;3026;0;PM_BE-PH_1;20140323xSun;04_Zadní Třebaň_Řevnice;Středočeský kraj;h00;119;N
02-o2_02-edg_02-vis_03-lau2_07-day_03-60_07-frt-1007_01-sng_00-n_00-n_00-n_00-n_00-n_00-n;1007;0;41717;0;N;531979;539198;4;3026;0;PM_BE-PH_1;20140319xWed;04_Zadní Třebaň_Dobřichovice;Středočeský kraj;h00;25;N
02-o2_02-edg_02-vis_03-lau2_07-day_03-60_07-frt-1007_01-sng_00-n_00-n_00-n_00-n_00-n_00-n;1007;0;41716;0;N;531979;539198;4;3026;0;PM_BE-PH_1;20140318xTue;04_Zadní Třebaň_Dobřichovice;Středočeský kraj;h00;16;N
02-o2_02-edg_02-vis_03-lau2_07-day_03-60_07-frt-1007_01-sng_00-n_00-n_00-n_00-n_00-n_00-n;1007;0;41710;0;N;531979;539198;4;3026;0;PM_BE-PH_1;20140312xWed;04_Zadní Třebaň_Dobřichovice;Středočeský kraj;h00;5;N
02-o2_02-edg_02-vis_03-lau2_07-day_03-60_07-frt-1007_01-sng_00-n_00-n_00-n_00-n_00-n_00-n;1007;0;41714;0;N;531979;539198;4;3026;0;PM_BE-PH_1;20140316xSun;04_Zadní Třebaň_Dobřichovice;Středočeský kraj;h00;2;N
02-o2_02-edg_02-vis_03-lau2_07-day_03-60_07-frt-1007_01-sng_00-n_00-n_00-n_00-n_00-n_00-n;1007;0;41711;0;N;531979;539198;4;3026;0;PM_BE-PH_1;20140313xThu;04_Zadní Třebaň_Dobřichovice;Středočeský kraj;h00;12;N
02-o2_02-edg_02-vis_03-lau2_07-day_03-60_07-frt-1007_01-sng_00-n_00-n_00-n_00-n_00-n_00-n;1007;0;41718;0;N;531979;539198;4;3026;0;PM_BE-PH_1;20140320xThu;04_Zadní Třebaň_Dobřichovice;Středočeský kraj;h00;18;N
02-o2_02-edg_02-vis_03-lau2_07-day_03-60_07-frt-1007_01-sng_00-n_00-n_00-n_00-n_00-n_00-n;1007;0;41712;0;N;531979;539198;4;3026;0;PM_BE-PH_1;20140314xFri;04_Zadní Třebaň_Dobřichovice;Středočeský kraj;h00;15;N
02-o2_02-edg_02-vis_03-lau2_07-day_03-60_07-frt-1007_01-sng_00-n_00-n_00-n_00-n_00-n_00-n;1007;0;41720;0;N;531979;539198;4;3026;0;PM_BE-PH_1;20140322xSat;04_Zadní Třebaň_Dobřichovice;Středočeský kraj;h00;2;N
02-o2_02-edg_02-vis_03-lau2_07-day_03-60_07-frt-1007_01-sng_00-n_00-n_00-n_00-n_00-n_00-n;1007;0;41719;0;N;531979;539198;4;3026;0;PM_BE-PH_1;20140321xFri;04_Zadní Třebaň_Dobřichovice;Středočeský kraj;h00;4;N
02-o2_02-edg_02-vis_03-lau2_07-day_03-60_07-frt-1007_01-sng_00-n_00-n_00-n_00-n_00-n_00-n;1007;0;41715;0;N;531979;539198;4;3026;0;PM_BE-PH_1;20140317xMon;04_Zadní Třebaň_Dobřichovice;Středočeský kraj;h00;1;N
02-o2_02-edg_02-vis_03-lau2_07-day_03-60_07-frt-1007_01-sng_00-n_00-n_00-n_00-n_00-n_00-n;1007;0;41724;0;N;531979;539198;4;3026;0;PM_BE-PH_1;20140326xWed;04_Zadní Třebaň_Dobřichovice;Středočeský kraj;h00;12;N
02-o2_02-edg_02-vis_03-lau2_07-day_03-60_07-frt-1007_01-sng_00-n_00-n_00-n_00-n_00-n_00-n;1007;0;41723;0;N;531979;539198;4;3026;0;PM_BE-PH_1;20140325xTue;04_Zadní Třebaň_Dobřichovice;Středočeský kraj;h00;7;N
02-o2_02-edg_02-vis_03-lau2_07-day_03-60_07-frt-1007_01-sng_00-n_00-n_00-n_00-n_00-n_00-n;1007;0;41721;0;N;531979;539198;4;3026;0;PM_BE-PH_1;20140323xSun;04_Zadní Třebaň_Dobřichovice;Středočeský kraj;h00;7;N
02-o2_02-edg_02-vis_03-lau2_07-day_03-60_07-frt-1007_01-sng_00-n_00-n_00-n_00-n_00-n_00-n;1007;0;41722;0;N;531979;539198;4;3026;0;PM_BE-PH_1;20140324xMon;04_Zadní Třebaň_Dobřichovice;Středočeský kraj;h00;19;N
02-o2_02-edg_02-vis_03-lau2_07-day_03-60_07-frt-1007_01-sng_00-n_00-n_00-n_00-n_00-n_00-n;1007;0;41713;0;N;531979;539139;4;3026;0;PM_BE-PH_1;20140315xSat;04_Zadní Třebaň_Černošice;Středočeský kraj;h00;1;N
02-o2_02-edg_02-vis_03-lau2_07-day_03-60_07-frt-1007_01-sng_00-n_00-n_00-n_00-n_00-n_00-n;1007;0;41721;0;N;531979;539139;4;3026;0;PM_BE-PH_1;20140323xSun;04_Zadní Třebaň_Černošice;Středočeský kraj;h00;1;N
02-o2_02-edg_02-vis_03-lau2_07-day_03-60_07-frt-1007_01-sng_00-n_00-n_00-n_00-n_00-n_00-n;1007;0;41719;0;N;531979;539139;4;3026;0;PM_BE-PH_1;20140321xFri;04_Zadní Třebaň_Černošice;Středočeský kraj;h00;1;N
02-o2_02-edg_02-vis_03-lau2_07-day_03-60_07-frt-1007_01-sng_00-n_00-n_00-n_00-n_00-n_00-n;1007;0;41710;0;N;531979;539139;4;3026;0;PM_BE-PH_1;20140312xWed;04_Zadní Třebaň_Černošice;Středočeský kraj;h00;2;N
02-o2_02-edg_02-vis_03-lau2_07-day_03-60_07-frt-1007_01-sng_00-n_00-n_00-n_00-n_00-n_00-n;1007;0;41716;0;N;531979;539139;4;3026;0;PM_BE-PH_1;20140318xTue;04_Zadní Třebaň_Černošice;Středočeský kraj;h00;5;N
02-o2_02-edg_02-vis_03-lau2_07-day_03-60_07-frt-1007_01-sng_00-n_00-n_00-n_00-n_00-n_00-n;1007;0;41718;0;N;531979;539139;4;3026;0;PM_BE-PH_1;20140320xThu;04_Zadní Třebaň_Černošice;Středočeský kraj;h00;1;N
02-o2_02-edg_02-vis_03-lau2_07-day_03-60_07-frt-1007_01-sng_00-n_00-n_00-n_00-n_00-n_00-n;1007;0;41717;0;N;531979;539139;4;3026;0;PM_BE-PH_1;20140319xWed;04_Zadní Třebaň_Černošice;Středočeský kraj;h00;7;N
02-o2_02-edg_02-vis_03-lau2_07-day_03-60_07-frt-1007_01-sng_00-n_00-n_00-n_00-n_00-n_00-n;1007;0;41712;0;N;531979;539139;4;3026;0;PM_BE-PH_1;20140314xFri;04_Zadní Třebaň_Černošice;Středočeský kraj;h00;1;N
02-o2_02-edg_02-vis_03-lau2_07-day_03-60_07-frt-1007_01-sng_00-n_00-n_00-n_00-n_00-n_00-n;1007;0;41720;0;N;531979;539139;4;3026;0;PM_BE-PH_1;20140322xSat;04_Zadní Třebaň_Černošice;Středočeský kraj;h00;2;N
02-o2_02-edg_02-vis_03-lau2_07-day_03-60_07-frt-1007_01-sng_00-n_00-n_00-n_00-n_00-n_00-n;1007;0;41722;0;N;531979;539139;4;3026;0;PM_BE-PH_1;20140324xMon;04_Zadní Třebaň_Černošice;Středočeský kraj;h00;1;N
02-o2_02-edg_02-vis_03-lau2_07-day_03-60_07-frt-1007_01-sng_00-n_00-n_00-n_00-n_00-n_00-n;1007;0;41711;0;N;531758;554782;2;3026;0;PM_BE-PH_1;20140313xThu;02_Srbsko_Praha;Středočeský kraj;h00;33;N
02-o2_02-edg_02-vis_03-lau2_07-day_03-60_07-frt-1007_01-sng_00-n_00-n_00-n_00-n_00-n_00-n;1007;0;41710;0;N;531758;554782;2;3026;0;PM_BE-PH_1;20140312xWed;02_Srbsko_Praha;Středočeský kraj;h00;41;N
02-o2_02-edg_02-vis_03-lau2_07-day_03-60_07-frt-1007_01-sng_00-n_00-n_00-n_00-n_00-n_00-n;1007;0;41714;0;N;531758;554782;2;3026;0;PM_BE-PH_1;20140316xSun;02_Srbsko_Praha;Středočeský kraj;h00;2;N
02-o2_02-edg_02-vis_03-lau2_07-day_03-60_07-frt-1007_01-sng_00-n_00-n_00-n_00-n_00-n_00-n;1007;0;41713;0;N;531758;554782;2;3026;0;PM_BE-PH_1;20140315xSat;02_Srbsko_Praha;Středočeský kraj;h00;11;N
02-o2_02-edg_02-vis_03-lau2_07-day_03-60_07-frt-1007_01-sng_00-n_00-n_00-n_00-n_00-n_00-n;1007;0;41717;0;N;531758;554782;2;3026;0;PM_BE-PH_1;20140319xWed;02_Srbsko_Praha;Středočeský kraj;h00;34;N
02-o2_02-edg_02-vis_03-lau2_07-day_03-60_07-frt-1007_01-sng_00-n_00-n_00-n_00-n_00-n_00-n;1007;0;41720;0;N;531758;554782;2;3026;0;PM_BE-PH_1;20140322xSat;02_Srbsko_Praha;Středočeský kraj;h00;6;N
02-o2_02-edg_02-vis_03-lau2_07-day_03-60_07-frt-1007_01-sng_00-n_00-n_00-n_00-n_00-n_00-n;1007;0;41719;0;N;531758;554782;2;3026;0;PM_BE-PH_1;20140321xFri;02_Srbsko_Praha;Středočeský kraj;h00;19;N
02-o2_02-edg_02-vis_03-lau2_07-day_03-60_07-frt-1007_01-sng_00-n_00-n_00-n_00-n_00-n_00-n;1007;0;41716;0;N;531758;554782;2;3026;0;PM_BE-PH_1;20140318xTue;02_Srbsko_Praha;Středočeský kraj;h00;44;N
02-o2_02-edg_02-vis_03-lau2_07-day_03-60_07-frt-1007_01-sng_00-n_00-n_00-n_00-n_00-n_00-n;1007;0;41712;0;N;531758;554782;2;3026;0;PM_BE-PH_1;20140314xFri;02_Srbsko_Praha;Středočeský kraj;h00;19;N
02-o2_02-edg_02-vis_03-lau2_07-day_03-60_07-frt-1007_01-sng_00-n_00-n_00-n_00-n_00-n_00-n;1007;0;41715;0;N;531758;554782;2;3026;0;PM_BE-PH_1;20140317xMon;02_Srbsko_Praha;Středočeský kraj;h00;19;N
02-o2_02-edg_02-vis_03-lau2_07-day_03-60_07-frt-1007_01-sng_00-n_00-n_00-n_00-n_00-n_00-n;1007;0;41718;0;N;531758;554782;2;3026;0;PM_BE-PH_1;20140320xThu;02_Srbsko_Praha;Středočeský kraj;h00;45;N
02-o2_02-edg_02-vis_03-lau2_07-day_03-60_07-frt-1007_01-sng_00-n_00-n_00-n_00-n_00-n_00-n;1007;0;41723;0;N;531758;554782;2;3026;0;PM_BE-PH_1;20140325xTue;02_Srbsko_Praha;Středočeský kraj;h00;41;N
02-o2_02-edg_02-vis_03-lau2_07-day_03-60_07-frt-1007_01-sng_00-n_00-n_00-n_00-n_00-n_00-n;1007;0;41722;0;N;531758;554782;2;3026;0;PM_BE-PH_1;20140324xMon;02_Srbsko_Praha;Středočeský kraj;h00;34;N
02-o2_02-edg_02-vis_03-lau2_07-day_03-60_07-frt-1007_01-sng_00-n_00-n_00-n_00-n_00-n_00-n;1007;0;41724;0;N;531758;554782;2;3026;0;PM_BE-PH_1;20140326xWed;02_Srbsko_Praha;Středočeský kraj;h00;35;N
02-o2_02-edg_02-vis_03-lau2_07-day_03-60_07-frt-1007_01-sng_00-n_00-n_00-n_00-n_00-n_00-n;1007;0;41721;0;N;531758;554782;2;3026;0;PM_BE-PH_1;20140323xSun;02_Srbsko_Praha;Středočeský kraj;h00;8;N
02-o2_02-edg_02-vis_03-lau2_07-day_03-60_07-frt-1007_01-sng_00-n_00-n_00-n_00-n_00-n_00-n;1007;0;41716;0;N;531758;539643;2;3026;0;PM_BE-PH_1;20140318xTue;02_Srbsko_Řevnice;Středočeský kraj;h00;3;N
02-o2_02-edg_02-vis_03-lau2_07-day_03-60_07-frt-1007_01-sng_00-n_00-n_00-n_00-n_00-n_00-n;1007;0;41719;0;N;531758;539643;2;3026;0;PM_BE-PH_1;20140321xFri;02_Srbsko_Řevnice;Středočeský kraj;h00;3;N
02-o2_02-edg_02-vis_03-lau2_07-day_03-60_07-frt-1007_01-sng_00-n_00-n_00-n_00-n_00-n_00-n;1007;0;41711;0;N;531758;539643;2;3026;0;PM_BE-PH_1;20140313xThu;02_Srbsko_Řevnice;Středočeský kraj;h00;2;N
02-o2_02-edg_02-vis_03-lau2_07-day_03-60_07-frt-1007_01-sng_00-n_00-n_00-n_00-n_00-n_00-n;1007;0;41717;0;N;531758;539643;2;3026;0;PM_BE-PH_1;20140319xWed;02_Srbsko_Řevnice;Středočeský kraj;h00;6;N
02-o2_02-edg_02-vis_03-lau2_07-day_03-60_07-frt-1007_01-sng_00-n_00-n_00-n_00-n_00-n_00-n;1007;0;41710;0;N;531758;539643;2;3026;0;PM_BE-PH_1;20140312xWed;02_Srbsko_Řevnice;Středočeský kraj;h00;3;N
02-o2_02-edg_02-vis_03-lau2_07-day_03-60_07-frt-1007_01-sng_00-n_00-n_00-n_00-n_00-n_00-n;1007;0;41718;0;N;531758;539643;2;3026;0;PM_BE-PH_1;20140320xThu;02_Srbsko_Řevnice;Středočeský kraj;h00;1;N
02-o2_02-edg_02-vis_03-lau2_07-day_03-60_07-frt-1007_01-sng_00-n_00-n_00-n_00-n_00-n_00-n;1007;0;41723;0;N;531758;539643;2;3026;0;PM_BE-PH_1;20140325xTue;02_Srbsko_Řevnice;Středočeský kraj;h00;4;N
02-o2_02-edg_02-vis_03-lau2_07-day_03-60_07-frt-1007_01-sng_00-n_00-n_00-n_00-n_00-n_00-n;1007;0;41722;0;N;531758;539643;2;3026;0;PM_BE-PH_1;20140324xMon;02_Srbsko_Řevnice;Středočeský kraj;h00;2;N
02-o2_02-edg_02-vis_03-lau2_07-day_03-60_07-frt-1007_01-sng_00-n_00-n_00-n_00-n_00-n_00-n;1007;0;41724;0;N;531758;539643;2;3026;0;PM_BE-PH_1;20140326xWed;02_Srbsko_Řevnice;Středočeský kraj;h00;2;N
02-o2_02-edg_02-vis_03-lau2_07-day_03-60_07-frt-1007_01-sng_00-n_00-n_00-n_00-n_00-n_00-n;1007;0;41712;0;N;531758;539198;2;3026;0;PM_BE-PH_1;20140314xFri;02_Srbsko_Dobřichovice;Středočeský kraj;h00;2;N
02-o2_02-edg_02-vis_03-lau2_07-day_03-60_07-frt-1007_01-sng_00-n_00-n_00-n_00-n_00-n_00-n;1007;0;41716;0;N;531758;539198;2;3026;0;PM_BE-PH_1;20140318xTue;02_Srbsko_Dobřichovice;Středočeský kraj;h00;2;N
02-o2_02-edg_02-vis_03-lau2_07-day_03-60_07-frt-1007_01-sng_00-n_00-n_00-n_00-n_00-n_00-n;1007;0;41718;0;N;531758;539198;2;3026;0;PM_BE-PH_1;20140320xThu;02_Srbsko_Dobřichovice;Středočeský kraj;h00;1;N
02-o2_02-edg_02-vis_03-lau2_07-day_03-60_07-frt-1007_01-sng_00-n_00-n_00-n_00-n_00-n_00-n;1007;0;41710;0;N;531758;539198;2;3026;0;PM_BE-PH_1;20140312xWed;02_Srbsko_Dobřichovice;Středočeský kraj;h00;1;N
02-o2_02-edg_02-vis_03-lau2_07-day_03-60_07-frt-1007_01-sng_00-n_00-n_00-n_00-n_00-n_00-n;1007;0;41711;0;N;531758;539198;2;3026;0;PM_BE-PH_1;20140313xThu;02_Srbsko_Dobřichovice;Středočeský kraj;h00;1;N
02-o2_02-edg_02-vis_03-lau2_07-day_03-60_07-frt-1007_01-sng_00-n_00-n_00-n_00-n_00-n_00-n;1007;0;41723;0;N;531758;539198;2;3026;0;PM_BE-PH_1;20140325xTue;02_Srbsko_Dobřichovice;Středočeský kraj;h00;4;N
02-o2_02-edg_02-vis_03-lau2_07-day_03-60_07-frt-1007_01-sng_00-n_00-n_00-n_00-n_00-n_00-n;1007;0;41724;0;N;531758;539198;2;3026;0;PM_BE-PH_1;20140326xWed;02_Srbsko_Dobřichovice;Středočeský kraj;h00;2;N
02-o2_02-edg_02-vis_03-lau2_07-day_03-60_07-frt-1007_01-sng_00-n_00-n_00-n_00-n_00-n_00-n;1007;0;41721;0;N;531758;539198;2;3026;0;PM_BE-PH_1;20140323xSun;02_Srbsko_Dobřichovice;Středočeský kraj;h00;1;N
02-o2_02-edg_02-vis_03-lau2_07-day_03-60_07-frt-1007_01-sng_00-n_00-n_00-n_00-n_00-n_00-n;1007;0;41722;0;N;531758;539198;2;3026;0;PM_BE-PH_1;20140324xMon;02_Srbsko_Dobřichovice;Středočeský kraj;h00;1;N
02-o2_02-edg_02-vis_03-lau2_07-day_03-60_07-frt-1007_01-sng_00-n_00-n_00-n_00-n_00-n_00-n;1007;0;41716;0;N;531758;539139;2;3026;0;PM_BE-PH_1;20140318xTue;02_Srbsko_Černošice;Středočeský kraj;h00;1;N
02-o2_02-edg_02-vis_03-lau2_07-day_03-60_07-frt-1007_01-sng_00-n_00-n_00-n_00-n_00-n_00-n;1007;0;41710;0;N;531758;539139;2;3026;0;PM_BE-PH_1;20140312xWed;02_Srbsko_Černošice;Středočeský kraj;h00;1;N
02-o2_02-edg_02-vis_03-lau2_07-day_03-60_07-frt-1007_01-sng_00-n_00-n_00-n_00-n_00-n_00-n;1007;0;41711;0;N;531758;539139;2;3026;0;PM_BE-PH_1;20140313xThu;02_Srbsko_Černošice;Středočeský kraj;h00;1;N
02-o2_02-edg_02-vis_03-lau2_07-day_03-60_07-frt-1007_01-sng_00-n_00-n_00-n_00-n_00-n_00-n;1007;0;41718;0;N;531758;539139;2;3026;0;PM_BE-PH_1;20140320xThu;02_Srbsko_Černošice;Středočeský kraj;h00;1;N
02-o2_02-edg_02-vis_03-lau2_07-day_03-60_07-frt-1007_01-sng_00-n_00-n_00-n_00-n_00-n_00-n;1007;0;41712;0;N;531758;539139;2;3026;0;PM_BE-PH_1;20140314xFri;02_Srbsko_Černošice;Středočeský kraj;h00;1;N
02-o2_02-edg_02-vis_03-lau2_07-day_03-60_07-frt-1007_01-sng_00-n_00-n_00-n_00-n_00-n_00-n;1007;0;41724;0;N;531758;539139;2;3026;0;PM_BE-PH_1;20140326xWed;02_Srbsko_Černošice;Středočeský kraj;h00;1;N
02-o2_02-edg_02-vis_03-lau2_07-day_03-60_07-frt-1007_01-sng_00-n_00-n_00-n_00-n_00-n_00-n;1007;0;41723;0;N;531758;539139;2;3026;0;PM_BE-PH_1;20140325xTue;02_Srbsko_Černošice;Středočeský kraj;h00;1;N
02-o2_02-edg_02-vis_03-lau2_07-day_03-60_07-frt-1007_01-sng_00-n_00-n_00-n_00-n_00-n_00-n;1007;0;41717;0;N;531758;531979;2;3026;0;PM_BE-PH_1;20140319xWed;02_Srbsko_Zadní Třebaň;Středočeský kraj;h00;1;N
02-o2_02-edg_02-vis_03-lau2_07-day_03-60_07-frt-1007_01-sng_00-n_00-n_00-n_00-n_00-n_00-n;1007;0;41718;0;N;531758;531979;2;3026;0;PM_BE-PH_1;20140320xThu;02_Srbsko_Zadní Třebaň;Středočeský kraj;h00;2;N
02-o2_02-edg_02-vis_03-lau2_07-day_03-60_07-frt-1007_01-sng_00-n_00-n_00-n_00-n_00-n_00-n;1007;0;41719;0;N;531758;531316;2;3026;0;PM_BE-PH_1;20140321xFri;02_Srbsko_Karlštejn;Středočeský kraj;h00;4;N
02-o2_02-edg_02-vis_03-lau2_07-day_03-60_07-frt-1007_01-sng_00-n_00-n_00-n_00-n_00-n_00-n;1007;0;41715;0;N;531758;531316;2;3026;0;PM_BE-PH_1;20140317xMon;02_Srbsko_Karlštejn;Středočeský kraj;h00;5;N
02-o2_02-edg_02-vis_03-lau2_07-day_03-60_07-frt-1007_01-sng_00-n_00-n_00-n_00-n_00-n_00-n;1007;0;41712;0;N;531758;531316;2;3026;0;PM_BE-PH_1;20140314xFri;02_Srbsko_Karlštejn;Středočeský kraj;h00;11;N
02-o2_02-edg_02-vis_03-lau2_07-day_03-60_07-frt-1007_01-sng_00-n_00-n_00-n_00-n_00-n_00-n;1007;0;41713;0;N;531758;531316;2;3026;0;PM_BE-PH_1;20140315xSat;02_Srbsko_Karlštejn;Středočeský kraj;h00;10;N
02-o2_02-edg_02-vis_03-lau2_07-day_03-60_07-frt-1007_01-sng_00-n_00-n_00-n_00-n_00-n_00-n;1007;0;41716;0;N;531758;531316;2;3026;0;PM_BE-PH_1;20140318xTue;02_Srbsko_Karlštejn;Středočeský kraj;h00;13;N
02-o2_02-edg_02-vis_03-lau2_07-day_03-60_07-frt-1007_01-sng_00-n_00-n_00-n_00-n_00-n_00-n;1007;0;41717;0;N;531758;531316;2;3026;0;PM_BE-PH_1;20140319xWed;02_Srbsko_Karlštejn;Středočeský kraj;h00;14;N
02-o2_02-edg_02-vis_03-lau2_07-day_03-60_07-frt-1007_01-sng_00-n_00-n_00-n_00-n_00-n_00-n;1007;0;41720;0;N;531758;531316;2;3026;0;PM_BE-PH_1;20140322xSat;02_Srbsko_Karlštejn;Středočeský kraj;h00;7;N
02-o2_02-edg_02-vis_03-lau2_07-day_03-60_07-frt-1007_01-sng_00-n_00-n_00-n_00-n_00-n_00-n;1007;0;41710;0;N;531758;531316;2;3026;0;PM_BE-PH_1;20140312xWed;02_Srbsko_Karlštejn;Středočeský kraj;h00;8;N
02-o2_02-edg_02-vis_03-lau2_07-day_03-60_07-frt-1007_01-sng_00-n_00-n_00-n_00-n_00-n_00-n;1007;0;41711;0;N;531758;531316;2;3026;0;PM_BE-PH_1;20140313xThu;02_Srbsko_Karlštejn;Středočeský kraj;h00;10;N
02-o2_02-edg_02-vis_03-lau2_07-day_03-60_07-frt-1007_01-sng_00-n_00-n_00-n_00-n_00-n_00-n;1007;0;41718;0;N;531758;531316;2;3026;0;PM_BE-PH_1;20140320xThu;02_Srbsko_Karlštejn;Středočeský kraj;h00;16;N
02-o2_02-edg_02-vis_03-lau2_07-day_03-60_07-frt-1007_01-sng_00-n_00-n_00-n_00-n_00-n_00-n;1007;0;41722;0;N;531758;531316;2;3026;0;PM_BE-PH_1;20140324xMon;02_Srbsko_Karlštejn;Středočeský kraj;h00;14;N
02-o2_02-edg_02-vis_03-lau2_07-day_03-60_07-frt-1007_01-sng_00-n_00-n_00-n_00-n_00-n_00-n;1007;0;41721;0;N;531758;531316;2;3026;0;PM_BE-PH_1;20140323xSun;02_Srbsko_Karlštejn;Středočeský kraj;h00;8;N
02-o2_02-edg_02-vis_03-lau2_07-day_03-60_07-frt-1007_01-sng_00-n_00-n_00-n_00-n_00-n_00-n;1007;0;41724;0;N;531758;531316;2;3026;0;PM_BE-PH_1;20140326xWed;02_Srbsko_Karlštejn;Středočeský kraj;h00;20;N
02-o2_02-edg_02-vis_03-lau2_07-day_03-60_07-frt-1007_01-sng_00-n_00-n_00-n_00-n_00-n_00-n;1007;0;41723;0;N;531758;531316;2;3026;0;PM_BE-PH_1;20140325xTue;02_Srbsko_Karlštejn;Středočeský kraj;h00;46;N
02-o2_02-edg_02-vis_03-lau2_07-day_03-60_07-frt-1007_01-sng_00-n_00-n_00-n_00-n_00-n_00-n;1007;0;41715;0;N;531316;554782;3;3026;0;PM_BE-PH_1;20140317xMon;03_Karlštejn_Praha;Středočeský kraj;h00;26;N
02-o2_02-edg_02-vis_03-lau2_07-day_03-60_07-frt-1007_01-sng_00-n_00-n_00-n_00-n_00-n_00-n;1007;0;41716;0;N;531316;554782;3;3026;0;PM_BE-PH_1;20140318xTue;03_Karlštejn_Praha;Středočeský kraj;h00;47;N
02-o2_02-edg_02-vis_03-lau2_07-day_03-60_07-frt-1007_01-sng_00-n_00-n_00-n_00-n_00-n_00-n;1007;0;41713;0;N;531316;554782;3;3026;0;PM_BE-PH_1;20140315xSat;03_Karlštejn_Praha;Středočeský kraj;h00;8;N
02-o2_02-edg_02-vis_03-lau2_07-day_03-60_07-frt-1007_01-sng_00-n_00-n_00-n_00-n_00-n_00-n;1007;0;41718;0;N;531316;554782;3;3026;0;PM_BE-PH_1;20140320xThu;03_Karlštejn_Praha;Středočeský kraj;h00;42;N
02-o2_02-edg_02-vis_03-lau2_07-day_03-60_07-frt-1007_01-sng_00-n_00-n_00-n_00-n_00-n_00-n;1007;0;41711;0;N;531316;554782;3;3026;0;PM_BE-PH_1;20140313xThu;03_Karlštejn_Praha;Středočeský kraj;h00;26;N
02-o2_02-edg_02-vis_03-lau2_07-day_03-60_07-frt-1007_01-sng_00-n_00-n_00-n_00-n_00-n_00-n;1007;0;41719;0;N;531316;554782;3;3026;0;PM_BE-PH_1;20140321xFri;03_Karlštejn_Praha;Středočeský kraj;h00;19;N
02-o2_02-edg_02-vis_03-lau2_07-day_03-60_07-frt-1007_01-sng_00-n_00-n_00-n_00-n_00-n_00-n;1007;0;41720;0;N;531316;554782;3;3026;0;PM_BE-PH_1;20140322xSat;03_Karlštejn_Praha;Středočeský kraj;h00;8;N
02-o2_02-edg_02-vis_03-lau2_07-day_03-60_07-frt-1007_01-sng_00-n_00-n_00-n_00-n_00-n_00-n;1007;0;41710;0;N;531316;554782;3;3026;0;PM_BE-PH_1;20140312xWed;03_Karlštejn_Praha;Středočeský kraj;h00;38;N
02-o2_02-edg_02-vis_03-lau2_07-day_03-60_07-frt-1007_01-sng_00-n_00-n_00-n_00-n_00-n_00-n;1007;0;41714;0;N;531316;554782;3;3026;0;PM_BE-PH_1;20140316xSun;03_Karlštejn_Praha;Středočeský kraj;h00;5;N
02-o2_02-edg_02-vis_03-lau2_07-day_03-60_07-frt-1007_01-sng_00-n_00-n_00-n_00-n_00-n_00-n;1007;0;41712;0;N;531316;554782;3;3026;0;PM_BE-PH_1;20140314xFri;03_Karlštejn_Praha;Středočeský kraj;h00;27;N
02-o2_02-edg_02-vis_03-lau2_07-day_03-60_07-frt-1007_01-sng_00-n_00-n_00-n_00-n_00-n_00-n;1007;0;41717;0;N;531316;554782;3;3026;0;PM_BE-PH_1;20140319xWed;03_Karlštejn_Praha;Středočeský kraj;h00;53;N
02-o2_02-edg_02-vis_03-lau2_07-day_03-60_07-frt-1007_01-sng_00-n_00-n_00-n_00-n_00-n_00-n;1007;0;41721;0;N;531316;554782;3;3026;0;PM_BE-PH_1;20140323xSun;03_Karlštejn_Praha;Středočeský kraj;h00;14;N
02-o2_02-edg_02-vis_03-lau2_07-day_03-60_07-frt-1007_01-sng_00-n_00-n_00-n_00-n_00-n_00-n;1007;0;41722;0;N;531316;554782;3;3026;0;PM_BE-PH_1;20140324xMon;03_Karlštejn_Praha;Středočeský kraj;h00;51;N
02-o2_02-edg_02-vis_03-lau2_07-day_03-60_07-frt-1007_01-sng_00-n_00-n_00-n_00-n_00-n_00-n;1007;0;41724;0;N;531316;554782;3;3026;0;PM_BE-PH_1;20140326xWed;03_Karlštejn_Praha;Středočeský kraj;h00;37;N
02-o2_02-edg_02-vis_03-lau2_07-day_03-60_07-frt-1007_01-sng_00-n_00-n_00-n_00-n_00-n_00-n;1007;0;41723;0;N;531316;554782;3;3026;0;PM_BE-PH_1;20140325xTue;03_Karlštejn_Praha;Středočeský kraj;h00;36;N
02-o2_02-edg_02-vis_03-lau2_07-day_03-60_07-frt-1007_01-sng_00-n_00-n_00-n_00-n_00-n_00-n;1007;0;41716;0;N;531316;539856;3;3026;0;PM_BE-PH_1;20140318xTue;03_Karlštejn_Všenory;Středočeský kraj;h00;1;N
02-o2_02-edg_02-vis_03-lau2_07-day_03-60_07-frt-1007_01-sng_00-n_00-n_00-n_00-n_00-n_00-n;1007;0;41711;0;N;531316;539856;3;3026;0;PM_BE-PH_1;20140313xThu;03_Karlštejn_Všenory;Středočeský kraj;h00;1;N
02-o2_02-edg_02-vis_03-lau2_07-day_03-60_07-frt-1007_01-sng_00-n_00-n_00-n_00-n_00-n_00-n;1007;0;41712;0;N;531316;539856;3;3026;0;PM_BE-PH_1;20140314xFri;03_Karlštejn_Všenory;Středočeský kraj;h00;2;N
02-o2_02-edg_02-vis_03-lau2_07-day_03-60_07-frt-1007_01-sng_00-n_00-n_00-n_00-n_00-n_00-n;1007;0;41717;0;N;531316;539856;3;3026;0;PM_BE-PH_1;20140319xWed;03_Karlštejn_Všenory;Středočeský kraj;h00;5;N
02-o2_02-edg_02-vis_03-lau2_07-day_03-60_07-frt-1007_01-sng_00-n_00-n_00-n_00-n_00-n_00-n;1007;0;41715;0;N;531316;539856;3;3026;0;PM_BE-PH_1;20140317xMon;03_Karlštejn_Všenory;Středočeský kraj;h00;1;N
02-o2_02-edg_02-vis_03-lau2_07-day_03-60_07-frt-1007_01-sng_00-n_00-n_00-n_00-n_00-n_00-n;1007;0;41713;0;N;531316;539856;3;3026;0;PM_BE-PH_1;20140315xSat;03_Karlštejn_Všenory;Středočeský kraj;h00;2;N
02-o2_02-edg_02-vis_03-lau2_07-day_03-60_07-frt-1007_01-sng_00-n_00-n_00-n_00-n_00-n_00-n;1007;0;41720;0;N;531316;539856;3;3026;0;PM_BE-PH_1;20140322xSat;03_Karlštejn_Všenory;Středočeský kraj;h00;2;N
02-o2_02-edg_02-vis_03-lau2_07-day_03-60_07-frt-1007_01-sng_00-n_00-n_00-n_00-n_00-n_00-n;1007;0;41723;0;N;531316;539856;3;3026;0;PM_BE-PH_1;20140325xTue;03_Karlštejn_Všenory;Středočeský kraj;h00;5;N
02-o2_02-edg_02-vis_03-lau2_07-day_03-60_07-frt-1007_01-sng_00-n_00-n_00-n_00-n_00-n_00-n;1007;0;41722;0;N;531316;539856;3;3026;0;PM_BE-PH_1;20140324xMon;03_Karlštejn_Všenory;Středočeský kraj;h00;4;N
02-o2_02-edg_02-vis_03-lau2_07-day_03-60_07-frt-1007_01-sng_00-n_00-n_00-n_00-n_00-n_00-n;1007;0;41724;0;N;531316;539856;3;3026;0;PM_BE-PH_1;20140326xWed;03_Karlštejn_Všenory;Středočeský kraj;h00;2;N
02-o2_02-edg_02-vis_03-lau2_07-day_03-60_07-frt-1007_01-sng_00-n_00-n_00-n_00-n_00-n_00-n;1007;0;41716;0;N;531316;539643;3;3026;0;PM_BE-PH_1;20140318xTue;03_Karlštejn_Řevnice;Středočeský kraj;h00;9;N
02-o2_02-edg_02-vis_03-lau2_07-day_03-60_07-frt-1007_01-sng_00-n_00-n_00-n_00-n_00-n_00-n;1007;0;41718;0;N;531316;539643;3;3026;0;PM_BE-PH_1;20140320xThu;03_Karlštejn_Řevnice;Středočeský kraj;h00;9;N
02-o2_02-edg_02-vis_03-lau2_07-day_03-60_07-frt-1007_01-sng_00-n_00-n_00-n_00-n_00-n_00-n;1007;0;41719;0;N;531316;539643;3;3026;0;PM_BE-PH_1;20140321xFri;03_Karlštejn_Řevnice;Středočeský kraj;h00;5;N
02-o2_02-edg_02-vis_03-lau2_07-day_03-60_07-frt-1007_01-sng_00-n_00-n_00-n_00-n_00-n_00-n;1007;0;41717;0;N;531316;539643;3;3026;0;PM_BE-PH_1;20140319xWed;03_Karlštejn_Řevnice;Středočeský kraj;h00;10;N
02-o2_02-edg_02-vis_03-lau2_07-day_03-60_07-frt-1007_01-sng_00-n_00-n_00-n_00-n_00-n_00-n;1007;0;41713;0;N;531316;539643;3;3026;0;PM_BE-PH_1;20140315xSat;03_Karlštejn_Řevnice;Středočeský kraj;h00;8;N
02-o2_02-edg_02-vis_03-lau2_07-day_03-60_07-frt-1007_01-sng_00-n_00-n_00-n_00-n_00-n_00-n;1007;0;41710;0;N;531316;539643;3;3026;0;PM_BE-PH_1;20140312xWed;03_Karlštejn_Řevnice;Středočeský kraj;h00;8;N
02-o2_02-edg_02-vis_03-lau2_07-day_03-60_07-frt-1007_01-sng_00-n_00-n_00-n_00-n_00-n_00-n;1007;0;41712;0;N;531316;539643;3;3026;0;PM_BE-PH_1;20140314xFri;03_Karlštejn_Řevnice;Středočeský kraj;h00;13;N
02-o2_02-edg_02-vis_03-lau2_07-day_03-60_07-frt-1007_01-sng_00-n_00-n_00-n_00-n_00-n_00-n;1007;0;41711;0;N;531316;539643;3;3026;0;PM_BE-PH_1;20140313xThu;03_Karlštejn_Řevnice;Středočeský kraj;h00;6;N
02-o2_02-edg_02-vis_03-lau2_07-day_03-60_07-frt-1007_01-sng_00-n_00-n_00-n_00-n_00-n_00-n;1007;0;41715;0;N;531316;539643;3;3026;0;PM_BE-PH_1;20140317xMon;03_Karlštejn_Řevnice;Středočeský kraj;h00;1;N
02-o2_02-edg_02-vis_03-lau2_07-day_03-60_07-frt-1007_01-sng_00-n_00-n_00-n_00-n_00-n_00-n;1007;0;41720;0;N;531316;539643;3;3026;0;PM_BE-PH_1;20140322xSat;03_Karlštejn_Řevnice;Středočeský kraj;h00;9;N
02-o2_02-edg_02-vis_03-lau2_07-day_03-60_07-frt-1007_01-sng_00-n_00-n_00-n_00-n_00-n_00-n;1007;0;41724;0;N;531316;539643;3;3026;0;PM_BE-PH_1;20140326xWed;03_Karlštejn_Řevnice;Středočeský kraj;h00;11;N
02-o2_02-edg_02-vis_03-lau2_07-day_03-60_07-frt-1007_01-sng_00-n_00-n_00-n_00-n_00-n_00-n;1007;0;41722;0;N;531316;539643;3;3026;0;PM_BE-PH_1;20140324xMon;03_Karlštejn_Řevnice;Středočeský kraj;h00;5;N
02-o2_02-edg_02-vis_03-lau2_07-day_03-60_07-frt-1007_01-sng_00-n_00-n_00-n_00-n_00-n_00-n;1007;0;41721;0;N;531316;539643;3;3026;0;PM_BE-PH_1;20140323xSun;03_Karlštejn_Řevnice;Středočeský kraj;h00;6;N
02-o2_02-edg_02-vis_03-lau2_07-day_03-60_07-frt-1007_01-sng_00-n_00-n_00-n_00-n_00-n_00-n;1007;0;41723;0;N;531316;539643;3;3026;0;PM_BE-PH_1;20140325xTue;03_Karlštejn_Řevnice;Středočeský kraj;h00;8;N
02-o2_02-edg_02-vis_03-lau2_07-day_03-60_07-frt-1007_01-sng_00-n_00-n_00-n_00-n_00-n_00-n;1007;0;41718;0;N;531316;539198;3;3026;0;PM_BE-PH_1;20140320xThu;03_Karlštejn_Dobřichovice;Středočeský kraj;h00;2;N
02-o2_02-edg_02-vis_03-lau2_07-day_03-60_07-frt-1007_01-sng_00-n_00-n_00-n_00-n_00-n_00-n;1007;0;41715;0;N;531316;539198;3;3026;0;PM_BE-PH_1;20140317xMon;03_Karlštejn_Dobřichovice;Středočeský kraj;h00;4;N
02-o2_02-edg_02-vis_03-lau2_07-day_03-60_07-frt-1007_01-sng_00-n_00-n_00-n_00-n_00-n_00-n;1007;0;41713;0;N;531316;539198;3;3026;0;PM_BE-PH_1;20140315xSat;03_Karlštejn_Dobřichovice;Středočeský kraj;h00;5;N
02-o2_02-edg_02-vis_03-lau2_07-day_03-60_07-frt-1007_01-sng_00-n_00-n_00-n_00-n_00-n_00-n;1007;0;41712;0;N;531316;539198;3;3026;0;PM_BE-PH_1;20140314xFri;03_Karlštejn_Dobřichovice;Středočeský kraj;h00;6;N
02-o2_02-edg_02-vis_03-lau2_07-day_03-60_07-frt-1007_01-sng_00-n_00-n_00-n_00-n_00-n_00-n;1007;0;41716;0;N;531316;539198;3;3026;0;PM_BE-PH_1;20140318xTue;03_Karlštejn_Dobřichovice;Středočeský kraj;h00;10;N
02-o2_02-edg_02-vis_03-lau2_07-day_03-60_07-frt-1007_01-sng_00-n_00-n_00-n_00-n_00-n_00-n;1007;0;41717;0;N;531316;539198;3;3026;0;PM_BE-PH_1;20140319xWed;03_Karlštejn_Dobřichovice;Středočeský kraj;h00;11;N
02-o2_02-edg_02-vis_03-lau2_07-day_03-60_07-frt-1007_01-sng_00-n_00-n_00-n_00-n_00-n_00-n;1007;0;41710;0;N;531316;539198;3;3026;0;PM_BE-PH_1;20140312xWed;03_Karlštejn_Dobřichovice;Středočeský kraj;h00;6;N
02-o2_02-edg_02-vis_03-lau2_07-day_03-60_07-frt-1007_01-sng_00-n_00-n_00-n_00-n_00-n_00-n;1007;0;41721;0;N;531316;539198;3;3026;0;PM_BE-PH_1;20140323xSun;03_Karlštejn_Dobřichovice;Středočeský kraj;h00;3;N
02-o2_02-edg_02-vis_03-lau2_07-day_03-60_07-frt-1007_01-sng_00-n_00-n_00-n_00-n_00-n_00-n;1007;0;41719;0;N;531316;539198;3;3026;0;PM_BE-PH_1;20140321xFri;03_Karlštejn_Dobřichovice;Středočeský kraj;h00;2;N
02-o2_02-edg_02-vis_03-lau2_07-day_03-60_07-frt-1007_01-sng_00-n_00-n_00-n_00-n_00-n_00-n;1007;0;41720;0;N;531316;539198;3;3026;0;PM_BE-PH_1;20140322xSat;03_Karlštejn_Dobřichovice;Středočeský kraj;h00;3;N
02-o2_02-edg_02-vis_03-lau2_07-day_03-60_07-frt-1007_01-sng_00-n_00-n_00-n_00-n_00-n_00-n;1007;0;41711;0;N;531316;539198;3;3026;0;PM_BE-PH_1;20140313xThu;03_Karlštejn_Dobřichovice;Středočeský kraj;h00;2;N
02-o2_02-edg_02-vis_03-lau2_07-day_03-60_07-frt-1007_01-sng_00-n_00-n_00-n_00-n_00-n_00-n;1007;0;41723;0;N;531316;539198;3;3026;0;PM_BE-PH_1;20140325xTue;03_Karlštejn_Dobřichovice;Středočeský kraj;h00;4;N
02-o2_02-edg_02-vis_03-lau2_07-day_03-60_07-frt-1007_01-sng_00-n_00-n_00-n_00-n_00-n_00-n;1007;0;41722;0;N;531316;539198;3;3026;0;PM_BE-PH_1;20140324xMon;03_Karlštejn_Dobřichovice;Středočeský kraj;h00;11;N
02-o2_02-edg_02-vis_03-lau2_07-day_03-60_07-frt-1007_01-sng_00-n_00-n_00-n_00-n_00-n_00-n;1007;0;41724;0;N;531316;539198;3;3026;0;PM_BE-PH_1;20140326xWed;03_Karlštejn_Dobřichovice;Středočeský kraj;h00;5;N
02-o2_02-edg_02-vis_03-lau2_07-day_03-60_07-frt-1007_01-sng_00-n_00-n_00-n_00-n_00-n_00-n;1007;0;41710;0;N;531316;539139;3;3026;0;PM_BE-PH_1;20140312xWed;03_Karlštejn_Černošice;Středočeský kraj;h00;2;N
02-o2_02-edg_02-vis_03-lau2_07-day_03-60_07-frt-1007_01-sng_00-n_00-n_00-n_00-n_00-n_00-n;1007;0;41720;0;N;531316;539139;3;3026;0;PM_BE-PH_1;20140322xSat;03_Karlštejn_Černošice;Středočeský kraj;h00;2;N
02-o2_02-edg_02-vis_03-lau2_07-day_03-60_07-frt-1007_01-sng_00-n_00-n_00-n_00-n_00-n_00-n;1007;0;41712;0;N;531316;539139;3;3026;0;PM_BE-PH_1;20140314xFri;03_Karlštejn_Černošice;Středočeský kraj;h00;2;N
02-o2_02-edg_02-vis_03-lau2_07-day_03-60_07-frt-1007_01-sng_00-n_00-n_00-n_00-n_00-n_00-n;1007;0;41718;0;N;531316;539139;3;3026;0;PM_BE-PH_1;20140320xThu;03_Karlštejn_Černošice;Středočeský kraj;h00;2;N
02-o2_02-edg_02-vis_03-lau2_07-day_03-60_07-frt-1007_01-sng_00-n_00-n_00-n_00-n_00-n_00-n;1007;0;41717;0;N;531316;539139;3;3026;0;PM_BE-PH_1;20140319xWed;03_Karlštejn_Černošice;Středočeský kraj;h00;4;N
02-o2_02-edg_02-vis_03-lau2_07-day_03-60_07-frt-1007_01-sng_00-n_00-n_00-n_00-n_00-n_00-n;1007;0;41722;0;N;531316;539139;3;3026;0;PM_BE-PH_1;20140324xMon;03_Karlštejn_Černošice;Středočeský kraj;h00;4;N
02-o2_02-edg_02-vis_03-lau2_07-day_03-60_07-frt-1007_01-sng_00-n_00-n_00-n_00-n_00-n_00-n;1007;0;41724;0;N;531316;539139;3;3026;0;PM_BE-PH_1;20140326xWed;03_Karlštejn_Černošice;Středočeský kraj;h00;1;N
02-o2_02-edg_02-vis_03-lau2_07-day_03-60_07-frt-1007_01-sng_00-n_00-n_00-n_00-n_00-n_00-n;1007;0;41712;0;N;531316;531979;3;3026;0;PM_BE-PH_1;20140314xFri;03_Karlštejn_Zadní Třebaň;Středočeský kraj;h00;6;N
02-o2_02-edg_02-vis_03-lau2_07-day_03-60_07-frt-1007_01-sng_00-n_00-n_00-n_00-n_00-n_00-n;1007;0;41713;0;N;531316;531979;3;3026;0;PM_BE-PH_1;20140315xSat;03_Karlštejn_Zadní Třebaň;Středočeský kraj;h00;6;N
02-o2_02-edg_02-vis_03-lau2_07-day_03-60_07-frt-1007_01-sng_00-n_00-n_00-n_00-n_00-n_00-n;1007;0;41710;0;N;531316;531979;3;3026;0;PM_BE-PH_1;20140312xWed;03_Karlštejn_Zadní Třebaň;Středočeský kraj;h00;10;N
02-o2_02-edg_02-vis_03-lau2_07-day_03-60_07-frt-1007_01-sng_00-n_00-n_00-n_00-n_00-n_00-n;1007;0;41715;0;N;531316;531979;3;3026;0;PM_BE-PH_1;20140317xMon;03_Karlštejn_Zadní Třebaň;Středočeský kraj;h00;1;N
02-o2_02-edg_02-vis_03-lau2_07-day_03-60_07-frt-1007_01-sng_00-n_00-n_00-n_00-n_00-n_00-n;1007;0;41711;0;N;531316;531979;3;3026;0;PM_BE-PH_1;20140313xThu;03_Karlštejn_Zadní Třebaň;Středočeský kraj;h00;6;N
02-o2_02-edg_02-vis_03-lau2_07-day_03-60_07-frt-1007_01-sng_00-n_00-n_00-n_00-n_00-n_00-n;1007;0;41720;0;N;531316;531979;3;3026;0;PM_BE-PH_1;20140322xSat;03_Karlštejn_Zadní Třebaň;Středočeský kraj;h00;7;N
02-o2_02-edg_02-vis_03-lau2_07-day_03-60_07-frt-1007_01-sng_00-n_00-n_00-n_00-n_00-n_00-n;1007;0;41718;0;N;531316;531979;3;3026;0;PM_BE-PH_1;20140320xThu;03_Karlštejn_Zadní Třebaň;Středočeský kraj;h00;7;N
02-o2_02-edg_02-vis_03-lau2_07-day_03-60_07-frt-1007_01-sng_00-n_00-n_00-n_00-n_00-n_00-n;1007;0;41716;0;N;531316;531979;3;3026;0;PM_BE-PH_1;20140318xTue;03_Karlštejn_Zadní Třebaň;Středočeský kraj;h00;9;N
02-o2_02-edg_02-vis_03-lau2_07-day_03-60_07-frt-1007_01-sng_00-n_00-n_00-n_00-n_00-n_00-n;1007;0;41719;0;N;531316;531979;3;3026;0;PM_BE-PH_1;20140321xFri;03_Karlštejn_Zadní Třebaň;Středočeský kraj;h00;1;N
02-o2_02-edg_02-vis_03-lau2_07-day_03-60_07-frt-1007_01-sng_00-n_00-n_00-n_00-n_00-n_00-n;1007;0;41717;0;N;531316;531979;3;3026;0;PM_BE-PH_1;20140319xWed;03_Karlštejn_Zadní Třebaň;Středočeský kraj;h00;7;N
02-o2_02-edg_02-vis_03-lau2_07-day_03-60_07-frt-1007_01-sng_00-n_00-n_00-n_00-n_00-n_00-n;1007;0;41721;0;N;531316;531979;3;3026;0;PM_BE-PH_1;20140323xSun;03_Karlštejn_Zadní Třebaň;Středočeský kraj;h00;6;N
02-o2_02-edg_02-vis_03-lau2_07-day_03-60_07-frt-1007_01-sng_00-n_00-n_00-n_00-n_00-n_00-n;1007;0;41722;0;N;531316;531979;3;3026;0;PM_BE-PH_1;20140324xMon;03_Karlštejn_Zadní Třebaň;Středočeský kraj;h00;1;N
02-o2_02-edg_02-vis_03-lau2_07-day_03-60_07-frt-1007_01-sng_00-n_00-n_00-n_00-n_00-n_00-n;1007;0;41723;0;N;531316;531979;3;3026;0;PM_BE-PH_1;20140325xTue;03_Karlštejn_Zadní Třebaň;Středočeský kraj;h00;7;N
02-o2_02-edg_02-vis_03-lau2_07-day_03-60_07-frt-1007_01-sng_00-n_00-n_00-n_00-n_00-n_00-n;1007;0;41724;0;N;531316;531979;3;3026;0;PM_BE-PH_1;20140326xWed;03_Karlštejn_Zadní Třebaň;Středočeský kraj;h00;5;N
02-o2_02-edg_02-vis_03-lau2_07-day_03-60_07-frt-1007_01-sng_00-n_00-n_00-n_00-n_00-n_00-n;1007;0;41716;0;N;531057;554782;1;3026;0;PM_BE-PH_1;20140318xTue;01_Beroun_Praha;Středočeský kraj;h00;981;N
02-o2_02-edg_02-vis_03-lau2_07-day_03-60_07-frt-1007_01-sng_00-n_00-n_00-n_00-n_00-n_00-n;1007;0;41713;0;N;531057;554782;1;3026;0;PM_BE-PH_1;20140315xSat;01_Beroun_Praha;Středočeský kraj;h00;510;N
02-o2_02-edg_02-vis_03-lau2_07-day_03-60_07-frt-1007_01-sng_00-n_00-n_00-n_00-n_00-n_00-n;1007;0;41714;0;N;531057;554782;1;3026;0;PM_BE-PH_1;20140316xSun;01_Beroun_Praha;Středočeský kraj;h00;324;N
02-o2_02-edg_02-vis_03-lau2_07-day_03-60_07-frt-1007_01-sng_00-n_00-n_00-n_00-n_00-n_00-n;1007;0;41719;0;N;531057;554782;1;3026;0;PM_BE-PH_1;20140321xFri;01_Beroun_Praha;Středočeský kraj;h00;746;N
02-o2_02-edg_02-vis_03-lau2_07-day_03-60_07-frt-1007_01-sng_00-n_00-n_00-n_00-n_00-n_00-n;1007;0;41710;0;N;531057;554782;1;3026;0;PM_BE-PH_1;20140312xWed;01_Beroun_Praha;Středočeský kraj;h00;856;N
02-o2_02-edg_02-vis_03-lau2_07-day_03-60_07-frt-1007_01-sng_00-n_00-n_00-n_00-n_00-n_00-n;1007;0;41711;0;N;531057;554782;1;3026;0;PM_BE-PH_1;20140313xThu;01_Beroun_Praha;Středočeský kraj;h00;979;N
02-o2_02-edg_02-vis_03-lau2_07-day_03-60_07-frt-1007_01-sng_00-n_00-n_00-n_00-n_00-n_00-n;1007;0;41717;0;N;531057;554782;1;3026;0;PM_BE-PH_1;20140319xWed;01_Beroun_Praha;Středočeský kraj;h00;1064;N
02-o2_02-edg_02-vis_03-lau2_07-day_03-60_07-frt-1007_01-sng_00-n_00-n_00-n_00-n_00-n_00-n;1007;0;41720;0;N;531057;554782;1;3026;0;PM_BE-PH_1;20140322xSat;01_Beroun_Praha;Středočeský kraj;h00;440;N
02-o2_02-edg_02-vis_03-lau2_07-day_03-60_07-frt-1007_01-sng_00-n_00-n_00-n_00-n_00-n_00-n;1007;0;41715;0;N;531057;554782;1;3026;0;PM_BE-PH_1;20140317xMon;01_Beroun_Praha;Středočeský kraj;h00;725;N
02-o2_02-edg_02-vis_03-lau2_07-day_03-60_07-frt-1007_01-sng_00-n_00-n_00-n_00-n_00-n_00-n;1007;0;41718;0;N;531057;554782;1;3026;0;PM_BE-PH_1;20140320xThu;01_Beroun_Praha;Středočeský kraj;h00;950;N
02-o2_02-edg_02-vis_03-lau2_07-day_03-60_07-frt-1007_01-sng_00-n_00-n_00-n_00-n_00-n_00-n;1007;0;41712;0;N;531057;554782;1;3026;0;PM_BE-PH_1;20140314xFri;01_Beroun_Praha;Středočeský kraj;h00;928;N
02-o2_02-edg_02-vis_03-lau2_07-day_03-60_07-frt-1007_01-sng_00-n_00-n_00-n_00-n_00-n_00-n;1007;0;41722;0;N;531057;554782;1;3026;0;PM_BE-PH_1;20140324xMon;01_Beroun_Praha;Středočeský kraj;h00;959;N
02-o2_02-edg_02-vis_03-lau2_07-day_03-60_07-frt-1007_01-sng_00-n_00-n_00-n_00-n_00-n_00-n;1007;0;41723;0;N;531057;554782;1;3026;0;PM_BE-PH_1;20140325xTue;01_Beroun_Praha;Středočeský kraj;h00;990;N
02-o2_02-edg_02-vis_03-lau2_07-day_03-60_07-frt-1007_01-sng_00-n_00-n_00-n_00-n_00-n_00-n;1007;0;41724;0;N;531057;554782;1;3026;0;PM_BE-PH_1;20140326xWed;01_Beroun_Praha;Středočeský kraj;h00;885;N
02-o2_02-edg_02-vis_03-lau2_07-day_03-60_07-frt-1007_01-sng_00-n_00-n_00-n_00-n_00-n_00-n;1007;0;41721;0;N;531057;554782;1;3026;0;PM_BE-PH_1;20140323xSun;01_Beroun_Praha;Středočeský kraj;h00;383;N
02-o2_02-edg_02-vis_03-lau2_07-day_03-60_07-frt-1007_01-sng_00-n_00-n_00-n_00-n_00-n_00-n;1007;0;41712;0;N;531057;539856;1;3026;0;PM_BE-PH_1;20140314xFri;01_Beroun_Všenory;Středočeský kraj;h00;1;N
02-o2_02-edg_02-vis_03-lau2_07-day_03-60_07-frt-1007_01-sng_00-n_00-n_00-n_00-n_00-n_00-n;1007;0;41710;0;N;531057;539856;1;3026;0;PM_BE-PH_1;20140312xWed;01_Beroun_Všenory;Středočeský kraj;h00;4;N
02-o2_02-edg_02-vis_03-lau2_07-day_03-60_07-frt-1007_01-sng_00-n_00-n_00-n_00-n_00-n_00-n;1007;0;41711;0;N;531057;539856;1;3026;0;PM_BE-PH_1;20140313xThu;01_Beroun_Všenory;Středočeský kraj;h00;4;N
02-o2_02-edg_02-vis_03-lau2_07-day_03-60_07-frt-1007_01-sng_00-n_00-n_00-n_00-n_00-n_00-n;1007;0;41720;0;N;531057;539856;1;3026;0;PM_BE-PH_1;20140322xSat;01_Beroun_Všenory;Středočeský kraj;h00;2;N
02-o2_02-edg_02-vis_03-lau2_07-day_03-60_07-frt-1007_01-sng_00-n_00-n_00-n_00-n_00-n_00-n;1007;0;41715;0;N;531057;539856;1;3026;0;PM_BE-PH_1;20140317xMon;01_Beroun_Všenory;Středočeský kraj;h00;1;N
02-o2_02-edg_02-vis_03-lau2_07-day_03-60_07-frt-1007_01-sng_00-n_00-n_00-n_00-n_00-n_00-n;1007;0;41721;0;N;531057;539856;1;3026;0;PM_BE-PH_1;20140323xSun;01_Beroun_Všenory;Středočeský kraj;h00;3;N
02-o2_02-edg_02-vis_03-lau2_07-day_03-60_07-frt-1007_01-sng_00-n_00-n_00-n_00-n_00-n_00-n;1007;0;41718;0;N;531057;539856;1;3026;0;PM_BE-PH_1;20140320xThu;01_Beroun_Všenory;Středočeský kraj;h00;4;N
02-o2_02-edg_02-vis_03-lau2_07-day_03-60_07-frt-1007_01-sng_00-n_00-n_00-n_00-n_00-n_00-n;1007;0;41714;0;N;531057;539856;1;3026;0;PM_BE-PH_1;20140316xSun;01_Beroun_Všenory;Středočeský kraj;h00;3;N
02-o2_02-edg_02-vis_03-lau2_07-day_03-60_07-frt-1007_01-sng_00-n_00-n_00-n_00-n_00-n_00-n;1007;0;41716;0;N;531057;539856;1;3026;0;PM_BE-PH_1;20140318xTue;01_Beroun_Všenory;Středočeský kraj;h00;5;N
02-o2_02-edg_02-vis_03-lau2_07-day_03-60_07-frt-1007_01-sng_00-n_00-n_00-n_00-n_00-n_00-n;1007;0;41713;0;N;531057;539856;1;3026;0;PM_BE-PH_1;20140315xSat;01_Beroun_Všenory;Středočeský kraj;h00;1;N
02-o2_02-edg_02-vis_03-lau2_07-day_03-60_07-frt-1007_01-sng_00-n_00-n_00-n_00-n_00-n_00-n;1007;0;41717;0;N;531057;539856;1;3026;0;PM_BE-PH_1;20140319xWed;01_Beroun_Všenory;Středočeský kraj;h00;5;N
02-o2_02-edg_02-vis_03-lau2_07-day_03-60_07-frt-1007_01-sng_00-n_00-n_00-n_00-n_00-n_00-n;1007;0;41719;0;N;531057;539856;1;3026;0;PM_BE-PH_1;20140321xFri;01_Beroun_Všenory;Středočeský kraj;h00;4;N
02-o2_02-edg_02-vis_03-lau2_07-day_03-60_07-frt-1007_01-sng_00-n_00-n_00-n_00-n_00-n_00-n;1007;0;41724;0;N;531057;539856;1;3026;0;PM_BE-PH_1;20140326xWed;01_Beroun_Všenory;Středočeský kraj;h00;4;N
02-o2_02-edg_02-vis_03-lau2_07-day_03-60_07-frt-1007_01-sng_00-n_00-n_00-n_00-n_00-n_00-n;1007;0;41722;0;N;531057;539856;1;3026;0;PM_BE-PH_1;20140324xMon;01_Beroun_Všenory;Středočeský kraj;h00;3;N
02-o2_02-edg_02-vis_03-lau2_07-day_03-60_07-frt-1007_01-sng_00-n_00-n_00-n_00-n_00-n_00-n;1007;0;41723;0;N;531057;539856;1;3026;0;PM_BE-PH_1;20140325xTue;01_Beroun_Všenory;Středočeský kraj;h00;2;N
02-o2_02-edg_02-vis_03-lau2_07-day_03-60_07-frt-1007_01-sng_00-n_00-n_00-n_00-n_00-n_00-n;1007;0;41715;0;N;531057;539643;1;3026;0;PM_BE-PH_1;20140317xMon;01_Beroun_Řevnice;Středočeský kraj;h00;2;N
02-o2_02-edg_02-vis_03-lau2_07-day_03-60_07-frt-1007_01-sng_00-n_00-n_00-n_00-n_00-n_00-n;1007;0;41710;0;N;531057;539643;1;3026;0;PM_BE-PH_1;20140312xWed;01_Beroun_Řevnice;Středočeský kraj;h00;4;N
02-o2_02-edg_02-vis_03-lau2_07-day_03-60_07-frt-1007_01-sng_00-n_00-n_00-n_00-n_00-n_00-n;1007;0;41719;0;N;531057;539643;1;3026;0;PM_BE-PH_1;20140321xFri;01_Beroun_Řevnice;Středočeský kraj;h00;2;N
02-o2_02-edg_02-vis_03-lau2_07-day_03-60_07-frt-1007_01-sng_00-n_00-n_00-n_00-n_00-n_00-n;1007;0;41713;0;N;531057;539643;1;3026;0;PM_BE-PH_1;20140315xSat;01_Beroun_Řevnice;Středočeský kraj;h00;2;N
02-o2_02-edg_02-vis_03-lau2_07-day_03-60_07-frt-1007_01-sng_00-n_00-n_00-n_00-n_00-n_00-n;1007;0;41714;0;N;531057;539643;1;3026;0;PM_BE-PH_1;20140316xSun;01_Beroun_Řevnice;Středočeský kraj;h00;1;N
02-o2_02-edg_02-vis_03-lau2_07-day_03-60_07-frt-1007_01-sng_00-n_00-n_00-n_00-n_00-n_00-n;1007;0;41711;0;N;531057;539643;1;3026;0;PM_BE-PH_1;20140313xThu;01_Beroun_Řevnice;Středočeský kraj;h00;6;N
02-o2_02-edg_02-vis_03-lau2_07-day_03-60_07-frt-1007_01-sng_00-n_00-n_00-n_00-n_00-n_00-n;1007;0;41716;0;N;531057;539643;1;3026;0;PM_BE-PH_1;20140318xTue;01_Beroun_Řevnice;Středočeský kraj;h00;7;N
02-o2_02-edg_02-vis_03-lau2_07-day_03-60_07-frt-1007_01-sng_00-n_00-n_00-n_00-n_00-n_00-n;1007;0;41718;0;N;531057;539643;1;3026;0;PM_BE-PH_1;20140320xThu;01_Beroun_Řevnice;Středočeský kraj;h00;9;N
02-o2_02-edg_02-vis_03-lau2_07-day_03-60_07-frt-1007_01-sng_00-n_00-n_00-n_00-n_00-n_00-n;1007;0;41720;0;N;531057;539643;1;3026;0;PM_BE-PH_1;20140322xSat;01_Beroun_Řevnice;Středočeský kraj;h00;2;N
02-o2_02-edg_02-vis_03-lau2_07-day_03-60_07-frt-1007_01-sng_00-n_00-n_00-n_00-n_00-n_00-n;1007;0;41717;0;N;531057;539643;1;3026;0;PM_BE-PH_1;20140319xWed;01_Beroun_Řevnice;Středočeský kraj;h00;8;N
02-o2_02-edg_02-vis_03-lau2_07-day_03-60_07-frt-1007_01-sng_00-n_00-n_00-n_00-n_00-n_00-n;1007;0;41712;0;N;531057;539643;1;3026;0;PM_BE-PH_1;20140314xFri;01_Beroun_Řevnice;Středočeský kraj;h00;6;N
02-o2_02-edg_02-vis_03-lau2_07-day_03-60_07-frt-1007_01-sng_00-n_00-n_00-n_00-n_00-n_00-n;1007;0;41724;0;N;531057;539643;1;3026;0;PM_BE-PH_1;20140326xWed;01_Beroun_Řevnice;Středočeský kraj;h00;8;N
02-o2_02-edg_02-vis_03-lau2_07-day_03-60_07-frt-1007_01-sng_00-n_00-n_00-n_00-n_00-n_00-n;1007;0;41723;0;N;531057;539643;1;3026;0;PM_BE-PH_1;20140325xTue;01_Beroun_Řevnice;Středočeský kraj;h00;12;N
02-o2_02-edg_02-vis_03-lau2_07-day_03-60_07-frt-1007_01-sng_00-n_00-n_00-n_00-n_00-n_00-n;1007;0;41721;0;N;531057;539643;1;3026;0;PM_BE-PH_1;20140323xSun;01_Beroun_Řevnice;Středočeský kraj;h00;2;N
02-o2_02-edg_02-vis_03-lau2_07-day_03-60_07-frt-1007_01-sng_00-n_00-n_00-n_00-n_00-n_00-n;1007;0;41722;0;N;531057;539643;1;3026;0;PM_BE-PH_1;20140324xMon;01_Beroun_Řevnice;Středočeský kraj;h00;10;N
02-o2_02-edg_02-vis_03-lau2_07-day_03-60_07-frt-1007_01-sng_00-n_00-n_00-n_00-n_00-n_00-n;1007;0;41716;0;N;531057;539198;1;3026;0;PM_BE-PH_1;20140318xTue;01_Beroun_Dobřichovice;Středočeský kraj;h00;10;N
02-o2_02-edg_02-vis_03-lau2_07-day_03-60_07-frt-1007_01-sng_00-n_00-n_00-n_00-n_00-n_00-n;1007;0;41717;0;N;531057;539198;1;3026;0;PM_BE-PH_1;20140319xWed;01_Beroun_Dobřichovice;Středočeský kraj;h00;11;N
02-o2_02-edg_02-vis_03-lau2_07-day_03-60_07-frt-1007_01-sng_00-n_00-n_00-n_00-n_00-n_00-n;1007;0;41715;0;N;531057;539198;1;3026;0;PM_BE-PH_1;20140317xMon;01_Beroun_Dobřichovice;Středočeský kraj;h00;1;N
02-o2_02-edg_02-vis_03-lau2_07-day_03-60_07-frt-1007_01-sng_00-n_00-n_00-n_00-n_00-n_00-n;1007;0;41718;0;N;531057;539198;1;3026;0;PM_BE-PH_1;20140320xThu;01_Beroun_Dobřichovice;Středočeský kraj;h00;7;N
02-o2_02-edg_02-vis_03-lau2_07-day_03-60_07-frt-1007_01-sng_00-n_00-n_00-n_00-n_00-n_00-n;1007;0;41711;0;N;531057;539198;1;3026;0;PM_BE-PH_1;20140313xThu;01_Beroun_Dobřichovice;Středočeský kraj;h00;13;N
02-o2_02-edg_02-vis_03-lau2_07-day_03-60_07-frt-1007_01-sng_00-n_00-n_00-n_00-n_00-n_00-n;1007;0;41710;0;N;531057;539198;1;3026;0;PM_BE-PH_1;20140312xWed;01_Beroun_Dobřichovice;Středočeský kraj;h00;7;N
02-o2_02-edg_02-vis_03-lau2_07-day_03-60_07-frt-1007_01-sng_00-n_00-n_00-n_00-n_00-n_00-n;1007;0;41719;0;N;531057;539198;1;3026;0;PM_BE-PH_1;20140321xFri;01_Beroun_Dobřichovice;Středočeský kraj;h00;7;N
02-o2_02-edg_02-vis_03-lau2_07-day_03-60_07-frt-1007_01-sng_00-n_00-n_00-n_00-n_00-n_00-n;1007;0;41712;0;N;531057;539198;1;3026;0;PM_BE-PH_1;20140314xFri;01_Beroun_Dobřichovice;Středočeský kraj;h00;12;N
02-o2_02-edg_02-vis_03-lau2_07-day_03-60_07-frt-1007_01-sng_00-n_00-n_00-n_00-n_00-n_00-n;1007;0;41720;0;N;531057;539198;1;3026;0;PM_BE-PH_1;20140322xSat;01_Beroun_Dobřichovice;Středočeský kraj;h00;7;N
02-o2_02-edg_02-vis_03-lau2_07-day_03-60_07-frt-1007_01-sng_00-n_00-n_00-n_00-n_00-n_00-n;1007;0;41713;0;N;531057;539198;1;3026;0;PM_BE-PH_1;20140315xSat;01_Beroun_Dobřichovice;Středočeský kraj;h00;5;N
02-o2_02-edg_02-vis_03-lau2_07-day_03-60_07-frt-1007_01-sng_00-n_00-n_00-n_00-n_00-n_00-n;1007;0;41714;0;N;531057;539198;1;3026;0;PM_BE-PH_1;20140316xSun;01_Beroun_Dobřichovice;Středočeský kraj;h00;2;N
02-o2_02-edg_02-vis_03-lau2_07-day_03-60_07-frt-1007_01-sng_00-n_00-n_00-n_00-n_00-n_00-n;1007;0;41721;0;N;531057;539198;1;3026;0;PM_BE-PH_1;20140323xSun;01_Beroun_Dobřichovice;Středočeský kraj;h00;4;N
02-o2_02-edg_02-vis_03-lau2_07-day_03-60_07-frt-1007_01-sng_00-n_00-n_00-n_00-n_00-n_00-n;1007;0;41722;0;N;531057;539198;1;3026;0;PM_BE-PH_1;20140324xMon;01_Beroun_Dobřichovice;Středočeský kraj;h00;8;N
02-o2_02-edg_02-vis_03-lau2_07-day_03-60_07-frt-1007_01-sng_00-n_00-n_00-n_00-n_00-n_00-n;1007;0;41723;0;N;531057;539198;1;3026;0;PM_BE-PH_1;20140325xTue;01_Beroun_Dobřichovice;Středočeský kraj;h00;10;N
02-o2_02-edg_02-vis_03-lau2_07-day_03-60_07-frt-1007_01-sng_00-n_00-n_00-n_00-n_00-n_00-n;1007;0;41724;0;N;531057;539198;1;3026;0;PM_BE-PH_1;20140326xWed;01_Beroun_Dobřichovice;Středočeský kraj;h00;10;N
02-o2_02-edg_02-vis_03-lau2_07-day_03-60_07-frt-1007_01-sng_00-n_00-n_00-n_00-n_00-n_00-n;1007;0;41713;0;N;531057;539139;1;3026;0;PM_BE-PH_1;20140315xSat;01_Beroun_Černošice;Středočeský kraj;h00;3;N
02-o2_02-edg_02-vis_03-lau2_07-day_03-60_07-frt-1007_01-sng_00-n_00-n_00-n_00-n_00-n_00-n;1007;0;41719;0;N;531057;539139;1;3026;0;PM_BE-PH_1;20140321xFri;01_Beroun_Černošice;Středočeský kraj;h00;4;N
02-o2_02-edg_02-vis_03-lau2_07-day_03-60_07-frt-1007_01-sng_00-n_00-n_00-n_00-n_00-n_00-n;1007;0;41715;0;N;531057;539139;1;3026;0;PM_BE-PH_1;20140317xMon;01_Beroun_Černošice;Středočeský kraj;h00;2;N
02-o2_02-edg_02-vis_03-lau2_07-day_03-60_07-frt-1007_01-sng_00-n_00-n_00-n_00-n_00-n_00-n;1007;0;41710;0;N;531057;539139;1;3026;0;PM_BE-PH_1;20140312xWed;01_Beroun_Černošice;Středočeský kraj;h00;4;N
02-o2_02-edg_02-vis_03-lau2_07-day_03-60_07-frt-1007_01-sng_00-n_00-n_00-n_00-n_00-n_00-n;1007;0;41718;0;N;531057;539139;1;3026;0;PM_BE-PH_1;20140320xThu;01_Beroun_Černošice;Středočeský kraj;h00;3;N
02-o2_02-edg_02-vis_03-lau2_07-day_03-60_07-frt-1007_01-sng_00-n_00-n_00-n_00-n_00-n_00-n;1007;0;41711;0;N;531057;539139;1;3026;0;PM_BE-PH_1;20140313xThu;01_Beroun_Černošice;Středočeský kraj;h00;6;N
02-o2_02-edg_02-vis_03-lau2_07-day_03-60_07-frt-1007_01-sng_00-n_00-n_00-n_00-n_00-n_00-n;1007;0;41716;0;N;531057;539139;1;3026;0;PM_BE-PH_1;20140318xTue;01_Beroun_Černošice;Středočeský kraj;h00;3;N
02-o2_02-edg_02-vis_03-lau2_07-day_03-60_07-frt-1007_01-sng_00-n_00-n_00-n_00-n_00-n_00-n;1007;0;41712;0;N;531057;539139;1;3026;0;PM_BE-PH_1;20140314xFri;01_Beroun_Černošice;Středočeský kraj;h00;2;N
02-o2_02-edg_02-vis_03-lau2_07-day_03-60_07-frt-1007_01-sng_00-n_00-n_00-n_00-n_00-n_00-n;1007;0;41714;0;N;531057;539139;1;3026;0;PM_BE-PH_1;20140316xSun;01_Beroun_Černošice;Středočeský kraj;h00;2;N
02-o2_02-edg_02-vis_03-lau2_07-day_03-60_07-frt-1007_01-sng_00-n_00-n_00-n_00-n_00-n_00-n;1007;0;41720;0;N;531057;539139;1;3026;0;PM_BE-PH_1;20140322xSat;01_Beroun_Černošice;Středočeský kraj;h00;3;N
02-o2_02-edg_02-vis_03-lau2_07-day_03-60_07-frt-1007_01-sng_00-n_00-n_00-n_00-n_00-n_00-n;1007;0;41717;0;N;531057;539139;1;3026;0;PM_BE-PH_1;20140319xWed;01_Beroun_Černošice;Středočeský kraj;h00;9;N
02-o2_02-edg_02-vis_03-lau2_07-day_03-60_07-frt-1007_01-sng_00-n_00-n_00-n_00-n_00-n_00-n;1007;0;41723;0;N;531057;539139;1;3026;0;PM_BE-PH_1;20140325xTue;01_Beroun_Černošice;Středočeský kraj;h00;3;N
02-o2_02-edg_02-vis_03-lau2_07-day_03-60_07-frt-1007_01-sng_00-n_00-n_00-n_00-n_00-n_00-n;1007;0;41724;0;N;531057;539139;1;3026;0;PM_BE-PH_1;20140326xWed;01_Beroun_Černošice;Středočeský kraj;h00;2;N
02-o2_02-edg_02-vis_03-lau2_07-day_03-60_07-frt-1007_01-sng_00-n_00-n_00-n_00-n_00-n_00-n;1007;0;41722;0;N;531057;539139;1;3026;0;PM_BE-PH_1;20140324xMon;01_Beroun_Černošice;Středočeský kraj;h00;1;N
02-o2_02-edg_02-vis_03-lau2_07-day_03-60_07-frt-1007_01-sng_00-n_00-n_00-n_00-n_00-n_00-n;1007;0;41721;0;N;531057;539139;1;3026;0;PM_BE-PH_1;20140323xSun;01_Beroun_Černošice;Středočeský kraj;h00;1;N
02-o2_02-edg_02-vis_03-lau2_07-day_03-60_07-frt-1007_01-sng_00-n_00-n_00-n_00-n_00-n_00-n;1007;0;41720;0;N;531057;531979;1;3026;0;PM_BE-PH_1;20140322xSat;01_Beroun_Zadní Třebaň;Středočeský kraj;h00;1;N
02-o2_02-edg_02-vis_03-lau2_07-day_03-60_07-frt-1007_01-sng_00-n_00-n_00-n_00-n_00-n_00-n;1007;0;41710;0;N;531057;531979;1;3026;0;PM_BE-PH_1;20140312xWed;01_Beroun_Zadní Třebaň;Středočeský kraj;h00;3;N
02-o2_02-edg_02-vis_03-lau2_07-day_03-60_07-frt-1007_01-sng_00-n_00-n_00-n_00-n_00-n_00-n;1007;0;41718;0;N;531057;531979;1;3026;0;PM_BE-PH_1;20140320xThu;01_Beroun_Zadní Třebaň;Středočeský kraj;h00;1;N
02-o2_02-edg_02-vis_03-lau2_07-day_03-60_07-frt-1007_01-sng_00-n_00-n_00-n_00-n_00-n_00-n;1007;0;41716;0;N;531057;531979;1;3026;0;PM_BE-PH_1;20140318xTue;01_Beroun_Zadní Třebaň;Středočeský kraj;h00;2;N
02-o2_02-edg_02-vis_03-lau2_07-day_03-60_07-frt-1007_01-sng_00-n_00-n_00-n_00-n_00-n_00-n;1007;0;41719;0;N;531057;531979;1;3026;0;PM_BE-PH_1;20140321xFri;01_Beroun_Zadní Třebaň;Středočeský kraj;h00;1;N
02-o2_02-edg_02-vis_03-lau2_07-day_03-60_07-frt-1007_01-sng_00-n_00-n_00-n_00-n_00-n_00-n;1007;0;41717;0;N;531057;531979;1;3026;0;PM_BE-PH_1;20140319xWed;01_Beroun_Zadní Třebaň;Středočeský kraj;h00;2;N
02-o2_02-edg_02-vis_03-lau2_07-day_03-60_07-frt-1007_01-sng_00-n_00-n_00-n_00-n_00-n_00-n;1007;0;41711;0;N;531057;531979;1;3026;0;PM_BE-PH_1;20140313xThu;01_Beroun_Zadní Třebaň;Středočeský kraj;h00;1;N
02-o2_02-edg_02-vis_03-lau2_07-day_03-60_07-frt-1007_01-sng_00-n_00-n_00-n_00-n_00-n_00-n;1007;0;41715;0;N;531057;531979;1;3026;0;PM_BE-PH_1;20140317xMon;01_Beroun_Zadní Třebaň;Středočeský kraj;h00;1;N
02-o2_02-edg_02-vis_03-lau2_07-day_03-60_07-frt-1007_01-sng_00-n_00-n_00-n_00-n_00-n_00-n;1007;0;41721;0;N;531057;531979;1;3026;0;PM_BE-PH_1;20140323xSun;01_Beroun_Zadní Třebaň;Středočeský kraj;h00;1;N
02-o2_02-edg_02-vis_03-lau2_07-day_03-60_07-frt-1007_01-sng_00-n_00-n_00-n_00-n_00-n_00-n;1007;0;41724;0;N;531057;531979;1;3026;0;PM_BE-PH_1;20140326xWed;01_Beroun_Zadní Třebaň;Středočeský kraj;h00;2;N
02-o2_02-edg_02-vis_03-lau2_07-day_03-60_07-frt-1007_01-sng_00-n_00-n_00-n_00-n_00-n_00-n;1007;0;41722;0;N;531057;531979;1;3026;0;PM_BE-PH_1;20140324xMon;01_Beroun_Zadní Třebaň;Středočeský kraj;h00;1;N
02-o2_02-edg_02-vis_03-lau2_07-day_03-60_07-frt-1007_01-sng_00-n_00-n_00-n_00-n_00-n_00-n;1007;0;41723;0;N;531057;531979;1;3026;0;PM_BE-PH_1;20140325xTue;01_Beroun_Zadní Třebaň;Středočeský kraj;h00;1;N
02-o2_02-edg_02-vis_03-lau2_07-day_03-60_07-frt-1007_01-sng_00-n_00-n_00-n_00-n_00-n_00-n;1007;0;41711;0;N;531057;531758;1;3026;0;PM_BE-PH_1;20140313xThu;01_Beroun_Srbsko;Středočeský kraj;h00;4;N
02-o2_02-edg_02-vis_03-lau2_07-day_03-60_07-frt-1007_01-sng_00-n_00-n_00-n_00-n_00-n_00-n;1007;0;41712;0;N;531057;531758;1;3026;0;PM_BE-PH_1;20140314xFri;01_Beroun_Srbsko;Středočeský kraj;h00;12;N
02-o2_02-edg_02-vis_03-lau2_07-day_03-60_07-frt-1007_01-sng_00-n_00-n_00-n_00-n_00-n_00-n;1007;0;41720;0;N;531057;531758;1;3026;0;PM_BE-PH_1;20140322xSat;01_Beroun_Srbsko;Středočeský kraj;h00;14;N
02-o2_02-edg_02-vis_03-lau2_07-day_03-60_07-frt-1007_01-sng_00-n_00-n_00-n_00-n_00-n_00-n;1007;0;41721;0;N;531057;531758;1;3026;0;PM_BE-PH_1;20140323xSun;01_Beroun_Srbsko;Středočeský kraj;h00;1;N
02-o2_02-edg_02-vis_03-lau2_07-day_03-60_07-frt-1007_01-sng_00-n_00-n_00-n_00-n_00-n_00-n;1007;0;41715;0;N;531057;531758;1;3026;0;PM_BE-PH_1;20140317xMon;01_Beroun_Srbsko;Středočeský kraj;h00;5;N
02-o2_02-edg_02-vis_03-lau2_07-day_03-60_07-frt-1007_01-sng_00-n_00-n_00-n_00-n_00-n_00-n;1007;0;41718;0;N;531057;531758;1;3026;0;PM_BE-PH_1;20140320xThu;01_Beroun_Srbsko;Středočeský kraj;h00;5;N
02-o2_02-edg_02-vis_03-lau2_07-day_03-60_07-frt-1007_01-sng_00-n_00-n_00-n_00-n_00-n_00-n;1007;0;41713;0;N;531057;531758;1;3026;0;PM_BE-PH_1;20140315xSat;01_Beroun_Srbsko;Středočeský kraj;h00;4;N
02-o2_02-edg_02-vis_03-lau2_07-day_03-60_07-frt-1007_01-sng_00-n_00-n_00-n_00-n_00-n_00-n;1007;0;41719;0;N;531057;531758;1;3026;0;PM_BE-PH_1;20140321xFri;01_Beroun_Srbsko;Středočeský kraj;h00;8;N
02-o2_02-edg_02-vis_03-lau2_07-day_03-60_07-frt-1007_01-sng_00-n_00-n_00-n_00-n_00-n_00-n;1007;0;41714;0;N;531057;531758;1;3026;0;PM_BE-PH_1;20140316xSun;01_Beroun_Srbsko;Středočeský kraj;h00;2;N
02-o2_02-edg_02-vis_03-lau2_07-day_03-60_07-frt-1007_01-sng_00-n_00-n_00-n_00-n_00-n_00-n;1007;0;41710;0;N;531057;531758;1;3026;0;PM_BE-PH_1;20140312xWed;01_Beroun_Srbsko;Středočeský kraj;h00;6;N
02-o2_02-edg_02-vis_03-lau2_07-day_03-60_07-frt-1007_01-sng_00-n_00-n_00-n_00-n_00-n_00-n;1007;0;41717;0;N;531057;531758;1;3026;0;PM_BE-PH_1;20140319xWed;01_Beroun_Srbsko;Středočeský kraj;h00;23;N
02-o2_02-edg_02-vis_03-lau2_07-day_03-60_07-frt-1007_01-sng_00-n_00-n_00-n_00-n_00-n_00-n;1007;0;41716;0;N;531057;531758;1;3026;0;PM_BE-PH_1;20140318xTue;01_Beroun_Srbsko;Středočeský kraj;h00;8;N
02-o2_02-edg_02-vis_03-lau2_07-day_03-60_07-frt-1007_01-sng_00-n_00-n_00-n_00-n_00-n_00-n;1007;0;41723;0;N;531057;531758;1;3026;0;PM_BE-PH_1;20140325xTue;01_Beroun_Srbsko;Středočeský kraj;h00;5;N
02-o2_02-edg_02-vis_03-lau2_07-day_03-60_07-frt-1007_01-sng_00-n_00-n_00-n_00-n_00-n_00-n;1007;0;41724;0;N;531057;531758;1;3026;0;PM_BE-PH_1;20140326xWed;01_Beroun_Srbsko;Středočeský kraj;h00;4;N
02-o2_02-edg_02-vis_03-lau2_07-day_03-60_07-frt-1007_01-sng_00-n_00-n_00-n_00-n_00-n_00-n;1007;0;41711;0;N;531057;531316;1;3026;0;PM_BE-PH_1;20140313xThu;01_Beroun_Karlštejn;Středočeský kraj;h00;117;N
02-o2_02-edg_02-vis_03-lau2_07-day_03-60_07-frt-1007_01-sng_00-n_00-n_00-n_00-n_00-n_00-n;1007;0;41718;0;N;531057;531316;1;3026;0;PM_BE-PH_1;20140320xThu;01_Beroun_Karlštejn;Středočeský kraj;h00;74;N
02-o2_02-edg_02-vis_03-lau2_07-day_03-60_07-frt-1007_01-sng_00-n_00-n_00-n_00-n_00-n_00-n;1007;0;41714;0;N;531057;531316;1;3026;0;PM_BE-PH_1;20140316xSun;01_Beroun_Karlštejn;Středočeský kraj;h00;54;N
02-o2_02-edg_02-vis_03-lau2_07-day_03-60_07-frt-1007_01-sng_00-n_00-n_00-n_00-n_00-n_00-n;1007;0;41713;0;N;531057;531316;1;3026;0;PM_BE-PH_1;20140315xSat;01_Beroun_Karlštejn;Středočeský kraj;h00;52;N
02-o2_02-edg_02-vis_03-lau2_07-day_03-60_07-frt-1007_01-sng_00-n_00-n_00-n_00-n_00-n_00-n;1007;0;41715;0;N;531057;531316;1;3026;0;PM_BE-PH_1;20140317xMon;01_Beroun_Karlštejn;Středočeský kraj;h00;34;N
02-o2_02-edg_02-vis_03-lau2_07-day_03-60_07-frt-1007_01-sng_00-n_00-n_00-n_00-n_00-n_00-n;1007;0;41716;0;N;531057;531316;1;3026;0;PM_BE-PH_1;20140318xTue;01_Beroun_Karlštejn;Středočeský kraj;h00;76;N
02-o2_02-edg_02-vis_03-lau2_07-day_03-60_07-frt-1007_01-sng_00-n_00-n_00-n_00-n_00-n_00-n;1007;0;41712;0;N;531057;531316;1;3026;0;PM_BE-PH_1;20140314xFri;01_Beroun_Karlštejn;Středočeský kraj;h00;69;N
02-o2_02-edg_02-vis_03-lau2_07-day_03-60_07-frt-1007_01-sng_00-n_00-n_00-n_00-n_00-n_00-n;1007;0;41720;0;N;531057;531316;1;3026;0;PM_BE-PH_1;20140322xSat;01_Beroun_Karlštejn;Středočeský kraj;h00;41;N
02-o2_02-edg_02-vis_03-lau2_07-day_03-60_07-frt-1007_01-sng_00-n_00-n_00-n_00-n_00-n_00-n;1007;0;41719;0;N;531057;531316;1;3026;0;PM_BE-PH_1;20140321xFri;01_Beroun_Karlštejn;Středočeský kraj;h00;32;N
02-o2_02-edg_02-vis_03-lau2_07-day_03-60_07-frt-1007_01-sng_00-n_00-n_00-n_00-n_00-n_00-n;1007;0;41717;0;N;531057;531316;1;3026;0;PM_BE-PH_1;20140319xWed;01_Beroun_Karlštejn;Středočeský kraj;h00;81;N
02-o2_02-edg_02-vis_03-lau2_07-day_03-60_07-frt-1007_01-sng_00-n_00-n_00-n_00-n_00-n_00-n;1007;0;41710;0;N;531057;531316;1;3026;0;PM_BE-PH_1;20140312xWed;01_Beroun_Karlštejn;Středočeský kraj;h00;61;N
02-o2_02-edg_02-vis_03-lau2_07-day_03-60_07-frt-1007_01-sng_00-n_00-n_00-n_00-n_00-n_00-n;1007;0;41724;0;N;531057;531316;1;3026;0;PM_BE-PH_1;20140326xWed;01_Beroun_Karlštejn;Středočeský kraj;h00;73;N
02-o2_02-edg_02-vis_03-lau2_07-day_03-60_07-frt-1007_01-sng_00-n_00-n_00-n_00-n_00-n_00-n;1007;0;41721;0;N;531057;531316;1;3026;0;PM_BE-PH_1;20140323xSun;01_Beroun_Karlštejn;Středočeský kraj;h00;47;N
02-o2_02-edg_02-vis_03-lau2_07-day_03-60_07-frt-1007_01-sng_00-n_00-n_00-n_00-n_00-n_00-n;1007;0;41723;0;N;531057;531316;1;3026;0;PM_BE-PH_1;20140325xTue;01_Beroun_Karlštejn;Středočeský kraj;h00;91;N
02-o2_02-edg_02-vis_03-lau2_07-day_03-60_07-frt-1007_01-sng_00-n_00-n_00-n_00-n_00-n_00-n;1007;0;41722;0;N;531057;531316;1;3026;0;PM_BE-PH_1;20140324xMon;01_Beroun_Karlštejn;Středočeský kraj;h00;67;N
02-o2_02-edg_02-vis_03-lau2_07-day_03-60_07-frt-1007_01-sng_00-n_00-n_00-n_00-n_00-n_00-n;1007;0;41713;0;N;539856;554782;7;3026;0;PM_BE-PH_1;20140315xSat;07_Všenory_Praha;Středočeský kraj;h00;67;N
02-o2_02-edg_02-vis_03-lau2_07-day_03-60_07-frt-1007_01-sng_00-n_00-n_00-n_00-n_00-n_00-n;1007;0;41719;0;N;539856;554782;7;3026;0;PM_BE-PH_1;20140321xFri;07_Všenory_Praha;Středočeský kraj;h00;83;N
02-o2_02-edg_02-vis_03-lau2_07-day_03-60_07-frt-1007_01-sng_00-n_00-n_00-n_00-n_00-n_00-n;1007;0;41710;0;N;539856;554782;7;3026;0;PM_BE-PH_1;20140312xWed;07_Všenory_Praha;Středočeský kraj;h00;164;N
02-o2_02-edg_02-vis_03-lau2_07-day_03-60_07-frt-1007_01-sng_00-n_00-n_00-n_00-n_00-n_00-n;1007;0;41717;0;N;539856;554782;7;3026;0;PM_BE-PH_1;20140319xWed;07_Všenory_Praha;Středočeský kraj;h00;101;N
02-o2_02-edg_02-vis_03-lau2_07-day_03-60_07-frt-1007_01-sng_00-n_00-n_00-n_00-n_00-n_00-n;1007;0;41715;0;N;539856;554782;7;3026;0;PM_BE-PH_1;20140317xMon;07_Všenory_Praha;Středočeský kraj;h00;86;N
02-o2_02-edg_02-vis_03-lau2_07-day_03-60_07-frt-1007_01-sng_00-n_00-n_00-n_00-n_00-n_00-n;1007;0;41711;0;N;539856;554782;7;3026;0;PM_BE-PH_1;20140313xThu;07_Všenory_Praha;Středočeský kraj;h00;155;N
02-o2_02-edg_02-vis_03-lau2_07-day_03-60_07-frt-1007_01-sng_00-n_00-n_00-n_00-n_00-n_00-n;1007;0;41718;0;N;539856;554782;7;3026;0;PM_BE-PH_1;20140320xThu;07_Všenory_Praha;Středočeský kraj;h00;177;N
02-o2_02-edg_02-vis_03-lau2_07-day_03-60_07-frt-1007_01-sng_00-n_00-n_00-n_00-n_00-n_00-n;1007;0;41716;0;N;539856;554782;7;3026;0;PM_BE-PH_1;20140318xTue;07_Všenory_Praha;Středočeský kraj;h00;158;N
02-o2_02-edg_02-vis_03-lau2_07-day_03-60_07-frt-1007_01-sng_00-n_00-n_00-n_00-n_00-n_00-n;1007;0;41714;0;N;539856;554782;7;3026;0;PM_BE-PH_1;20140316xSun;07_Všenory_Praha;Středočeský kraj;h00;69;N
02-o2_02-edg_02-vis_03-lau2_07-day_03-60_07-frt-1007_01-sng_00-n_00-n_00-n_00-n_00-n_00-n;1007;0;41720;0;N;539856;554782;7;3026;0;PM_BE-PH_1;20140322xSat;07_Všenory_Praha;Středočeský kraj;h00;58;N
02-o2_02-edg_02-vis_03-lau2_07-day_03-60_07-frt-1007_01-sng_00-n_00-n_00-n_00-n_00-n_00-n;1007;0;41712;0;N;539856;554782;7;3026;0;PM_BE-PH_1;20140314xFri;07_Všenory_Praha;Středočeský kraj;h00;132;N
02-o2_02-edg_02-vis_03-lau2_07-day_03-60_07-frt-1007_01-sng_00-n_00-n_00-n_00-n_00-n_00-n;1007;0;41721;0;N;539856;554782;7;3026;0;PM_BE-PH_1;20140323xSun;07_Všenory_Praha;Středočeský kraj;h00;79;N
02-o2_02-edg_02-vis_03-lau2_07-day_03-60_07-frt-1007_01-sng_00-n_00-n_00-n_00-n_00-n_00-n;1007;0;41724;0;N;539856;554782;7;3026;0;PM_BE-PH_1;20140326xWed;07_Všenory_Praha;Středočeský kraj;h00;185;N
02-o2_02-edg_02-vis_03-lau2_07-day_03-60_07-frt-1007_01-sng_00-n_00-n_00-n_00-n_00-n_00-n;1007;0;41723;0;N;539856;554782;7;3026;0;PM_BE-PH_1;20140325xTue;07_Všenory_Praha;Středočeský kraj;h00;103;N
02-o2_02-edg_02-vis_03-lau2_07-day_03-60_07-frt-1007_01-sng_00-n_00-n_00-n_00-n_00-n_00-n;1007;0;41722;0;N;539856;554782;7;3026;0;PM_BE-PH_1;20140324xMon;07_Všenory_Praha;Středočeský kraj;h00;161;N
02-o2_02-edg_02-vis_03-lau2_07-day_03-60_07-frt-1007_01-sng_00-n_00-n_00-n_00-n_00-n_00-n;1007;0;41715;0;N;539856;539139;7;3026;0;PM_BE-PH_1;20140317xMon;07_Všenory_Černošice;Středočeský kraj;h00;80;N
02-o2_02-edg_02-vis_03-lau2_07-day_03-60_07-frt-1007_01-sng_00-n_00-n_00-n_00-n_00-n_00-n;1007;0;41719;0;N;539856;539139;7;3026;0;PM_BE-PH_1;20140321xFri;07_Všenory_Černošice;Středočeský kraj;h00;59;N
02-o2_02-edg_02-vis_03-lau2_07-day_03-60_07-frt-1007_01-sng_00-n_00-n_00-n_00-n_00-n_00-n;1007;0;41717;0;N;539856;539139;7;3026;0;PM_BE-PH_1;20140319xWed;07_Všenory_Černošice;Středočeský kraj;h00;108;N
02-o2_02-edg_02-vis_03-lau2_07-day_03-60_07-frt-1007_01-sng_00-n_00-n_00-n_00-n_00-n_00-n;1007;0;41714;0;N;539856;539139;7;3026;0;PM_BE-PH_1;20140316xSun;07_Všenory_Černošice;Středočeský kraj;h00;109;N
02-o2_02-edg_02-vis_03-lau2_07-day_03-60_07-frt-1007_01-sng_00-n_00-n_00-n_00-n_00-n_00-n;1007;0;41710;0;N;539856;539139;7;3026;0;PM_BE-PH_1;20140312xWed;07_Všenory_Černošice;Středočeský kraj;h00;117;N
02-o2_02-edg_02-vis_03-lau2_07-day_03-60_07-frt-1007_01-sng_00-n_00-n_00-n_00-n_00-n_00-n;1007;0;41711;0;N;539856;539139;7;3026;0;PM_BE-PH_1;20140313xThu;07_Všenory_Černošice;Středočeský kraj;h00;89;N
02-o2_02-edg_02-vis_03-lau2_07-day_03-60_07-frt-1007_01-sng_00-n_00-n_00-n_00-n_00-n_00-n;1007;0;41712;0;N;539856;539139;7;3026;0;PM_BE-PH_1;20140314xFri;07_Všenory_Černošice;Středočeský kraj;h00;128;N
02-o2_02-edg_02-vis_03-lau2_07-day_03-60_07-frt-1007_01-sng_00-n_00-n_00-n_00-n_00-n_00-n;1007;0;41716;0;N;539856;539139;7;3026;0;PM_BE-PH_1;20140318xTue;07_Všenory_Černošice;Středočeský kraj;h00;95;N
02-o2_02-edg_02-vis_03-lau2_07-day_03-60_07-frt-1007_01-sng_00-n_00-n_00-n_00-n_00-n_00-n;1007;0;41721;0;N;539856;539139;7;3026;0;PM_BE-PH_1;20140323xSun;07_Všenory_Černošice;Středočeský kraj;h00;151;N
02-o2_02-edg_02-vis_03-lau2_07-day_03-60_07-frt-1007_01-sng_00-n_00-n_00-n_00-n_00-n_00-n;1007;0;41718;0;N;539856;539139;7;3026;0;PM_BE-PH_1;20140320xThu;07_Všenory_Černošice;Středočeský kraj;h00;156;N
02-o2_02-edg_02-vis_03-lau2_07-day_03-60_07-frt-1007_01-sng_00-n_00-n_00-n_00-n_00-n_00-n;1007;0;41713;0;N;539856;539139;7;3026;0;PM_BE-PH_1;20140315xSat;07_Všenory_Černošice;Středočeský kraj;h00;138;N
02-o2_02-edg_02-vis_03-lau2_07-day_03-60_07-frt-1007_01-sng_00-n_00-n_00-n_00-n_00-n_00-n;1007;0;41720;0;N;539856;539139;7;3026;0;PM_BE-PH_1;20140322xSat;07_Všenory_Černošice;Středočeský kraj;h00;123;N
02-o2_02-edg_02-vis_03-lau2_07-day_03-60_07-frt-1007_01-sng_00-n_00-n_00-n_00-n_00-n_00-n;1007;0;41723;0;N;539856;539139;7;3026;0;PM_BE-PH_1;20140325xTue;07_Všenory_Černošice;Středočeský kraj;h00;84;N
02-o2_02-edg_02-vis_03-lau2_07-day_03-60_07-frt-1007_01-sng_00-n_00-n_00-n_00-n_00-n_00-n;1007;0;41722;0;N;539856;539139;7;3026;0;PM_BE-PH_1;20140324xMon;07_Všenory_Černošice;Středočeský kraj;h00;102;N
02-o2_02-edg_02-vis_03-lau2_07-day_03-60_07-frt-1007_01-sng_00-n_00-n_00-n_00-n_00-n_00-n;1007;0;41724;0;N;539856;539139;7;3026;0;PM_BE-PH_1;20140326xWed;07_Všenory_Černošice;Středočeský kraj;h00;141;N
02-o2_02-edg_02-vis_03-lau2_07-day_03-60_07-frt-1007_01-sng_00-n_00-n_00-n_00-n_00-n_00-n;1007;0;41714;0;N;539643;554782;5;3026;0;PM_BE-PH_1;20140316xSun;05_Řevnice_Praha;Středočeský kraj;h00;7;N
02-o2_02-edg_02-vis_03-lau2_07-day_03-60_07-frt-1007_01-sng_00-n_00-n_00-n_00-n_00-n_00-n;1007;0;41720;0;N;539643;554782;5;3026;0;PM_BE-PH_1;20140322xSat;05_Řevnice_Praha;Středočeský kraj;h00;29;N
02-o2_02-edg_02-vis_03-lau2_07-day_03-60_07-frt-1007_01-sng_00-n_00-n_00-n_00-n_00-n_00-n;1007;0;41712;0;N;539643;554782;5;3026;0;PM_BE-PH_1;20140314xFri;05_Řevnice_Praha;Středočeský kraj;h00;43;N
02-o2_02-edg_02-vis_03-lau2_07-day_03-60_07-frt-1007_01-sng_00-n_00-n_00-n_00-n_00-n_00-n;1007;0;41717;0;N;539643;554782;5;3026;0;PM_BE-PH_1;20140319xWed;05_Řevnice_Praha;Středočeský kraj;h00;114;N
02-o2_02-edg_02-vis_03-lau2_07-day_03-60_07-frt-1007_01-sng_00-n_00-n_00-n_00-n_00-n_00-n;1007;0;41711;0;N;539643;554782;5;3026;0;PM_BE-PH_1;20140313xThu;05_Řevnice_Praha;Středočeský kraj;h00;70;N
02-o2_02-edg_02-vis_03-lau2_07-day_03-60_07-frt-1007_01-sng_00-n_00-n_00-n_00-n_00-n_00-n;1007;0;41713;0;N;539643;554782;5;3026;0;PM_BE-PH_1;20140315xSat;05_Řevnice_Praha;Středočeský kraj;h00;24;N
02-o2_02-edg_02-vis_03-lau2_07-day_03-60_07-frt-1007_01-sng_00-n_00-n_00-n_00-n_00-n_00-n;1007;0;41718;0;N;539643;554782;5;3026;0;PM_BE-PH_1;20140320xThu;05_Řevnice_Praha;Středočeský kraj;h00;152;N
02-o2_02-edg_02-vis_03-lau2_07-day_03-60_07-frt-1007_01-sng_00-n_00-n_00-n_00-n_00-n_00-n;1007;0;41710;0;N;539643;554782;5;3026;0;PM_BE-PH_1;20140312xWed;05_Řevnice_Praha;Středočeský kraj;h00;87;N
02-o2_02-edg_02-vis_03-lau2_07-day_03-60_07-frt-1007_01-sng_00-n_00-n_00-n_00-n_00-n_00-n;1007;0;41716;0;N;539643;554782;5;3026;0;PM_BE-PH_1;20140318xTue;05_Řevnice_Praha;Středočeský kraj;h00;64;N
02-o2_02-edg_02-vis_03-lau2_07-day_03-60_07-frt-1007_01-sng_00-n_00-n_00-n_00-n_00-n_00-n;1007;0;41719;0;N;539643;554782;5;3026;0;PM_BE-PH_1;20140321xFri;05_Řevnice_Praha;Středočeský kraj;h00;31;N
02-o2_02-edg_02-vis_03-lau2_07-day_03-60_07-frt-1007_01-sng_00-n_00-n_00-n_00-n_00-n_00-n;1007;0;41715;0;N;539643;554782;5;3026;0;PM_BE-PH_1;20140317xMon;05_Řevnice_Praha;Středočeský kraj;h00;68;N
02-o2_02-edg_02-vis_03-lau2_07-day_03-60_07-frt-1007_01-sng_00-n_00-n_00-n_00-n_00-n_00-n;1007;0;41723;0;N;539643;554782;5;3026;0;PM_BE-PH_1;20140325xTue;05_Řevnice_Praha;Středočeský kraj;h00;130;N
02-o2_02-edg_02-vis_03-lau2_07-day_03-60_07-frt-1007_01-sng_00-n_00-n_00-n_00-n_00-n_00-n;1007;0;41724;0;N;539643;554782;5;3026;0;PM_BE-PH_1;20140326xWed;05_Řevnice_Praha;Středočeský kraj;h00;144;N
02-o2_02-edg_02-vis_03-lau2_07-day_03-60_07-frt-1007_01-sng_00-n_00-n_00-n_00-n_00-n_00-n;1007;0;41721;0;N;539643;554782;5;3026;0;PM_BE-PH_1;20140323xSun;05_Řevnice_Praha;Středočeský kraj;h00;32;N
02-o2_02-edg_02-vis_03-lau2_07-day_03-60_07-frt-1007_01-sng_00-n_00-n_00-n_00-n_00-n_00-n;1007;0;41722;0;N;539643;554782;5;3026;0;PM_BE-PH_1;20140324xMon;05_Řevnice_Praha;Středočeský kraj;h00;72;N
02-o2_02-edg_02-vis_03-lau2_07-day_03-60_07-frt-1007_01-sng_00-n_00-n_00-n_00-n_00-n_00-n;1007;0;41711;0;N;539643;539856;5;3026;0;PM_BE-PH_1;20140313xThu;05_Řevnice_Všenory;Středočeský kraj;h00;10;N
02-o2_02-edg_02-vis_03-lau2_07-day_03-60_07-frt-1007_01-sng_00-n_00-n_00-n_00-n_00-n_00-n;1007;0;41716;0;N;539643;539856;5;3026;0;PM_BE-PH_1;20140318xTue;05_Řevnice_Všenory;Středočeský kraj;h00;10;N
02-o2_02-edg_02-vis_03-lau2_07-day_03-60_07-frt-1007_01-sng_00-n_00-n_00-n_00-n_00-n_00-n;1007;0;41710;0;N;539643;539856;5;3026;0;PM_BE-PH_1;20140312xWed;05_Řevnice_Všenory;Středočeský kraj;h00;42;N
02-o2_02-edg_02-vis_03-lau2_07-day_03-60_07-frt-1007_01-sng_00-n_00-n_00-n_00-n_00-n_00-n;1007;0;41720;0;N;539643;539856;5;3026;0;PM_BE-PH_1;20140322xSat;05_Řevnice_Všenory;Středočeský kraj;h00;15;N
02-o2_02-edg_02-vis_03-lau2_07-day_03-60_07-frt-1007_01-sng_00-n_00-n_00-n_00-n_00-n_00-n;1007;0;41717;0;N;539643;539856;5;3026;0;PM_BE-PH_1;20140319xWed;05_Řevnice_Všenory;Středočeský kraj;h00;46;N
02-o2_02-edg_02-vis_03-lau2_07-day_03-60_07-frt-1007_01-sng_00-n_00-n_00-n_00-n_00-n_00-n;1007;0;41715;0;N;539643;539856;5;3026;0;PM_BE-PH_1;20140317xMon;05_Řevnice_Všenory;Středočeský kraj;h00;16;N
02-o2_02-edg_02-vis_03-lau2_07-day_03-60_07-frt-1007_01-sng_00-n_00-n_00-n_00-n_00-n_00-n;1007;0;41713;0;N;539643;539856;5;3026;0;PM_BE-PH_1;20140315xSat;05_Řevnice_Všenory;Středočeský kraj;h00;3;N
02-o2_02-edg_02-vis_03-lau2_07-day_03-60_07-frt-1007_01-sng_00-n_00-n_00-n_00-n_00-n_00-n;1007;0;41719;0;N;539643;539856;5;3026;0;PM_BE-PH_1;20140321xFri;05_Řevnice_Všenory;Středočeský kraj;h00;9;N
