02-o2_02-edg_04-pot_03-lau2_07-day_05-300+_02-frt-1002_01-sng_00-n_00-n_00-n_00-n_00-n_00-n;1002;0;41724;0;N;554782;533165;1;3018;0;EC_PH-BR_1;20140326xWed;01_Praha_Kolín;Hlavní město Praha;h00;150;N
02-o2_02-edg_04-pot_03-lau2_07-day_05-300+_02-frt-1002_01-sng_00-n_00-n_00-n_00-n_00-n_00-n;1002;0;41724;0;N;533165;555134;2;3026;0;EC_PH-BR_1;20140326xWed;02_Kolín_Pardubice;Středočeský kraj;h00;83;N
02-o2_02-edg_04-pot_03-lau2_07-day_05-300+_02-frt-1002_01-sng_00-n_00-n_00-n_00-n_00-n_00-n;1002;0;41724;0;N;555134;580031;3;3093;0;EC_PH-BR_1;20140326xWed;03_Pardubice_Česká Třebová;Pardubický kraj;h00;45;N
02-o2_02-edg_04-pot_03-lau2_07-day_05-300+_02-frt-1002_01-sng_00-n_00-n_00-n_00-n_00-n_00-n;1002;0;41724;0;N;580031;582786;4;3093;0;EC_PH-BR_1;20140326xWed;04_Česká Třebová_Brno;Pardubický kraj;h00;31;N
02-o2_02-edg_04-pot_03-lau2_07-day_05-300+_02-frt-1002_01-sng_00-n_00-n_00-n_00-n_00-n_00-n;1002;0;41719;0;N;554782;533165;1;3018;0;EC_PH-BR_1;20140321xFri;01_Praha_Kolín;Hlavní město Praha;h00;121;N
02-o2_02-edg_04-pot_03-lau2_07-day_05-300+_02-frt-1002_01-sng_00-n_00-n_00-n_00-n_00-n_00-n;1002;0;41719;0;N;533165;555134;2;3026;0;EC_PH-BR_1;20140321xFri;02_Kolín_Pardubice;Středočeský kraj;h00;75;N
02-o2_02-edg_04-pot_03-lau2_07-day_05-300+_02-frt-1002_01-sng_00-n_00-n_00-n_00-n_00-n_00-n;1002;0;41719;0;N;555134;580031;3;3093;0;EC_PH-BR_1;20140321xFri;03_Pardubice_Česká Třebová;Pardubický kraj;h00;35;N
02-o2_02-edg_04-pot_03-lau2_07-day_05-300+_02-frt-1002_01-sng_00-n_00-n_00-n_00-n_00-n_00-n;1002;0;41719;0;N;580031;582786;4;3093;0;EC_PH-BR_1;20140321xFri;04_Česká Třebová_Brno;Pardubický kraj;h00;25;N
02-o2_02-edg_04-pot_03-lau2_07-day_05-300+_02-frt-1002_01-sng_00-n_00-n_00-n_00-n_00-n_00-n;1002;0;41710;0;N;554782;533165;1;3018;0;EC_PH-BR_1;20140312xWed;01_Praha_Kolín;Hlavní město Praha;h00;170;N
02-o2_02-edg_04-pot_03-lau2_07-day_05-300+_02-frt-1002_01-sng_00-n_00-n_00-n_00-n_00-n_00-n;1002;0;41710;0;N;533165;555134;2;3026;0;EC_PH-BR_1;20140312xWed;02_Kolín_Pardubice;Středočeský kraj;h00;102;N
02-o2_02-edg_04-pot_03-lau2_07-day_05-300+_02-frt-1002_01-sng_00-n_00-n_00-n_00-n_00-n_00-n;1002;0;41710;0;N;555134;580031;3;3093;0;EC_PH-BR_1;20140312xWed;03_Pardubice_Česká Třebová;Pardubický kraj;h00;42;N
02-o2_02-edg_04-pot_03-lau2_07-day_05-300+_02-frt-1002_01-sng_00-n_00-n_00-n_00-n_00-n_00-n;1002;0;41710;0;N;580031;582786;4;3093;0;EC_PH-BR_1;20140312xWed;04_Česká Třebová_Brno;Pardubický kraj;h00;33;N
02-o2_02-edg_04-pot_03-lau2_07-day_05-300+_02-frt-1002_01-sng_00-n_00-n_00-n_00-n_00-n_00-n;1002;0;41721;0;N;554782;533165;1;3018;0;EC_PH-BR_1;20140323xSun;01_Praha_Kolín;Hlavní město Praha;h00;81;N
02-o2_02-edg_04-pot_03-lau2_07-day_05-300+_02-frt-1002_01-sng_00-n_00-n_00-n_00-n_00-n_00-n;1002;0;41721;0;N;533165;555134;2;3026;0;EC_PH-BR_1;20140323xSun;02_Kolín_Pardubice;Středočeský kraj;h00;52;N
02-o2_02-edg_04-pot_03-lau2_07-day_05-300+_02-frt-1002_01-sng_00-n_00-n_00-n_00-n_00-n_00-n;1002;0;41721;0;N;555134;580031;3;3093;0;EC_PH-BR_1;20140323xSun;03_Pardubice_Česká Třebová;Pardubický kraj;h00;34;N
02-o2_02-edg_04-pot_03-lau2_07-day_05-300+_02-frt-1002_01-sng_00-n_00-n_00-n_00-n_00-n_00-n;1002;0;41721;0;N;580031;582786;4;3093;0;EC_PH-BR_1;20140323xSun;04_Česká Třebová_Brno;Pardubický kraj;h00;30;N
02-o2_02-edg_04-pot_03-lau2_07-day_05-300+_02-frt-1002_01-sng_00-n_00-n_00-n_00-n_00-n_00-n;1002;0;41712;0;N;554782;533165;1;3018;0;EC_PH-BR_1;20140314xFri;01_Praha_Kolín;Hlavní město Praha;h00;155;N
02-o2_02-edg_04-pot_03-lau2_07-day_05-300+_02-frt-1002_01-sng_00-n_00-n_00-n_00-n_00-n_00-n;1002;0;41712;0;N;533165;555134;2;3026;0;EC_PH-BR_1;20140314xFri;02_Kolín_Pardubice;Středočeský kraj;h00;112;N
02-o2_02-edg_04-pot_03-lau2_07-day_05-300+_02-frt-1002_01-sng_00-n_00-n_00-n_00-n_00-n_00-n;1002;0;41712;0;N;555134;580031;3;3093;0;EC_PH-BR_1;20140314xFri;03_Pardubice_Česká Třebová;Pardubický kraj;h00;56;N
02-o2_02-edg_04-pot_03-lau2_07-day_05-300+_02-frt-1002_01-sng_00-n_00-n_00-n_00-n_00-n_00-n;1002;0;41712;0;N;580031;582786;4;3093;0;EC_PH-BR_1;20140314xFri;04_Česká Třebová_Brno;Pardubický kraj;h00;38;N
02-o2_02-edg_04-pot_03-lau2_07-day_05-300+_02-frt-1002_01-sng_00-n_00-n_00-n_00-n_00-n_00-n;1002;0;41716;0;N;554782;533165;1;3018;0;EC_PH-BR_1;20140318xTue;01_Praha_Kolín;Hlavní město Praha;h00;153;N
02-o2_02-edg_04-pot_03-lau2_07-day_05-300+_02-frt-1002_01-sng_00-n_00-n_00-n_00-n_00-n_00-n;1002;0;41716;0;N;533165;555134;2;3026;0;EC_PH-BR_1;20140318xTue;02_Kolín_Pardubice;Středočeský kraj;h00;100;N
02-o2_02-edg_04-pot_03-lau2_07-day_05-300+_02-frt-1002_01-sng_00-n_00-n_00-n_00-n_00-n_00-n;1002;0;41716;0;N;555134;580031;3;3093;0;EC_PH-BR_1;20140318xTue;03_Pardubice_Česká Třebová;Pardubický kraj;h00;58;N
02-o2_02-edg_04-pot_03-lau2_07-day_05-300+_02-frt-1002_01-sng_00-n_00-n_00-n_00-n_00-n_00-n;1002;0;41716;0;N;580031;582786;4;3093;0;EC_PH-BR_1;20140318xTue;04_Česká Třebová_Brno;Pardubický kraj;h00;48;N
02-o2_02-edg_04-pot_03-lau2_07-day_05-300+_02-frt-1002_01-sng_00-n_00-n_00-n_00-n_00-n_00-n;1002;0;41711;0;N;554782;533165;1;3018;0;EC_PH-BR_1;20140313xThu;01_Praha_Kolín;Hlavní město Praha;h00;164;N
02-o2_02-edg_04-pot_03-lau2_07-day_05-300+_02-frt-1002_01-sng_00-n_00-n_00-n_00-n_00-n_00-n;1002;0;41711;0;N;533165;555134;2;3026;0;EC_PH-BR_1;20140313xThu;02_Kolín_Pardubice;Středočeský kraj;h00;95;N
02-o2_02-edg_04-pot_03-lau2_07-day_05-300+_02-frt-1002_01-sng_00-n_00-n_00-n_00-n_00-n_00-n;1002;0;41711;0;N;555134;580031;3;3093;0;EC_PH-BR_1;20140313xThu;03_Pardubice_Česká Třebová;Pardubický kraj;h00;49;N
02-o2_02-edg_04-pot_03-lau2_07-day_05-300+_02-frt-1002_01-sng_00-n_00-n_00-n_00-n_00-n_00-n;1002;0;41711;0;N;580031;582786;4;3093;0;EC_PH-BR_1;20140313xThu;04_Česká Třebová_Brno;Pardubický kraj;h00;42;N
02-o2_02-edg_04-pot_03-lau2_07-day_05-300+_02-frt-1002_01-sng_00-n_00-n_00-n_00-n_00-n_00-n;1002;0;41713;0;N;554782;533165;1;3018;0;EC_PH-BR_1;20140315xSat;01_Praha_Kolín;Hlavní město Praha;h00;105;N
02-o2_02-edg_04-pot_03-lau2_07-day_05-300+_02-frt-1002_01-sng_00-n_00-n_00-n_00-n_00-n_00-n;1002;0;41713;0;N;533165;555134;2;3026;0;EC_PH-BR_1;20140315xSat;02_Kolín_Pardubice;Středočeský kraj;h00;70;N
02-o2_02-edg_04-pot_03-lau2_07-day_05-300+_02-frt-1002_01-sng_00-n_00-n_00-n_00-n_00-n_00-n;1002;0;41713;0;N;555134;580031;3;3093;0;EC_PH-BR_1;20140315xSat;03_Pardubice_Česká Třebová;Pardubický kraj;h00;40;N
02-o2_02-edg_04-pot_03-lau2_07-day_05-300+_02-frt-1002_01-sng_00-n_00-n_00-n_00-n_00-n_00-n;1002;0;41713;0;N;580031;582786;4;3093;0;EC_PH-BR_1;20140315xSat;04_Česká Třebová_Brno;Pardubický kraj;h00;30;N
02-o2_02-edg_04-pot_03-lau2_07-day_05-300+_02-frt-1002_01-sng_00-n_00-n_00-n_00-n_00-n_00-n;1002;0;41722;0;N;554782;533165;1;3018;0;EC_PH-BR_1;20140324xMon;01_Praha_Kolín;Hlavní město Praha;h00;140;N
02-o2_02-edg_04-pot_03-lau2_07-day_05-300+_02-frt-1002_01-sng_00-n_00-n_00-n_00-n_00-n_00-n;1002;0;41722;0;N;533165;555134;2;3026;0;EC_PH-BR_1;20140324xMon;02_Kolín_Pardubice;Středočeský kraj;h00;89;N
02-o2_02-edg_04-pot_03-lau2_07-day_05-300+_02-frt-1002_01-sng_00-n_00-n_00-n_00-n_00-n_00-n;1002;0;41722;0;N;555134;580031;3;3093;0;EC_PH-BR_1;20140324xMon;03_Pardubice_Česká Třebová;Pardubický kraj;h00;43;N
02-o2_02-edg_04-pot_03-lau2_07-day_05-300+_02-frt-1002_01-sng_00-n_00-n_00-n_00-n_00-n_00-n;1002;0;41722;0;N;580031;582786;4;3093;0;EC_PH-BR_1;20140324xMon;04_Česká Třebová_Brno;Pardubický kraj;h00;29;N
02-o2_02-edg_04-pot_03-lau2_07-day_05-300+_02-frt-1002_01-sng_00-n_00-n_00-n_00-n_00-n_00-n;1002;0;41717;0;N;554782;533165;1;3018;0;EC_PH-BR_1;20140319xWed;01_Praha_Kolín;Hlavní město Praha;h00;152;N
02-o2_02-edg_04-pot_03-lau2_07-day_05-300+_02-frt-1002_01-sng_00-n_00-n_00-n_00-n_00-n_00-n;1002;0;41717;0;N;533165;555134;2;3026;0;EC_PH-BR_1;20140319xWed;02_Kolín_Pardubice;Středočeský kraj;h00;83;N
02-o2_02-edg_04-pot_03-lau2_07-day_05-300+_02-frt-1002_01-sng_00-n_00-n_00-n_00-n_00-n_00-n;1002;0;41717;0;N;555134;580031;3;3093;0;EC_PH-BR_1;20140319xWed;03_Pardubice_Česká Třebová;Pardubický kraj;h00;41;N
02-o2_02-edg_04-pot_03-lau2_07-day_05-300+_02-frt-1002_01-sng_00-n_00-n_00-n_00-n_00-n_00-n;1002;0;41717;0;N;580031;582786;4;3093;0;EC_PH-BR_1;20140319xWed;04_Česká Třebová_Brno;Pardubický kraj;h00;32;N
02-o2_02-edg_04-pot_03-lau2_07-day_05-300+_02-frt-1002_01-sng_00-n_00-n_00-n_00-n_00-n_00-n;1002;0;41723;0;N;554782;533165;1;3018;0;EC_PH-BR_1;20140325xTue;01_Praha_Kolín;Hlavní město Praha;h00;126;N
02-o2_02-edg_04-pot_03-lau2_07-day_05-300+_02-frt-1002_01-sng_00-n_00-n_00-n_00-n_00-n_00-n;1002;0;41723;0;N;533165;555134;2;3026;0;EC_PH-BR_1;20140325xTue;02_Kolín_Pardubice;Středočeský kraj;h00;73;N
02-o2_02-edg_04-pot_03-lau2_07-day_05-300+_02-frt-1002_01-sng_00-n_00-n_00-n_00-n_00-n_00-n;1002;0;41723;0;N;555134;580031;3;3093;0;EC_PH-BR_1;20140325xTue;03_Pardubice_Česká Třebová;Pardubický kraj;h00;32;N
02-o2_02-edg_04-pot_03-lau2_07-day_05-300+_02-frt-1002_01-sng_00-n_00-n_00-n_00-n_00-n_00-n;1002;0;41723;0;N;580031;582786;4;3093;0;EC_PH-BR_1;20140325xTue;04_Česká Třebová_Brno;Pardubický kraj;h00;26;N
02-o2_02-edg_04-pot_03-lau2_07-day_05-300+_02-frt-1002_01-sng_00-n_00-n_00-n_00-n_00-n_00-n;1002;0;41714;0;N;554782;533165;1;3018;0;EC_PH-BR_1;20140316xSun;01_Praha_Kolín;Hlavní město Praha;h00;92;N
02-o2_02-edg_04-pot_03-lau2_07-day_05-300+_02-frt-1002_01-sng_00-n_00-n_00-n_00-n_00-n_00-n;1002;0;41714;0;N;533165;555134;2;3026;0;EC_PH-BR_1;20140316xSun;02_Kolín_Pardubice;Středočeský kraj;h00;71;N
02-o2_02-edg_04-pot_03-lau2_07-day_05-300+_02-frt-1002_01-sng_00-n_00-n_00-n_00-n_00-n_00-n;1002;0;41714;0;N;555134;580031;3;3093;0;EC_PH-BR_1;20140316xSun;03_Pardubice_Česká Třebová;Pardubický kraj;h00;45;N
02-o2_02-edg_04-pot_03-lau2_07-day_05-300+_02-frt-1002_01-sng_00-n_00-n_00-n_00-n_00-n_00-n;1002;0;41714;0;N;580031;582786;4;3093;0;EC_PH-BR_1;20140316xSun;04_Česká Třebová_Brno;Pardubický kraj;h00;43;N
02-o2_02-edg_04-pot_03-lau2_07-day_05-300+_02-frt-1002_01-sng_00-n_00-n_00-n_00-n_00-n_00-n;1002;0;41718;0;N;554782;533165;1;3018;0;EC_PH-BR_1;20140320xThu;01_Praha_Kolín;Hlavní město Praha;h00;136;N
02-o2_02-edg_04-pot_03-lau2_07-day_05-300+_02-frt-1002_01-sng_00-n_00-n_00-n_00-n_00-n_00-n;1002;0;41718;0;N;533165;555134;2;3026;0;EC_PH-BR_1;20140320xThu;02_Kolín_Pardubice;Středočeský kraj;h00;80;N
02-o2_02-edg_04-pot_03-lau2_07-day_05-300+_02-frt-1002_01-sng_00-n_00-n_00-n_00-n_00-n_00-n;1002;0;41718;0;N;555134;580031;3;3093;0;EC_PH-BR_1;20140320xThu;03_Pardubice_Česká Třebová;Pardubický kraj;h00;45;N
02-o2_02-edg_04-pot_03-lau2_07-day_05-300+_02-frt-1002_01-sng_00-n_00-n_00-n_00-n_00-n_00-n;1002;0;41718;0;N;580031;582786;4;3093;0;EC_PH-BR_1;20140320xThu;04_Česká Třebová_Brno;Pardubický kraj;h00;30;N
02-o2_02-edg_04-pot_03-lau2_07-day_05-300+_02-frt-1002_01-sng_00-n_00-n_00-n_00-n_00-n_00-n;1002;0;41720;0;N;554782;533165;1;3018;0;EC_PH-BR_1;20140322xSat;01_Praha_Kolín;Hlavní město Praha;h00;90;N
02-o2_02-edg_04-pot_03-lau2_07-day_05-300+_02-frt-1002_01-sng_00-n_00-n_00-n_00-n_00-n_00-n;1002;0;41720;0;N;533165;555134;2;3026;0;EC_PH-BR_1;20140322xSat;02_Kolín_Pardubice;Středočeský kraj;h00;50;N
02-o2_02-edg_04-pot_03-lau2_07-day_05-300+_02-frt-1002_01-sng_00-n_00-n_00-n_00-n_00-n_00-n;1002;0;41720;0;N;555134;580031;3;3093;0;EC_PH-BR_1;20140322xSat;03_Pardubice_Česká Třebová;Pardubický kraj;h00;25;N
02-o2_02-edg_04-pot_03-lau2_07-day_05-300+_02-frt-1002_01-sng_00-n_00-n_00-n_00-n_00-n_00-n;1002;0;41720;0;N;580031;582786;4;3093;0;EC_PH-BR_1;20140322xSat;04_Česká Třebová_Brno;Pardubický kraj;h00;22;N
02-o2_02-edg_04-pot_03-lau2_07-day_05-300+_02-frt-1002_01-sng_00-n_00-n_00-n_00-n_00-n_00-n;1002;0;41715;0;N;554782;533165;1;3018;0;EC_PH-BR_1;20140317xMon;01_Praha_Kolín;Hlavní město Praha;h00;160;N
02-o2_02-edg_04-pot_03-lau2_07-day_05-300+_02-frt-1002_01-sng_00-n_00-n_00-n_00-n_00-n_00-n;1002;0;41715;0;N;533165;555134;2;3026;0;EC_PH-BR_1;20140317xMon;02_Kolín_Pardubice;Středočeský kraj;h00;84;N
02-o2_02-edg_04-pot_03-lau2_07-day_05-300+_02-frt-1002_01-sng_00-n_00-n_00-n_00-n_00-n_00-n;1002;0;41715;0;N;555134;580031;3;3093;0;EC_PH-BR_1;20140317xMon;03_Pardubice_Česká Třebová;Pardubický kraj;h00;50;N
02-o2_02-edg_04-pot_03-lau2_07-day_05-300+_02-frt-1002_01-sng_00-n_00-n_00-n_00-n_00-n_00-n;1002;0;41715;0;N;580031;582786;4;3093;0;EC_PH-BR_1;20140317xMon;04_Česká Třebová_Brno;Pardubický kraj;h00;44;N
