02-o2_02-edg_04-pot_03-lau2_07-day_03-60_07-frt-1007_01-sng_00-n_00-n_00-n_00-n_00-n_00-n;1007;0;41718;0;N;531057;531758;1;3026;0;PM_BE-PH_1;20140320xThu;01_Beroun_Srbsko;Středočeský kraj;h00;3266;N
02-o2_02-edg_04-pot_03-lau2_07-day_03-60_07-frt-1007_01-sng_00-n_00-n_00-n_00-n_00-n_00-n;1007;0;41718;0;N;531758;531316;2;3026;0;PM_BE-PH_1;20140320xThu;02_Srbsko_Karlštejn;Středočeský kraj;h00;3321;N
02-o2_02-edg_04-pot_03-lau2_07-day_03-60_07-frt-1007_01-sng_00-n_00-n_00-n_00-n_00-n_00-n;1007;0;41718;0;N;531316;531979;3;3026;0;PM_BE-PH_1;20140320xThu;03_Karlštejn_Zadní Třebaň;Středočeský kraj;h00;3318;N
02-o2_02-edg_04-pot_03-lau2_07-day_03-60_07-frt-1007_01-sng_00-n_00-n_00-n_00-n_00-n_00-n;1007;0;41718;0;N;531979;539643;4;3026;0;PM_BE-PH_1;20140320xThu;04_Zadní Třebaň_Řevnice;Středočeský kraj;h00;3503;N
02-o2_02-edg_04-pot_03-lau2_07-day_03-60_07-frt-1007_01-sng_00-n_00-n_00-n_00-n_00-n_00-n;1007;0;41718;0;N;539643;539198;5;3026;0;PM_BE-PH_1;20140320xThu;05_Řevnice_Dobřichovice;Středočeský kraj;h00;3542;N
02-o2_02-edg_04-pot_03-lau2_07-day_03-60_07-frt-1007_01-sng_00-n_00-n_00-n_00-n_00-n_00-n;1007;0;41718;0;N;539198;539856;6;3026;0;PM_BE-PH_1;20140320xThu;06_Dobřichovice_Všenory;Středočeský kraj;h00;4456;N
02-o2_02-edg_04-pot_03-lau2_07-day_03-60_07-frt-1007_01-sng_00-n_00-n_00-n_00-n_00-n_00-n;1007;0;41718;0;N;539856;539139;7;3026;0;PM_BE-PH_1;20140320xThu;07_Všenory_Černošice;Středočeský kraj;h00;4594;N
02-o2_02-edg_04-pot_03-lau2_07-day_03-60_07-frt-1007_01-sng_00-n_00-n_00-n_00-n_00-n_00-n;1007;0;41718;0;N;539139;554782;8;3026;0;PM_BE-PH_1;20140320xThu;08_Černošice_Praha;Středočeský kraj;h00;5812;N
02-o2_02-edg_04-pot_03-lau2_07-day_03-60_07-frt-1007_01-sng_00-n_00-n_00-n_00-n_00-n_00-n;1007;0;41711;0;N;531057;531758;1;3026;0;PM_BE-PH_1;20140313xThu;01_Beroun_Srbsko;Středočeský kraj;h00;3881;N
02-o2_02-edg_04-pot_03-lau2_07-day_03-60_07-frt-1007_01-sng_00-n_00-n_00-n_00-n_00-n_00-n;1007;0;41711;0;N;531758;531316;2;3026;0;PM_BE-PH_1;20140313xThu;02_Srbsko_Karlštejn;Středočeský kraj;h00;3949;N
02-o2_02-edg_04-pot_03-lau2_07-day_03-60_07-frt-1007_01-sng_00-n_00-n_00-n_00-n_00-n_00-n;1007;0;41711;0;N;531316;531979;3;3026;0;PM_BE-PH_1;20140313xThu;03_Karlštejn_Zadní Třebaň;Středočeský kraj;h00;3901;N
02-o2_02-edg_04-pot_03-lau2_07-day_03-60_07-frt-1007_01-sng_00-n_00-n_00-n_00-n_00-n_00-n;1007;0;41711;0;N;531979;539643;4;3026;0;PM_BE-PH_1;20140313xThu;04_Zadní Třebaň_Řevnice;Středočeský kraj;h00;4044;N
02-o2_02-edg_04-pot_03-lau2_07-day_03-60_07-frt-1007_01-sng_00-n_00-n_00-n_00-n_00-n_00-n;1007;0;41711;0;N;539643;539198;5;3026;0;PM_BE-PH_1;20140313xThu;05_Řevnice_Dobřichovice;Středočeský kraj;h00;4052;N
02-o2_02-edg_04-pot_03-lau2_07-day_03-60_07-frt-1007_01-sng_00-n_00-n_00-n_00-n_00-n_00-n;1007;0;41711;0;N;539198;539856;6;3026;0;PM_BE-PH_1;20140313xThu;06_Dobřichovice_Všenory;Středočeský kraj;h00;4905;N
02-o2_02-edg_04-pot_03-lau2_07-day_03-60_07-frt-1007_01-sng_00-n_00-n_00-n_00-n_00-n_00-n;1007;0;41711;0;N;539856;539139;7;3026;0;PM_BE-PH_1;20140313xThu;07_Všenory_Černošice;Středočeský kraj;h00;5073;N
02-o2_02-edg_04-pot_03-lau2_07-day_03-60_07-frt-1007_01-sng_00-n_00-n_00-n_00-n_00-n_00-n;1007;0;41711;0;N;539139;554782;8;3026;0;PM_BE-PH_1;20140313xThu;08_Černošice_Praha;Středočeský kraj;h00;6256;N
02-o2_02-edg_04-pot_03-lau2_07-day_03-60_07-frt-1007_01-sng_00-n_00-n_00-n_00-n_00-n_00-n;1007;0;41720;0;N;531057;531758;1;3026;0;PM_BE-PH_1;20140322xSat;01_Beroun_Srbsko;Středočeský kraj;h00;2301;N
02-o2_02-edg_04-pot_03-lau2_07-day_03-60_07-frt-1007_01-sng_00-n_00-n_00-n_00-n_00-n_00-n;1007;0;41720;0;N;531758;531316;2;3026;0;PM_BE-PH_1;20140322xSat;02_Srbsko_Karlštejn;Středočeský kraj;h00;2394;N
02-o2_02-edg_04-pot_03-lau2_07-day_03-60_07-frt-1007_01-sng_00-n_00-n_00-n_00-n_00-n_00-n;1007;0;41720;0;N;531316;531979;3;3026;0;PM_BE-PH_1;20140322xSat;03_Karlštejn_Zadní Třebaň;Středočeský kraj;h00;2501;N
02-o2_02-edg_04-pot_03-lau2_07-day_03-60_07-frt-1007_01-sng_00-n_00-n_00-n_00-n_00-n_00-n;1007;0;41720;0;N;531979;539643;4;3026;0;PM_BE-PH_1;20140322xSat;04_Zadní Třebaň_Řevnice;Středočeský kraj;h00;2622;N
02-o2_02-edg_04-pot_03-lau2_07-day_03-60_07-frt-1007_01-sng_00-n_00-n_00-n_00-n_00-n_00-n;1007;0;41720;0;N;539643;539198;5;3026;0;PM_BE-PH_1;20140322xSat;05_Řevnice_Dobřichovice;Středočeský kraj;h00;2591;N
02-o2_02-edg_04-pot_03-lau2_07-day_03-60_07-frt-1007_01-sng_00-n_00-n_00-n_00-n_00-n_00-n;1007;0;41720;0;N;539198;539856;6;3026;0;PM_BE-PH_1;20140322xSat;06_Dobřichovice_Všenory;Středočeský kraj;h00;3439;N
02-o2_02-edg_04-pot_03-lau2_07-day_03-60_07-frt-1007_01-sng_00-n_00-n_00-n_00-n_00-n_00-n;1007;0;41720;0;N;539856;539139;7;3026;0;PM_BE-PH_1;20140322xSat;07_Všenory_Černošice;Středočeský kraj;h00;3533;N
02-o2_02-edg_04-pot_03-lau2_07-day_03-60_07-frt-1007_01-sng_00-n_00-n_00-n_00-n_00-n_00-n;1007;0;41720;0;N;539139;554782;8;3026;0;PM_BE-PH_1;20140322xSat;08_Černošice_Praha;Středočeský kraj;h00;4329;N
02-o2_02-edg_04-pot_03-lau2_07-day_03-60_07-frt-1007_01-sng_00-n_00-n_00-n_00-n_00-n_00-n;1007;0;41713;0;N;531057;531758;1;3026;0;PM_BE-PH_1;20140315xSat;01_Beroun_Srbsko;Středočeský kraj;h00;2417;N
02-o2_02-edg_04-pot_03-lau2_07-day_03-60_07-frt-1007_01-sng_00-n_00-n_00-n_00-n_00-n_00-n;1007;0;41713;0;N;531758;531316;2;3026;0;PM_BE-PH_1;20140315xSat;02_Srbsko_Karlštejn;Středočeský kraj;h00;2448;N
02-o2_02-edg_04-pot_03-lau2_07-day_03-60_07-frt-1007_01-sng_00-n_00-n_00-n_00-n_00-n_00-n;1007;0;41713;0;N;531316;531979;3;3026;0;PM_BE-PH_1;20140315xSat;03_Karlštejn_Zadní Třebaň;Středočeský kraj;h00;2473;N
02-o2_02-edg_04-pot_03-lau2_07-day_03-60_07-frt-1007_01-sng_00-n_00-n_00-n_00-n_00-n_00-n;1007;0;41713;0;N;531979;539643;4;3026;0;PM_BE-PH_1;20140315xSat;04_Zadní Třebaň_Řevnice;Středočeský kraj;h00;2589;N
02-o2_02-edg_04-pot_03-lau2_07-day_03-60_07-frt-1007_01-sng_00-n_00-n_00-n_00-n_00-n_00-n;1007;0;41713;0;N;539643;539198;5;3026;0;PM_BE-PH_1;20140315xSat;05_Řevnice_Dobřichovice;Středočeský kraj;h00;2584;N
02-o2_02-edg_04-pot_03-lau2_07-day_03-60_07-frt-1007_01-sng_00-n_00-n_00-n_00-n_00-n_00-n;1007;0;41713;0;N;539198;539856;6;3026;0;PM_BE-PH_1;20140315xSat;06_Dobřichovice_Všenory;Středočeský kraj;h00;3242;N
02-o2_02-edg_04-pot_03-lau2_07-day_03-60_07-frt-1007_01-sng_00-n_00-n_00-n_00-n_00-n_00-n;1007;0;41713;0;N;539856;539139;7;3026;0;PM_BE-PH_1;20140315xSat;07_Všenory_Černošice;Středočeský kraj;h00;3258;N
02-o2_02-edg_04-pot_03-lau2_07-day_03-60_07-frt-1007_01-sng_00-n_00-n_00-n_00-n_00-n_00-n;1007;0;41713;0;N;539139;554782;8;3026;0;PM_BE-PH_1;20140315xSat;08_Černošice_Praha;Středočeský kraj;h00;4075;N
02-o2_02-edg_04-pot_03-lau2_07-day_03-60_07-frt-1007_01-sng_00-n_00-n_00-n_00-n_00-n_00-n;1007;0;41710;0;N;531057;531758;1;3026;0;PM_BE-PH_1;20140312xWed;01_Beroun_Srbsko;Středočeský kraj;h00;3585;N
02-o2_02-edg_04-pot_03-lau2_07-day_03-60_07-frt-1007_01-sng_00-n_00-n_00-n_00-n_00-n_00-n;1007;0;41710;0;N;531758;531316;2;3026;0;PM_BE-PH_1;20140312xWed;02_Srbsko_Karlštejn;Středočeský kraj;h00;3627;N
02-o2_02-edg_04-pot_03-lau2_07-day_03-60_07-frt-1007_01-sng_00-n_00-n_00-n_00-n_00-n_00-n;1007;0;41710;0;N;531316;531979;3;3026;0;PM_BE-PH_1;20140312xWed;03_Karlštejn_Zadní Třebaň;Středočeský kraj;h00;3639;N
02-o2_02-edg_04-pot_03-lau2_07-day_03-60_07-frt-1007_01-sng_00-n_00-n_00-n_00-n_00-n_00-n;1007;0;41710;0;N;531979;539643;4;3026;0;PM_BE-PH_1;20140312xWed;04_Zadní Třebaň_Řevnice;Středočeský kraj;h00;3762;N
02-o2_02-edg_04-pot_03-lau2_07-day_03-60_07-frt-1007_01-sng_00-n_00-n_00-n_00-n_00-n_00-n;1007;0;41710;0;N;539643;539198;5;3026;0;PM_BE-PH_1;20140312xWed;05_Řevnice_Dobřichovice;Středočeský kraj;h00;3911;N
02-o2_02-edg_04-pot_03-lau2_07-day_03-60_07-frt-1007_01-sng_00-n_00-n_00-n_00-n_00-n_00-n;1007;0;41710;0;N;539198;539856;6;3026;0;PM_BE-PH_1;20140312xWed;06_Dobřichovice_Všenory;Středočeský kraj;h00;4728;N
02-o2_02-edg_04-pot_03-lau2_07-day_03-60_07-frt-1007_01-sng_00-n_00-n_00-n_00-n_00-n_00-n;1007;0;41710;0;N;539856;539139;7;3026;0;PM_BE-PH_1;20140312xWed;07_Všenory_Černošice;Středočeský kraj;h00;4859;N
02-o2_02-edg_04-pot_03-lau2_07-day_03-60_07-frt-1007_01-sng_00-n_00-n_00-n_00-n_00-n_00-n;1007;0;41710;0;N;539139;554782;8;3026;0;PM_BE-PH_1;20140312xWed;08_Černošice_Praha;Středočeský kraj;h00;6133;N
02-o2_02-edg_04-pot_03-lau2_07-day_03-60_07-frt-1007_01-sng_00-n_00-n_00-n_00-n_00-n_00-n;1007;0;41724;0;N;531057;531758;1;3026;0;PM_BE-PH_1;20140326xWed;01_Beroun_Srbsko;Středočeský kraj;h00;3396;N
02-o2_02-edg_04-pot_03-lau2_07-day_03-60_07-frt-1007_01-sng_00-n_00-n_00-n_00-n_00-n_00-n;1007;0;41724;0;N;531758;531316;2;3026;0;PM_BE-PH_1;20140326xWed;02_Srbsko_Karlštejn;Středočeský kraj;h00;3436;N
02-o2_02-edg_04-pot_03-lau2_07-day_03-60_07-frt-1007_01-sng_00-n_00-n_00-n_00-n_00-n_00-n;1007;0;41724;0;N;531316;531979;3;3026;0;PM_BE-PH_1;20140326xWed;03_Karlštejn_Zadní Třebaň;Středočeský kraj;h00;3394;N
02-o2_02-edg_04-pot_03-lau2_07-day_03-60_07-frt-1007_01-sng_00-n_00-n_00-n_00-n_00-n_00-n;1007;0;41724;0;N;531979;539643;4;3026;0;PM_BE-PH_1;20140326xWed;04_Zadní Třebaň_Řevnice;Středočeský kraj;h00;3549;N
02-o2_02-edg_04-pot_03-lau2_07-day_03-60_07-frt-1007_01-sng_00-n_00-n_00-n_00-n_00-n_00-n;1007;0;41724;0;N;539643;539198;5;3026;0;PM_BE-PH_1;20140326xWed;05_Řevnice_Dobřichovice;Středočeský kraj;h00;3545;N
02-o2_02-edg_04-pot_03-lau2_07-day_03-60_07-frt-1007_01-sng_00-n_00-n_00-n_00-n_00-n_00-n;1007;0;41724;0;N;539198;539856;6;3026;0;PM_BE-PH_1;20140326xWed;06_Dobřichovice_Všenory;Středočeský kraj;h00;4481;N
02-o2_02-edg_04-pot_03-lau2_07-day_03-60_07-frt-1007_01-sng_00-n_00-n_00-n_00-n_00-n_00-n;1007;0;41724;0;N;539856;539139;7;3026;0;PM_BE-PH_1;20140326xWed;07_Všenory_Černošice;Středočeský kraj;h00;4645;N
02-o2_02-edg_04-pot_03-lau2_07-day_03-60_07-frt-1007_01-sng_00-n_00-n_00-n_00-n_00-n_00-n;1007;0;41724;0;N;539139;554782;8;3026;0;PM_BE-PH_1;20140326xWed;08_Černošice_Praha;Středočeský kraj;h00;5761;N
02-o2_02-edg_04-pot_03-lau2_07-day_03-60_07-frt-1007_01-sng_00-n_00-n_00-n_00-n_00-n_00-n;1007;0;41717;0;N;531057;531758;1;3026;0;PM_BE-PH_1;20140319xWed;01_Beroun_Srbsko;Středočeský kraj;h00;3348;N
02-o2_02-edg_04-pot_03-lau2_07-day_03-60_07-frt-1007_01-sng_00-n_00-n_00-n_00-n_00-n_00-n;1007;0;41717;0;N;531758;531316;2;3026;0;PM_BE-PH_1;20140319xWed;02_Srbsko_Karlštejn;Středočeský kraj;h00;3394;N
02-o2_02-edg_04-pot_03-lau2_07-day_03-60_07-frt-1007_01-sng_00-n_00-n_00-n_00-n_00-n_00-n;1007;0;41717;0;N;531316;531979;3;3026;0;PM_BE-PH_1;20140319xWed;03_Karlštejn_Zadní Třebaň;Středočeský kraj;h00;3397;N
02-o2_02-edg_04-pot_03-lau2_07-day_03-60_07-frt-1007_01-sng_00-n_00-n_00-n_00-n_00-n_00-n;1007;0;41717;0;N;531979;539643;4;3026;0;PM_BE-PH_1;20140319xWed;04_Zadní Třebaň_Řevnice;Středočeský kraj;h00;3573;N
02-o2_02-edg_04-pot_03-lau2_07-day_03-60_07-frt-1007_01-sng_00-n_00-n_00-n_00-n_00-n_00-n;1007;0;41717;0;N;539643;539198;5;3026;0;PM_BE-PH_1;20140319xWed;05_Řevnice_Dobřichovice;Středočeský kraj;h00;3699;N
02-o2_02-edg_04-pot_03-lau2_07-day_03-60_07-frt-1007_01-sng_00-n_00-n_00-n_00-n_00-n_00-n;1007;0;41717;0;N;539198;539856;6;3026;0;PM_BE-PH_1;20140319xWed;06_Dobřichovice_Všenory;Středočeský kraj;h00;4627;N
02-o2_02-edg_04-pot_03-lau2_07-day_03-60_07-frt-1007_01-sng_00-n_00-n_00-n_00-n_00-n_00-n;1007;0;41717;0;N;539856;539139;7;3026;0;PM_BE-PH_1;20140319xWed;07_Všenory_Černošice;Středočeský kraj;h00;4765;N
02-o2_02-edg_04-pot_03-lau2_07-day_03-60_07-frt-1007_01-sng_00-n_00-n_00-n_00-n_00-n_00-n;1007;0;41717;0;N;539139;554782;8;3026;0;PM_BE-PH_1;20140319xWed;08_Černošice_Praha;Středočeský kraj;h00;6041;N
02-o2_02-edg_04-pot_03-lau2_07-day_03-60_07-frt-1007_01-sng_00-n_00-n_00-n_00-n_00-n_00-n;1007;0;41723;0;N;531057;531758;1;3026;0;PM_BE-PH_1;20140325xTue;01_Beroun_Srbsko;Středočeský kraj;h00;3227;N
02-o2_02-edg_04-pot_03-lau2_07-day_03-60_07-frt-1007_01-sng_00-n_00-n_00-n_00-n_00-n_00-n;1007;0;41723;0;N;531758;531316;2;3026;0;PM_BE-PH_1;20140325xTue;02_Srbsko_Karlštejn;Středočeský kraj;h00;3269;N
02-o2_02-edg_04-pot_03-lau2_07-day_03-60_07-frt-1007_01-sng_00-n_00-n_00-n_00-n_00-n_00-n;1007;0;41723;0;N;531316;531979;3;3026;0;PM_BE-PH_1;20140325xTue;03_Karlštejn_Zadní Třebaň;Středočeský kraj;h00;3242;N
02-o2_02-edg_04-pot_03-lau2_07-day_03-60_07-frt-1007_01-sng_00-n_00-n_00-n_00-n_00-n_00-n;1007;0;41723;0;N;531979;539643;4;3026;0;PM_BE-PH_1;20140325xTue;04_Zadní Třebaň_Řevnice;Středočeský kraj;h00;3381;N
02-o2_02-edg_04-pot_03-lau2_07-day_03-60_07-frt-1007_01-sng_00-n_00-n_00-n_00-n_00-n_00-n;1007;0;41723;0;N;539643;539198;5;3026;0;PM_BE-PH_1;20140325xTue;05_Řevnice_Dobřichovice;Středočeský kraj;h00;3360;N
02-o2_02-edg_04-pot_03-lau2_07-day_03-60_07-frt-1007_01-sng_00-n_00-n_00-n_00-n_00-n_00-n;1007;0;41723;0;N;539198;539856;6;3026;0;PM_BE-PH_1;20140325xTue;06_Dobřichovice_Všenory;Středočeský kraj;h00;4227;N
02-o2_02-edg_04-pot_03-lau2_07-day_03-60_07-frt-1007_01-sng_00-n_00-n_00-n_00-n_00-n_00-n;1007;0;41723;0;N;539856;539139;7;3026;0;PM_BE-PH_1;20140325xTue;07_Všenory_Černošice;Středočeský kraj;h00;4383;N
02-o2_02-edg_04-pot_03-lau2_07-day_03-60_07-frt-1007_01-sng_00-n_00-n_00-n_00-n_00-n_00-n;1007;0;41723;0;N;539139;554782;8;3026;0;PM_BE-PH_1;20140325xTue;08_Černošice_Praha;Středočeský kraj;h00;5514;N
02-o2_02-edg_04-pot_03-lau2_07-day_03-60_07-frt-1007_01-sng_00-n_00-n_00-n_00-n_00-n_00-n;1007;0;41712;0;N;531057;531758;1;3026;0;PM_BE-PH_1;20140314xFri;01_Beroun_Srbsko;Středočeský kraj;h00;3741;N
02-o2_02-edg_04-pot_03-lau2_07-day_03-60_07-frt-1007_01-sng_00-n_00-n_00-n_00-n_00-n_00-n;1007;0;41712;0;N;531758;531316;2;3026;0;PM_BE-PH_1;20140314xFri;02_Srbsko_Karlštejn;Středočeský kraj;h00;3778;N
02-o2_02-edg_04-pot_03-lau2_07-day_03-60_07-frt-1007_01-sng_00-n_00-n_00-n_00-n_00-n_00-n;1007;0;41712;0;N;531316;531979;3;3026;0;PM_BE-PH_1;20140314xFri;03_Karlštejn_Zadní Třebaň;Středočeský kraj;h00;3767;N
02-o2_02-edg_04-pot_03-lau2_07-day_03-60_07-frt-1007_01-sng_00-n_00-n_00-n_00-n_00-n_00-n;1007;0;41712;0;N;531979;539643;4;3026;0;PM_BE-PH_1;20140314xFri;04_Zadní Třebaň_Řevnice;Středočeský kraj;h00;3940;N
02-o2_02-edg_04-pot_03-lau2_07-day_03-60_07-frt-1007_01-sng_00-n_00-n_00-n_00-n_00-n_00-n;1007;0;41712;0;N;539643;539198;5;3026;0;PM_BE-PH_1;20140314xFri;05_Řevnice_Dobřichovice;Středočeský kraj;h00;3938;N
02-o2_02-edg_04-pot_03-lau2_07-day_03-60_07-frt-1007_01-sng_00-n_00-n_00-n_00-n_00-n_00-n;1007;0;41712;0;N;539198;539856;6;3026;0;PM_BE-PH_1;20140314xFri;06_Dobřichovice_Všenory;Středočeský kraj;h00;4932;N
02-o2_02-edg_04-pot_03-lau2_07-day_03-60_07-frt-1007_01-sng_00-n_00-n_00-n_00-n_00-n_00-n;1007;0;41712;0;N;539856;539139;7;3026;0;PM_BE-PH_1;20140314xFri;07_Všenory_Černošice;Středočeský kraj;h00;5112;N
02-o2_02-edg_04-pot_03-lau2_07-day_03-60_07-frt-1007_01-sng_00-n_00-n_00-n_00-n_00-n_00-n;1007;0;41712;0;N;539139;554782;8;3026;0;PM_BE-PH_1;20140314xFri;08_Černošice_Praha;Středočeský kraj;h00;6278;N
02-o2_02-edg_04-pot_03-lau2_07-day_03-60_07-frt-1007_01-sng_00-n_00-n_00-n_00-n_00-n_00-n;1007;0;41716;0;N;531057;531758;1;3026;0;PM_BE-PH_1;20140318xTue;01_Beroun_Srbsko;Středočeský kraj;h00;3162;N
02-o2_02-edg_04-pot_03-lau2_07-day_03-60_07-frt-1007_01-sng_00-n_00-n_00-n_00-n_00-n_00-n;1007;0;41716;0;N;531758;531316;2;3026;0;PM_BE-PH_1;20140318xTue;02_Srbsko_Karlštejn;Středočeský kraj;h00;3215;N
02-o2_02-edg_04-pot_03-lau2_07-day_03-60_07-frt-1007_01-sng_00-n_00-n_00-n_00-n_00-n_00-n;1007;0;41716;0;N;531316;531979;3;3026;0;PM_BE-PH_1;20140318xTue;03_Karlštejn_Zadní Třebaň;Středočeský kraj;h00;3212;N
02-o2_02-edg_04-pot_03-lau2_07-day_03-60_07-frt-1007_01-sng_00-n_00-n_00-n_00-n_00-n_00-n;1007;0;41716;0;N;531979;539643;4;3026;0;PM_BE-PH_1;20140318xTue;04_Zadní Třebaň_Řevnice;Středočeský kraj;h00;3348;N
02-o2_02-edg_04-pot_03-lau2_07-day_03-60_07-frt-1007_01-sng_00-n_00-n_00-n_00-n_00-n_00-n;1007;0;41716;0;N;539643;539198;5;3026;0;PM_BE-PH_1;20140318xTue;05_Řevnice_Dobřichovice;Středočeský kraj;h00;3336;N
02-o2_02-edg_04-pot_03-lau2_07-day_03-60_07-frt-1007_01-sng_00-n_00-n_00-n_00-n_00-n_00-n;1007;0;41716;0;N;539198;539856;6;3026;0;PM_BE-PH_1;20140318xTue;06_Dobřichovice_Všenory;Středočeský kraj;h00;4201;N
02-o2_02-edg_04-pot_03-lau2_07-day_03-60_07-frt-1007_01-sng_00-n_00-n_00-n_00-n_00-n_00-n;1007;0;41716;0;N;539856;539139;7;3026;0;PM_BE-PH_1;20140318xTue;07_Všenory_Černošice;Středočeský kraj;h00;4406;N
02-o2_02-edg_04-pot_03-lau2_07-day_03-60_07-frt-1007_01-sng_00-n_00-n_00-n_00-n_00-n_00-n;1007;0;41716;0;N;539139;554782;8;3026;0;PM_BE-PH_1;20140318xTue;08_Černošice_Praha;Středočeský kraj;h00;5593;N
02-o2_02-edg_04-pot_03-lau2_07-day_03-60_07-frt-1007_01-sng_00-n_00-n_00-n_00-n_00-n_00-n;1007;0;41722;0;N;531057;531758;1;3026;0;PM_BE-PH_1;20140324xMon;01_Beroun_Srbsko;Středočeský kraj;h00;3138;N
02-o2_02-edg_04-pot_03-lau2_07-day_03-60_07-frt-1007_01-sng_00-n_00-n_00-n_00-n_00-n_00-n;1007;0;41722;0;N;531758;531316;2;3026;0;PM_BE-PH_1;20140324xMon;02_Srbsko_Karlštejn;Středočeský kraj;h00;3168;N
02-o2_02-edg_04-pot_03-lau2_07-day_03-60_07-frt-1007_01-sng_00-n_00-n_00-n_00-n_00-n_00-n;1007;0;41722;0;N;531316;531979;3;3026;0;PM_BE-PH_1;20140324xMon;03_Karlštejn_Zadní Třebaň;Středočeský kraj;h00;3112;N
02-o2_02-edg_04-pot_03-lau2_07-day_03-60_07-frt-1007_01-sng_00-n_00-n_00-n_00-n_00-n_00-n;1007;0;41722;0;N;531979;539643;4;3026;0;PM_BE-PH_1;20140324xMon;04_Zadní Třebaň_Řevnice;Středočeský kraj;h00;3281;N
02-o2_02-edg_04-pot_03-lau2_07-day_03-60_07-frt-1007_01-sng_00-n_00-n_00-n_00-n_00-n_00-n;1007;0;41722;0;N;539643;539198;5;3026;0;PM_BE-PH_1;20140324xMon;05_Řevnice_Dobřichovice;Středočeský kraj;h00;3295;N
02-o2_02-edg_04-pot_03-lau2_07-day_03-60_07-frt-1007_01-sng_00-n_00-n_00-n_00-n_00-n_00-n;1007;0;41722;0;N;539198;539856;6;3026;0;PM_BE-PH_1;20140324xMon;06_Dobřichovice_Všenory;Středočeský kraj;h00;4157;N
02-o2_02-edg_04-pot_03-lau2_07-day_03-60_07-frt-1007_01-sng_00-n_00-n_00-n_00-n_00-n_00-n;1007;0;41722;0;N;539856;539139;7;3026;0;PM_BE-PH_1;20140324xMon;07_Všenory_Černošice;Středočeský kraj;h00;4336;N
02-o2_02-edg_04-pot_03-lau2_07-day_03-60_07-frt-1007_01-sng_00-n_00-n_00-n_00-n_00-n_00-n;1007;0;41722;0;N;539139;554782;8;3026;0;PM_BE-PH_1;20140324xMon;08_Černošice_Praha;Středočeský kraj;h00;5429;N
02-o2_02-edg_04-pot_03-lau2_07-day_03-60_07-frt-1007_01-sng_00-n_00-n_00-n_00-n_00-n_00-n;1007;0;41715;0;N;531057;531758;1;3026;0;PM_BE-PH_1;20140317xMon;01_Beroun_Srbsko;Středočeský kraj;h00;2908;N
02-o2_02-edg_04-pot_03-lau2_07-day_03-60_07-frt-1007_01-sng_00-n_00-n_00-n_00-n_00-n_00-n;1007;0;41715;0;N;531758;531316;2;3026;0;PM_BE-PH_1;20140317xMon;02_Srbsko_Karlštejn;Středočeský kraj;h00;2932;N
02-o2_02-edg_04-pot_03-lau2_07-day_03-60_07-frt-1007_01-sng_00-n_00-n_00-n_00-n_00-n_00-n;1007;0;41715;0;N;531316;531979;3;3026;0;PM_BE-PH_1;20140317xMon;03_Karlštejn_Zadní Třebaň;Středočeský kraj;h00;2912;N
02-o2_02-edg_04-pot_03-lau2_07-day_03-60_07-frt-1007_01-sng_00-n_00-n_00-n_00-n_00-n_00-n;1007;0;41715;0;N;531979;539643;4;3026;0;PM_BE-PH_1;20140317xMon;04_Zadní Třebaň_Řevnice;Středočeský kraj;h00;3020;N
02-o2_02-edg_04-pot_03-lau2_07-day_03-60_07-frt-1007_01-sng_00-n_00-n_00-n_00-n_00-n_00-n;1007;0;41715;0;N;539643;539198;5;3026;0;PM_BE-PH_1;20140317xMon;05_Řevnice_Dobřichovice;Středočeský kraj;h00;2995;N
02-o2_02-edg_04-pot_03-lau2_07-day_03-60_07-frt-1007_01-sng_00-n_00-n_00-n_00-n_00-n_00-n;1007;0;41715;0;N;539198;539856;6;3026;0;PM_BE-PH_1;20140317xMon;06_Dobřichovice_Všenory;Středočeský kraj;h00;3801;N
02-o2_02-edg_04-pot_03-lau2_07-day_03-60_07-frt-1007_01-sng_00-n_00-n_00-n_00-n_00-n_00-n;1007;0;41715;0;N;539856;539139;7;3026;0;PM_BE-PH_1;20140317xMon;07_Všenory_Černošice;Středočeský kraj;h00;3896;N
02-o2_02-edg_04-pot_03-lau2_07-day_03-60_07-frt-1007_01-sng_00-n_00-n_00-n_00-n_00-n_00-n;1007;0;41715;0;N;539139;554782;8;3026;0;PM_BE-PH_1;20140317xMon;08_Černošice_Praha;Středočeský kraj;h00;4832;N
02-o2_02-edg_04-pot_03-lau2_07-day_03-60_07-frt-1007_01-sng_00-n_00-n_00-n_00-n_00-n_00-n;1007;0;41719;0;N;531057;531758;1;3026;0;PM_BE-PH_1;20140321xFri;01_Beroun_Srbsko;Středočeský kraj;h00;3040;N
02-o2_02-edg_04-pot_03-lau2_07-day_03-60_07-frt-1007_01-sng_00-n_00-n_00-n_00-n_00-n_00-n;1007;0;41719;0;N;531758;531316;2;3026;0;PM_BE-PH_1;20140321xFri;02_Srbsko_Karlštejn;Středočeský kraj;h00;3068;N
02-o2_02-edg_04-pot_03-lau2_07-day_03-60_07-frt-1007_01-sng_00-n_00-n_00-n_00-n_00-n_00-n;1007;0;41719;0;N;531316;531979;3;3026;0;PM_BE-PH_1;20140321xFri;03_Karlštejn_Zadní Třebaň;Středočeský kraj;h00;3070;N
02-o2_02-edg_04-pot_03-lau2_07-day_03-60_07-frt-1007_01-sng_00-n_00-n_00-n_00-n_00-n_00-n;1007;0;41719;0;N;531979;539643;4;3026;0;PM_BE-PH_1;20140321xFri;04_Zadní Třebaň_Řevnice;Středočeský kraj;h00;3162;N
02-o2_02-edg_04-pot_03-lau2_07-day_03-60_07-frt-1007_01-sng_00-n_00-n_00-n_00-n_00-n_00-n;1007;0;41719;0;N;539643;539198;5;3026;0;PM_BE-PH_1;20140321xFri;05_Řevnice_Dobřichovice;Středočeský kraj;h00;3183;N
02-o2_02-edg_04-pot_03-lau2_07-day_03-60_07-frt-1007_01-sng_00-n_00-n_00-n_00-n_00-n_00-n;1007;0;41719;0;N;539198;539856;6;3026;0;PM_BE-PH_1;20140321xFri;06_Dobřichovice_Všenory;Středočeský kraj;h00;3911;N
02-o2_02-edg_04-pot_03-lau2_07-day_03-60_07-frt-1007_01-sng_00-n_00-n_00-n_00-n_00-n_00-n;1007;0;41719;0;N;539856;539139;7;3026;0;PM_BE-PH_1;20140321xFri;07_Všenory_Černošice;Středočeský kraj;h00;4038;N
02-o2_02-edg_04-pot_03-lau2_07-day_03-60_07-frt-1007_01-sng_00-n_00-n_00-n_00-n_00-n_00-n;1007;0;41719;0;N;539139;554782;8;3026;0;PM_BE-PH_1;20140321xFri;08_Černošice_Praha;Středočeský kraj;h00;4896;N
02-o2_02-edg_04-pot_03-lau2_07-day_03-60_07-frt-1007_01-sng_00-n_00-n_00-n_00-n_00-n_00-n;1007;0;41714;0;N;531057;531758;1;3026;0;PM_BE-PH_1;20140316xSun;01_Beroun_Srbsko;Středočeský kraj;h00;2034;N
02-o2_02-edg_04-pot_03-lau2_07-day_03-60_07-frt-1007_01-sng_00-n_00-n_00-n_00-n_00-n_00-n;1007;0;41714;0;N;531758;531316;2;3026;0;PM_BE-PH_1;20140316xSun;02_Srbsko_Karlštejn;Středočeský kraj;h00;2084;N
02-o2_02-edg_04-pot_03-lau2_07-day_03-60_07-frt-1007_01-sng_00-n_00-n_00-n_00-n_00-n_00-n;1007;0;41714;0;N;531316;531979;3;3026;0;PM_BE-PH_1;20140316xSun;03_Karlštejn_Zadní Třebaň;Středočeský kraj;h00;2075;N
02-o2_02-edg_04-pot_03-lau2_07-day_03-60_07-frt-1007_01-sng_00-n_00-n_00-n_00-n_00-n_00-n;1007;0;41714;0;N;531979;539643;4;3026;0;PM_BE-PH_1;20140316xSun;04_Zadní Třebaň_Řevnice;Středočeský kraj;h00;2171;N
02-o2_02-edg_04-pot_03-lau2_07-day_03-60_07-frt-1007_01-sng_00-n_00-n_00-n_00-n_00-n_00-n;1007;0;41714;0;N;539643;539198;5;3026;0;PM_BE-PH_1;20140316xSun;05_Řevnice_Dobřichovice;Středočeský kraj;h00;2152;N
02-o2_02-edg_04-pot_03-lau2_07-day_03-60_07-frt-1007_01-sng_00-n_00-n_00-n_00-n_00-n_00-n;1007;0;41714;0;N;539198;539856;6;3026;0;PM_BE-PH_1;20140316xSun;06_Dobřichovice_Všenory;Středočeský kraj;h00;2677;N
02-o2_02-edg_04-pot_03-lau2_07-day_03-60_07-frt-1007_01-sng_00-n_00-n_00-n_00-n_00-n_00-n;1007;0;41714;0;N;539856;539139;7;3026;0;PM_BE-PH_1;20140316xSun;07_Všenory_Černošice;Středočeský kraj;h00;2658;N
02-o2_02-edg_04-pot_03-lau2_07-day_03-60_07-frt-1007_01-sng_00-n_00-n_00-n_00-n_00-n_00-n;1007;0;41714;0;N;539139;554782;8;3026;0;PM_BE-PH_1;20140316xSun;08_Černošice_Praha;Středočeský kraj;h00;3202;N
02-o2_02-edg_04-pot_03-lau2_07-day_03-60_07-frt-1007_01-sng_00-n_00-n_00-n_00-n_00-n_00-n;1007;0;41721;0;N;531057;531758;1;3026;0;PM_BE-PH_1;20140323xSun;01_Beroun_Srbsko;Středočeský kraj;h00;1987;N
02-o2_02-edg_04-pot_03-lau2_07-day_03-60_07-frt-1007_01-sng_00-n_00-n_00-n_00-n_00-n_00-n;1007;0;41721;0;N;531758;531316;2;3026;0;PM_BE-PH_1;20140323xSun;02_Srbsko_Karlštejn;Středočeský kraj;h00;2034;N
02-o2_02-edg_04-pot_03-lau2_07-day_03-60_07-frt-1007_01-sng_00-n_00-n_00-n_00-n_00-n_00-n;1007;0;41721;0;N;531316;531979;3;3026;0;PM_BE-PH_1;20140323xSun;03_Karlštejn_Zadní Třebaň;Středočeský kraj;h00;2074;N
02-o2_02-edg_04-pot_03-lau2_07-day_03-60_07-frt-1007_01-sng_00-n_00-n_00-n_00-n_00-n_00-n;1007;0;41721;0;N;531979;539643;4;3026;0;PM_BE-PH_1;20140323xSun;04_Zadní Třebaň_Řevnice;Středočeský kraj;h00;2202;N
02-o2_02-edg_04-pot_03-lau2_07-day_03-60_07-frt-1007_01-sng_00-n_00-n_00-n_00-n_00-n_00-n;1007;0;41721;0;N;539643;539198;5;3026;0;PM_BE-PH_1;20140323xSun;05_Řevnice_Dobřichovice;Středočeský kraj;h00;2173;N
02-o2_02-edg_04-pot_03-lau2_07-day_03-60_07-frt-1007_01-sng_00-n_00-n_00-n_00-n_00-n_00-n;1007;0;41721;0;N;539198;539856;6;3026;0;PM_BE-PH_1;20140323xSun;06_Dobřichovice_Všenory;Středočeský kraj;h00;2790;N
02-o2_02-edg_04-pot_03-lau2_07-day_03-60_07-frt-1007_01-sng_00-n_00-n_00-n_00-n_00-n_00-n;1007;0;41721;0;N;539856;539139;7;3026;0;PM_BE-PH_1;20140323xSun;07_Všenory_Černošice;Středočeský kraj;h00;2822;N
02-o2_02-edg_04-pot_03-lau2_07-day_03-60_07-frt-1007_01-sng_00-n_00-n_00-n_00-n_00-n_00-n;1007;0;41721;0;N;539139;554782;8;3026;0;PM_BE-PH_1;20140323xSun;08_Černošice_Praha;Středočeský kraj;h00;3592;N
