02-o2_02-edg_03-tour_03-lau2_07-day_05-300+_01-frt-1001_01-sng_00-n_00-n_00-n_00-n_00-n_00-n;1001;0;41720;0;N;580031;555134;2;3093;0;EC_BR-PH_2;20140322xSat;02_Česká Třebová_Pardubice;Pardubický kraj;h00;2;N
02-o2_02-edg_03-tour_03-lau2_07-day_05-300+_01-frt-1001_01-sng_00-n_00-n_00-n_00-n_00-n_00-n;1001;0;41713;0;N;580031;555134;2;3093;0;EC_BR-PH_2;20140315xSat;02_Česká Třebová_Pardubice;Pardubický kraj;h00;3;N
02-o2_02-edg_03-tour_03-lau2_07-day_05-300+_01-frt-1001_01-sng_00-n_00-n_00-n_00-n_00-n_00-n;1001;0;41719;0;N;580031;555134;2;3093;0;EC_BR-PH_2;20140321xFri;02_Česká Třebová_Pardubice;Pardubický kraj;h00;2;N
02-o2_02-edg_03-tour_03-lau2_07-day_05-300+_01-frt-1001_01-sng_00-n_00-n_00-n_00-n_00-n_00-n;1001;0;41717;0;N;580031;555134;2;3093;0;EC_BR-PH_2;20140319xWed;02_Česká Třebová_Pardubice;Pardubický kraj;h00;1;N
02-o2_02-edg_03-tour_03-lau2_07-day_05-300+_01-frt-1001_01-sng_00-n_00-n_00-n_00-n_00-n_00-n;1001;0;41716;0;N;580031;555134;2;3093;0;EC_BR-PH_2;20140318xTue;02_Česká Třebová_Pardubice;Pardubický kraj;h00;6;N
02-o2_02-edg_03-tour_03-lau2_07-day_05-300+_01-frt-1001_01-sng_00-n_00-n_00-n_00-n_00-n_00-n;1001;0;41714;0;N;580031;555134;2;3093;0;EC_BR-PH_2;20140316xSun;02_Česká Třebová_Pardubice;Pardubický kraj;h00;7;N
02-o2_02-edg_03-tour_03-lau2_07-day_05-300+_01-frt-1001_01-sng_00-n_00-n_00-n_00-n_00-n_00-n;1001;0;41712;0;N;580031;555134;2;3093;0;EC_BR-PH_2;20140314xFri;02_Česká Třebová_Pardubice;Pardubický kraj;h00;3;N
02-o2_02-edg_03-tour_03-lau2_07-day_05-300+_01-frt-1001_01-sng_00-n_00-n_00-n_00-n_00-n_00-n;1001;0;41713;0;N;580031;554782;2;3093;0;EC_BR-PH_2;20140315xSat;02_Česká Třebová_Praha;Pardubický kraj;h00;5;N
02-o2_02-edg_03-tour_03-lau2_07-day_05-300+_01-frt-1001_01-sng_00-n_00-n_00-n_00-n_00-n_00-n;1001;0;41718;0;N;580031;554782;2;3093;0;EC_BR-PH_2;20140320xThu;02_Česká Třebová_Praha;Pardubický kraj;h00;2;N
02-o2_02-edg_03-tour_03-lau2_07-day_05-300+_01-frt-1001_01-sng_00-n_00-n_00-n_00-n_00-n_00-n;1001;0;41716;0;N;580031;554782;2;3093;0;EC_BR-PH_2;20140318xTue;02_Česká Třebová_Praha;Pardubický kraj;h00;8;N
02-o2_02-edg_03-tour_03-lau2_07-day_05-300+_01-frt-1001_01-sng_00-n_00-n_00-n_00-n_00-n_00-n;1001;0;41710;0;N;580031;554782;2;3093;0;EC_BR-PH_2;20140312xWed;02_Česká Třebová_Praha;Pardubický kraj;h00;3;N
02-o2_02-edg_03-tour_03-lau2_07-day_05-300+_01-frt-1001_01-sng_00-n_00-n_00-n_00-n_00-n_00-n;1001;0;41719;0;N;580031;554782;2;3093;0;EC_BR-PH_2;20140321xFri;02_Česká Třebová_Praha;Pardubický kraj;h00;3;N
02-o2_02-edg_03-tour_03-lau2_07-day_05-300+_01-frt-1001_01-sng_00-n_00-n_00-n_00-n_00-n_00-n;1001;0;41722;0;N;580031;554782;2;3093;0;EC_BR-PH_2;20140324xMon;02_Česká Třebová_Praha;Pardubický kraj;h00;9;N
02-o2_02-edg_03-tour_03-lau2_07-day_05-300+_01-frt-1001_01-sng_00-n_00-n_00-n_00-n_00-n_00-n;1001;0;41714;0;N;580031;554782;2;3093;0;EC_BR-PH_2;20140316xSun;02_Česká Třebová_Praha;Pardubický kraj;h00;3;N
02-o2_02-edg_03-tour_03-lau2_07-day_05-300+_01-frt-1001_01-sng_00-n_00-n_00-n_00-n_00-n_00-n;1001;0;41723;0;N;580031;554782;2;3093;0;EC_BR-PH_2;20140325xTue;02_Česká Třebová_Praha;Pardubický kraj;h00;4;N
02-o2_02-edg_03-tour_03-lau2_07-day_05-300+_01-frt-1001_01-sng_00-n_00-n_00-n_00-n_00-n_00-n;1001;0;41721;0;N;580031;554782;2;3093;0;EC_BR-PH_2;20140323xSun;02_Česká Třebová_Praha;Pardubický kraj;h00;9;N
02-o2_02-edg_03-tour_03-lau2_07-day_05-300+_01-frt-1001_01-sng_00-n_00-n_00-n_00-n_00-n_00-n;1001;0;41712;0;N;580031;554782;2;3093;0;EC_BR-PH_2;20140314xFri;02_Česká Třebová_Praha;Pardubický kraj;h00;2;N
02-o2_02-edg_03-tour_03-lau2_07-day_05-300+_01-frt-1001_01-sng_00-n_00-n_00-n_00-n_00-n_00-n;1001;0;41720;0;N;580031;554782;2;3093;0;EC_BR-PH_2;20140322xSat;02_Česká Třebová_Praha;Pardubický kraj;h00;2;N
02-o2_02-edg_03-tour_03-lau2_07-day_05-300+_01-frt-1001_01-sng_00-n_00-n_00-n_00-n_00-n_00-n;1001;0;41711;0;N;580031;554782;2;3093;0;EC_BR-PH_2;20140313xThu;02_Česká Třebová_Praha;Pardubický kraj;h00;3;N
02-o2_02-edg_03-tour_03-lau2_07-day_05-300+_01-frt-1001_01-sng_00-n_00-n_00-n_00-n_00-n_00-n;1001;0;41717;0;N;580031;554782;2;3093;0;EC_BR-PH_2;20140319xWed;02_Česká Třebová_Praha;Pardubický kraj;h00;2;N
02-o2_02-edg_03-tour_03-lau2_07-day_05-300+_01-frt-1001_01-sng_00-n_00-n_00-n_00-n_00-n_00-n;1001;0;41715;0;N;580031;554782;2;3093;0;EC_BR-PH_2;20140317xMon;02_Česká Třebová_Praha;Pardubický kraj;h00;6;N
02-o2_02-edg_03-tour_03-lau2_07-day_05-300+_01-frt-1001_01-sng_00-n_00-n_00-n_00-n_00-n_00-n;1001;0;41720;0;N;580031;533165;2;3093;0;EC_BR-PH_2;20140322xSat;02_Česká Třebová_Kolín;Pardubický kraj;h00;1;N
02-o2_02-edg_03-tour_03-lau2_07-day_05-300+_01-frt-1001_01-sng_00-n_00-n_00-n_00-n_00-n_00-n;1001;0;41719;0;N;580031;533165;2;3093;0;EC_BR-PH_2;20140321xFri;02_Česká Třebová_Kolín;Pardubický kraj;h00;1;N
02-o2_02-edg_03-tour_03-lau2_07-day_05-300+_01-frt-1001_01-sng_00-n_00-n_00-n_00-n_00-n_00-n;1001;0;41715;0;N;580031;533165;2;3093;0;EC_BR-PH_2;20140317xMon;02_Česká Třebová_Kolín;Pardubický kraj;h00;1;N
02-o2_02-edg_03-tour_03-lau2_07-day_05-300+_01-frt-1001_01-sng_00-n_00-n_00-n_00-n_00-n_00-n;1001;0;41712;0;N;555134;554782;3;3093;0;EC_BR-PH_2;20140314xFri;03_Pardubice_Praha;Pardubický kraj;h00;28;N
02-o2_02-edg_03-tour_03-lau2_07-day_05-300+_01-frt-1001_01-sng_00-n_00-n_00-n_00-n_00-n_00-n;1001;0;41714;0;N;555134;554782;3;3093;0;EC_BR-PH_2;20140316xSun;03_Pardubice_Praha;Pardubický kraj;h00;25;N
02-o2_02-edg_03-tour_03-lau2_07-day_05-300+_01-frt-1001_01-sng_00-n_00-n_00-n_00-n_00-n_00-n;1001;0;41723;0;N;555134;554782;3;3093;0;EC_BR-PH_2;20140325xTue;03_Pardubice_Praha;Pardubický kraj;h00;39;N
02-o2_02-edg_03-tour_03-lau2_07-day_05-300+_01-frt-1001_01-sng_00-n_00-n_00-n_00-n_00-n_00-n;1001;0;41722;0;N;555134;554782;3;3093;0;EC_BR-PH_2;20140324xMon;03_Pardubice_Praha;Pardubický kraj;h00;39;N
02-o2_02-edg_03-tour_03-lau2_07-day_05-300+_01-frt-1001_01-sng_00-n_00-n_00-n_00-n_00-n_00-n;1001;0;41715;0;N;555134;554782;3;3093;0;EC_BR-PH_2;20140317xMon;03_Pardubice_Praha;Pardubický kraj;h00;51;N
02-o2_02-edg_03-tour_03-lau2_07-day_05-300+_01-frt-1001_01-sng_00-n_00-n_00-n_00-n_00-n_00-n;1001;0;41717;0;N;555134;554782;3;3093;0;EC_BR-PH_2;20140319xWed;03_Pardubice_Praha;Pardubický kraj;h00;33;N
02-o2_02-edg_03-tour_03-lau2_07-day_05-300+_01-frt-1001_01-sng_00-n_00-n_00-n_00-n_00-n_00-n;1001;0;41719;0;N;555134;554782;3;3093;0;EC_BR-PH_2;20140321xFri;03_Pardubice_Praha;Pardubický kraj;h00;19;N
02-o2_02-edg_03-tour_03-lau2_07-day_05-300+_01-frt-1001_01-sng_00-n_00-n_00-n_00-n_00-n_00-n;1001;0;41711;0;N;555134;554782;3;3093;0;EC_BR-PH_2;20140313xThu;03_Pardubice_Praha;Pardubický kraj;h00;37;N
02-o2_02-edg_03-tour_03-lau2_07-day_05-300+_01-frt-1001_01-sng_00-n_00-n_00-n_00-n_00-n_00-n;1001;0;41716;0;N;555134;554782;3;3093;0;EC_BR-PH_2;20140318xTue;03_Pardubice_Praha;Pardubický kraj;h00;32;N
02-o2_02-edg_03-tour_03-lau2_07-day_05-300+_01-frt-1001_01-sng_00-n_00-n_00-n_00-n_00-n_00-n;1001;0;41721;0;N;555134;554782;3;3093;0;EC_BR-PH_2;20140323xSun;03_Pardubice_Praha;Pardubický kraj;h00;21;N
02-o2_02-edg_03-tour_03-lau2_07-day_05-300+_01-frt-1001_01-sng_00-n_00-n_00-n_00-n_00-n_00-n;1001;0;41713;0;N;555134;554782;3;3093;0;EC_BR-PH_2;20140315xSat;03_Pardubice_Praha;Pardubický kraj;h00;15;N
02-o2_02-edg_03-tour_03-lau2_07-day_05-300+_01-frt-1001_01-sng_00-n_00-n_00-n_00-n_00-n_00-n;1001;0;41710;0;N;555134;554782;3;3093;0;EC_BR-PH_2;20140312xWed;03_Pardubice_Praha;Pardubický kraj;h00;44;N
02-o2_02-edg_03-tour_03-lau2_07-day_05-300+_01-frt-1001_01-sng_00-n_00-n_00-n_00-n_00-n_00-n;1001;0;41724;0;N;555134;554782;3;3093;0;EC_BR-PH_2;20140326xWed;03_Pardubice_Praha;Pardubický kraj;h00;39;N
02-o2_02-edg_03-tour_03-lau2_07-day_05-300+_01-frt-1001_01-sng_00-n_00-n_00-n_00-n_00-n_00-n;1001;0;41720;0;N;555134;554782;3;3093;0;EC_BR-PH_2;20140322xSat;03_Pardubice_Praha;Pardubický kraj;h00;16;N
02-o2_02-edg_03-tour_03-lau2_07-day_05-300+_01-frt-1001_01-sng_00-n_00-n_00-n_00-n_00-n_00-n;1001;0;41718;0;N;555134;554782;3;3093;0;EC_BR-PH_2;20140320xThu;03_Pardubice_Praha;Pardubický kraj;h00;32;N
02-o2_02-edg_03-tour_03-lau2_07-day_05-300+_01-frt-1001_01-sng_00-n_00-n_00-n_00-n_00-n_00-n;1001;0;41722;0;N;555134;533165;3;3093;0;EC_BR-PH_2;20140324xMon;03_Pardubice_Kolín;Pardubický kraj;h00;13;N
02-o2_02-edg_03-tour_03-lau2_07-day_05-300+_01-frt-1001_01-sng_00-n_00-n_00-n_00-n_00-n_00-n;1001;0;41711;0;N;555134;533165;3;3093;0;EC_BR-PH_2;20140313xThu;03_Pardubice_Kolín;Pardubický kraj;h00;10;N
02-o2_02-edg_03-tour_03-lau2_07-day_05-300+_01-frt-1001_01-sng_00-n_00-n_00-n_00-n_00-n_00-n;1001;0;41716;0;N;555134;533165;3;3093;0;EC_BR-PH_2;20140318xTue;03_Pardubice_Kolín;Pardubický kraj;h00;18;N
02-o2_02-edg_03-tour_03-lau2_07-day_05-300+_01-frt-1001_01-sng_00-n_00-n_00-n_00-n_00-n_00-n;1001;0;41723;0;N;555134;533165;3;3093;0;EC_BR-PH_2;20140325xTue;03_Pardubice_Kolín;Pardubický kraj;h00;6;N
02-o2_02-edg_03-tour_03-lau2_07-day_05-300+_01-frt-1001_01-sng_00-n_00-n_00-n_00-n_00-n_00-n;1001;0;41721;0;N;555134;533165;3;3093;0;EC_BR-PH_2;20140323xSun;03_Pardubice_Kolín;Pardubický kraj;h00;6;N
02-o2_02-edg_03-tour_03-lau2_07-day_05-300+_01-frt-1001_01-sng_00-n_00-n_00-n_00-n_00-n_00-n;1001;0;41720;0;N;555134;533165;3;3093;0;EC_BR-PH_2;20140322xSat;03_Pardubice_Kolín;Pardubický kraj;h00;4;N
02-o2_02-edg_03-tour_03-lau2_07-day_05-300+_01-frt-1001_01-sng_00-n_00-n_00-n_00-n_00-n_00-n;1001;0;41715;0;N;555134;533165;3;3093;0;EC_BR-PH_2;20140317xMon;03_Pardubice_Kolín;Pardubický kraj;h00;20;N
02-o2_02-edg_03-tour_03-lau2_07-day_05-300+_01-frt-1001_01-sng_00-n_00-n_00-n_00-n_00-n_00-n;1001;0;41712;0;N;555134;533165;3;3093;0;EC_BR-PH_2;20140314xFri;03_Pardubice_Kolín;Pardubický kraj;h00;8;N
02-o2_02-edg_03-tour_03-lau2_07-day_05-300+_01-frt-1001_01-sng_00-n_00-n_00-n_00-n_00-n_00-n;1001;0;41719;0;N;555134;533165;3;3093;0;EC_BR-PH_2;20140321xFri;03_Pardubice_Kolín;Pardubický kraj;h00;7;N
02-o2_02-edg_03-tour_03-lau2_07-day_05-300+_01-frt-1001_01-sng_00-n_00-n_00-n_00-n_00-n_00-n;1001;0;41717;0;N;555134;533165;3;3093;0;EC_BR-PH_2;20140319xWed;03_Pardubice_Kolín;Pardubický kraj;h00;8;N
02-o2_02-edg_03-tour_03-lau2_07-day_05-300+_01-frt-1001_01-sng_00-n_00-n_00-n_00-n_00-n_00-n;1001;0;41724;0;N;555134;533165;3;3093;0;EC_BR-PH_2;20140326xWed;03_Pardubice_Kolín;Pardubický kraj;h00;11;N
02-o2_02-edg_03-tour_03-lau2_07-day_05-300+_01-frt-1001_01-sng_00-n_00-n_00-n_00-n_00-n_00-n;1001;0;41710;0;N;555134;533165;3;3093;0;EC_BR-PH_2;20140312xWed;03_Pardubice_Kolín;Pardubický kraj;h00;15;N
02-o2_02-edg_03-tour_03-lau2_07-day_05-300+_01-frt-1001_01-sng_00-n_00-n_00-n_00-n_00-n_00-n;1001;0;41718;0;N;555134;533165;3;3093;0;EC_BR-PH_2;20140320xThu;03_Pardubice_Kolín;Pardubický kraj;h00;17;N
02-o2_02-edg_03-tour_03-lau2_07-day_05-300+_01-frt-1001_01-sng_00-n_00-n_00-n_00-n_00-n_00-n;1001;0;41714;0;N;555134;533165;3;3093;0;EC_BR-PH_2;20140316xSun;03_Pardubice_Kolín;Pardubický kraj;h00;6;N
02-o2_02-edg_03-tour_03-lau2_07-day_05-300+_01-frt-1001_01-sng_00-n_00-n_00-n_00-n_00-n_00-n;1001;0;41711;0;N;533165;554782;4;3026;0;EC_BR-PH_2;20140313xThu;04_Kolín_Praha;Středočeský kraj;h00;46;N
02-o2_02-edg_03-tour_03-lau2_07-day_05-300+_01-frt-1001_01-sng_00-n_00-n_00-n_00-n_00-n_00-n;1001;0;41719;0;N;533165;554782;4;3026;0;EC_BR-PH_2;20140321xFri;04_Kolín_Praha;Středočeský kraj;h00;47;N
02-o2_02-edg_03-tour_03-lau2_07-day_05-300+_01-frt-1001_01-sng_00-n_00-n_00-n_00-n_00-n_00-n;1001;0;41714;0;N;533165;554782;4;3026;0;EC_BR-PH_2;20140316xSun;04_Kolín_Praha;Středočeský kraj;h00;23;N
02-o2_02-edg_03-tour_03-lau2_07-day_05-300+_01-frt-1001_01-sng_00-n_00-n_00-n_00-n_00-n_00-n;1001;0;41715;0;N;533165;554782;4;3026;0;EC_BR-PH_2;20140317xMon;04_Kolín_Praha;Středočeský kraj;h00;77;N
02-o2_02-edg_03-tour_03-lau2_07-day_05-300+_01-frt-1001_01-sng_00-n_00-n_00-n_00-n_00-n_00-n;1001;0;41722;0;N;533165;554782;4;3026;0;EC_BR-PH_2;20140324xMon;04_Kolín_Praha;Středočeský kraj;h00;59;N
02-o2_02-edg_03-tour_03-lau2_07-day_05-300+_01-frt-1001_01-sng_00-n_00-n_00-n_00-n_00-n_00-n;1001;0;41710;0;N;533165;554782;4;3026;0;EC_BR-PH_2;20140312xWed;04_Kolín_Praha;Středočeský kraj;h00;43;N
02-o2_02-edg_03-tour_03-lau2_07-day_05-300+_01-frt-1001_01-sng_00-n_00-n_00-n_00-n_00-n_00-n;1001;0;41721;0;N;533165;554782;4;3026;0;EC_BR-PH_2;20140323xSun;04_Kolín_Praha;Středočeský kraj;h00;20;N
02-o2_02-edg_03-tour_03-lau2_07-day_05-300+_01-frt-1001_01-sng_00-n_00-n_00-n_00-n_00-n_00-n;1001;0;41716;0;N;533165;554782;4;3026;0;EC_BR-PH_2;20140318xTue;04_Kolín_Praha;Středočeský kraj;h00;63;N
02-o2_02-edg_03-tour_03-lau2_07-day_05-300+_01-frt-1001_01-sng_00-n_00-n_00-n_00-n_00-n_00-n;1001;0;41724;0;N;533165;554782;4;3026;0;EC_BR-PH_2;20140326xWed;04_Kolín_Praha;Středočeský kraj;h00;51;N
02-o2_02-edg_03-tour_03-lau2_07-day_05-300+_01-frt-1001_01-sng_00-n_00-n_00-n_00-n_00-n_00-n;1001;0;41717;0;N;533165;554782;4;3026;0;EC_BR-PH_2;20140319xWed;04_Kolín_Praha;Středočeský kraj;h00;49;N
02-o2_02-edg_03-tour_03-lau2_07-day_05-300+_01-frt-1001_01-sng_00-n_00-n_00-n_00-n_00-n_00-n;1001;0;41713;0;N;533165;554782;4;3026;0;EC_BR-PH_2;20140315xSat;04_Kolín_Praha;Středočeský kraj;h00;23;N
02-o2_02-edg_03-tour_03-lau2_07-day_05-300+_01-frt-1001_01-sng_00-n_00-n_00-n_00-n_00-n_00-n;1001;0;41712;0;N;533165;554782;4;3026;0;EC_BR-PH_2;20140314xFri;04_Kolín_Praha;Středočeský kraj;h00;53;N
02-o2_02-edg_03-tour_03-lau2_07-day_05-300+_01-frt-1001_01-sng_00-n_00-n_00-n_00-n_00-n_00-n;1001;0;41723;0;N;533165;554782;4;3026;0;EC_BR-PH_2;20140325xTue;04_Kolín_Praha;Středočeský kraj;h00;64;N
02-o2_02-edg_03-tour_03-lau2_07-day_05-300+_01-frt-1001_01-sng_00-n_00-n_00-n_00-n_00-n_00-n;1001;0;41718;0;N;533165;554782;4;3026;0;EC_BR-PH_2;20140320xThu;04_Kolín_Praha;Středočeský kraj;h00;41;N
02-o2_02-edg_03-tour_03-lau2_07-day_05-300+_01-frt-1001_01-sng_00-n_00-n_00-n_00-n_00-n_00-n;1001;0;41720;0;N;533165;554782;4;3026;0;EC_BR-PH_2;20140322xSat;04_Kolín_Praha;Středočeský kraj;h00;25;N
02-o2_02-edg_03-tour_03-lau2_07-day_05-300+_01-frt-1001_01-sng_00-n_00-n_00-n_00-n_00-n_00-n;1001;0;41722;0;N;582786;580031;1;3115;0;EC_BR-PH_2;20140324xMon;01_Brno_Česká Třebová;Jihomoravský kraj;h00;1;N
02-o2_02-edg_03-tour_03-lau2_07-day_05-300+_01-frt-1001_01-sng_00-n_00-n_00-n_00-n_00-n_00-n;1001;0;41714;0;N;582786;580031;1;3115;0;EC_BR-PH_2;20140316xSun;01_Brno_Česká Třebová;Jihomoravský kraj;h00;7;N
02-o2_02-edg_03-tour_03-lau2_07-day_05-300+_01-frt-1001_01-sng_00-n_00-n_00-n_00-n_00-n_00-n;1001;0;41721;0;N;582786;580031;1;3115;0;EC_BR-PH_2;20140323xSun;01_Brno_Česká Třebová;Jihomoravský kraj;h00;6;N
02-o2_02-edg_03-tour_03-lau2_07-day_05-300+_01-frt-1001_01-sng_00-n_00-n_00-n_00-n_00-n_00-n;1001;0;41724;0;N;582786;580031;1;3115;0;EC_BR-PH_2;20140326xWed;01_Brno_Česká Třebová;Jihomoravský kraj;h00;3;N
02-o2_02-edg_03-tour_03-lau2_07-day_05-300+_01-frt-1001_01-sng_00-n_00-n_00-n_00-n_00-n_00-n;1001;0;41710;0;N;582786;580031;1;3115;0;EC_BR-PH_2;20140312xWed;01_Brno_Česká Třebová;Jihomoravský kraj;h00;2;N
02-o2_02-edg_03-tour_03-lau2_07-day_05-300+_01-frt-1001_01-sng_00-n_00-n_00-n_00-n_00-n_00-n;1001;0;41718;0;N;582786;580031;1;3115;0;EC_BR-PH_2;20140320xThu;01_Brno_Česká Třebová;Jihomoravský kraj;h00;2;N
02-o2_02-edg_03-tour_03-lau2_07-day_05-300+_01-frt-1001_01-sng_00-n_00-n_00-n_00-n_00-n_00-n;1001;0;41712;0;N;582786;580031;1;3115;0;EC_BR-PH_2;20140314xFri;01_Brno_Česká Třebová;Jihomoravský kraj;h00;6;N
02-o2_02-edg_03-tour_03-lau2_07-day_05-300+_01-frt-1001_01-sng_00-n_00-n_00-n_00-n_00-n_00-n;1001;0;41717;0;N;582786;580031;1;3115;0;EC_BR-PH_2;20140319xWed;01_Brno_Česká Třebová;Jihomoravský kraj;h00;8;N
02-o2_02-edg_03-tour_03-lau2_07-day_05-300+_01-frt-1001_01-sng_00-n_00-n_00-n_00-n_00-n_00-n;1001;0;41715;0;N;582786;580031;1;3115;0;EC_BR-PH_2;20140317xMon;01_Brno_Česká Třebová;Jihomoravský kraj;h00;1;N
02-o2_02-edg_03-tour_03-lau2_07-day_05-300+_01-frt-1001_01-sng_00-n_00-n_00-n_00-n_00-n_00-n;1001;0;41711;0;N;582786;580031;1;3115;0;EC_BR-PH_2;20140313xThu;01_Brno_Česká Třebová;Jihomoravský kraj;h00;1;N
02-o2_02-edg_03-tour_03-lau2_07-day_05-300+_01-frt-1001_01-sng_00-n_00-n_00-n_00-n_00-n_00-n;1001;0;41719;0;N;582786;580031;1;3115;0;EC_BR-PH_2;20140321xFri;01_Brno_Česká Třebová;Jihomoravský kraj;h00;6;N
02-o2_02-edg_03-tour_03-lau2_07-day_05-300+_01-frt-1001_01-sng_00-n_00-n_00-n_00-n_00-n_00-n;1001;0;41720;0;N;582786;580031;1;3115;0;EC_BR-PH_2;20140322xSat;01_Brno_Česká Třebová;Jihomoravský kraj;h00;4;N
02-o2_02-edg_03-tour_03-lau2_07-day_05-300+_01-frt-1001_01-sng_00-n_00-n_00-n_00-n_00-n_00-n;1001;0;41723;0;N;582786;580031;1;3115;0;EC_BR-PH_2;20140325xTue;01_Brno_Česká Třebová;Jihomoravský kraj;h00;2;N
02-o2_02-edg_03-tour_03-lau2_07-day_05-300+_01-frt-1001_01-sng_00-n_00-n_00-n_00-n_00-n_00-n;1001;0;41721;0;N;582786;555134;1;3115;0;EC_BR-PH_2;20140323xSun;01_Brno_Pardubice;Jihomoravský kraj;h00;10;N
02-o2_02-edg_03-tour_03-lau2_07-day_05-300+_01-frt-1001_01-sng_00-n_00-n_00-n_00-n_00-n_00-n;1001;0;41718;0;N;582786;555134;1;3115;0;EC_BR-PH_2;20140320xThu;01_Brno_Pardubice;Jihomoravský kraj;h00;13;N
02-o2_02-edg_03-tour_03-lau2_07-day_05-300+_01-frt-1001_01-sng_00-n_00-n_00-n_00-n_00-n_00-n;1001;0;41713;0;N;582786;555134;1;3115;0;EC_BR-PH_2;20140315xSat;01_Brno_Pardubice;Jihomoravský kraj;h00;14;N
02-o2_02-edg_03-tour_03-lau2_07-day_05-300+_01-frt-1001_01-sng_00-n_00-n_00-n_00-n_00-n_00-n;1001;0;41719;0;N;582786;555134;1;3115;0;EC_BR-PH_2;20140321xFri;01_Brno_Pardubice;Jihomoravský kraj;h00;8;N
02-o2_02-edg_03-tour_03-lau2_07-day_05-300+_01-frt-1001_01-sng_00-n_00-n_00-n_00-n_00-n_00-n;1001;0;41717;0;N;582786;555134;1;3115;0;EC_BR-PH_2;20140319xWed;01_Brno_Pardubice;Jihomoravský kraj;h00;4;N
02-o2_02-edg_03-tour_03-lau2_07-day_05-300+_01-frt-1001_01-sng_00-n_00-n_00-n_00-n_00-n_00-n;1001;0;41710;0;N;582786;555134;1;3115;0;EC_BR-PH_2;20140312xWed;01_Brno_Pardubice;Jihomoravský kraj;h00;6;N
02-o2_02-edg_03-tour_03-lau2_07-day_05-300+_01-frt-1001_01-sng_00-n_00-n_00-n_00-n_00-n_00-n;1001;0;41714;0;N;582786;555134;1;3115;0;EC_BR-PH_2;20140316xSun;01_Brno_Pardubice;Jihomoravský kraj;h00;6;N
02-o2_02-edg_03-tour_03-lau2_07-day_05-300+_01-frt-1001_01-sng_00-n_00-n_00-n_00-n_00-n_00-n;1001;0;41711;0;N;582786;555134;1;3115;0;EC_BR-PH_2;20140313xThu;01_Brno_Pardubice;Jihomoravský kraj;h00;3;N
02-o2_02-edg_03-tour_03-lau2_07-day_05-300+_01-frt-1001_01-sng_00-n_00-n_00-n_00-n_00-n_00-n;1001;0;41722;0;N;582786;555134;1;3115;0;EC_BR-PH_2;20140324xMon;01_Brno_Pardubice;Jihomoravský kraj;h00;8;N
02-o2_02-edg_03-tour_03-lau2_07-day_05-300+_01-frt-1001_01-sng_00-n_00-n_00-n_00-n_00-n_00-n;1001;0;41715;0;N;582786;555134;1;3115;0;EC_BR-PH_2;20140317xMon;01_Brno_Pardubice;Jihomoravský kraj;h00;8;N
02-o2_02-edg_03-tour_03-lau2_07-day_05-300+_01-frt-1001_01-sng_00-n_00-n_00-n_00-n_00-n_00-n;1001;0;41720;0;N;582786;555134;1;3115;0;EC_BR-PH_2;20140322xSat;01_Brno_Pardubice;Jihomoravský kraj;h00;1;N
02-o2_02-edg_03-tour_03-lau2_07-day_05-300+_01-frt-1001_01-sng_00-n_00-n_00-n_00-n_00-n_00-n;1001;0;41724;0;N;582786;555134;1;3115;0;EC_BR-PH_2;20140326xWed;01_Brno_Pardubice;Jihomoravský kraj;h00;6;N
02-o2_02-edg_03-tour_03-lau2_07-day_05-300+_01-frt-1001_01-sng_00-n_00-n_00-n_00-n_00-n_00-n;1001;0;41723;0;N;582786;555134;1;3115;0;EC_BR-PH_2;20140325xTue;01_Brno_Pardubice;Jihomoravský kraj;h00;10;N
02-o2_02-edg_03-tour_03-lau2_07-day_05-300+_01-frt-1001_01-sng_00-n_00-n_00-n_00-n_00-n_00-n;1001;0;41716;0;N;582786;555134;1;3115;0;EC_BR-PH_2;20140318xTue;01_Brno_Pardubice;Jihomoravský kraj;h00;4;N
02-o2_02-edg_03-tour_03-lau2_07-day_05-300+_01-frt-1001_01-sng_00-n_00-n_00-n_00-n_00-n_00-n;1001;0;41712;0;N;582786;555134;1;3115;0;EC_BR-PH_2;20140314xFri;01_Brno_Pardubice;Jihomoravský kraj;h00;5;N
02-o2_02-edg_03-tour_03-lau2_07-day_05-300+_01-frt-1001_01-sng_00-n_00-n_00-n_00-n_00-n_00-n;1001;0;41721;0;N;582786;554782;1;3115;0;EC_BR-PH_2;20140323xSun;01_Brno_Praha;Jihomoravský kraj;h00;130;N
02-o2_02-edg_03-tour_03-lau2_07-day_05-300+_01-frt-1001_01-sng_00-n_00-n_00-n_00-n_00-n_00-n;1001;0;41720;0;N;582786;554782;1;3115;0;EC_BR-PH_2;20140322xSat;01_Brno_Praha;Jihomoravský kraj;h00;75;N
02-o2_02-edg_03-tour_03-lau2_07-day_05-300+_01-frt-1001_01-sng_00-n_00-n_00-n_00-n_00-n_00-n;1001;0;41719;0;N;582786;554782;1;3115;0;EC_BR-PH_2;20140321xFri;01_Brno_Praha;Jihomoravský kraj;h00;80;N
02-o2_02-edg_03-tour_03-lau2_07-day_05-300+_01-frt-1001_01-sng_00-n_00-n_00-n_00-n_00-n_00-n;1001;0;41712;0;N;582786;554782;1;3115;0;EC_BR-PH_2;20140314xFri;01_Brno_Praha;Jihomoravský kraj;h00;101;N
02-o2_02-edg_03-tour_03-lau2_07-day_05-300+_01-frt-1001_01-sng_00-n_00-n_00-n_00-n_00-n_00-n;1001;0;41710;0;N;582786;554782;1;3115;0;EC_BR-PH_2;20140312xWed;01_Brno_Praha;Jihomoravský kraj;h00;140;N
02-o2_02-edg_03-tour_03-lau2_07-day_05-300+_01-frt-1001_01-sng_00-n_00-n_00-n_00-n_00-n_00-n;1001;0;41723;0;N;582786;554782;1;3115;0;EC_BR-PH_2;20140325xTue;01_Brno_Praha;Jihomoravský kraj;h00;115;N
02-o2_02-edg_03-tour_03-lau2_07-day_05-300+_01-frt-1001_01-sng_00-n_00-n_00-n_00-n_00-n_00-n;1001;0;41714;0;N;582786;554782;1;3115;0;EC_BR-PH_2;20140316xSun;01_Brno_Praha;Jihomoravský kraj;h00;126;N
02-o2_02-edg_03-tour_03-lau2_07-day_05-300+_01-frt-1001_01-sng_00-n_00-n_00-n_00-n_00-n_00-n;1001;0;41722;0;N;582786;554782;1;3115;0;EC_BR-PH_2;20140324xMon;01_Brno_Praha;Jihomoravský kraj;h00;126;N
02-o2_02-edg_03-tour_03-lau2_07-day_05-300+_01-frt-1001_01-sng_00-n_00-n_00-n_00-n_00-n_00-n;1001;0;41717;0;N;582786;554782;1;3115;0;EC_BR-PH_2;20140319xWed;01_Brno_Praha;Jihomoravský kraj;h00;142;N
02-o2_02-edg_03-tour_03-lau2_07-day_05-300+_01-frt-1001_01-sng_00-n_00-n_00-n_00-n_00-n_00-n;1001;0;41711;0;N;582786;554782;1;3115;0;EC_BR-PH_2;20140313xThu;01_Brno_Praha;Jihomoravský kraj;h00;139;N
02-o2_02-edg_03-tour_03-lau2_07-day_05-300+_01-frt-1001_01-sng_00-n_00-n_00-n_00-n_00-n_00-n;1001;0;41715;0;N;582786;554782;1;3115;0;EC_BR-PH_2;20140317xMon;01_Brno_Praha;Jihomoravský kraj;h00;203;N
02-o2_02-edg_03-tour_03-lau2_07-day_05-300+_01-frt-1001_01-sng_00-n_00-n_00-n_00-n_00-n_00-n;1001;0;41716;0;N;582786;554782;1;3115;0;EC_BR-PH_2;20140318xTue;01_Brno_Praha;Jihomoravský kraj;h00;137;N
02-o2_02-edg_03-tour_03-lau2_07-day_05-300+_01-frt-1001_01-sng_00-n_00-n_00-n_00-n_00-n_00-n;1001;0;41713;0;N;582786;554782;1;3115;0;EC_BR-PH_2;20140315xSat;01_Brno_Praha;Jihomoravský kraj;h00;91;N
02-o2_02-edg_03-tour_03-lau2_07-day_05-300+_01-frt-1001_01-sng_00-n_00-n_00-n_00-n_00-n_00-n;1001;0;41718;0;N;582786;554782;1;3115;0;EC_BR-PH_2;20140320xThu;01_Brno_Praha;Jihomoravský kraj;h00;140;N
02-o2_02-edg_03-tour_03-lau2_07-day_05-300+_01-frt-1001_01-sng_00-n_00-n_00-n_00-n_00-n_00-n;1001;0;41724;0;N;582786;554782;1;3115;0;EC_BR-PH_2;20140326xWed;01_Brno_Praha;Jihomoravský kraj;h00;122;N
02-o2_02-edg_03-tour_03-lau2_07-day_05-300+_01-frt-1001_01-sng_00-n_00-n_00-n_00-n_00-n_00-n;1001;0;41710;0;N;582786;533165;1;3115;0;EC_BR-PH_2;20140312xWed;01_Brno_Kolín;Jihomoravský kraj;h00;1;N
02-o2_02-edg_03-tour_03-lau2_07-day_05-300+_01-frt-1001_01-sng_00-n_00-n_00-n_00-n_00-n_00-n;1001;0;41716;0;N;582786;533165;1;3115;0;EC_BR-PH_2;20140318xTue;01_Brno_Kolín;Jihomoravský kraj;h00;1;N
02-o2_02-edg_03-tour_03-lau2_07-day_05-300+_01-frt-1001_01-sng_00-n_00-n_00-n_00-n_00-n_00-n;1001;0;41720;0;N;582786;533165;1;3115;0;EC_BR-PH_2;20140322xSat;01_Brno_Kolín;Jihomoravský kraj;h00;2;N
02-o2_02-edg_03-tour_03-lau2_07-day_05-300+_01-frt-1001_01-sng_00-n_00-n_00-n_00-n_00-n_00-n;1001;0;41712;0;N;582786;533165;1;3115;0;EC_BR-PH_2;20140314xFri;01_Brno_Kolín;Jihomoravský kraj;h00;1;N
02-o2_02-edg_03-tour_03-lau2_07-day_05-300+_01-frt-1001_01-sng_00-n_00-n_00-n_00-n_00-n_00-n;1001;0;41711;0;N;582786;533165;1;3115;0;EC_BR-PH_2;20140313xThu;01_Brno_Kolín;Jihomoravský kraj;h00;2;N
02-o2_02-edg_03-tour_03-lau2_07-day_05-300+_01-frt-1001_01-sng_00-n_00-n_00-n_00-n_00-n_00-n;1001;0;41717;0;N;582786;533165;1;3115;0;EC_BR-PH_2;20140319xWed;01_Brno_Kolín;Jihomoravský kraj;h00;3;N
02-o2_02-edg_03-tour_03-lau2_07-day_05-300+_01-frt-1001_01-sng_00-n_00-n_00-n_00-n_00-n_00-n;1001;0;41719;0;N;582786;533165;1;3115;0;EC_BR-PH_2;20140321xFri;01_Brno_Kolín;Jihomoravský kraj;h00;1;N
02-o2_02-edg_03-tour_03-lau2_07-day_05-300+_01-frt-1001_01-sng_00-n_00-n_00-n_00-n_00-n_00-n;1001;0;41723;0;N;582786;533165;1;3115;0;EC_BR-PH_2;20140325xTue;01_Brno_Kolín;Jihomoravský kraj;h00;1;N
02-o2_02-edg_03-tour_03-lau2_07-day_05-300+_01-frt-1001_01-sng_00-n_00-n_00-n_00-n_00-n_00-n;1001;0;41718;0;N;582786;533165;1;3115;0;EC_BR-PH_2;20140320xThu;01_Brno_Kolín;Jihomoravský kraj;h00;3;N
02-o2_02-edg_03-tour_03-lau2_07-day_05-300+_01-frt-1001_01-sng_00-n_00-n_00-n_00-n_00-n_00-n;1001;0;41714;0;N;582786;533165;1;3115;0;EC_BR-PH_2;20140316xSun;01_Brno_Kolín;Jihomoravský kraj;h00;2;N
02-o2_02-edg_03-tour_03-lau2_07-day_05-300+_01-frt-1001_01-sng_00-n_00-n_00-n_00-n_00-n_00-n;1001;0;41713;0;N;582786;533165;1;3115;0;EC_BR-PH_2;20140315xSat;01_Brno_Kolín;Jihomoravský kraj;h00;3;N
02-o2_02-edg_03-tour_03-lau2_07-day_05-300+_01-frt-1001_01-sng_00-n_00-n_00-n_00-n_00-n_00-n;1001;0;41715;0;N;582786;533165;1;3115;0;EC_BR-PH_2;20140317xMon;01_Brno_Kolín;Jihomoravský kraj;h00;1;N
02-o2_02-edg_03-tour_03-lau2_07-day_05-300+_01-frt-1001_01-sng_00-n_00-n_00-n_00-n_00-n_00-n;1001;0;41722;0;N;582786;533165;1;3115;0;EC_BR-PH_2;20140324xMon;01_Brno_Kolín;Jihomoravský kraj;h00;3;N
02-o2_02-edg_03-tour_03-lau2_07-day_05-300+_01-frt-1001_01-sng_00-n_00-n_00-n_00-n_00-n_00-n;1001;0;41715;0;N;580031;555134;2;3093;0;EC_BR-PH_2;20140317xMon;02_Česká Třebová_Pardubice;Pardubický kraj;h00;11;N
02-o2_02-edg_03-tour_03-lau2_07-day_05-300+_01-frt-1001_01-sng_00-n_00-n_00-n_00-n_00-n_00-n;1001;0;41722;0;N;580031;555134;2;3093;0;EC_BR-PH_2;20140324xMon;02_Česká Třebová_Pardubice;Pardubický kraj;h00;5;N
02-o2_02-edg_03-tour_03-lau2_07-day_05-300+_01-frt-1001_01-sng_00-n_00-n_00-n_00-n_00-n_00-n;1001;0;41710;0;N;580031;555134;2;3093;0;EC_BR-PH_2;20140312xWed;02_Česká Třebová_Pardubice;Pardubický kraj;h00;4;N
02-o2_02-edg_03-tour_03-lau2_07-day_05-300+_01-frt-1001_01-sng_00-n_00-n_00-n_00-n_00-n_00-n;1001;0;41724;0;N;580031;555134;2;3093;0;EC_BR-PH_2;20140326xWed;02_Česká Třebová_Pardubice;Pardubický kraj;h00;2;N
02-o2_02-edg_03-tour_03-lau2_07-day_05-300+_01-frt-1001_01-sng_00-n_00-n_00-n_00-n_00-n_00-n;1001;0;41718;0;N;580031;555134;2;3093;0;EC_BR-PH_2;20140320xThu;02_Česká Třebová_Pardubice;Pardubický kraj;h00;1;N
02-o2_02-edg_03-tour_03-lau2_07-day_05-300+_01-frt-1001_01-sng_00-n_00-n_00-n_00-n_00-n_00-n;1001;0;41723;0;N;580031;555134;2;3093;0;EC_BR-PH_2;20140325xTue;02_Česká Třebová_Pardubice;Pardubický kraj;h00;1;N
02-o2_02-edg_03-tour_03-lau2_07-day_05-300+_01-frt-1001_01-sng_00-n_00-n_00-n_00-n_00-n_00-n;1001;0;41711;0;N;580031;555134;2;3093;0;EC_BR-PH_2;20140313xThu;02_Česká Třebová_Pardubice;Pardubický kraj;h00;4;N
