02-o2_01-ver_03-tour_03-lau2_07-day_03-60_01-frt-1001_01-sng_00-n_00-n_00-n_00-n_00-n_00-n;1001;0;41710;0;N;533165;N;4;3026;0;EC_BR-PH_2;20140312xWed;4_Kolín;Středočeský kraj;h00;679;134
02-o2_01-ver_03-tour_03-lau2_07-day_03-60_01-frt-1001_01-sng_00-n_00-n_00-n_00-n_00-n_00-n;1001;0;41710;0;N;554782;N;5;3018;0;EC_BR-PH_2;20140312xWed;5_Praha;Hlavní město Praha;h00;0;2930
02-o2_01-ver_03-tour_03-lau2_07-day_03-60_01-frt-1001_01-sng_00-n_00-n_00-n_00-n_00-n_00-n;1001;0;41710;0;N;555134;N;3;3093;0;EC_BR-PH_2;20140312xWed;3_Pardubice;Pardubický kraj;h00;595;85
02-o2_01-ver_03-tour_03-lau2_07-day_03-60_01-frt-1001_01-sng_00-n_00-n_00-n_00-n_00-n_00-n;1001;0;41710;0;N;580031;N;2;3093;0;EC_BR-PH_2;20140312xWed;2_Česká Třebová;Pardubický kraj;h00;82;13
02-o2_01-ver_03-tour_03-lau2_07-day_03-60_01-frt-1001_01-sng_00-n_00-n_00-n_00-n_00-n_00-n;1001;0;41710;0;N;582786;N;1;3115;0;EC_BR-PH_2;20140312xWed;1_Brno;Jihomoravský kraj;h00;1806;0
02-o2_01-ver_03-tour_03-lau2_07-day_03-60_01-frt-1001_01-sng_00-n_00-n_00-n_00-n_00-n_00-n;1001;0;41711;0;N;533165;N;4;3026;0;EC_BR-PH_2;20140313xThu;4_Kolín;Středočeský kraj;h00;659;155
02-o2_01-ver_03-tour_03-lau2_07-day_03-60_01-frt-1001_01-sng_00-n_00-n_00-n_00-n_00-n_00-n;1001;0;41711;0;N;554782;N;5;3018;0;EC_BR-PH_2;20140313xThu;5_Praha;Hlavní město Praha;h00;0;3179
02-o2_01-ver_03-tour_03-lau2_07-day_03-60_01-frt-1001_01-sng_00-n_00-n_00-n_00-n_00-n_00-n;1001;0;41711;0;N;555134;N;3;3093;0;EC_BR-PH_2;20140313xThu;3_Pardubice;Pardubický kraj;h00;607;112
02-o2_01-ver_03-tour_03-lau2_07-day_03-60_01-frt-1001_01-sng_00-n_00-n_00-n_00-n_00-n_00-n;1001;0;41711;0;N;580031;N;2;3093;0;EC_BR-PH_2;20140313xThu;2_Česká Třebová;Pardubický kraj;h00;116;20
02-o2_01-ver_03-tour_03-lau2_07-day_03-60_01-frt-1001_01-sng_00-n_00-n_00-n_00-n_00-n_00-n;1001;0;41711;0;N;582786;N;1;3115;0;EC_BR-PH_2;20140313xThu;1_Brno;Jihomoravský kraj;h00;2084;0
02-o2_01-ver_03-tour_03-lau2_07-day_03-60_01-frt-1001_01-sng_00-n_00-n_00-n_00-n_00-n_00-n;1001;0;41712;0;N;533165;N;4;3026;0;EC_BR-PH_2;20140314xFri;4_Kolín;Středočeský kraj;h00;697;181
02-o2_01-ver_03-tour_03-lau2_07-day_03-60_01-frt-1001_01-sng_00-n_00-n_00-n_00-n_00-n_00-n;1001;0;41712;0;N;554782;N;5;3018;0;EC_BR-PH_2;20140314xFri;5_Praha;Hlavní město Praha;h00;0;3457
02-o2_01-ver_03-tour_03-lau2_07-day_03-60_01-frt-1001_01-sng_00-n_00-n_00-n_00-n_00-n_00-n;1001;0;41712;0;N;555134;N;3;3093;0;EC_BR-PH_2;20140314xFri;3_Pardubice;Pardubický kraj;h00;588;144
02-o2_01-ver_03-tour_03-lau2_07-day_03-60_01-frt-1001_01-sng_00-n_00-n_00-n_00-n_00-n_00-n;1001;0;41712;0;N;580031;N;2;3093;0;EC_BR-PH_2;20140314xFri;2_Česká Třebová;Pardubický kraj;h00;253;42
02-o2_01-ver_03-tour_03-lau2_07-day_03-60_01-frt-1001_01-sng_00-n_00-n_00-n_00-n_00-n_00-n;1001;0;41712;0;N;582786;N;1;3115;0;EC_BR-PH_2;20140314xFri;1_Brno;Jihomoravský kraj;h00;2286;0
02-o2_01-ver_03-tour_03-lau2_07-day_03-60_01-frt-1001_01-sng_00-n_00-n_00-n_00-n_00-n_00-n;1001;0;41713;0;N;533165;N;4;3026;0;EC_BR-PH_2;20140315xSat;4_Kolín;Středočeský kraj;h00;394;89
02-o2_01-ver_03-tour_03-lau2_07-day_03-60_01-frt-1001_01-sng_00-n_00-n_00-n_00-n_00-n_00-n;1001;0;41713;0;N;554782;N;5;3018;0;EC_BR-PH_2;20140315xSat;5_Praha;Hlavní město Praha;h00;0;2109
02-o2_01-ver_03-tour_03-lau2_07-day_03-60_01-frt-1001_01-sng_00-n_00-n_00-n_00-n_00-n_00-n;1001;0;41713;0;N;555134;N;3;3093;0;EC_BR-PH_2;20140315xSat;3_Pardubice;Pardubický kraj;h00;366;110
02-o2_01-ver_03-tour_03-lau2_07-day_03-60_01-frt-1001_01-sng_00-n_00-n_00-n_00-n_00-n_00-n;1001;0;41713;0;N;580031;N;2;3093;0;EC_BR-PH_2;20140315xSat;2_Česká Třebová;Pardubický kraj;h00;169;31
02-o2_01-ver_03-tour_03-lau2_07-day_03-60_01-frt-1001_01-sng_00-n_00-n_00-n_00-n_00-n_00-n;1001;0;41713;0;N;582786;N;1;3115;0;EC_BR-PH_2;20140315xSat;1_Brno;Jihomoravský kraj;h00;1410;0
02-o2_01-ver_03-tour_03-lau2_07-day_03-60_01-frt-1001_01-sng_00-n_00-n_00-n_00-n_00-n_00-n;1001;0;41714;0;N;533165;N;4;3026;0;EC_BR-PH_2;20140316xSun;4_Kolín;Středočeský kraj;h00;346;94
02-o2_01-ver_03-tour_03-lau2_07-day_03-60_01-frt-1001_01-sng_00-n_00-n_00-n_00-n_00-n_00-n;1001;0;41714;0;N;554782;N;5;3018;0;EC_BR-PH_2;20140316xSun;5_Praha;Hlavní město Praha;h00;0;3204
02-o2_01-ver_03-tour_03-lau2_07-day_03-60_01-frt-1001_01-sng_00-n_00-n_00-n_00-n_00-n_00-n;1001;0;41714;0;N;555134;N;3;3093;0;EC_BR-PH_2;20140316xSun;3_Pardubice;Pardubický kraj;h00;403;102
02-o2_01-ver_03-tour_03-lau2_07-day_03-60_01-frt-1001_01-sng_00-n_00-n_00-n_00-n_00-n_00-n;1001;0;41714;0;N;580031;N;2;3093;0;EC_BR-PH_2;20140316xSun;2_Česká Třebová;Pardubický kraj;h00;276;34
02-o2_01-ver_03-tour_03-lau2_07-day_03-60_01-frt-1001_01-sng_00-n_00-n_00-n_00-n_00-n_00-n;1001;0;41714;0;N;582786;N;1;3115;0;EC_BR-PH_2;20140316xSun;1_Brno;Jihomoravský kraj;h00;2409;0
02-o2_01-ver_03-tour_03-lau2_07-day_03-60_01-frt-1001_01-sng_00-n_00-n_00-n_00-n_00-n_00-n;1001;0;41715;0;N;533165;N;4;3026;0;EC_BR-PH_2;20140317xMon;4_Kolín;Středočeský kraj;h00;778;173
02-o2_01-ver_03-tour_03-lau2_07-day_03-60_01-frt-1001_01-sng_00-n_00-n_00-n_00-n_00-n_00-n;1001;0;41715;0;N;554782;N;5;3018;0;EC_BR-PH_2;20140317xMon;5_Praha;Hlavní město Praha;h00;0;4153
02-o2_01-ver_03-tour_03-lau2_07-day_03-60_01-frt-1001_01-sng_00-n_00-n_00-n_00-n_00-n_00-n;1001;0;41715;0;N;555134;N;3;3093;0;EC_BR-PH_2;20140317xMon;3_Pardubice;Pardubický kraj;h00;676;150
02-o2_01-ver_03-tour_03-lau2_07-day_03-60_01-frt-1001_01-sng_00-n_00-n_00-n_00-n_00-n_00-n;1001;0;41715;0;N;580031;N;2;3093;0;EC_BR-PH_2;20140317xMon;2_Česká Třebová;Pardubický kraj;h00;268;38
02-o2_01-ver_03-tour_03-lau2_07-day_03-60_01-frt-1001_01-sng_00-n_00-n_00-n_00-n_00-n_00-n;1001;0;41715;0;N;582786;N;1;3115;0;EC_BR-PH_2;20140317xMon;1_Brno;Jihomoravský kraj;h00;2792;0
02-o2_01-ver_03-tour_03-lau2_07-day_03-60_01-frt-1001_01-sng_00-n_00-n_00-n_00-n_00-n_00-n;1001;0;41716;0;N;533165;N;4;3026;0;EC_BR-PH_2;20140318xTue;4_Kolín;Středočeský kraj;h00;749;188
02-o2_01-ver_03-tour_03-lau2_07-day_03-60_01-frt-1001_01-sng_00-n_00-n_00-n_00-n_00-n_00-n;1001;0;41716;0;N;554782;N;5;3018;0;EC_BR-PH_2;20140318xTue;5_Praha;Hlavní město Praha;h00;0;3888
02-o2_01-ver_03-tour_03-lau2_07-day_03-60_01-frt-1001_01-sng_00-n_00-n_00-n_00-n_00-n_00-n;1001;0;41716;0;N;555134;N;3;3093;0;EC_BR-PH_2;20140318xTue;3_Pardubice;Pardubický kraj;h00;653;116
02-o2_01-ver_03-tour_03-lau2_07-day_03-60_01-frt-1001_01-sng_00-n_00-n_00-n_00-n_00-n_00-n;1001;0;41716;0;N;580031;N;2;3093;0;EC_BR-PH_2;20140318xTue;2_Česká Třebová;Pardubický kraj;h00;187;26
02-o2_01-ver_03-tour_03-lau2_07-day_03-60_01-frt-1001_01-sng_00-n_00-n_00-n_00-n_00-n_00-n;1001;0;41716;0;N;582786;N;1;3115;0;EC_BR-PH_2;20140318xTue;1_Brno;Jihomoravský kraj;h00;2629;0
02-o2_01-ver_03-tour_03-lau2_07-day_03-60_01-frt-1001_01-sng_00-n_00-n_00-n_00-n_00-n_00-n;1001;0;41717;0;N;533165;N;4;3026;0;EC_BR-PH_2;20140319xWed;4_Kolín;Středočeský kraj;h00;699;171
02-o2_01-ver_03-tour_03-lau2_07-day_03-60_01-frt-1001_01-sng_00-n_00-n_00-n_00-n_00-n_00-n;1001;0;41717;0;N;554782;N;5;3018;0;EC_BR-PH_2;20140319xWed;5_Praha;Hlavní město Praha;h00;0;3615
02-o2_01-ver_03-tour_03-lau2_07-day_03-60_01-frt-1001_01-sng_00-n_00-n_00-n_00-n_00-n_00-n;1001;0;41717;0;N;555134;N;3;3093;0;EC_BR-PH_2;20140319xWed;3_Pardubice;Pardubický kraj;h00;555;123
02-o2_01-ver_03-tour_03-lau2_07-day_03-60_01-frt-1001_01-sng_00-n_00-n_00-n_00-n_00-n_00-n;1001;0;41717;0;N;580031;N;2;3093;0;EC_BR-PH_2;20140319xWed;2_Česká Třebová;Pardubický kraj;h00;136;27
02-o2_01-ver_03-tour_03-lau2_07-day_03-60_01-frt-1001_01-sng_00-n_00-n_00-n_00-n_00-n_00-n;1001;0;41717;0;N;582786;N;1;3115;0;EC_BR-PH_2;20140319xWed;1_Brno;Jihomoravský kraj;h00;2546;0
02-o2_01-ver_03-tour_03-lau2_07-day_03-60_01-frt-1001_01-sng_00-n_00-n_00-n_00-n_00-n_00-n;1001;0;41718;0;N;533165;N;4;3026;0;EC_BR-PH_2;20140320xThu;4_Kolín;Středočeský kraj;h00;641;212
02-o2_01-ver_03-tour_03-lau2_07-day_03-60_01-frt-1001_01-sng_00-n_00-n_00-n_00-n_00-n_00-n;1001;0;41718;0;N;554782;N;5;3018;0;EC_BR-PH_2;20140320xThu;5_Praha;Hlavní město Praha;h00;0;3681
02-o2_01-ver_03-tour_03-lau2_07-day_03-60_01-frt-1001_01-sng_00-n_00-n_00-n_00-n_00-n_00-n;1001;0;41718;0;N;555134;N;3;3093;0;EC_BR-PH_2;20140320xThu;3_Pardubice;Pardubický kraj;h00;546;145
02-o2_01-ver_03-tour_03-lau2_07-day_03-60_01-frt-1001_01-sng_00-n_00-n_00-n_00-n_00-n_00-n;1001;0;41718;0;N;580031;N;2;3093;0;EC_BR-PH_2;20140320xThu;2_Česká Třebová;Pardubický kraj;h00;121;34
02-o2_01-ver_03-tour_03-lau2_07-day_03-60_01-frt-1001_01-sng_00-n_00-n_00-n_00-n_00-n_00-n;1001;0;41718;0;N;582786;N;1;3115;0;EC_BR-PH_2;20140320xThu;1_Brno;Jihomoravský kraj;h00;2764;0
02-o2_01-ver_03-tour_03-lau2_07-day_03-60_01-frt-1001_01-sng_00-n_00-n_00-n_00-n_00-n_00-n;1001;0;41719;0;N;533165;N;4;3026;0;EC_BR-PH_2;20140321xFri;4_Kolín;Středočeský kraj;h00;576;188
02-o2_01-ver_03-tour_03-lau2_07-day_03-60_01-frt-1001_01-sng_00-n_00-n_00-n_00-n_00-n_00-n;1001;0;41719;0;N;554782;N;5;3018;0;EC_BR-PH_2;20140321xFri;5_Praha;Hlavní město Praha;h00;0;2809
02-o2_01-ver_03-tour_03-lau2_07-day_03-60_01-frt-1001_01-sng_00-n_00-n_00-n_00-n_00-n_00-n;1001;0;41719;0;N;555134;N;3;3093;0;EC_BR-PH_2;20140321xFri;3_Pardubice;Pardubický kraj;h00;450;151
02-o2_01-ver_03-tour_03-lau2_07-day_03-60_01-frt-1001_01-sng_00-n_00-n_00-n_00-n_00-n_00-n;1001;0;41719;0;N;580031;N;2;3093;0;EC_BR-PH_2;20140321xFri;2_Česká Třebová;Pardubický kraj;h00;143;33
02-o2_01-ver_03-tour_03-lau2_07-day_03-60_01-frt-1001_01-sng_00-n_00-n_00-n_00-n_00-n_00-n;1001;0;41719;0;N;582786;N;1;3115;0;EC_BR-PH_2;20140321xFri;1_Brno;Jihomoravský kraj;h00;2012;0
02-o2_01-ver_03-tour_03-lau2_07-day_03-60_01-frt-1001_01-sng_00-n_00-n_00-n_00-n_00-n_00-n;1001;0;41720;0;N;533165;N;4;3026;0;EC_BR-PH_2;20140322xSat;4_Kolín;Středočeský kraj;h00;345;90
02-o2_01-ver_03-tour_03-lau2_07-day_03-60_01-frt-1001_01-sng_00-n_00-n_00-n_00-n_00-n_00-n;1001;0;41720;0;N;554782;N;5;3018;0;EC_BR-PH_2;20140322xSat;5_Praha;Hlavní město Praha;h00;0;1876
02-o2_01-ver_03-tour_03-lau2_07-day_03-60_01-frt-1001_01-sng_00-n_00-n_00-n_00-n_00-n_00-n;1001;0;41720;0;N;555134;N;3;3093;0;EC_BR-PH_2;20140322xSat;3_Pardubice;Pardubický kraj;h00;279;66
02-o2_01-ver_03-tour_03-lau2_07-day_03-60_01-frt-1001_01-sng_00-n_00-n_00-n_00-n_00-n_00-n;1001;0;41720;0;N;580031;N;2;3093;0;EC_BR-PH_2;20140322xSat;2_Česká Třebová;Pardubický kraj;h00;97;21
02-o2_01-ver_03-tour_03-lau2_07-day_03-60_01-frt-1001_01-sng_00-n_00-n_00-n_00-n_00-n_00-n;1001;0;41720;0;N;582786;N;1;3115;0;EC_BR-PH_2;20140322xSat;1_Brno;Jihomoravský kraj;h00;1332;0
02-o2_01-ver_03-tour_03-lau2_07-day_03-60_01-frt-1001_01-sng_00-n_00-n_00-n_00-n_00-n_00-n;1001;0;41721;0;N;533165;N;4;3026;0;EC_BR-PH_2;20140323xSun;4_Kolín;Středočeský kraj;h00;335;89
02-o2_01-ver_03-tour_03-lau2_07-day_03-60_01-frt-1001_01-sng_00-n_00-n_00-n_00-n_00-n_00-n;1001;0;41721;0;N;554782;N;5;3018;0;EC_BR-PH_2;20140323xSun;5_Praha;Hlavní město Praha;h00;0;3046
02-o2_01-ver_03-tour_03-lau2_07-day_03-60_01-frt-1001_01-sng_00-n_00-n_00-n_00-n_00-n_00-n;1001;0;41721;0;N;555134;N;3;3093;0;EC_BR-PH_2;20140323xSun;3_Pardubice;Pardubický kraj;h00;338;102
02-o2_01-ver_03-tour_03-lau2_07-day_03-60_01-frt-1001_01-sng_00-n_00-n_00-n_00-n_00-n_00-n;1001;0;41721;0;N;580031;N;2;3093;0;EC_BR-PH_2;20140323xSun;2_Česká Třebová;Pardubický kraj;h00;148;21
02-o2_01-ver_03-tour_03-lau2_07-day_03-60_01-frt-1001_01-sng_00-n_00-n_00-n_00-n_00-n_00-n;1001;0;41721;0;N;582786;N;1;3115;0;EC_BR-PH_2;20140323xSun;1_Brno;Jihomoravský kraj;h00;2437;0
02-o2_01-ver_03-tour_03-lau2_07-day_03-60_01-frt-1001_01-sng_00-n_00-n_00-n_00-n_00-n_00-n;1001;0;41722;0;N;533165;N;4;3026;0;EC_BR-PH_2;20140324xMon;4_Kolín;Středočeský kraj;h00;660;166
02-o2_01-ver_03-tour_03-lau2_07-day_03-60_01-frt-1001_01-sng_00-n_00-n_00-n_00-n_00-n_00-n;1001;0;41722;0;N;554782;N;5;3018;0;EC_BR-PH_2;20140324xMon;5_Praha;Hlavní město Praha;h00;0;3141
02-o2_01-ver_03-tour_03-lau2_07-day_03-60_01-frt-1001_01-sng_00-n_00-n_00-n_00-n_00-n_00-n;1001;0;41722;0;N;555134;N;3;3093;0;EC_BR-PH_2;20140324xMon;3_Pardubice;Pardubický kraj;h00;545;115
02-o2_01-ver_03-tour_03-lau2_07-day_03-60_01-frt-1001_01-sng_00-n_00-n_00-n_00-n_00-n_00-n;1001;0;41722;0;N;580031;N;2;3093;0;EC_BR-PH_2;20140324xMon;2_Česká Třebová;Pardubický kraj;h00;154;23
02-o2_01-ver_03-tour_03-lau2_07-day_03-60_01-frt-1001_01-sng_00-n_00-n_00-n_00-n_00-n_00-n;1001;0;41722;0;N;582786;N;1;3115;0;EC_BR-PH_2;20140324xMon;1_Brno;Jihomoravský kraj;h00;2086;0
02-o2_01-ver_03-tour_03-lau2_07-day_03-60_01-frt-1001_01-sng_00-n_00-n_00-n_00-n_00-n_00-n;1001;0;41723;0;N;533165;N;4;3026;0;EC_BR-PH_2;20140325xTue;4_Kolín;Středočeský kraj;h00;621;173
02-o2_01-ver_03-tour_03-lau2_07-day_03-60_01-frt-1001_01-sng_00-n_00-n_00-n_00-n_00-n_00-n;1001;0;41723;0;N;554782;N;5;3018;0;EC_BR-PH_2;20140325xTue;5_Praha;Hlavní město Praha;h00;0;3018
02-o2_01-ver_03-tour_03-lau2_07-day_03-60_01-frt-1001_01-sng_00-n_00-n_00-n_00-n_00-n_00-n;1001;0;41723;0;N;555134;N;3;3093;0;EC_BR-PH_2;20140325xTue;3_Pardubice;Pardubický kraj;h00;541;119
02-o2_01-ver_03-tour_03-lau2_07-day_03-60_01-frt-1001_01-sng_00-n_00-n_00-n_00-n_00-n_00-n;1001;0;41723;0;N;580031;N;2;3093;0;EC_BR-PH_2;20140325xTue;2_Česká Třebová;Pardubický kraj;h00;135;26
02-o2_01-ver_03-tour_03-lau2_07-day_03-60_01-frt-1001_01-sng_00-n_00-n_00-n_00-n_00-n_00-n;1001;0;41723;0;N;582786;N;1;3115;0;EC_BR-PH_2;20140325xTue;1_Brno;Jihomoravský kraj;h00;2039;0
02-o2_01-ver_03-tour_03-lau2_07-day_03-60_01-frt-1001_01-sng_00-n_00-n_00-n_00-n_00-n_00-n;1001;0;41724;0;N;533165;N;4;3026;0;EC_BR-PH_2;20140326xWed;4_Kolín;Středočeský kraj;h00;626;187
02-o2_01-ver_03-tour_03-lau2_07-day_03-60_01-frt-1001_01-sng_00-n_00-n_00-n_00-n_00-n_00-n;1001;0;41724;0;N;554782;N;5;3018;0;EC_BR-PH_2;20140326xWed;5_Praha;Hlavní město Praha;h00;0;3135
02-o2_01-ver_03-tour_03-lau2_07-day_03-60_01-frt-1001_01-sng_00-n_00-n_00-n_00-n_00-n_00-n;1001;0;41724;0;N;555134;N;3;3093;0;EC_BR-PH_2;20140326xWed;3_Pardubice;Pardubický kraj;h00;562;117
02-o2_01-ver_03-tour_03-lau2_07-day_03-60_01-frt-1001_01-sng_00-n_00-n_00-n_00-n_00-n_00-n;1001;0;41724;0;N;580031;N;2;3093;0;EC_BR-PH_2;20140326xWed;2_Česká Třebová;Pardubický kraj;h00;115;32
02-o2_01-ver_03-tour_03-lau2_07-day_03-60_01-frt-1001_01-sng_00-n_00-n_00-n_00-n_00-n_00-n;1001;0;41724;0;N;582786;N;1;3115;0;EC_BR-PH_2;20140326xWed;1_Brno;Jihomoravský kraj;h00;2168;0
