02-o2_02-edg_04-pot_03-lau2_07-day_03-60_04-frt-1004_01-sng_00-n_00-n_00-n_00-n_00-n_00-n;1004;0;41711;0;N;555479;555169;1;3051;0;OS_PO-KV_1;20140313xThu;01_Potůčky_Horní Blatná;Karlovarský kraj;h00;112;N
02-o2_02-edg_04-pot_03-lau2_07-day_03-60_04-frt-1004_01-sng_00-n_00-n_00-n_00-n_00-n_00-n;1004;0;41711;0;N;555169;555452;2;3051;0;OS_PO-KV_1;20140313xThu;02_Horní Blatná_Pernink;Karlovarský kraj;h00;148;N
02-o2_02-edg_04-pot_03-lau2_07-day_03-60_04-frt-1004_01-sng_00-n_00-n_00-n_00-n_00-n_00-n;1004;0;41711;0;N;555452;555380;3;3051;0;OS_PO-KV_1;20140313xThu;03_Pernink_Nejdek;Karlovarský kraj;h00;123;N
02-o2_02-edg_04-pot_03-lau2_07-day_03-60_04-frt-1004_01-sng_00-n_00-n_00-n_00-n_00-n_00-n;1004;0;41711;0;N;555380;506494;4;3051;0;OS_PO-KV_1;20140313xThu;04_Nejdek_Nové Hamry;Karlovarský kraj;h00;624;N
02-o2_02-edg_04-pot_03-lau2_07-day_03-60_04-frt-1004_01-sng_00-n_00-n_00-n_00-n_00-n_00-n;1004;0;41711;0;N;506494;555398;5;3051;0;OS_PO-KV_1;20140313xThu;05_Nové Hamry_Nová Role;Karlovarský kraj;h00;545;N
02-o2_02-edg_04-pot_03-lau2_07-day_03-60_04-frt-1004_01-sng_00-n_00-n_00-n_00-n_00-n_00-n;1004;0;41711;0;N;555398;554961;6;3051;0;OS_PO-KV_1;20140313xThu;06_Nová Role_Karlovy Vary;Karlovarský kraj;h00;919;N
02-o2_02-edg_04-pot_03-lau2_07-day_03-60_04-frt-1004_01-sng_00-n_00-n_00-n_00-n_00-n_00-n;1004;0;41718;0;N;555479;555169;1;3051;0;OS_PO-KV_1;20140320xThu;01_Potůčky_Horní Blatná;Karlovarský kraj;h00;154;N
02-o2_02-edg_04-pot_03-lau2_07-day_03-60_04-frt-1004_01-sng_00-n_00-n_00-n_00-n_00-n_00-n;1004;0;41718;0;N;555169;555452;2;3051;0;OS_PO-KV_1;20140320xThu;02_Horní Blatná_Pernink;Karlovarský kraj;h00;175;N
02-o2_02-edg_04-pot_03-lau2_07-day_03-60_04-frt-1004_01-sng_00-n_00-n_00-n_00-n_00-n_00-n;1004;0;41718;0;N;555452;555380;3;3051;0;OS_PO-KV_1;20140320xThu;03_Pernink_Nejdek;Karlovarský kraj;h00;165;N
02-o2_02-edg_04-pot_03-lau2_07-day_03-60_04-frt-1004_01-sng_00-n_00-n_00-n_00-n_00-n_00-n;1004;0;41718;0;N;555380;506494;4;3051;0;OS_PO-KV_1;20140320xThu;04_Nejdek_Nové Hamry;Karlovarský kraj;h00;974;N
02-o2_02-edg_04-pot_03-lau2_07-day_03-60_04-frt-1004_01-sng_00-n_00-n_00-n_00-n_00-n_00-n;1004;0;41718;0;N;506494;555398;5;3051;0;OS_PO-KV_1;20140320xThu;05_Nové Hamry_Nová Role;Karlovarský kraj;h00;840;N
02-o2_02-edg_04-pot_03-lau2_07-day_03-60_04-frt-1004_01-sng_00-n_00-n_00-n_00-n_00-n_00-n;1004;0;41718;0;N;555398;554961;6;3051;0;OS_PO-KV_1;20140320xThu;06_Nová Role_Karlovy Vary;Karlovarský kraj;h00;1429;N
02-o2_02-edg_04-pot_03-lau2_07-day_03-60_04-frt-1004_01-sng_00-n_00-n_00-n_00-n_00-n_00-n;1004;0;41715;0;N;555479;555169;1;3051;0;OS_PO-KV_1;20140317xMon;01_Potůčky_Horní Blatná;Karlovarský kraj;h00;116;N
02-o2_02-edg_04-pot_03-lau2_07-day_03-60_04-frt-1004_01-sng_00-n_00-n_00-n_00-n_00-n_00-n;1004;0;41715;0;N;555169;555452;2;3051;0;OS_PO-KV_1;20140317xMon;02_Horní Blatná_Pernink;Karlovarský kraj;h00;113;N
02-o2_02-edg_04-pot_03-lau2_07-day_03-60_04-frt-1004_01-sng_00-n_00-n_00-n_00-n_00-n_00-n;1004;0;41715;0;N;555452;555380;3;3051;0;OS_PO-KV_1;20140317xMon;03_Pernink_Nejdek;Karlovarský kraj;h00;122;N
02-o2_02-edg_04-pot_03-lau2_07-day_03-60_04-frt-1004_01-sng_00-n_00-n_00-n_00-n_00-n_00-n;1004;0;41715;0;N;555380;506494;4;3051;0;OS_PO-KV_1;20140317xMon;04_Nejdek_Nové Hamry;Karlovarský kraj;h00;718;N
02-o2_02-edg_04-pot_03-lau2_07-day_03-60_04-frt-1004_01-sng_00-n_00-n_00-n_00-n_00-n_00-n;1004;0;41715;0;N;506494;555398;5;3051;0;OS_PO-KV_1;20140317xMon;05_Nové Hamry_Nová Role;Karlovarský kraj;h00;637;N
02-o2_02-edg_04-pot_03-lau2_07-day_03-60_04-frt-1004_01-sng_00-n_00-n_00-n_00-n_00-n_00-n;1004;0;41715;0;N;555398;554961;6;3051;0;OS_PO-KV_1;20140317xMon;06_Nová Role_Karlovy Vary;Karlovarský kraj;h00;1027;N
02-o2_02-edg_04-pot_03-lau2_07-day_03-60_04-frt-1004_01-sng_00-n_00-n_00-n_00-n_00-n_00-n;1004;0;41722;0;N;555479;555169;1;3051;0;OS_PO-KV_1;20140324xMon;01_Potůčky_Horní Blatná;Karlovarský kraj;h00;138;N
02-o2_02-edg_04-pot_03-lau2_07-day_03-60_04-frt-1004_01-sng_00-n_00-n_00-n_00-n_00-n_00-n;1004;0;41722;0;N;555169;555452;2;3051;0;OS_PO-KV_1;20140324xMon;02_Horní Blatná_Pernink;Karlovarský kraj;h00;153;N
02-o2_02-edg_04-pot_03-lau2_07-day_03-60_04-frt-1004_01-sng_00-n_00-n_00-n_00-n_00-n_00-n;1004;0;41722;0;N;555452;555380;3;3051;0;OS_PO-KV_1;20140324xMon;03_Pernink_Nejdek;Karlovarský kraj;h00;159;N
02-o2_02-edg_04-pot_03-lau2_07-day_03-60_04-frt-1004_01-sng_00-n_00-n_00-n_00-n_00-n_00-n;1004;0;41722;0;N;555380;506494;4;3051;0;OS_PO-KV_1;20140324xMon;04_Nejdek_Nové Hamry;Karlovarský kraj;h00;879;N
02-o2_02-edg_04-pot_03-lau2_07-day_03-60_04-frt-1004_01-sng_00-n_00-n_00-n_00-n_00-n_00-n;1004;0;41722;0;N;506494;555398;5;3051;0;OS_PO-KV_1;20140324xMon;05_Nové Hamry_Nová Role;Karlovarský kraj;h00;801;N
02-o2_02-edg_04-pot_03-lau2_07-day_03-60_04-frt-1004_01-sng_00-n_00-n_00-n_00-n_00-n_00-n;1004;0;41722;0;N;555398;554961;6;3051;0;OS_PO-KV_1;20140324xMon;06_Nová Role_Karlovy Vary;Karlovarský kraj;h00;1369;N
02-o2_02-edg_04-pot_03-lau2_07-day_03-60_04-frt-1004_01-sng_00-n_00-n_00-n_00-n_00-n_00-n;1004;0;41719;0;N;555479;555169;1;3051;0;OS_PO-KV_1;20140321xFri;01_Potůčky_Horní Blatná;Karlovarský kraj;h00;107;N
02-o2_02-edg_04-pot_03-lau2_07-day_03-60_04-frt-1004_01-sng_00-n_00-n_00-n_00-n_00-n_00-n;1004;0;41719;0;N;555169;555452;2;3051;0;OS_PO-KV_1;20140321xFri;02_Horní Blatná_Pernink;Karlovarský kraj;h00;117;N
02-o2_02-edg_04-pot_03-lau2_07-day_03-60_04-frt-1004_01-sng_00-n_00-n_00-n_00-n_00-n_00-n;1004;0;41719;0;N;555452;555380;3;3051;0;OS_PO-KV_1;20140321xFri;03_Pernink_Nejdek;Karlovarský kraj;h00;130;N
02-o2_02-edg_04-pot_03-lau2_07-day_03-60_04-frt-1004_01-sng_00-n_00-n_00-n_00-n_00-n_00-n;1004;0;41719;0;N;555380;506494;4;3051;0;OS_PO-KV_1;20140321xFri;04_Nejdek_Nové Hamry;Karlovarský kraj;h00;720;N
02-o2_02-edg_04-pot_03-lau2_07-day_03-60_04-frt-1004_01-sng_00-n_00-n_00-n_00-n_00-n_00-n;1004;0;41719;0;N;506494;555398;5;3051;0;OS_PO-KV_1;20140321xFri;05_Nové Hamry_Nová Role;Karlovarský kraj;h00;674;N
02-o2_02-edg_04-pot_03-lau2_07-day_03-60_04-frt-1004_01-sng_00-n_00-n_00-n_00-n_00-n_00-n;1004;0;41719;0;N;555398;554961;6;3051;0;OS_PO-KV_1;20140321xFri;06_Nová Role_Karlovy Vary;Karlovarský kraj;h00;1150;N
02-o2_02-edg_04-pot_03-lau2_07-day_03-60_04-frt-1004_01-sng_00-n_00-n_00-n_00-n_00-n_00-n;1004;0;41723;0;N;555479;555169;1;3051;0;OS_PO-KV_1;20140325xTue;01_Potůčky_Horní Blatná;Karlovarský kraj;h00;136;N
02-o2_02-edg_04-pot_03-lau2_07-day_03-60_04-frt-1004_01-sng_00-n_00-n_00-n_00-n_00-n_00-n;1004;0;41723;0;N;555169;555452;2;3051;0;OS_PO-KV_1;20140325xTue;02_Horní Blatná_Pernink;Karlovarský kraj;h00;150;N
02-o2_02-edg_04-pot_03-lau2_07-day_03-60_04-frt-1004_01-sng_00-n_00-n_00-n_00-n_00-n_00-n;1004;0;41723;0;N;555452;555380;3;3051;0;OS_PO-KV_1;20140325xTue;03_Pernink_Nejdek;Karlovarský kraj;h00;139;N
02-o2_02-edg_04-pot_03-lau2_07-day_03-60_04-frt-1004_01-sng_00-n_00-n_00-n_00-n_00-n_00-n;1004;0;41723;0;N;555380;506494;4;3051;0;OS_PO-KV_1;20140325xTue;04_Nejdek_Nové Hamry;Karlovarský kraj;h00;841;N
02-o2_02-edg_04-pot_03-lau2_07-day_03-60_04-frt-1004_01-sng_00-n_00-n_00-n_00-n_00-n_00-n;1004;0;41723;0;N;506494;555398;5;3051;0;OS_PO-KV_1;20140325xTue;05_Nové Hamry_Nová Role;Karlovarský kraj;h00;761;N
02-o2_02-edg_04-pot_03-lau2_07-day_03-60_04-frt-1004_01-sng_00-n_00-n_00-n_00-n_00-n_00-n;1004;0;41723;0;N;555398;554961;6;3051;0;OS_PO-KV_1;20140325xTue;06_Nová Role_Karlovy Vary;Karlovarský kraj;h00;1299;N
02-o2_02-edg_04-pot_03-lau2_07-day_03-60_04-frt-1004_01-sng_00-n_00-n_00-n_00-n_00-n_00-n;1004;0;41712;0;N;555479;555169;1;3051;0;OS_PO-KV_1;20140314xFri;01_Potůčky_Horní Blatná;Karlovarský kraj;h00;174;N
02-o2_02-edg_04-pot_03-lau2_07-day_03-60_04-frt-1004_01-sng_00-n_00-n_00-n_00-n_00-n_00-n;1004;0;41712;0;N;555169;555452;2;3051;0;OS_PO-KV_1;20140314xFri;02_Horní Blatná_Pernink;Karlovarský kraj;h00;187;N
02-o2_02-edg_04-pot_03-lau2_07-day_03-60_04-frt-1004_01-sng_00-n_00-n_00-n_00-n_00-n_00-n;1004;0;41712;0;N;555452;555380;3;3051;0;OS_PO-KV_1;20140314xFri;03_Pernink_Nejdek;Karlovarský kraj;h00;186;N
02-o2_02-edg_04-pot_03-lau2_07-day_03-60_04-frt-1004_01-sng_00-n_00-n_00-n_00-n_00-n_00-n;1004;0;41712;0;N;555380;506494;4;3051;0;OS_PO-KV_1;20140314xFri;04_Nejdek_Nové Hamry;Karlovarský kraj;h00;894;N
02-o2_02-edg_04-pot_03-lau2_07-day_03-60_04-frt-1004_01-sng_00-n_00-n_00-n_00-n_00-n_00-n;1004;0;41712;0;N;506494;555398;5;3051;0;OS_PO-KV_1;20140314xFri;05_Nové Hamry_Nová Role;Karlovarský kraj;h00;773;N
02-o2_02-edg_04-pot_03-lau2_07-day_03-60_04-frt-1004_01-sng_00-n_00-n_00-n_00-n_00-n_00-n;1004;0;41712;0;N;555398;554961;6;3051;0;OS_PO-KV_1;20140314xFri;06_Nová Role_Karlovy Vary;Karlovarský kraj;h00;1363;N
02-o2_02-edg_04-pot_03-lau2_07-day_03-60_04-frt-1004_01-sng_00-n_00-n_00-n_00-n_00-n_00-n;1004;0;41716;0;N;555479;555169;1;3051;0;OS_PO-KV_1;20140318xTue;01_Potůčky_Horní Blatná;Karlovarský kraj;h00;146;N
02-o2_02-edg_04-pot_03-lau2_07-day_03-60_04-frt-1004_01-sng_00-n_00-n_00-n_00-n_00-n_00-n;1004;0;41716;0;N;555169;555452;2;3051;0;OS_PO-KV_1;20140318xTue;02_Horní Blatná_Pernink;Karlovarský kraj;h00;160;N
02-o2_02-edg_04-pot_03-lau2_07-day_03-60_04-frt-1004_01-sng_00-n_00-n_00-n_00-n_00-n_00-n;1004;0;41716;0;N;555452;555380;3;3051;0;OS_PO-KV_1;20140318xTue;03_Pernink_Nejdek;Karlovarský kraj;h00;156;N
02-o2_02-edg_04-pot_03-lau2_07-day_03-60_04-frt-1004_01-sng_00-n_00-n_00-n_00-n_00-n_00-n;1004;0;41716;0;N;555380;506494;4;3051;0;OS_PO-KV_1;20140318xTue;04_Nejdek_Nové Hamry;Karlovarský kraj;h00;878;N
02-o2_02-edg_04-pot_03-lau2_07-day_03-60_04-frt-1004_01-sng_00-n_00-n_00-n_00-n_00-n_00-n;1004;0;41716;0;N;506494;555398;5;3051;0;OS_PO-KV_1;20140318xTue;05_Nové Hamry_Nová Role;Karlovarský kraj;h00;761;N
02-o2_02-edg_04-pot_03-lau2_07-day_03-60_04-frt-1004_01-sng_00-n_00-n_00-n_00-n_00-n_00-n;1004;0;41716;0;N;555398;554961;6;3051;0;OS_PO-KV_1;20140318xTue;06_Nová Role_Karlovy Vary;Karlovarský kraj;h00;1317;N
02-o2_02-edg_04-pot_03-lau2_07-day_03-60_04-frt-1004_01-sng_00-n_00-n_00-n_00-n_00-n_00-n;1004;0;41713;0;N;555479;555169;1;3051;0;OS_PO-KV_1;20140315xSat;01_Potůčky_Horní Blatná;Karlovarský kraj;h00;133;N
02-o2_02-edg_04-pot_03-lau2_07-day_03-60_04-frt-1004_01-sng_00-n_00-n_00-n_00-n_00-n_00-n;1004;0;41713;0;N;555169;555452;2;3051;0;OS_PO-KV_1;20140315xSat;02_Horní Blatná_Pernink;Karlovarský kraj;h00;145;N
02-o2_02-edg_04-pot_03-lau2_07-day_03-60_04-frt-1004_01-sng_00-n_00-n_00-n_00-n_00-n_00-n;1004;0;41713;0;N;555452;555380;3;3051;0;OS_PO-KV_1;20140315xSat;03_Pernink_Nejdek;Karlovarský kraj;h00;156;N
02-o2_02-edg_04-pot_03-lau2_07-day_03-60_04-frt-1004_01-sng_00-n_00-n_00-n_00-n_00-n_00-n;1004;0;41713;0;N;555380;506494;4;3051;0;OS_PO-KV_1;20140315xSat;04_Nejdek_Nové Hamry;Karlovarský kraj;h00;598;N
02-o2_02-edg_04-pot_03-lau2_07-day_03-60_04-frt-1004_01-sng_00-n_00-n_00-n_00-n_00-n_00-n;1004;0;41713;0;N;506494;555398;5;3051;0;OS_PO-KV_1;20140315xSat;05_Nové Hamry_Nová Role;Karlovarský kraj;h00;538;N
02-o2_02-edg_04-pot_03-lau2_07-day_03-60_04-frt-1004_01-sng_00-n_00-n_00-n_00-n_00-n_00-n;1004;0;41713;0;N;555398;554961;6;3051;0;OS_PO-KV_1;20140315xSat;06_Nová Role_Karlovy Vary;Karlovarský kraj;h00;892;N
02-o2_02-edg_04-pot_03-lau2_07-day_03-60_04-frt-1004_01-sng_00-n_00-n_00-n_00-n_00-n_00-n;1004;0;41720;0;N;555479;555169;1;3051;0;OS_PO-KV_1;20140322xSat;01_Potůčky_Horní Blatná;Karlovarský kraj;h00;146;N
02-o2_02-edg_04-pot_03-lau2_07-day_03-60_04-frt-1004_01-sng_00-n_00-n_00-n_00-n_00-n_00-n;1004;0;41720;0;N;555169;555452;2;3051;0;OS_PO-KV_1;20140322xSat;02_Horní Blatná_Pernink;Karlovarský kraj;h00;145;N
02-o2_02-edg_04-pot_03-lau2_07-day_03-60_04-frt-1004_01-sng_00-n_00-n_00-n_00-n_00-n_00-n;1004;0;41720;0;N;555452;555380;3;3051;0;OS_PO-KV_1;20140322xSat;03_Pernink_Nejdek;Karlovarský kraj;h00;115;N
02-o2_02-edg_04-pot_03-lau2_07-day_03-60_04-frt-1004_01-sng_00-n_00-n_00-n_00-n_00-n_00-n;1004;0;41720;0;N;555380;506494;4;3051;0;OS_PO-KV_1;20140322xSat;04_Nejdek_Nové Hamry;Karlovarský kraj;h00;581;N
02-o2_02-edg_04-pot_03-lau2_07-day_03-60_04-frt-1004_01-sng_00-n_00-n_00-n_00-n_00-n_00-n;1004;0;41720;0;N;506494;555398;5;3051;0;OS_PO-KV_1;20140322xSat;05_Nové Hamry_Nová Role;Karlovarský kraj;h00;504;N
02-o2_02-edg_04-pot_03-lau2_07-day_03-60_04-frt-1004_01-sng_00-n_00-n_00-n_00-n_00-n_00-n;1004;0;41720;0;N;555398;554961;6;3051;0;OS_PO-KV_1;20140322xSat;06_Nová Role_Karlovy Vary;Karlovarský kraj;h00;825;N
02-o2_02-edg_04-pot_03-lau2_07-day_03-60_04-frt-1004_01-sng_00-n_00-n_00-n_00-n_00-n_00-n;1004;0;41710;0;N;555479;555169;1;3051;0;OS_PO-KV_1;20140312xWed;01_Potůčky_Horní Blatná;Karlovarský kraj;h00;74;N
02-o2_02-edg_04-pot_03-lau2_07-day_03-60_04-frt-1004_01-sng_00-n_00-n_00-n_00-n_00-n_00-n;1004;0;41710;0;N;555169;555452;2;3051;0;OS_PO-KV_1;20140312xWed;02_Horní Blatná_Pernink;Karlovarský kraj;h00;94;N
02-o2_02-edg_04-pot_03-lau2_07-day_03-60_04-frt-1004_01-sng_00-n_00-n_00-n_00-n_00-n_00-n;1004;0;41710;0;N;555452;555380;3;3051;0;OS_PO-KV_1;20140312xWed;03_Pernink_Nejdek;Karlovarský kraj;h00;81;N
02-o2_02-edg_04-pot_03-lau2_07-day_03-60_04-frt-1004_01-sng_00-n_00-n_00-n_00-n_00-n_00-n;1004;0;41710;0;N;555380;506494;4;3051;0;OS_PO-KV_1;20140312xWed;04_Nejdek_Nové Hamry;Karlovarský kraj;h00;460;N
02-o2_02-edg_04-pot_03-lau2_07-day_03-60_04-frt-1004_01-sng_00-n_00-n_00-n_00-n_00-n_00-n;1004;0;41710;0;N;506494;555398;5;3051;0;OS_PO-KV_1;20140312xWed;05_Nové Hamry_Nová Role;Karlovarský kraj;h00;399;N
02-o2_02-edg_04-pot_03-lau2_07-day_03-60_04-frt-1004_01-sng_00-n_00-n_00-n_00-n_00-n_00-n;1004;0;41710;0;N;555398;554961;6;3051;0;OS_PO-KV_1;20140312xWed;06_Nová Role_Karlovy Vary;Karlovarský kraj;h00;675;N
02-o2_02-edg_04-pot_03-lau2_07-day_03-60_04-frt-1004_01-sng_00-n_00-n_00-n_00-n_00-n_00-n;1004;0;41717;0;N;555479;555169;1;3051;0;OS_PO-KV_1;20140319xWed;01_Potůčky_Horní Blatná;Karlovarský kraj;h00;141;N
02-o2_02-edg_04-pot_03-lau2_07-day_03-60_04-frt-1004_01-sng_00-n_00-n_00-n_00-n_00-n_00-n;1004;0;41717;0;N;555169;555452;2;3051;0;OS_PO-KV_1;20140319xWed;02_Horní Blatná_Pernink;Karlovarský kraj;h00;146;N
02-o2_02-edg_04-pot_03-lau2_07-day_03-60_04-frt-1004_01-sng_00-n_00-n_00-n_00-n_00-n_00-n;1004;0;41717;0;N;555452;555380;3;3051;0;OS_PO-KV_1;20140319xWed;03_Pernink_Nejdek;Karlovarský kraj;h00;142;N
02-o2_02-edg_04-pot_03-lau2_07-day_03-60_04-frt-1004_01-sng_00-n_00-n_00-n_00-n_00-n_00-n;1004;0;41717;0;N;555380;506494;4;3051;0;OS_PO-KV_1;20140319xWed;04_Nejdek_Nové Hamry;Karlovarský kraj;h00;929;N
02-o2_02-edg_04-pot_03-lau2_07-day_03-60_04-frt-1004_01-sng_00-n_00-n_00-n_00-n_00-n_00-n;1004;0;41717;0;N;506494;555398;5;3051;0;OS_PO-KV_1;20140319xWed;05_Nové Hamry_Nová Role;Karlovarský kraj;h00;802;N
02-o2_02-edg_04-pot_03-lau2_07-day_03-60_04-frt-1004_01-sng_00-n_00-n_00-n_00-n_00-n_00-n;1004;0;41717;0;N;555398;554961;6;3051;0;OS_PO-KV_1;20140319xWed;06_Nová Role_Karlovy Vary;Karlovarský kraj;h00;1381;N
02-o2_02-edg_04-pot_03-lau2_07-day_03-60_04-frt-1004_01-sng_00-n_00-n_00-n_00-n_00-n_00-n;1004;0;41724;0;N;555479;555169;1;3051;0;OS_PO-KV_1;20140326xWed;01_Potůčky_Horní Blatná;Karlovarský kraj;h00;153;N
02-o2_02-edg_04-pot_03-lau2_07-day_03-60_04-frt-1004_01-sng_00-n_00-n_00-n_00-n_00-n_00-n;1004;0;41724;0;N;555169;555452;2;3051;0;OS_PO-KV_1;20140326xWed;02_Horní Blatná_Pernink;Karlovarský kraj;h00;167;N
02-o2_02-edg_04-pot_03-lau2_07-day_03-60_04-frt-1004_01-sng_00-n_00-n_00-n_00-n_00-n_00-n;1004;0;41724;0;N;555452;555380;3;3051;0;OS_PO-KV_1;20140326xWed;03_Pernink_Nejdek;Karlovarský kraj;h00;159;N
02-o2_02-edg_04-pot_03-lau2_07-day_03-60_04-frt-1004_01-sng_00-n_00-n_00-n_00-n_00-n_00-n;1004;0;41724;0;N;555380;506494;4;3051;0;OS_PO-KV_1;20140326xWed;04_Nejdek_Nové Hamry;Karlovarský kraj;h00;796;N
02-o2_02-edg_04-pot_03-lau2_07-day_03-60_04-frt-1004_01-sng_00-n_00-n_00-n_00-n_00-n_00-n;1004;0;41724;0;N;506494;555398;5;3051;0;OS_PO-KV_1;20140326xWed;05_Nové Hamry_Nová Role;Karlovarský kraj;h00;732;N
02-o2_02-edg_04-pot_03-lau2_07-day_03-60_04-frt-1004_01-sng_00-n_00-n_00-n_00-n_00-n_00-n;1004;0;41724;0;N;555398;554961;6;3051;0;OS_PO-KV_1;20140326xWed;06_Nová Role_Karlovy Vary;Karlovarský kraj;h00;1263;N
02-o2_02-edg_04-pot_03-lau2_07-day_03-60_04-frt-1004_01-sng_00-n_00-n_00-n_00-n_00-n_00-n;1004;0;41714;0;N;555479;555169;1;3051;0;OS_PO-KV_1;20140316xSun;01_Potůčky_Horní Blatná;Karlovarský kraj;h00;79;N
02-o2_02-edg_04-pot_03-lau2_07-day_03-60_04-frt-1004_01-sng_00-n_00-n_00-n_00-n_00-n_00-n;1004;0;41714;0;N;555169;555452;2;3051;0;OS_PO-KV_1;20140316xSun;02_Horní Blatná_Pernink;Karlovarský kraj;h00;96;N
02-o2_02-edg_04-pot_03-lau2_07-day_03-60_04-frt-1004_01-sng_00-n_00-n_00-n_00-n_00-n_00-n;1004;0;41714;0;N;555452;555380;3;3051;0;OS_PO-KV_1;20140316xSun;03_Pernink_Nejdek;Karlovarský kraj;h00;103;N
02-o2_02-edg_04-pot_03-lau2_07-day_03-60_04-frt-1004_01-sng_00-n_00-n_00-n_00-n_00-n_00-n;1004;0;41714;0;N;555380;506494;4;3051;0;OS_PO-KV_1;20140316xSun;04_Nejdek_Nové Hamry;Karlovarský kraj;h00;360;N
02-o2_02-edg_04-pot_03-lau2_07-day_03-60_04-frt-1004_01-sng_00-n_00-n_00-n_00-n_00-n_00-n;1004;0;41714;0;N;506494;555398;5;3051;0;OS_PO-KV_1;20140316xSun;05_Nové Hamry_Nová Role;Karlovarský kraj;h00;326;N
02-o2_02-edg_04-pot_03-lau2_07-day_03-60_04-frt-1004_01-sng_00-n_00-n_00-n_00-n_00-n_00-n;1004;0;41714;0;N;555398;554961;6;3051;0;OS_PO-KV_1;20140316xSun;06_Nová Role_Karlovy Vary;Karlovarský kraj;h00;517;N
02-o2_02-edg_04-pot_03-lau2_07-day_03-60_04-frt-1004_01-sng_00-n_00-n_00-n_00-n_00-n_00-n;1004;0;41721;0;N;555479;555169;1;3051;0;OS_PO-KV_1;20140323xSun;01_Potůčky_Horní Blatná;Karlovarský kraj;h00;132;N
02-o2_02-edg_04-pot_03-lau2_07-day_03-60_04-frt-1004_01-sng_00-n_00-n_00-n_00-n_00-n_00-n;1004;0;41721;0;N;555169;555452;2;3051;0;OS_PO-KV_1;20140323xSun;02_Horní Blatná_Pernink;Karlovarský kraj;h00;146;N
02-o2_02-edg_04-pot_03-lau2_07-day_03-60_04-frt-1004_01-sng_00-n_00-n_00-n_00-n_00-n_00-n;1004;0;41721;0;N;555452;555380;3;3051;0;OS_PO-KV_1;20140323xSun;03_Pernink_Nejdek;Karlovarský kraj;h00;143;N
02-o2_02-edg_04-pot_03-lau2_07-day_03-60_04-frt-1004_01-sng_00-n_00-n_00-n_00-n_00-n_00-n;1004;0;41721;0;N;555380;506494;4;3051;0;OS_PO-KV_1;20140323xSun;04_Nejdek_Nové Hamry;Karlovarský kraj;h00;538;N
02-o2_02-edg_04-pot_03-lau2_07-day_03-60_04-frt-1004_01-sng_00-n_00-n_00-n_00-n_00-n_00-n;1004;0;41721;0;N;506494;555398;5;3051;0;OS_PO-KV_1;20140323xSun;05_Nové Hamry_Nová Role;Karlovarský kraj;h00;494;N
02-o2_02-edg_04-pot_03-lau2_07-day_03-60_04-frt-1004_01-sng_00-n_00-n_00-n_00-n_00-n_00-n;1004;0;41721;0;N;555398;554961;6;3051;0;OS_PO-KV_1;20140323xSun;06_Nová Role_Karlovy Vary;Karlovarský kraj;h00;823;N
