02-o2_02-edg_02-vis_03-lau2_07-day_03-60_02-frt-1002_01-sng_00-n_00-n_00-n_00-n_00-n_00-n;1002;0;41721;0;N;533165;555134;2;3026;0;EC_PH-BR_1;20140323xSun;02_Kolín_Pardubice;Středočeský kraj;h00;28;N
02-o2_02-edg_02-vis_03-lau2_07-day_03-60_02-frt-1002_01-sng_00-n_00-n_00-n_00-n_00-n_00-n;1002;0;41722;0;N;533165;555134;2;3026;0;EC_PH-BR_1;20140324xMon;02_Kolín_Pardubice;Středočeský kraj;h00;80;N
02-o2_02-edg_02-vis_03-lau2_07-day_03-60_02-frt-1002_01-sng_00-n_00-n_00-n_00-n_00-n_00-n;1002;0;41723;0;N;533165;555134;2;3026;0;EC_PH-BR_1;20140325xTue;02_Kolín_Pardubice;Středočeský kraj;h00;91;N
02-o2_02-edg_02-vis_03-lau2_07-day_03-60_02-frt-1002_01-sng_00-n_00-n_00-n_00-n_00-n_00-n;1002;0;41724;0;N;533165;555134;2;3026;0;EC_PH-BR_1;20140326xWed;02_Kolín_Pardubice;Středočeský kraj;h00;78;N
02-o2_02-edg_02-vis_03-lau2_07-day_03-60_02-frt-1002_01-sng_00-n_00-n_00-n_00-n_00-n_00-n;1002;0;41711;0;N;533165;555134;2;3026;0;EC_PH-BR_1;20140313xThu;02_Kolín_Pardubice;Středočeský kraj;h00;60;N
02-o2_02-edg_02-vis_03-lau2_07-day_03-60_02-frt-1002_01-sng_00-n_00-n_00-n_00-n_00-n_00-n;1002;0;41711;0;N;580031;582786;4;3093;0;EC_PH-BR_1;20140313xThu;04_Česká Třebová_Brno;Pardubický kraj;h00;11;N
02-o2_02-edg_02-vis_03-lau2_07-day_03-60_02-frt-1002_01-sng_00-n_00-n_00-n_00-n_00-n_00-n;1002;0;41713;0;N;580031;582786;4;3093;0;EC_PH-BR_1;20140315xSat;04_Česká Třebová_Brno;Pardubický kraj;h00;14;N
02-o2_02-edg_02-vis_03-lau2_07-day_03-60_02-frt-1002_01-sng_00-n_00-n_00-n_00-n_00-n_00-n;1002;0;41717;0;N;580031;582786;4;3093;0;EC_PH-BR_1;20140319xWed;04_Česká Třebová_Brno;Pardubický kraj;h00;21;N
02-o2_02-edg_02-vis_03-lau2_07-day_03-60_02-frt-1002_01-sng_00-n_00-n_00-n_00-n_00-n_00-n;1002;0;41714;0;N;580031;582786;4;3093;0;EC_PH-BR_1;20140316xSun;04_Česká Třebová_Brno;Pardubický kraj;h00;13;N
02-o2_02-edg_02-vis_03-lau2_07-day_03-60_02-frt-1002_01-sng_00-n_00-n_00-n_00-n_00-n_00-n;1002;0;41715;0;N;580031;582786;4;3093;0;EC_PH-BR_1;20140317xMon;04_Česká Třebová_Brno;Pardubický kraj;h00;9;N
02-o2_02-edg_02-vis_03-lau2_07-day_03-60_02-frt-1002_01-sng_00-n_00-n_00-n_00-n_00-n_00-n;1002;0;41710;0;N;580031;582786;4;3093;0;EC_PH-BR_1;20140312xWed;04_Česká Třebová_Brno;Pardubický kraj;h00;5;N
02-o2_02-edg_02-vis_03-lau2_07-day_03-60_02-frt-1002_01-sng_00-n_00-n_00-n_00-n_00-n_00-n;1002;0;41716;0;N;580031;582786;4;3093;0;EC_PH-BR_1;20140318xTue;04_Česká Třebová_Brno;Pardubický kraj;h00;18;N
02-o2_02-edg_02-vis_03-lau2_07-day_03-60_02-frt-1002_01-sng_00-n_00-n_00-n_00-n_00-n_00-n;1002;0;41719;0;N;580031;582786;4;3093;0;EC_PH-BR_1;20140321xFri;04_Česká Třebová_Brno;Pardubický kraj;h00;12;N
02-o2_02-edg_02-vis_03-lau2_07-day_03-60_02-frt-1002_01-sng_00-n_00-n_00-n_00-n_00-n_00-n;1002;0;41712;0;N;580031;582786;4;3093;0;EC_PH-BR_1;20140314xFri;04_Česká Třebová_Brno;Pardubický kraj;h00;13;N
02-o2_02-edg_02-vis_03-lau2_07-day_03-60_02-frt-1002_01-sng_00-n_00-n_00-n_00-n_00-n_00-n;1002;0;41718;0;N;580031;582786;4;3093;0;EC_PH-BR_1;20140320xThu;04_Česká Třebová_Brno;Pardubický kraj;h00;15;N
02-o2_02-edg_02-vis_03-lau2_07-day_03-60_02-frt-1002_01-sng_00-n_00-n_00-n_00-n_00-n_00-n;1002;0;41721;0;N;580031;582786;4;3093;0;EC_PH-BR_1;20140323xSun;04_Česká Třebová_Brno;Pardubický kraj;h00;9;N
02-o2_02-edg_02-vis_03-lau2_07-day_03-60_02-frt-1002_01-sng_00-n_00-n_00-n_00-n_00-n_00-n;1002;0;41720;0;N;580031;582786;4;3093;0;EC_PH-BR_1;20140322xSat;04_Česká Třebová_Brno;Pardubický kraj;h00;17;N
02-o2_02-edg_02-vis_03-lau2_07-day_03-60_02-frt-1002_01-sng_00-n_00-n_00-n_00-n_00-n_00-n;1002;0;41722;0;N;580031;582786;4;3093;0;EC_PH-BR_1;20140324xMon;04_Česká Třebová_Brno;Pardubický kraj;h00;15;N
02-o2_02-edg_02-vis_03-lau2_07-day_03-60_02-frt-1002_01-sng_00-n_00-n_00-n_00-n_00-n_00-n;1002;0;41724;0;N;580031;582786;4;3093;0;EC_PH-BR_1;20140326xWed;04_Česká Třebová_Brno;Pardubický kraj;h00;15;N
02-o2_02-edg_02-vis_03-lau2_07-day_03-60_02-frt-1002_01-sng_00-n_00-n_00-n_00-n_00-n_00-n;1002;0;41723;0;N;580031;582786;4;3093;0;EC_PH-BR_1;20140325xTue;04_Česká Třebová_Brno;Pardubický kraj;h00;14;N
02-o2_02-edg_02-vis_03-lau2_07-day_03-60_02-frt-1002_01-sng_00-n_00-n_00-n_00-n_00-n_00-n;1002;0;41711;0;N;555134;582786;3;3093;0;EC_PH-BR_1;20140313xThu;03_Pardubice_Brno;Pardubický kraj;h00;26;N
02-o2_02-edg_02-vis_03-lau2_07-day_03-60_02-frt-1002_01-sng_00-n_00-n_00-n_00-n_00-n_00-n;1002;0;41718;0;N;555134;582786;3;3093;0;EC_PH-BR_1;20140320xThu;03_Pardubice_Brno;Pardubický kraj;h00;40;N
02-o2_02-edg_02-vis_03-lau2_07-day_03-60_02-frt-1002_01-sng_00-n_00-n_00-n_00-n_00-n_00-n;1002;0;41719;0;N;555134;582786;3;3093;0;EC_PH-BR_1;20140321xFri;03_Pardubice_Brno;Pardubický kraj;h00;24;N
02-o2_02-edg_02-vis_03-lau2_07-day_03-60_02-frt-1002_01-sng_00-n_00-n_00-n_00-n_00-n_00-n;1002;0;41717;0;N;555134;582786;3;3093;0;EC_PH-BR_1;20140319xWed;03_Pardubice_Brno;Pardubický kraj;h00;44;N
02-o2_02-edg_02-vis_03-lau2_07-day_03-60_02-frt-1002_01-sng_00-n_00-n_00-n_00-n_00-n_00-n;1002;0;41715;0;N;555134;582786;3;3093;0;EC_PH-BR_1;20140317xMon;03_Pardubice_Brno;Pardubický kraj;h00;21;N
02-o2_02-edg_02-vis_03-lau2_07-day_03-60_02-frt-1002_01-sng_00-n_00-n_00-n_00-n_00-n_00-n;1002;0;41712;0;N;555134;582786;3;3093;0;EC_PH-BR_1;20140314xFri;03_Pardubice_Brno;Pardubický kraj;h00;24;N
02-o2_02-edg_02-vis_03-lau2_07-day_03-60_02-frt-1002_01-sng_00-n_00-n_00-n_00-n_00-n_00-n;1002;0;41713;0;N;555134;582786;3;3093;0;EC_PH-BR_1;20140315xSat;03_Pardubice_Brno;Pardubický kraj;h00;18;N
02-o2_02-edg_02-vis_03-lau2_07-day_03-60_02-frt-1002_01-sng_00-n_00-n_00-n_00-n_00-n_00-n;1002;0;41710;0;N;555134;582786;3;3093;0;EC_PH-BR_1;20140312xWed;03_Pardubice_Brno;Pardubický kraj;h00;21;N
02-o2_02-edg_02-vis_03-lau2_07-day_03-60_02-frt-1002_01-sng_00-n_00-n_00-n_00-n_00-n_00-n;1002;0;41720;0;N;555134;582786;3;3093;0;EC_PH-BR_1;20140322xSat;03_Pardubice_Brno;Pardubický kraj;h00;18;N
02-o2_02-edg_02-vis_03-lau2_07-day_03-60_02-frt-1002_01-sng_00-n_00-n_00-n_00-n_00-n_00-n;1002;0;41716;0;N;555134;582786;3;3093;0;EC_PH-BR_1;20140318xTue;03_Pardubice_Brno;Pardubický kraj;h00;42;N
02-o2_02-edg_02-vis_03-lau2_07-day_03-60_02-frt-1002_01-sng_00-n_00-n_00-n_00-n_00-n_00-n;1002;0;41714;0;N;555134;582786;3;3093;0;EC_PH-BR_1;20140316xSun;03_Pardubice_Brno;Pardubický kraj;h00;6;N
02-o2_02-edg_02-vis_03-lau2_07-day_03-60_02-frt-1002_01-sng_00-n_00-n_00-n_00-n_00-n_00-n;1002;0;41721;0;N;555134;582786;3;3093;0;EC_PH-BR_1;20140323xSun;03_Pardubice_Brno;Pardubický kraj;h00;10;N
02-o2_02-edg_02-vis_03-lau2_07-day_03-60_02-frt-1002_01-sng_00-n_00-n_00-n_00-n_00-n_00-n;1002;0;41723;0;N;555134;582786;3;3093;0;EC_PH-BR_1;20140325xTue;03_Pardubice_Brno;Pardubický kraj;h00;23;N
02-o2_02-edg_02-vis_03-lau2_07-day_03-60_02-frt-1002_01-sng_00-n_00-n_00-n_00-n_00-n_00-n;1002;0;41724;0;N;555134;582786;3;3093;0;EC_PH-BR_1;20140326xWed;03_Pardubice_Brno;Pardubický kraj;h00;34;N
02-o2_02-edg_02-vis_03-lau2_07-day_03-60_02-frt-1002_01-sng_00-n_00-n_00-n_00-n_00-n_00-n;1002;0;41722;0;N;555134;582786;3;3093;0;EC_PH-BR_1;20140324xMon;03_Pardubice_Brno;Pardubický kraj;h00;23;N
02-o2_02-edg_02-vis_03-lau2_07-day_03-60_02-frt-1002_01-sng_00-n_00-n_00-n_00-n_00-n_00-n;1002;0;41710;0;N;555134;580031;3;3093;0;EC_PH-BR_1;20140312xWed;03_Pardubice_Česká Třebová;Pardubický kraj;h00;9;N
02-o2_02-edg_02-vis_03-lau2_07-day_03-60_02-frt-1002_01-sng_00-n_00-n_00-n_00-n_00-n_00-n;1002;0;41715;0;N;555134;580031;3;3093;0;EC_PH-BR_1;20140317xMon;03_Pardubice_Česká Třebová;Pardubický kraj;h00;13;N
02-o2_02-edg_02-vis_03-lau2_07-day_03-60_02-frt-1002_01-sng_00-n_00-n_00-n_00-n_00-n_00-n;1002;0;41717;0;N;555134;580031;3;3093;0;EC_PH-BR_1;20140319xWed;03_Pardubice_Česká Třebová;Pardubický kraj;h00;8;N
02-o2_02-edg_02-vis_03-lau2_07-day_03-60_02-frt-1002_01-sng_00-n_00-n_00-n_00-n_00-n_00-n;1002;0;41721;0;N;555134;580031;3;3093;0;EC_PH-BR_1;20140323xSun;03_Pardubice_Česká Třebová;Pardubický kraj;h00;4;N
02-o2_02-edg_02-vis_03-lau2_07-day_03-60_02-frt-1002_01-sng_00-n_00-n_00-n_00-n_00-n_00-n;1002;0;41714;0;N;555134;580031;3;3093;0;EC_PH-BR_1;20140316xSun;03_Pardubice_Česká Třebová;Pardubický kraj;h00;6;N
02-o2_02-edg_02-vis_03-lau2_07-day_03-60_02-frt-1002_01-sng_00-n_00-n_00-n_00-n_00-n_00-n;1002;0;41718;0;N;555134;580031;3;3093;0;EC_PH-BR_1;20140320xThu;03_Pardubice_Česká Třebová;Pardubický kraj;h00;17;N
02-o2_02-edg_02-vis_03-lau2_07-day_03-60_02-frt-1002_01-sng_00-n_00-n_00-n_00-n_00-n_00-n;1002;0;41716;0;N;555134;580031;3;3093;0;EC_PH-BR_1;20140318xTue;03_Pardubice_Česká Třebová;Pardubický kraj;h00;12;N
02-o2_02-edg_02-vis_03-lau2_07-day_03-60_02-frt-1002_01-sng_00-n_00-n_00-n_00-n_00-n_00-n;1002;0;41720;0;N;555134;580031;3;3093;0;EC_PH-BR_1;20140322xSat;03_Pardubice_Česká Třebová;Pardubický kraj;h00;4;N
02-o2_02-edg_02-vis_03-lau2_07-day_03-60_02-frt-1002_01-sng_00-n_00-n_00-n_00-n_00-n_00-n;1002;0;41711;0;N;555134;580031;3;3093;0;EC_PH-BR_1;20140313xThu;03_Pardubice_Česká Třebová;Pardubický kraj;h00;15;N
02-o2_02-edg_02-vis_03-lau2_07-day_03-60_02-frt-1002_01-sng_00-n_00-n_00-n_00-n_00-n_00-n;1002;0;41713;0;N;555134;580031;3;3093;0;EC_PH-BR_1;20140315xSat;03_Pardubice_Česká Třebová;Pardubický kraj;h00;15;N
02-o2_02-edg_02-vis_03-lau2_07-day_03-60_02-frt-1002_01-sng_00-n_00-n_00-n_00-n_00-n_00-n;1002;0;41712;0;N;555134;580031;3;3093;0;EC_PH-BR_1;20140314xFri;03_Pardubice_Česká Třebová;Pardubický kraj;h00;12;N
02-o2_02-edg_02-vis_03-lau2_07-day_03-60_02-frt-1002_01-sng_00-n_00-n_00-n_00-n_00-n_00-n;1002;0;41719;0;N;555134;580031;3;3093;0;EC_PH-BR_1;20140321xFri;03_Pardubice_Česká Třebová;Pardubický kraj;h00;11;N
02-o2_02-edg_02-vis_03-lau2_07-day_03-60_02-frt-1002_01-sng_00-n_00-n_00-n_00-n_00-n_00-n;1002;0;41724;0;N;555134;580031;3;3093;0;EC_PH-BR_1;20140326xWed;03_Pardubice_Česká Třebová;Pardubický kraj;h00;17;N
02-o2_02-edg_02-vis_03-lau2_07-day_03-60_02-frt-1002_01-sng_00-n_00-n_00-n_00-n_00-n_00-n;1002;0;41723;0;N;555134;580031;3;3093;0;EC_PH-BR_1;20140325xTue;03_Pardubice_Česká Třebová;Pardubický kraj;h00;13;N
02-o2_02-edg_02-vis_03-lau2_07-day_03-60_02-frt-1002_01-sng_00-n_00-n_00-n_00-n_00-n_00-n;1002;0;41722;0;N;555134;580031;3;3093;0;EC_PH-BR_1;20140324xMon;03_Pardubice_Česká Třebová;Pardubický kraj;h00;8;N
02-o2_02-edg_02-vis_03-lau2_07-day_03-60_02-frt-1002_01-sng_00-n_00-n_00-n_00-n_00-n_00-n;1002;0;41716;0;N;554782;582786;1;3018;0;EC_PH-BR_1;20140318xTue;01_Praha_Brno;Hlavní město Praha;h00;515;N
02-o2_02-edg_02-vis_03-lau2_07-day_03-60_02-frt-1002_01-sng_00-n_00-n_00-n_00-n_00-n_00-n;1002;0;41719;0;N;554782;582786;1;3018;0;EC_PH-BR_1;20140321xFri;01_Praha_Brno;Hlavní město Praha;h00;270;N
02-o2_02-edg_02-vis_03-lau2_07-day_03-60_02-frt-1002_01-sng_00-n_00-n_00-n_00-n_00-n_00-n;1002;0;41710;0;N;554782;582786;1;3018;0;EC_PH-BR_1;20140312xWed;01_Praha_Brno;Hlavní město Praha;h00;293;N
02-o2_02-edg_02-vis_03-lau2_07-day_03-60_02-frt-1002_01-sng_00-n_00-n_00-n_00-n_00-n_00-n;1002;0;41714;0;N;554782;582786;1;3018;0;EC_PH-BR_1;20140316xSun;01_Praha_Brno;Hlavní město Praha;h00;85;N
02-o2_02-edg_02-vis_03-lau2_07-day_03-60_02-frt-1002_01-sng_00-n_00-n_00-n_00-n_00-n_00-n;1002;0;41713;0;N;554782;582786;1;3018;0;EC_PH-BR_1;20140315xSat;01_Praha_Brno;Hlavní město Praha;h00;174;N
02-o2_02-edg_02-vis_03-lau2_07-day_03-60_02-frt-1002_01-sng_00-n_00-n_00-n_00-n_00-n_00-n;1002;0;41720;0;N;554782;582786;1;3018;0;EC_PH-BR_1;20140322xSat;01_Praha_Brno;Hlavní město Praha;h00;151;N
02-o2_02-edg_02-vis_03-lau2_07-day_03-60_02-frt-1002_01-sng_00-n_00-n_00-n_00-n_00-n_00-n;1002;0;41712;0;N;554782;582786;1;3018;0;EC_PH-BR_1;20140314xFri;01_Praha_Brno;Hlavní město Praha;h00;292;N
02-o2_02-edg_02-vis_03-lau2_07-day_03-60_02-frt-1002_01-sng_00-n_00-n_00-n_00-n_00-n_00-n;1002;0;41711;0;N;554782;582786;1;3018;0;EC_PH-BR_1;20140313xThu;01_Praha_Brno;Hlavní město Praha;h00;346;N
02-o2_02-edg_02-vis_03-lau2_07-day_03-60_02-frt-1002_01-sng_00-n_00-n_00-n_00-n_00-n_00-n;1002;0;41721;0;N;554782;582786;1;3018;0;EC_PH-BR_1;20140323xSun;01_Praha_Brno;Hlavní město Praha;h00;89;N
02-o2_02-edg_02-vis_03-lau2_07-day_03-60_02-frt-1002_01-sng_00-n_00-n_00-n_00-n_00-n_00-n;1002;0;41715;0;N;554782;582786;1;3018;0;EC_PH-BR_1;20140317xMon;01_Praha_Brno;Hlavní město Praha;h00;273;N
02-o2_02-edg_02-vis_03-lau2_07-day_03-60_02-frt-1002_01-sng_00-n_00-n_00-n_00-n_00-n_00-n;1002;0;41718;0;N;554782;582786;1;3018;0;EC_PH-BR_1;20140320xThu;01_Praha_Brno;Hlavní město Praha;h00;511;N
02-o2_02-edg_02-vis_03-lau2_07-day_03-60_02-frt-1002_01-sng_00-n_00-n_00-n_00-n_00-n_00-n;1002;0;41717;0;N;554782;582786;1;3018;0;EC_PH-BR_1;20140319xWed;01_Praha_Brno;Hlavní město Praha;h00;569;N
02-o2_02-edg_02-vis_03-lau2_07-day_03-60_02-frt-1002_01-sng_00-n_00-n_00-n_00-n_00-n_00-n;1002;0;41724;0;N;554782;582786;1;3018;0;EC_PH-BR_1;20140326xWed;01_Praha_Brno;Hlavní město Praha;h00;411;N
02-o2_02-edg_02-vis_03-lau2_07-day_03-60_02-frt-1002_01-sng_00-n_00-n_00-n_00-n_00-n_00-n;1002;0;41722;0;N;554782;582786;1;3018;0;EC_PH-BR_1;20140324xMon;01_Praha_Brno;Hlavní město Praha;h00;272;N
02-o2_02-edg_02-vis_03-lau2_07-day_03-60_02-frt-1002_01-sng_00-n_00-n_00-n_00-n_00-n_00-n;1002;0;41723;0;N;554782;582786;1;3018;0;EC_PH-BR_1;20140325xTue;01_Praha_Brno;Hlavní město Praha;h00;294;N
02-o2_02-edg_02-vis_03-lau2_07-day_03-60_02-frt-1002_01-sng_00-n_00-n_00-n_00-n_00-n_00-n;1002;0;41718;0;N;554782;580031;1;3018;0;EC_PH-BR_1;20140320xThu;01_Praha_Česká Třebová;Hlavní město Praha;h00;4;N
02-o2_02-edg_02-vis_03-lau2_07-day_03-60_02-frt-1002_01-sng_00-n_00-n_00-n_00-n_00-n_00-n;1002;0;41711;0;N;554782;580031;1;3018;0;EC_PH-BR_1;20140313xThu;01_Praha_Česká Třebová;Hlavní město Praha;h00;1;N
02-o2_02-edg_02-vis_03-lau2_07-day_03-60_02-frt-1002_01-sng_00-n_00-n_00-n_00-n_00-n_00-n;1002;0;41713;0;N;554782;580031;1;3018;0;EC_PH-BR_1;20140315xSat;01_Praha_Česká Třebová;Hlavní město Praha;h00;7;N
02-o2_02-edg_02-vis_03-lau2_07-day_03-60_02-frt-1002_01-sng_00-n_00-n_00-n_00-n_00-n_00-n;1002;0;41712;0;N;554782;580031;1;3018;0;EC_PH-BR_1;20140314xFri;01_Praha_Česká Třebová;Hlavní město Praha;h00;6;N
02-o2_02-edg_02-vis_03-lau2_07-day_03-60_02-frt-1002_01-sng_00-n_00-n_00-n_00-n_00-n_00-n;1002;0;41715;0;N;554782;580031;1;3018;0;EC_PH-BR_1;20140317xMon;01_Praha_Česká Třebová;Hlavní město Praha;h00;6;N
02-o2_02-edg_02-vis_03-lau2_07-day_03-60_02-frt-1002_01-sng_00-n_00-n_00-n_00-n_00-n_00-n;1002;0;41719;0;N;554782;580031;1;3018;0;EC_PH-BR_1;20140321xFri;01_Praha_Česká Třebová;Hlavní město Praha;h00;5;N
02-o2_02-edg_02-vis_03-lau2_07-day_03-60_02-frt-1002_01-sng_00-n_00-n_00-n_00-n_00-n_00-n;1002;0;41717;0;N;554782;580031;1;3018;0;EC_PH-BR_1;20140319xWed;01_Praha_Česká Třebová;Hlavní město Praha;h00;3;N
02-o2_02-edg_02-vis_03-lau2_07-day_03-60_02-frt-1002_01-sng_00-n_00-n_00-n_00-n_00-n_00-n;1002;0;41720;0;N;554782;580031;1;3018;0;EC_PH-BR_1;20140322xSat;01_Praha_Česká Třebová;Hlavní město Praha;h00;3;N
02-o2_02-edg_02-vis_03-lau2_07-day_03-60_02-frt-1002_01-sng_00-n_00-n_00-n_00-n_00-n_00-n;1002;0;41721;0;N;554782;580031;1;3018;0;EC_PH-BR_1;20140323xSun;01_Praha_Česká Třebová;Hlavní město Praha;h00;4;N
02-o2_02-edg_02-vis_03-lau2_07-day_03-60_02-frt-1002_01-sng_00-n_00-n_00-n_00-n_00-n_00-n;1002;0;41716;0;N;554782;580031;1;3018;0;EC_PH-BR_1;20140318xTue;01_Praha_Česká Třebová;Hlavní město Praha;h00;9;N
02-o2_02-edg_02-vis_03-lau2_07-day_03-60_02-frt-1002_01-sng_00-n_00-n_00-n_00-n_00-n_00-n;1002;0;41714;0;N;554782;580031;1;3018;0;EC_PH-BR_1;20140316xSun;01_Praha_Česká Třebová;Hlavní město Praha;h00;9;N
02-o2_02-edg_02-vis_03-lau2_07-day_03-60_02-frt-1002_01-sng_00-n_00-n_00-n_00-n_00-n_00-n;1002;0;41710;0;N;554782;580031;1;3018;0;EC_PH-BR_1;20140312xWed;01_Praha_Česká Třebová;Hlavní město Praha;h00;1;N
02-o2_02-edg_02-vis_03-lau2_07-day_03-60_02-frt-1002_01-sng_00-n_00-n_00-n_00-n_00-n_00-n;1002;0;41722;0;N;554782;580031;1;3018;0;EC_PH-BR_1;20140324xMon;01_Praha_Česká Třebová;Hlavní město Praha;h00;7;N
02-o2_02-edg_02-vis_03-lau2_07-day_03-60_02-frt-1002_01-sng_00-n_00-n_00-n_00-n_00-n_00-n;1002;0;41723;0;N;554782;580031;1;3018;0;EC_PH-BR_1;20140325xTue;01_Praha_Česká Třebová;Hlavní město Praha;h00;7;N
02-o2_02-edg_02-vis_03-lau2_07-day_03-60_02-frt-1002_01-sng_00-n_00-n_00-n_00-n_00-n_00-n;1002;0;41724;0;N;554782;580031;1;3018;0;EC_PH-BR_1;20140326xWed;01_Praha_Česká Třebová;Hlavní město Praha;h00;5;N
02-o2_02-edg_02-vis_03-lau2_07-day_03-60_02-frt-1002_01-sng_00-n_00-n_00-n_00-n_00-n_00-n;1002;0;41719;0;N;554782;555134;1;3018;0;EC_PH-BR_1;20140321xFri;01_Praha_Pardubice;Hlavní město Praha;h00;56;N
02-o2_02-edg_02-vis_03-lau2_07-day_03-60_02-frt-1002_01-sng_00-n_00-n_00-n_00-n_00-n_00-n;1002;0;41710;0;N;554782;555134;1;3018;0;EC_PH-BR_1;20140312xWed;01_Praha_Pardubice;Hlavní město Praha;h00;82;N
02-o2_02-edg_02-vis_03-lau2_07-day_03-60_02-frt-1002_01-sng_00-n_00-n_00-n_00-n_00-n_00-n;1002;0;41716;0;N;554782;555134;1;3018;0;EC_PH-BR_1;20140318xTue;01_Praha_Pardubice;Hlavní město Praha;h00;94;N
02-o2_02-edg_02-vis_03-lau2_07-day_03-60_02-frt-1002_01-sng_00-n_00-n_00-n_00-n_00-n_00-n;1002;0;41711;0;N;554782;555134;1;3018;0;EC_PH-BR_1;20140313xThu;01_Praha_Pardubice;Hlavní město Praha;h00;78;N
02-o2_02-edg_02-vis_03-lau2_07-day_03-60_02-frt-1002_01-sng_00-n_00-n_00-n_00-n_00-n_00-n;1002;0;41714;0;N;554782;555134;1;3018;0;EC_PH-BR_1;20140316xSun;01_Praha_Pardubice;Hlavní město Praha;h00;76;N
02-o2_02-edg_02-vis_03-lau2_07-day_03-60_02-frt-1002_01-sng_00-n_00-n_00-n_00-n_00-n_00-n;1002;0;41715;0;N;554782;555134;1;3018;0;EC_PH-BR_1;20140317xMon;01_Praha_Pardubice;Hlavní město Praha;h00;67;N
02-o2_02-edg_02-vis_03-lau2_07-day_03-60_02-frt-1002_01-sng_00-n_00-n_00-n_00-n_00-n_00-n;1002;0;41713;0;N;554782;555134;1;3018;0;EC_PH-BR_1;20140315xSat;01_Praha_Pardubice;Hlavní město Praha;h00;47;N
02-o2_02-edg_02-vis_03-lau2_07-day_03-60_02-frt-1002_01-sng_00-n_00-n_00-n_00-n_00-n_00-n;1002;0;41717;0;N;554782;555134;1;3018;0;EC_PH-BR_1;20140319xWed;01_Praha_Pardubice;Hlavní město Praha;h00;133;N
02-o2_02-edg_02-vis_03-lau2_07-day_03-60_02-frt-1002_01-sng_00-n_00-n_00-n_00-n_00-n_00-n;1002;0;41718;0;N;554782;555134;1;3018;0;EC_PH-BR_1;20140320xThu;01_Praha_Pardubice;Hlavní město Praha;h00;100;N
02-o2_02-edg_02-vis_03-lau2_07-day_03-60_02-frt-1002_01-sng_00-n_00-n_00-n_00-n_00-n_00-n;1002;0;41712;0;N;554782;555134;1;3018;0;EC_PH-BR_1;20140314xFri;01_Praha_Pardubice;Hlavní město Praha;h00;71;N
02-o2_02-edg_02-vis_03-lau2_07-day_03-60_02-frt-1002_01-sng_00-n_00-n_00-n_00-n_00-n_00-n;1002;0;41720;0;N;554782;555134;1;3018;0;EC_PH-BR_1;20140322xSat;01_Praha_Pardubice;Hlavní město Praha;h00;59;N
02-o2_02-edg_02-vis_03-lau2_07-day_03-60_02-frt-1002_01-sng_00-n_00-n_00-n_00-n_00-n_00-n;1002;0;41721;0;N;554782;555134;1;3018;0;EC_PH-BR_1;20140323xSun;01_Praha_Pardubice;Hlavní město Praha;h00;54;N
02-o2_02-edg_02-vis_03-lau2_07-day_03-60_02-frt-1002_01-sng_00-n_00-n_00-n_00-n_00-n_00-n;1002;0;41724;0;N;554782;555134;1;3018;0;EC_PH-BR_1;20140326xWed;01_Praha_Pardubice;Hlavní město Praha;h00;125;N
02-o2_02-edg_02-vis_03-lau2_07-day_03-60_02-frt-1002_01-sng_00-n_00-n_00-n_00-n_00-n_00-n;1002;0;41723;0;N;554782;555134;1;3018;0;EC_PH-BR_1;20140325xTue;01_Praha_Pardubice;Hlavní město Praha;h00;85;N
02-o2_02-edg_02-vis_03-lau2_07-day_03-60_02-frt-1002_01-sng_00-n_00-n_00-n_00-n_00-n_00-n;1002;0;41722;0;N;554782;555134;1;3018;0;EC_PH-BR_1;20140324xMon;01_Praha_Pardubice;Hlavní město Praha;h00;84;N
02-o2_02-edg_02-vis_03-lau2_07-day_03-60_02-frt-1002_01-sng_00-n_00-n_00-n_00-n_00-n_00-n;1002;0;41720;0;N;554782;533165;1;3018;0;EC_PH-BR_1;20140322xSat;01_Praha_Kolín;Hlavní město Praha;h00;82;N
02-o2_02-edg_02-vis_03-lau2_07-day_03-60_02-frt-1002_01-sng_00-n_00-n_00-n_00-n_00-n_00-n;1002;0;41711;0;N;554782;533165;1;3018;0;EC_PH-BR_1;20140313xThu;01_Praha_Kolín;Hlavní město Praha;h00;79;N
02-o2_02-edg_02-vis_03-lau2_07-day_03-60_02-frt-1002_01-sng_00-n_00-n_00-n_00-n_00-n_00-n;1002;0;41716;0;N;554782;533165;1;3018;0;EC_PH-BR_1;20140318xTue;01_Praha_Kolín;Hlavní město Praha;h00;123;N
02-o2_02-edg_02-vis_03-lau2_07-day_03-60_02-frt-1002_01-sng_00-n_00-n_00-n_00-n_00-n_00-n;1002;0;41717;0;N;554782;533165;1;3018;0;EC_PH-BR_1;20140319xWed;01_Praha_Kolín;Hlavní město Praha;h00;127;N
02-o2_02-edg_02-vis_03-lau2_07-day_03-60_02-frt-1002_01-sng_00-n_00-n_00-n_00-n_00-n_00-n;1002;0;41715;0;N;554782;533165;1;3018;0;EC_PH-BR_1;20140317xMon;01_Praha_Kolín;Hlavní město Praha;h00;91;N
02-o2_02-edg_02-vis_03-lau2_07-day_03-60_02-frt-1002_01-sng_00-n_00-n_00-n_00-n_00-n_00-n;1002;0;41718;0;N;554782;533165;1;3018;0;EC_PH-BR_1;20140320xThu;01_Praha_Kolín;Hlavní město Praha;h00;111;N
02-o2_02-edg_02-vis_03-lau2_07-day_03-60_02-frt-1002_01-sng_00-n_00-n_00-n_00-n_00-n_00-n;1002;0;41712;0;N;554782;533165;1;3018;0;EC_PH-BR_1;20140314xFri;01_Praha_Kolín;Hlavní město Praha;h00;65;N
02-o2_02-edg_02-vis_03-lau2_07-day_03-60_02-frt-1002_01-sng_00-n_00-n_00-n_00-n_00-n_00-n;1002;0;41719;0;N;554782;533165;1;3018;0;EC_PH-BR_1;20140321xFri;01_Praha_Kolín;Hlavní město Praha;h00;98;N
02-o2_02-edg_02-vis_03-lau2_07-day_03-60_02-frt-1002_01-sng_00-n_00-n_00-n_00-n_00-n_00-n;1002;0;41714;0;N;554782;533165;1;3018;0;EC_PH-BR_1;20140316xSun;01_Praha_Kolín;Hlavní město Praha;h00;37;N
02-o2_02-edg_02-vis_03-lau2_07-day_03-60_02-frt-1002_01-sng_00-n_00-n_00-n_00-n_00-n_00-n;1002;0;41713;0;N;554782;533165;1;3018;0;EC_PH-BR_1;20140315xSat;01_Praha_Kolín;Hlavní město Praha;h00;61;N
02-o2_02-edg_02-vis_03-lau2_07-day_03-60_02-frt-1002_01-sng_00-n_00-n_00-n_00-n_00-n_00-n;1002;0;41710;0;N;554782;533165;1;3018;0;EC_PH-BR_1;20140312xWed;01_Praha_Kolín;Hlavní město Praha;h00;66;N
02-o2_02-edg_02-vis_03-lau2_07-day_03-60_02-frt-1002_01-sng_00-n_00-n_00-n_00-n_00-n_00-n;1002;0;41723;0;N;554782;533165;1;3018;0;EC_PH-BR_1;20140325xTue;01_Praha_Kolín;Hlavní město Praha;h00;116;N
02-o2_02-edg_02-vis_03-lau2_07-day_03-60_02-frt-1002_01-sng_00-n_00-n_00-n_00-n_00-n_00-n;1002;0;41722;0;N;554782;533165;1;3018;0;EC_PH-BR_1;20140324xMon;01_Praha_Kolín;Hlavní město Praha;h00;92;N
02-o2_02-edg_02-vis_03-lau2_07-day_03-60_02-frt-1002_01-sng_00-n_00-n_00-n_00-n_00-n_00-n;1002;0;41724;0;N;554782;533165;1;3018;0;EC_PH-BR_1;20140326xWed;01_Praha_Kolín;Hlavní město Praha;h00;94;N
02-o2_02-edg_02-vis_03-lau2_07-day_03-60_02-frt-1002_01-sng_00-n_00-n_00-n_00-n_00-n_00-n;1002;0;41721;0;N;554782;533165;1;3018;0;EC_PH-BR_1;20140323xSun;01_Praha_Kolín;Hlavní město Praha;h00;46;N
02-o2_02-edg_02-vis_03-lau2_07-day_03-60_02-frt-1002_01-sng_00-n_00-n_00-n_00-n_00-n_00-n;1002;0;41716;0;N;533165;582786;2;3026;0;EC_PH-BR_1;20140318xTue;02_Kolín_Brno;Středočeský kraj;h00;22;N
02-o2_02-edg_02-vis_03-lau2_07-day_03-60_02-frt-1002_01-sng_00-n_00-n_00-n_00-n_00-n_00-n;1002;0;41711;0;N;533165;582786;2;3026;0;EC_PH-BR_1;20140313xThu;02_Kolín_Brno;Středočeský kraj;h00;6;N
02-o2_02-edg_02-vis_03-lau2_07-day_03-60_02-frt-1002_01-sng_00-n_00-n_00-n_00-n_00-n_00-n;1002;0;41718;0;N;533165;582786;2;3026;0;EC_PH-BR_1;20140320xThu;02_Kolín_Brno;Středočeský kraj;h00;14;N
02-o2_02-edg_02-vis_03-lau2_07-day_03-60_02-frt-1002_01-sng_00-n_00-n_00-n_00-n_00-n_00-n;1002;0;41710;0;N;533165;582786;2;3026;0;EC_PH-BR_1;20140312xWed;02_Kolín_Brno;Středočeský kraj;h00;10;N
02-o2_02-edg_02-vis_03-lau2_07-day_03-60_02-frt-1002_01-sng_00-n_00-n_00-n_00-n_00-n_00-n;1002;0;41721;0;N;533165;582786;2;3026;0;EC_PH-BR_1;20140323xSun;02_Kolín_Brno;Středočeský kraj;h00;4;N
02-o2_02-edg_02-vis_03-lau2_07-day_03-60_02-frt-1002_01-sng_00-n_00-n_00-n_00-n_00-n_00-n;1002;0;41715;0;N;533165;582786;2;3026;0;EC_PH-BR_1;20140317xMon;02_Kolín_Brno;Středočeský kraj;h00;5;N
02-o2_02-edg_02-vis_03-lau2_07-day_03-60_02-frt-1002_01-sng_00-n_00-n_00-n_00-n_00-n_00-n;1002;0;41713;0;N;533165;582786;2;3026;0;EC_PH-BR_1;20140315xSat;02_Kolín_Brno;Středočeský kraj;h00;6;N
02-o2_02-edg_02-vis_03-lau2_07-day_03-60_02-frt-1002_01-sng_00-n_00-n_00-n_00-n_00-n_00-n;1002;0;41717;0;N;533165;582786;2;3026;0;EC_PH-BR_1;20140319xWed;02_Kolín_Brno;Středočeský kraj;h00;16;N
02-o2_02-edg_02-vis_03-lau2_07-day_03-60_02-frt-1002_01-sng_00-n_00-n_00-n_00-n_00-n_00-n;1002;0;41712;0;N;533165;582786;2;3026;0;EC_PH-BR_1;20140314xFri;02_Kolín_Brno;Středočeský kraj;h00;9;N
02-o2_02-edg_02-vis_03-lau2_07-day_03-60_02-frt-1002_01-sng_00-n_00-n_00-n_00-n_00-n_00-n;1002;0;41720;0;N;533165;582786;2;3026;0;EC_PH-BR_1;20140322xSat;02_Kolín_Brno;Středočeský kraj;h00;5;N
02-o2_02-edg_02-vis_03-lau2_07-day_03-60_02-frt-1002_01-sng_00-n_00-n_00-n_00-n_00-n_00-n;1002;0;41719;0;N;533165;582786;2;3026;0;EC_PH-BR_1;20140321xFri;02_Kolín_Brno;Středočeský kraj;h00;16;N
02-o2_02-edg_02-vis_03-lau2_07-day_03-60_02-frt-1002_01-sng_00-n_00-n_00-n_00-n_00-n_00-n;1002;0;41724;0;N;533165;582786;2;3026;0;EC_PH-BR_1;20140326xWed;02_Kolín_Brno;Středočeský kraj;h00;16;N
02-o2_02-edg_02-vis_03-lau2_07-day_03-60_02-frt-1002_01-sng_00-n_00-n_00-n_00-n_00-n_00-n;1002;0;41723;0;N;533165;582786;2;3026;0;EC_PH-BR_1;20140325xTue;02_Kolín_Brno;Středočeský kraj;h00;6;N
02-o2_02-edg_02-vis_03-lau2_07-day_03-60_02-frt-1002_01-sng_00-n_00-n_00-n_00-n_00-n_00-n;1002;0;41722;0;N;533165;582786;2;3026;0;EC_PH-BR_1;20140324xMon;02_Kolín_Brno;Středočeský kraj;h00;6;N
02-o2_02-edg_02-vis_03-lau2_07-day_03-60_02-frt-1002_01-sng_00-n_00-n_00-n_00-n_00-n_00-n;1002;0;41710;0;N;533165;580031;2;3026;0;EC_PH-BR_1;20140312xWed;02_Kolín_Česká Třebová;Středočeský kraj;h00;1;N
02-o2_02-edg_02-vis_03-lau2_07-day_03-60_02-frt-1002_01-sng_00-n_00-n_00-n_00-n_00-n_00-n;1002;0;41712;0;N;533165;580031;2;3026;0;EC_PH-BR_1;20140314xFri;02_Kolín_Česká Třebová;Středočeský kraj;h00;2;N
02-o2_02-edg_02-vis_03-lau2_07-day_03-60_02-frt-1002_01-sng_00-n_00-n_00-n_00-n_00-n_00-n;1002;0;41718;0;N;533165;580031;2;3026;0;EC_PH-BR_1;20140320xThu;02_Kolín_Česká Třebová;Středočeský kraj;h00;3;N
02-o2_02-edg_02-vis_03-lau2_07-day_03-60_02-frt-1002_01-sng_00-n_00-n_00-n_00-n_00-n_00-n;1002;0;41711;0;N;533165;580031;2;3026;0;EC_PH-BR_1;20140313xThu;02_Kolín_Česká Třebová;Středočeský kraj;h00;5;N
02-o2_02-edg_02-vis_03-lau2_07-day_03-60_02-frt-1002_01-sng_00-n_00-n_00-n_00-n_00-n_00-n;1002;0;41719;0;N;533165;580031;2;3026;0;EC_PH-BR_1;20140321xFri;02_Kolín_Česká Třebová;Středočeský kraj;h00;1;N
02-o2_02-edg_02-vis_03-lau2_07-day_03-60_02-frt-1002_01-sng_00-n_00-n_00-n_00-n_00-n_00-n;1002;0;41715;0;N;533165;580031;2;3026;0;EC_PH-BR_1;20140317xMon;02_Kolín_Česká Třebová;Středočeský kraj;h00;1;N
02-o2_02-edg_02-vis_03-lau2_07-day_03-60_02-frt-1002_01-sng_00-n_00-n_00-n_00-n_00-n_00-n;1002;0;41722;0;N;533165;580031;2;3026;0;EC_PH-BR_1;20140324xMon;02_Kolín_Česká Třebová;Středočeský kraj;h00;1;N
02-o2_02-edg_02-vis_03-lau2_07-day_03-60_02-frt-1002_01-sng_00-n_00-n_00-n_00-n_00-n_00-n;1002;0;41724;0;N;533165;580031;2;3026;0;EC_PH-BR_1;20140326xWed;02_Kolín_Česká Třebová;Středočeský kraj;h00;1;N
02-o2_02-edg_02-vis_03-lau2_07-day_03-60_02-frt-1002_01-sng_00-n_00-n_00-n_00-n_00-n_00-n;1002;0;41717;0;N;533165;555134;2;3026;0;EC_PH-BR_1;20140319xWed;02_Kolín_Pardubice;Středočeský kraj;h00;76;N
02-o2_02-edg_02-vis_03-lau2_07-day_03-60_02-frt-1002_01-sng_00-n_00-n_00-n_00-n_00-n_00-n;1002;0;41716;0;N;533165;555134;2;3026;0;EC_PH-BR_1;20140318xTue;02_Kolín_Pardubice;Středočeský kraj;h00;78;N
02-o2_02-edg_02-vis_03-lau2_07-day_03-60_02-frt-1002_01-sng_00-n_00-n_00-n_00-n_00-n_00-n;1002;0;41718;0;N;533165;555134;2;3026;0;EC_PH-BR_1;20140320xThu;02_Kolín_Pardubice;Středočeský kraj;h00;93;N
02-o2_02-edg_02-vis_03-lau2_07-day_03-60_02-frt-1002_01-sng_00-n_00-n_00-n_00-n_00-n_00-n;1002;0;41719;0;N;533165;555134;2;3026;0;EC_PH-BR_1;20140321xFri;02_Kolín_Pardubice;Středočeský kraj;h00;39;N
02-o2_02-edg_02-vis_03-lau2_07-day_03-60_02-frt-1002_01-sng_00-n_00-n_00-n_00-n_00-n_00-n;1002;0;41712;0;N;533165;555134;2;3026;0;EC_PH-BR_1;20140314xFri;02_Kolín_Pardubice;Středočeský kraj;h00;67;N
02-o2_02-edg_02-vis_03-lau2_07-day_03-60_02-frt-1002_01-sng_00-n_00-n_00-n_00-n_00-n_00-n;1002;0;41714;0;N;533165;555134;2;3026;0;EC_PH-BR_1;20140316xSun;02_Kolín_Pardubice;Středočeský kraj;h00;23;N
02-o2_02-edg_02-vis_03-lau2_07-day_03-60_02-frt-1002_01-sng_00-n_00-n_00-n_00-n_00-n_00-n;1002;0;41715;0;N;533165;555134;2;3026;0;EC_PH-BR_1;20140317xMon;02_Kolín_Pardubice;Středočeský kraj;h00;70;N
02-o2_02-edg_02-vis_03-lau2_07-day_03-60_02-frt-1002_01-sng_00-n_00-n_00-n_00-n_00-n_00-n;1002;0;41710;0;N;533165;555134;2;3026;0;EC_PH-BR_1;20140312xWed;02_Kolín_Pardubice;Středočeský kraj;h00;74;N
02-o2_02-edg_02-vis_03-lau2_07-day_03-60_02-frt-1002_01-sng_00-n_00-n_00-n_00-n_00-n_00-n;1002;0;41713;0;N;533165;555134;2;3026;0;EC_PH-BR_1;20140315xSat;02_Kolín_Pardubice;Středočeský kraj;h00;27;N
02-o2_02-edg_02-vis_03-lau2_07-day_03-60_02-frt-1002_01-sng_00-n_00-n_00-n_00-n_00-n_00-n;1002;0;41720;0;N;533165;555134;2;3026;0;EC_PH-BR_1;20140322xSat;02_Kolín_Pardubice;Středočeský kraj;h00;51;N
