02-o2_01-ver_03-tour_03-lau2_07-day_03-60_05-frt-1005_01-sng_00-n_00-n_00-n_00-n_00-n_00-n;1005;0;41710;0;N;531057;N;7;3026;0;R_PL-PH_1;20140312xWed;7_Beroun;Středočeský kraj;h00;3353;1335
02-o2_01-ver_03-tour_03-lau2_07-day_03-60_05-frt-1005_01-sng_00-n_00-n_00-n_00-n_00-n_00-n;1005;0;41710;0;N;531189;N;5;3026;0;R_PL-PH_1;20140312xWed;5_Hořovice;Středočeský kraj;h00;324;71
02-o2_01-ver_03-tour_03-lau2_07-day_03-60_05-frt-1005_01-sng_00-n_00-n_00-n_00-n_00-n_00-n;1005;0;41710;0;N;532011;N;6;3026;0;R_PL-PH_1;20140312xWed;6_Zdice;Středočeský kraj;h00;632;120
02-o2_01-ver_03-tour_03-lau2_07-day_03-60_05-frt-1005_01-sng_00-n_00-n_00-n_00-n_00-n_00-n;1005;0;41710;0;N;554782;N;8;3018;0;R_PL-PH_1;20140312xWed;8_Praha;Hlavní město Praha;h00;0;5584
02-o2_01-ver_03-tour_03-lau2_07-day_03-60_05-frt-1005_01-sng_00-n_00-n_00-n_00-n_00-n_00-n;1005;0;41710;0;N;554791;N;1;3042;0;R_PL-PH_1;20140312xWed;1_Plzeň;Plzeňský kraj;h00;3962;0
02-o2_01-ver_03-tour_03-lau2_07-day_03-60_05-frt-1005_01-sng_00-n_00-n_00-n_00-n_00-n_00-n;1005;0;41710;0;N;558966;N;2;3042;0;R_PL-PH_1;20140312xWed;2_Chrást;Plzeňský kraj;h00;23;445
02-o2_01-ver_03-tour_03-lau2_07-day_03-60_05-frt-1005_01-sng_00-n_00-n_00-n_00-n_00-n_00-n;1005;0;41710;0;N;559717;N;3;3042;0;R_PL-PH_1;20140312xWed;3_Rokycany;Plzeňský kraj;h00;325;1177
02-o2_01-ver_03-tour_03-lau2_07-day_03-60_05-frt-1005_01-sng_00-n_00-n_00-n_00-n_00-n_00-n;1005;0;41710;0;N;559903;N;4;3042;0;R_PL-PH_1;20140312xWed;4_Kařez;Plzeňský kraj;h00;431;318
02-o2_01-ver_03-tour_03-lau2_07-day_03-60_05-frt-1005_01-sng_00-n_00-n_00-n_00-n_00-n_00-n;1005;0;41711;0;N;531057;N;7;3026;0;R_PL-PH_1;20140313xThu;7_Beroun;Středočeský kraj;h00;3645;1238
02-o2_01-ver_03-tour_03-lau2_07-day_03-60_05-frt-1005_01-sng_00-n_00-n_00-n_00-n_00-n_00-n;1005;0;41711;0;N;531189;N;5;3026;0;R_PL-PH_1;20140313xThu;5_Hořovice;Středočeský kraj;h00;317;77
02-o2_01-ver_03-tour_03-lau2_07-day_03-60_05-frt-1005_01-sng_00-n_00-n_00-n_00-n_00-n_00-n;1005;0;41711;0;N;532011;N;6;3026;0;R_PL-PH_1;20140313xThu;6_Zdice;Středočeský kraj;h00;561;120
02-o2_01-ver_03-tour_03-lau2_07-day_03-60_05-frt-1005_01-sng_00-n_00-n_00-n_00-n_00-n_00-n;1005;0;41711;0;N;554782;N;8;3018;0;R_PL-PH_1;20140313xThu;8_Praha;Hlavní město Praha;h00;0;5973
02-o2_01-ver_03-tour_03-lau2_07-day_03-60_05-frt-1005_01-sng_00-n_00-n_00-n_00-n_00-n_00-n;1005;0;41711;0;N;554791;N;1;3042;0;R_PL-PH_1;20140313xThu;1_Plzeň;Plzeňský kraj;h00;4065;0
02-o2_01-ver_03-tour_03-lau2_07-day_03-60_05-frt-1005_01-sng_00-n_00-n_00-n_00-n_00-n_00-n;1005;0;41711;0;N;558966;N;2;3042;0;R_PL-PH_1;20140313xThu;2_Chrást;Plzeňský kraj;h00;19;480
02-o2_01-ver_03-tour_03-lau2_07-day_03-60_05-frt-1005_01-sng_00-n_00-n_00-n_00-n_00-n_00-n;1005;0;41711;0;N;559717;N;3;3042;0;R_PL-PH_1;20140313xThu;3_Rokycany;Plzeňský kraj;h00;330;1136
02-o2_01-ver_03-tour_03-lau2_07-day_03-60_05-frt-1005_01-sng_00-n_00-n_00-n_00-n_00-n_00-n;1005;0;41711;0;N;559903;N;4;3042;0;R_PL-PH_1;20140313xThu;4_Kařez;Plzeňský kraj;h00;453;366
02-o2_01-ver_03-tour_03-lau2_07-day_03-60_05-frt-1005_01-sng_00-n_00-n_00-n_00-n_00-n_00-n;1005;0;41712;0;N;531057;N;7;3026;0;R_PL-PH_1;20140314xFri;7_Beroun;Středočeský kraj;h00;3490;999
02-o2_01-ver_03-tour_03-lau2_07-day_03-60_05-frt-1005_01-sng_00-n_00-n_00-n_00-n_00-n_00-n;1005;0;41712;0;N;531189;N;5;3026;0;R_PL-PH_1;20140314xFri;5_Hořovice;Středočeský kraj;h00;346;103
02-o2_01-ver_03-tour_03-lau2_07-day_03-60_05-frt-1005_01-sng_00-n_00-n_00-n_00-n_00-n_00-n;1005;0;41712;0;N;532011;N;6;3026;0;R_PL-PH_1;20140314xFri;6_Zdice;Středočeský kraj;h00;580;107
02-o2_01-ver_03-tour_03-lau2_07-day_03-60_05-frt-1005_01-sng_00-n_00-n_00-n_00-n_00-n_00-n;1005;0;41712;0;N;554782;N;8;3018;0;R_PL-PH_1;20140314xFri;8_Praha;Hlavní město Praha;h00;0;5945
02-o2_01-ver_03-tour_03-lau2_07-day_03-60_05-frt-1005_01-sng_00-n_00-n_00-n_00-n_00-n_00-n;1005;0;41712;0;N;554791;N;1;3042;0;R_PL-PH_1;20140314xFri;1_Plzeň;Plzeňský kraj;h00;3902;0
02-o2_01-ver_03-tour_03-lau2_07-day_03-60_05-frt-1005_01-sng_00-n_00-n_00-n_00-n_00-n_00-n;1005;0;41712;0;N;558966;N;2;3042;0;R_PL-PH_1;20140314xFri;2_Chrást;Plzeňský kraj;h00;29;487
02-o2_01-ver_03-tour_03-lau2_07-day_03-60_05-frt-1005_01-sng_00-n_00-n_00-n_00-n_00-n_00-n;1005;0;41712;0;N;559717;N;3;3042;0;R_PL-PH_1;20140314xFri;3_Rokycany;Plzeňský kraj;h00;310;1137
02-o2_01-ver_03-tour_03-lau2_07-day_03-60_05-frt-1005_01-sng_00-n_00-n_00-n_00-n_00-n_00-n;1005;0;41712;0;N;559903;N;4;3042;0;R_PL-PH_1;20140314xFri;4_Kařez;Plzeňský kraj;h00;502;381
02-o2_01-ver_03-tour_03-lau2_07-day_03-60_05-frt-1005_01-sng_00-n_00-n_00-n_00-n_00-n_00-n;1005;0;41713;0;N;531057;N;7;3026;0;R_PL-PH_1;20140315xSat;7_Beroun;Středočeský kraj;h00;2277;604
02-o2_01-ver_03-tour_03-lau2_07-day_03-60_05-frt-1005_01-sng_00-n_00-n_00-n_00-n_00-n_00-n;1005;0;41713;0;N;531189;N;5;3026;0;R_PL-PH_1;20140315xSat;5_Hořovice;Středočeský kraj;h00;168;46
02-o2_01-ver_03-tour_03-lau2_07-day_03-60_05-frt-1005_01-sng_00-n_00-n_00-n_00-n_00-n_00-n;1005;0;41713;0;N;532011;N;6;3026;0;R_PL-PH_1;20140315xSat;6_Zdice;Středočeský kraj;h00;342;51
02-o2_01-ver_03-tour_03-lau2_07-day_03-60_05-frt-1005_01-sng_00-n_00-n_00-n_00-n_00-n_00-n;1005;0;41713;0;N;554782;N;8;3018;0;R_PL-PH_1;20140315xSat;8_Praha;Hlavní město Praha;h00;0;4221
02-o2_01-ver_03-tour_03-lau2_07-day_03-60_05-frt-1005_01-sng_00-n_00-n_00-n_00-n_00-n_00-n;1005;0;41713;0;N;554791;N;1;3042;0;R_PL-PH_1;20140315xSat;1_Plzeň;Plzeňský kraj;h00;2754;0
02-o2_01-ver_03-tour_03-lau2_07-day_03-60_05-frt-1005_01-sng_00-n_00-n_00-n_00-n_00-n_00-n;1005;0;41713;0;N;558966;N;2;3042;0;R_PL-PH_1;20140315xSat;2_Chrást;Plzeňský kraj;h00;13;236
02-o2_01-ver_03-tour_03-lau2_07-day_03-60_05-frt-1005_01-sng_00-n_00-n_00-n_00-n_00-n_00-n;1005;0;41713;0;N;559717;N;3;3042;0;R_PL-PH_1;20140315xSat;3_Rokycany;Plzeňský kraj;h00;166;764
02-o2_01-ver_03-tour_03-lau2_07-day_03-60_05-frt-1005_01-sng_00-n_00-n_00-n_00-n_00-n_00-n;1005;0;41713;0;N;559903;N;4;3042;0;R_PL-PH_1;20140315xSat;4_Kařez;Plzeňský kraj;h00;393;191
02-o2_01-ver_03-tour_03-lau2_07-day_03-60_05-frt-1005_01-sng_00-n_00-n_00-n_00-n_00-n_00-n;1005;0;41714;0;N;531057;N;7;3026;0;R_PL-PH_1;20140316xSun;7_Beroun;Středočeský kraj;h00;1906;406
02-o2_01-ver_03-tour_03-lau2_07-day_03-60_05-frt-1005_01-sng_00-n_00-n_00-n_00-n_00-n_00-n;1005;0;41714;0;N;531189;N;5;3026;0;R_PL-PH_1;20140316xSun;5_Hořovice;Středočeský kraj;h00;128;20
02-o2_01-ver_03-tour_03-lau2_07-day_03-60_05-frt-1005_01-sng_00-n_00-n_00-n_00-n_00-n_00-n;1005;0;41714;0;N;532011;N;6;3026;0;R_PL-PH_1;20140316xSun;6_Zdice;Středočeský kraj;h00;189;41
02-o2_01-ver_03-tour_03-lau2_07-day_03-60_05-frt-1005_01-sng_00-n_00-n_00-n_00-n_00-n_00-n;1005;0;41714;0;N;554782;N;8;3018;0;R_PL-PH_1;20140316xSun;8_Praha;Hlavní město Praha;h00;0;3872
02-o2_01-ver_03-tour_03-lau2_07-day_03-60_05-frt-1005_01-sng_00-n_00-n_00-n_00-n_00-n_00-n;1005;0;41714;0;N;554791;N;1;3042;0;R_PL-PH_1;20140316xSun;1_Plzeň;Plzeňský kraj;h00;2512;0
02-o2_01-ver_03-tour_03-lau2_07-day_03-60_05-frt-1005_01-sng_00-n_00-n_00-n_00-n_00-n_00-n;1005;0;41714;0;N;558966;N;2;3042;0;R_PL-PH_1;20140316xSun;2_Chrást;Plzeňský kraj;h00;15;141
02-o2_01-ver_03-tour_03-lau2_07-day_03-60_05-frt-1005_01-sng_00-n_00-n_00-n_00-n_00-n_00-n;1005;0;41714;0;N;559717;N;3;3042;0;R_PL-PH_1;20140316xSun;3_Rokycany;Plzeňský kraj;h00;154;503
02-o2_01-ver_03-tour_03-lau2_07-day_03-60_05-frt-1005_01-sng_00-n_00-n_00-n_00-n_00-n_00-n;1005;0;41714;0;N;559903;N;4;3042;0;R_PL-PH_1;20140316xSun;4_Kařez;Plzeňský kraj;h00;159;80
02-o2_01-ver_03-tour_03-lau2_07-day_03-60_05-frt-1005_01-sng_00-n_00-n_00-n_00-n_00-n_00-n;1005;0;41715;0;N;531057;N;7;3026;0;R_PL-PH_1;20140317xMon;7_Beroun;Středočeský kraj;h00;2760;749
02-o2_01-ver_03-tour_03-lau2_07-day_03-60_05-frt-1005_01-sng_00-n_00-n_00-n_00-n_00-n_00-n;1005;0;41715;0;N;531189;N;5;3026;0;R_PL-PH_1;20140317xMon;5_Hořovice;Středočeský kraj;h00;283;65
02-o2_01-ver_03-tour_03-lau2_07-day_03-60_05-frt-1005_01-sng_00-n_00-n_00-n_00-n_00-n_00-n;1005;0;41715;0;N;532011;N;6;3026;0;R_PL-PH_1;20140317xMon;6_Zdice;Středočeský kraj;h00;468;87
02-o2_01-ver_03-tour_03-lau2_07-day_03-60_05-frt-1005_01-sng_00-n_00-n_00-n_00-n_00-n_00-n;1005;0;41715;0;N;554782;N;8;3018;0;R_PL-PH_1;20140317xMon;8_Praha;Hlavní město Praha;h00;0;4904
02-o2_01-ver_03-tour_03-lau2_07-day_03-60_05-frt-1005_01-sng_00-n_00-n_00-n_00-n_00-n_00-n;1005;0;41715;0;N;554791;N;1;3042;0;R_PL-PH_1;20140317xMon;1_Plzeň;Plzeňský kraj;h00;3293;0
02-o2_01-ver_03-tour_03-lau2_07-day_03-60_05-frt-1005_01-sng_00-n_00-n_00-n_00-n_00-n_00-n;1005;0;41715;0;N;558966;N;2;3042;0;R_PL-PH_1;20140317xMon;2_Chrást;Plzeňský kraj;h00;29;413
02-o2_01-ver_03-tour_03-lau2_07-day_03-60_05-frt-1005_01-sng_00-n_00-n_00-n_00-n_00-n_00-n;1005;0;41715;0;N;559717;N;3;3042;0;R_PL-PH_1;20140317xMon;3_Rokycany;Plzeňský kraj;h00;221;878
02-o2_01-ver_03-tour_03-lau2_07-day_03-60_05-frt-1005_01-sng_00-n_00-n_00-n_00-n_00-n_00-n;1005;0;41715;0;N;559903;N;4;3042;0;R_PL-PH_1;20140317xMon;4_Kařez;Plzeňský kraj;h00;322;280
02-o2_01-ver_03-tour_03-lau2_07-day_03-60_05-frt-1005_01-sng_00-n_00-n_00-n_00-n_00-n_00-n;1005;0;41716;0;N;531057;N;7;3026;0;R_PL-PH_1;20140318xTue;7_Beroun;Středočeský kraj;h00;2936;927
02-o2_01-ver_03-tour_03-lau2_07-day_03-60_05-frt-1005_01-sng_00-n_00-n_00-n_00-n_00-n_00-n;1005;0;41716;0;N;531189;N;5;3026;0;R_PL-PH_1;20140318xTue;5_Hořovice;Středočeský kraj;h00;385;85
02-o2_01-ver_03-tour_03-lau2_07-day_03-60_05-frt-1005_01-sng_00-n_00-n_00-n_00-n_00-n_00-n;1005;0;41716;0;N;532011;N;6;3026;0;R_PL-PH_1;20140318xTue;6_Zdice;Středočeský kraj;h00;556;118
02-o2_01-ver_03-tour_03-lau2_07-day_03-60_05-frt-1005_01-sng_00-n_00-n_00-n_00-n_00-n_00-n;1005;0;41716;0;N;554782;N;8;3018;0;R_PL-PH_1;20140318xTue;8_Praha;Hlavní město Praha;h00;0;5324
02-o2_01-ver_03-tour_03-lau2_07-day_03-60_05-frt-1005_01-sng_00-n_00-n_00-n_00-n_00-n_00-n;1005;0;41716;0;N;554791;N;1;3042;0;R_PL-PH_1;20140318xTue;1_Plzeň;Plzeňský kraj;h00;3749;0
02-o2_01-ver_03-tour_03-lau2_07-day_03-60_05-frt-1005_01-sng_00-n_00-n_00-n_00-n_00-n_00-n;1005;0;41716;0;N;558966;N;2;3042;0;R_PL-PH_1;20140318xTue;2_Chrást;Plzeňský kraj;h00;29;507
02-o2_01-ver_03-tour_03-lau2_07-day_03-60_05-frt-1005_01-sng_00-n_00-n_00-n_00-n_00-n_00-n;1005;0;41716;0;N;559717;N;3;3042;0;R_PL-PH_1;20140318xTue;3_Rokycany;Plzeňský kraj;h00;207;959
02-o2_01-ver_03-tour_03-lau2_07-day_03-60_05-frt-1005_01-sng_00-n_00-n_00-n_00-n_00-n_00-n;1005;0;41716;0;N;559903;N;4;3042;0;R_PL-PH_1;20140318xTue;4_Kařez;Plzeňský kraj;h00;412;354
02-o2_01-ver_03-tour_03-lau2_07-day_03-60_05-frt-1005_01-sng_00-n_00-n_00-n_00-n_00-n_00-n;1005;0;41717;0;N;531057;N;7;3026;0;R_PL-PH_1;20140319xWed;7_Beroun;Středočeský kraj;h00;3082;965
02-o2_01-ver_03-tour_03-lau2_07-day_03-60_05-frt-1005_01-sng_00-n_00-n_00-n_00-n_00-n_00-n;1005;0;41717;0;N;531189;N;5;3026;0;R_PL-PH_1;20140319xWed;5_Hořovice;Středočeský kraj;h00;428;95
02-o2_01-ver_03-tour_03-lau2_07-day_03-60_05-frt-1005_01-sng_00-n_00-n_00-n_00-n_00-n_00-n;1005;0;41717;0;N;532011;N;6;3026;0;R_PL-PH_1;20140319xWed;6_Zdice;Středočeský kraj;h00;636;144
02-o2_01-ver_03-tour_03-lau2_07-day_03-60_05-frt-1005_01-sng_00-n_00-n_00-n_00-n_00-n_00-n;1005;0;41717;0;N;554782;N;8;3018;0;R_PL-PH_1;20140319xWed;8_Praha;Hlavní město Praha;h00;0;5550
02-o2_01-ver_03-tour_03-lau2_07-day_03-60_05-frt-1005_01-sng_00-n_00-n_00-n_00-n_00-n_00-n;1005;0;41717;0;N;554791;N;1;3042;0;R_PL-PH_1;20140319xWed;1_Plzeň;Plzeňský kraj;h00;3815;0
02-o2_01-ver_03-tour_03-lau2_07-day_03-60_05-frt-1005_01-sng_00-n_00-n_00-n_00-n_00-n_00-n;1005;0;41717;0;N;558966;N;2;3042;0;R_PL-PH_1;20140319xWed;2_Chrást;Plzeňský kraj;h00;30;484
02-o2_01-ver_03-tour_03-lau2_07-day_03-60_05-frt-1005_01-sng_00-n_00-n_00-n_00-n_00-n_00-n;1005;0;41717;0;N;559717;N;3;3042;0;R_PL-PH_1;20140319xWed;3_Rokycany;Plzeňský kraj;h00;222;1040
02-o2_01-ver_03-tour_03-lau2_07-day_03-60_05-frt-1005_01-sng_00-n_00-n_00-n_00-n_00-n_00-n;1005;0;41717;0;N;559903;N;4;3042;0;R_PL-PH_1;20140319xWed;4_Kařez;Plzeňský kraj;h00;450;385
02-o2_01-ver_03-tour_03-lau2_07-day_03-60_05-frt-1005_01-sng_00-n_00-n_00-n_00-n_00-n_00-n;1005;0;41718;0;N;531057;N;7;3026;0;R_PL-PH_1;20140320xThu;7_Beroun;Středočeský kraj;h00;3047;976
02-o2_01-ver_03-tour_03-lau2_07-day_03-60_05-frt-1005_01-sng_00-n_00-n_00-n_00-n_00-n_00-n;1005;0;41718;0;N;531189;N;5;3026;0;R_PL-PH_1;20140320xThu;5_Hořovice;Středočeský kraj;h00;355;104
02-o2_01-ver_03-tour_03-lau2_07-day_03-60_05-frt-1005_01-sng_00-n_00-n_00-n_00-n_00-n_00-n;1005;0;41718;0;N;532011;N;6;3026;0;R_PL-PH_1;20140320xThu;6_Zdice;Středočeský kraj;h00;622;148
02-o2_01-ver_03-tour_03-lau2_07-day_03-60_05-frt-1005_01-sng_00-n_00-n_00-n_00-n_00-n_00-n;1005;0;41718;0;N;554782;N;8;3018;0;R_PL-PH_1;20140320xThu;8_Praha;Hlavní město Praha;h00;0;5463
02-o2_01-ver_03-tour_03-lau2_07-day_03-60_05-frt-1005_01-sng_00-n_00-n_00-n_00-n_00-n_00-n;1005;0;41718;0;N;554791;N;1;3042;0;R_PL-PH_1;20140320xThu;1_Plzeň;Plzeňský kraj;h00;3997;0
02-o2_01-ver_03-tour_03-lau2_07-day_03-60_05-frt-1005_01-sng_00-n_00-n_00-n_00-n_00-n_00-n;1005;0;41718;0;N;558966;N;2;3042;0;R_PL-PH_1;20140320xThu;2_Chrást;Plzeňský kraj;h00;26;558
02-o2_01-ver_03-tour_03-lau2_07-day_03-60_05-frt-1005_01-sng_00-n_00-n_00-n_00-n_00-n_00-n;1005;0;41718;0;N;559717;N;3;3042;0;R_PL-PH_1;20140320xThu;3_Rokycany;Plzeňský kraj;h00;264;1030
02-o2_01-ver_03-tour_03-lau2_07-day_03-60_05-frt-1005_01-sng_00-n_00-n_00-n_00-n_00-n_00-n;1005;0;41718;0;N;559903;N;4;3042;0;R_PL-PH_1;20140320xThu;4_Kařez;Plzeňský kraj;h00;412;444
02-o2_01-ver_03-tour_03-lau2_07-day_03-60_05-frt-1005_01-sng_00-n_00-n_00-n_00-n_00-n_00-n;1005;0;41719;0;N;531057;N;7;3026;0;R_PL-PH_1;20140321xFri;7_Beroun;Středočeský kraj;h00;2848;918
02-o2_01-ver_03-tour_03-lau2_07-day_03-60_05-frt-1005_01-sng_00-n_00-n_00-n_00-n_00-n_00-n;1005;0;41719;0;N;531189;N;5;3026;0;R_PL-PH_1;20140321xFri;5_Hořovice;Středočeský kraj;h00;286;72
02-o2_01-ver_03-tour_03-lau2_07-day_03-60_05-frt-1005_01-sng_00-n_00-n_00-n_00-n_00-n_00-n;1005;0;41719;0;N;532011;N;6;3026;0;R_PL-PH_1;20140321xFri;6_Zdice;Středočeský kraj;h00;526;105
02-o2_01-ver_03-tour_03-lau2_07-day_03-60_05-frt-1005_01-sng_00-n_00-n_00-n_00-n_00-n_00-n;1005;0;41719;0;N;554782;N;8;3018;0;R_PL-PH_1;20140321xFri;8_Praha;Hlavní město Praha;h00;0;4865
02-o2_01-ver_03-tour_03-lau2_07-day_03-60_05-frt-1005_01-sng_00-n_00-n_00-n_00-n_00-n_00-n;1005;0;41719;0;N;554791;N;1;3042;0;R_PL-PH_1;20140321xFri;1_Plzeň;Plzeňský kraj;h00;3268;0
02-o2_01-ver_03-tour_03-lau2_07-day_03-60_05-frt-1005_01-sng_00-n_00-n_00-n_00-n_00-n_00-n;1005;0;41719;0;N;558966;N;2;3042;0;R_PL-PH_1;20140321xFri;2_Chrást;Plzeňský kraj;h00;35;317
02-o2_01-ver_03-tour_03-lau2_07-day_03-60_05-frt-1005_01-sng_00-n_00-n_00-n_00-n_00-n_00-n;1005;0;41719;0;N;559717;N;3;3042;0;R_PL-PH_1;20140321xFri;3_Rokycany;Plzeňský kraj;h00;267;959
02-o2_01-ver_03-tour_03-lau2_07-day_03-60_05-frt-1005_01-sng_00-n_00-n_00-n_00-n_00-n_00-n;1005;0;41719;0;N;559903;N;4;3042;0;R_PL-PH_1;20140321xFri;4_Kařez;Plzeňský kraj;h00;310;304
02-o2_01-ver_03-tour_03-lau2_07-day_03-60_05-frt-1005_01-sng_00-n_00-n_00-n_00-n_00-n_00-n;1005;0;41720;0;N;531057;N;7;3026;0;R_PL-PH_1;20140322xSat;7_Beroun;Středočeský kraj;h00;2061;604
02-o2_01-ver_03-tour_03-lau2_07-day_03-60_05-frt-1005_01-sng_00-n_00-n_00-n_00-n_00-n_00-n;1005;0;41720;0;N;531189;N;5;3026;0;R_PL-PH_1;20140322xSat;5_Hořovice;Středočeský kraj;h00;172;57
02-o2_01-ver_03-tour_03-lau2_07-day_03-60_05-frt-1005_01-sng_00-n_00-n_00-n_00-n_00-n_00-n;1005;0;41720;0;N;532011;N;6;3026;0;R_PL-PH_1;20140322xSat;6_Zdice;Středočeský kraj;h00;327;74
02-o2_01-ver_03-tour_03-lau2_07-day_03-60_05-frt-1005_01-sng_00-n_00-n_00-n_00-n_00-n_00-n;1005;0;41720;0;N;554782;N;8;3018;0;R_PL-PH_1;20140322xSat;8_Praha;Hlavní město Praha;h00;0;3727
02-o2_01-ver_03-tour_03-lau2_07-day_03-60_05-frt-1005_01-sng_00-n_00-n_00-n_00-n_00-n_00-n;1005;0;41720;0;N;554791;N;1;3042;0;R_PL-PH_1;20140322xSat;1_Plzeň;Plzeňský kraj;h00;2394;0
02-o2_01-ver_03-tour_03-lau2_07-day_03-60_05-frt-1005_01-sng_00-n_00-n_00-n_00-n_00-n_00-n;1005;0;41720;0;N;558966;N;2;3042;0;R_PL-PH_1;20140322xSat;2_Chrást;Plzeňský kraj;h00;21;321
02-o2_01-ver_03-tour_03-lau2_07-day_03-60_05-frt-1005_01-sng_00-n_00-n_00-n_00-n_00-n_00-n;1005;0;41720;0;N;559717;N;3;3042;0;R_PL-PH_1;20140322xSat;3_Rokycany;Plzeňský kraj;h00;131;472
02-o2_01-ver_03-tour_03-lau2_07-day_03-60_05-frt-1005_01-sng_00-n_00-n_00-n_00-n_00-n_00-n;1005;0;41720;0;N;559903;N;4;3042;0;R_PL-PH_1;20140322xSat;4_Kařez;Plzeňský kraj;h00;386;237
02-o2_01-ver_03-tour_03-lau2_07-day_03-60_05-frt-1005_01-sng_00-n_00-n_00-n_00-n_00-n_00-n;1005;0;41721;0;N;531057;N;7;3026;0;R_PL-PH_1;20140323xSun;7_Beroun;Středočeský kraj;h00;1861;557
02-o2_01-ver_03-tour_03-lau2_07-day_03-60_05-frt-1005_01-sng_00-n_00-n_00-n_00-n_00-n_00-n;1005;0;41721;0;N;531189;N;5;3026;0;R_PL-PH_1;20140323xSun;5_Hořovice;Středočeský kraj;h00;168;45
02-o2_01-ver_03-tour_03-lau2_07-day_03-60_05-frt-1005_01-sng_00-n_00-n_00-n_00-n_00-n_00-n;1005;0;41721;0;N;532011;N;6;3026;0;R_PL-PH_1;20140323xSun;6_Zdice;Středočeský kraj;h00;288;56
02-o2_01-ver_03-tour_03-lau2_07-day_03-60_05-frt-1005_01-sng_00-n_00-n_00-n_00-n_00-n_00-n;1005;0;41721;0;N;554782;N;8;3018;0;R_PL-PH_1;20140323xSun;8_Praha;Hlavní město Praha;h00;0;3863
02-o2_01-ver_03-tour_03-lau2_07-day_03-60_05-frt-1005_01-sng_00-n_00-n_00-n_00-n_00-n_00-n;1005;0;41721;0;N;554791;N;1;3042;0;R_PL-PH_1;20140323xSun;1_Plzeň;Plzeňský kraj;h00;2585;0
02-o2_01-ver_03-tour_03-lau2_07-day_03-60_05-frt-1005_01-sng_00-n_00-n_00-n_00-n_00-n_00-n;1005;0;41721;0;N;558966;N;2;3042;0;R_PL-PH_1;20140323xSun;2_Chrást;Plzeňský kraj;h00;21;238
02-o2_01-ver_03-tour_03-lau2_07-day_03-60_05-frt-1005_01-sng_00-n_00-n_00-n_00-n_00-n_00-n;1005;0;41721;0;N;559717;N;3;3042;0;R_PL-PH_1;20140323xSun;3_Rokycany;Plzeňský kraj;h00;147;463
02-o2_01-ver_03-tour_03-lau2_07-day_03-60_05-frt-1005_01-sng_00-n_00-n_00-n_00-n_00-n_00-n;1005;0;41721;0;N;559903;N;4;3042;0;R_PL-PH_1;20140323xSun;4_Kařez;Plzeňský kraj;h00;319;167
02-o2_01-ver_03-tour_03-lau2_07-day_03-60_05-frt-1005_01-sng_00-n_00-n_00-n_00-n_00-n_00-n;1005;0;41722;0;N;531057;N;7;3026;0;R_PL-PH_1;20140324xMon;7_Beroun;Středočeský kraj;h00;2921;849
02-o2_01-ver_03-tour_03-lau2_07-day_03-60_05-frt-1005_01-sng_00-n_00-n_00-n_00-n_00-n_00-n;1005;0;41722;0;N;531189;N;5;3026;0;R_PL-PH_1;20140324xMon;5_Hořovice;Středočeský kraj;h00;345;70
02-o2_01-ver_03-tour_03-lau2_07-day_03-60_05-frt-1005_01-sng_00-n_00-n_00-n_00-n_00-n_00-n;1005;0;41722;0;N;532011;N;6;3026;0;R_PL-PH_1;20140324xMon;6_Zdice;Středočeský kraj;h00;523;121
02-o2_01-ver_03-tour_03-lau2_07-day_03-60_05-frt-1005_01-sng_00-n_00-n_00-n_00-n_00-n_00-n;1005;0;41722;0;N;554782;N;8;3018;0;R_PL-PH_1;20140324xMon;8_Praha;Hlavní město Praha;h00;0;5089
02-o2_01-ver_03-tour_03-lau2_07-day_03-60_05-frt-1005_01-sng_00-n_00-n_00-n_00-n_00-n_00-n;1005;0;41722;0;N;554791;N;1;3042;0;R_PL-PH_1;20140324xMon;1_Plzeň;Plzeňský kraj;h00;3330;0
02-o2_01-ver_03-tour_03-lau2_07-day_03-60_05-frt-1005_01-sng_00-n_00-n_00-n_00-n_00-n_00-n;1005;0;41722;0;N;558966;N;2;3042;0;R_PL-PH_1;20140324xMon;2_Chrást;Plzeňský kraj;h00;33;459
02-o2_01-ver_03-tour_03-lau2_07-day_03-60_05-frt-1005_01-sng_00-n_00-n_00-n_00-n_00-n_00-n;1005;0;41722;0;N;559717;N;3;3042;0;R_PL-PH_1;20140324xMon;3_Rokycany;Plzeňský kraj;h00;263;915
02-o2_01-ver_03-tour_03-lau2_07-day_03-60_05-frt-1005_01-sng_00-n_00-n_00-n_00-n_00-n_00-n;1005;0;41722;0;N;559903;N;4;3042;0;R_PL-PH_1;20140324xMon;4_Kařez;Plzeňský kraj;h00;434;346
02-o2_01-ver_03-tour_03-lau2_07-day_03-60_05-frt-1005_01-sng_00-n_00-n_00-n_00-n_00-n_00-n;1005;0;41723;0;N;531057;N;7;3026;0;R_PL-PH_1;20140325xTue;7_Beroun;Středočeský kraj;h00;3024;882
02-o2_01-ver_03-tour_03-lau2_07-day_03-60_05-frt-1005_01-sng_00-n_00-n_00-n_00-n_00-n_00-n;1005;0;41723;0;N;531189;N;5;3026;0;R_PL-PH_1;20140325xTue;5_Hořovice;Středočeský kraj;h00;339;78
02-o2_01-ver_03-tour_03-lau2_07-day_03-60_05-frt-1005_01-sng_00-n_00-n_00-n_00-n_00-n_00-n;1005;0;41723;0;N;532011;N;6;3026;0;R_PL-PH_1;20140325xTue;6_Zdice;Středočeský kraj;h00;505;112
02-o2_01-ver_03-tour_03-lau2_07-day_03-60_05-frt-1005_01-sng_00-n_00-n_00-n_00-n_00-n_00-n;1005;0;41723;0;N;554782;N;8;3018;0;R_PL-PH_1;20140325xTue;8_Praha;Hlavní město Praha;h00;0;5216
02-o2_01-ver_03-tour_03-lau2_07-day_03-60_05-frt-1005_01-sng_00-n_00-n_00-n_00-n_00-n_00-n;1005;0;41723;0;N;554791;N;1;3042;0;R_PL-PH_1;20140325xTue;1_Plzeň;Plzeňský kraj;h00;3584;0
02-o2_01-ver_03-tour_03-lau2_07-day_03-60_05-frt-1005_01-sng_00-n_00-n_00-n_00-n_00-n_00-n;1005;0;41723;0;N;558966;N;2;3042;0;R_PL-PH_1;20140325xTue;2_Chrást;Plzeňský kraj;h00;21;419
02-o2_01-ver_03-tour_03-lau2_07-day_03-60_05-frt-1005_01-sng_00-n_00-n_00-n_00-n_00-n_00-n;1005;0;41723;0;N;559717;N;3;3042;0;R_PL-PH_1;20140325xTue;3_Rokycany;Plzeňský kraj;h00;279;1097
02-o2_01-ver_03-tour_03-lau2_07-day_03-60_05-frt-1005_01-sng_00-n_00-n_00-n_00-n_00-n_00-n;1005;0;41723;0;N;559903;N;4;3042;0;R_PL-PH_1;20140325xTue;4_Kařez;Plzeňský kraj;h00;361;309
02-o2_01-ver_03-tour_03-lau2_07-day_03-60_05-frt-1005_01-sng_00-n_00-n_00-n_00-n_00-n_00-n;1005;0;41724;0;N;531057;N;7;3026;0;R_PL-PH_1;20140326xWed;7_Beroun;Středočeský kraj;h00;3157;946
02-o2_01-ver_03-tour_03-lau2_07-day_03-60_05-frt-1005_01-sng_00-n_00-n_00-n_00-n_00-n_00-n;1005;0;41724;0;N;531189;N;5;3026;0;R_PL-PH_1;20140326xWed;5_Hořovice;Středočeský kraj;h00;347;79
02-o2_01-ver_03-tour_03-lau2_07-day_03-60_05-frt-1005_01-sng_00-n_00-n_00-n_00-n_00-n_00-n;1005;0;41724;0;N;532011;N;6;3026;0;R_PL-PH_1;20140326xWed;6_Zdice;Středočeský kraj;h00;580;128
02-o2_01-ver_03-tour_03-lau2_07-day_03-60_05-frt-1005_01-sng_00-n_00-n_00-n_00-n_00-n_00-n;1005;0;41724;0;N;554782;N;8;3018;0;R_PL-PH_1;20140326xWed;8_Praha;Hlavní město Praha;h00;0;5482
02-o2_01-ver_03-tour_03-lau2_07-day_03-60_05-frt-1005_01-sng_00-n_00-n_00-n_00-n_00-n_00-n;1005;0;41724;0;N;554791;N;1;3042;0;R_PL-PH_1;20140326xWed;1_Plzeň;Plzeňský kraj;h00;3778;0
02-o2_01-ver_03-tour_03-lau2_07-day_03-60_05-frt-1005_01-sng_00-n_00-n_00-n_00-n_00-n_00-n;1005;0;41724;0;N;558966;N;2;3042;0;R_PL-PH_1;20140326xWed;2_Chrást;Plzeňský kraj;h00;28;443
02-o2_01-ver_03-tour_03-lau2_07-day_03-60_05-frt-1005_01-sng_00-n_00-n_00-n_00-n_00-n_00-n;1005;0;41724;0;N;559717;N;3;3042;0;R_PL-PH_1;20140326xWed;3_Rokycany;Plzeňský kraj;h00;302;1096
02-o2_01-ver_03-tour_03-lau2_07-day_03-60_05-frt-1005_01-sng_00-n_00-n_00-n_00-n_00-n_00-n;1005;0;41724;0;N;559903;N;4;3042;0;R_PL-PH_1;20140326xWed;4_Kařez;Plzeňský kraj;h00;393;411
