02-o2_02-edg_04-pot_03-lau2_07-day_05-300+_04-frt-1004_01-sng_00-n_00-n_00-n_00-n_00-n_00-n;1004;0;41711;0;N;555479;555169;1;3051;0;OS_PO-KV_1;20140313xThu;01_Potůčky_Horní Blatná;Karlovarský kraj;h00;16;N
02-o2_02-edg_04-pot_03-lau2_07-day_05-300+_04-frt-1004_01-sng_00-n_00-n_00-n_00-n_00-n_00-n;1004;0;41711;0;N;555169;555452;2;3051;0;OS_PO-KV_1;20140313xThu;02_Horní Blatná_Pernink;Karlovarský kraj;h00;30;N
02-o2_02-edg_04-pot_03-lau2_07-day_05-300+_04-frt-1004_01-sng_00-n_00-n_00-n_00-n_00-n_00-n;1004;0;41711;0;N;555452;555380;3;3051;0;OS_PO-KV_1;20140313xThu;03_Pernink_Nejdek;Karlovarský kraj;h00;15;N
02-o2_02-edg_04-pot_03-lau2_07-day_05-300+_04-frt-1004_01-sng_00-n_00-n_00-n_00-n_00-n_00-n;1004;0;41711;0;N;555380;506494;4;3051;0;OS_PO-KV_1;20140313xThu;04_Nejdek_Nové Hamry;Karlovarský kraj;h00;85;N
02-o2_02-edg_04-pot_03-lau2_07-day_05-300+_04-frt-1004_01-sng_00-n_00-n_00-n_00-n_00-n_00-n;1004;0;41711;0;N;506494;555398;5;3051;0;OS_PO-KV_1;20140313xThu;05_Nové Hamry_Nová Role;Karlovarský kraj;h00;30;N
02-o2_02-edg_04-pot_03-lau2_07-day_05-300+_04-frt-1004_01-sng_00-n_00-n_00-n_00-n_00-n_00-n;1004;0;41711;0;N;555398;554961;6;3051;0;OS_PO-KV_1;20140313xThu;06_Nová Role_Karlovy Vary;Karlovarský kraj;h00;74;N
02-o2_02-edg_04-pot_03-lau2_07-day_05-300+_04-frt-1004_01-sng_00-n_00-n_00-n_00-n_00-n_00-n;1004;0;41718;0;N;555479;555169;1;3051;0;OS_PO-KV_1;20140320xThu;01_Potůčky_Horní Blatná;Karlovarský kraj;h00;28;N
02-o2_02-edg_04-pot_03-lau2_07-day_05-300+_04-frt-1004_01-sng_00-n_00-n_00-n_00-n_00-n_00-n;1004;0;41718;0;N;555169;555452;2;3051;0;OS_PO-KV_1;20140320xThu;02_Horní Blatná_Pernink;Karlovarský kraj;h00;29;N
02-o2_02-edg_04-pot_03-lau2_07-day_05-300+_04-frt-1004_01-sng_00-n_00-n_00-n_00-n_00-n_00-n;1004;0;41718;0;N;555452;555380;3;3051;0;OS_PO-KV_1;20140320xThu;03_Pernink_Nejdek;Karlovarský kraj;h00;14;N
02-o2_02-edg_04-pot_03-lau2_07-day_05-300+_04-frt-1004_01-sng_00-n_00-n_00-n_00-n_00-n_00-n;1004;0;41718;0;N;555380;506494;4;3051;0;OS_PO-KV_1;20140320xThu;04_Nejdek_Nové Hamry;Karlovarský kraj;h00;139;N
02-o2_02-edg_04-pot_03-lau2_07-day_05-300+_04-frt-1004_01-sng_00-n_00-n_00-n_00-n_00-n_00-n;1004;0;41718;0;N;506494;555398;5;3051;0;OS_PO-KV_1;20140320xThu;05_Nové Hamry_Nová Role;Karlovarský kraj;h00;59;N
02-o2_02-edg_04-pot_03-lau2_07-day_05-300+_04-frt-1004_01-sng_00-n_00-n_00-n_00-n_00-n_00-n;1004;0;41718;0;N;555398;554961;6;3051;0;OS_PO-KV_1;20140320xThu;06_Nová Role_Karlovy Vary;Karlovarský kraj;h00;97;N
02-o2_02-edg_04-pot_03-lau2_07-day_05-300+_04-frt-1004_01-sng_00-n_00-n_00-n_00-n_00-n_00-n;1004;0;41715;0;N;555479;555169;1;3051;0;OS_PO-KV_1;20140317xMon;01_Potůčky_Horní Blatná;Karlovarský kraj;h00;16;N
02-o2_02-edg_04-pot_03-lau2_07-day_05-300+_04-frt-1004_01-sng_00-n_00-n_00-n_00-n_00-n_00-n;1004;0;41715;0;N;555169;555452;2;3051;0;OS_PO-KV_1;20140317xMon;02_Horní Blatná_Pernink;Karlovarský kraj;h00;23;N
02-o2_02-edg_04-pot_03-lau2_07-day_05-300+_04-frt-1004_01-sng_00-n_00-n_00-n_00-n_00-n_00-n;1004;0;41715;0;N;555452;555380;3;3051;0;OS_PO-KV_1;20140317xMon;03_Pernink_Nejdek;Karlovarský kraj;h00;13;N
02-o2_02-edg_04-pot_03-lau2_07-day_05-300+_04-frt-1004_01-sng_00-n_00-n_00-n_00-n_00-n_00-n;1004;0;41715;0;N;555380;506494;4;3051;0;OS_PO-KV_1;20140317xMon;04_Nejdek_Nové Hamry;Karlovarský kraj;h00;91;N
02-o2_02-edg_04-pot_03-lau2_07-day_05-300+_04-frt-1004_01-sng_00-n_00-n_00-n_00-n_00-n_00-n;1004;0;41715;0;N;506494;555398;5;3051;0;OS_PO-KV_1;20140317xMon;05_Nové Hamry_Nová Role;Karlovarský kraj;h00;42;N
02-o2_02-edg_04-pot_03-lau2_07-day_05-300+_04-frt-1004_01-sng_00-n_00-n_00-n_00-n_00-n_00-n;1004;0;41715;0;N;555398;554961;6;3051;0;OS_PO-KV_1;20140317xMon;06_Nová Role_Karlovy Vary;Karlovarský kraj;h00;56;N
02-o2_02-edg_04-pot_03-lau2_07-day_05-300+_04-frt-1004_01-sng_00-n_00-n_00-n_00-n_00-n_00-n;1004;0;41722;0;N;555479;555169;1;3051;0;OS_PO-KV_1;20140324xMon;01_Potůčky_Horní Blatná;Karlovarský kraj;h00;21;N
02-o2_02-edg_04-pot_03-lau2_07-day_05-300+_04-frt-1004_01-sng_00-n_00-n_00-n_00-n_00-n_00-n;1004;0;41722;0;N;555169;555452;2;3051;0;OS_PO-KV_1;20140324xMon;02_Horní Blatná_Pernink;Karlovarský kraj;h00;23;N
02-o2_02-edg_04-pot_03-lau2_07-day_05-300+_04-frt-1004_01-sng_00-n_00-n_00-n_00-n_00-n_00-n;1004;0;41722;0;N;555452;555380;3;3051;0;OS_PO-KV_1;20140324xMon;03_Pernink_Nejdek;Karlovarský kraj;h00;13;N
02-o2_02-edg_04-pot_03-lau2_07-day_05-300+_04-frt-1004_01-sng_00-n_00-n_00-n_00-n_00-n_00-n;1004;0;41722;0;N;555380;506494;4;3051;0;OS_PO-KV_1;20140324xMon;04_Nejdek_Nové Hamry;Karlovarský kraj;h00;113;N
02-o2_02-edg_04-pot_03-lau2_07-day_05-300+_04-frt-1004_01-sng_00-n_00-n_00-n_00-n_00-n_00-n;1004;0;41722;0;N;506494;555398;5;3051;0;OS_PO-KV_1;20140324xMon;05_Nové Hamry_Nová Role;Karlovarský kraj;h00;46;N
02-o2_02-edg_04-pot_03-lau2_07-day_05-300+_04-frt-1004_01-sng_00-n_00-n_00-n_00-n_00-n_00-n;1004;0;41722;0;N;555398;554961;6;3051;0;OS_PO-KV_1;20140324xMon;06_Nová Role_Karlovy Vary;Karlovarský kraj;h00;82;N
02-o2_02-edg_04-pot_03-lau2_07-day_05-300+_04-frt-1004_01-sng_00-n_00-n_00-n_00-n_00-n_00-n;1004;0;41719;0;N;555479;555169;1;3051;0;OS_PO-KV_1;20140321xFri;01_Potůčky_Horní Blatná;Karlovarský kraj;h00;17;N
02-o2_02-edg_04-pot_03-lau2_07-day_05-300+_04-frt-1004_01-sng_00-n_00-n_00-n_00-n_00-n_00-n;1004;0;41719;0;N;555169;555452;2;3051;0;OS_PO-KV_1;20140321xFri;02_Horní Blatná_Pernink;Karlovarský kraj;h00;12;N
02-o2_02-edg_04-pot_03-lau2_07-day_05-300+_04-frt-1004_01-sng_00-n_00-n_00-n_00-n_00-n_00-n;1004;0;41719;0;N;555452;555380;3;3051;0;OS_PO-KV_1;20140321xFri;03_Pernink_Nejdek;Karlovarský kraj;h00;9;N
02-o2_02-edg_04-pot_03-lau2_07-day_05-300+_04-frt-1004_01-sng_00-n_00-n_00-n_00-n_00-n_00-n;1004;0;41719;0;N;555380;506494;4;3051;0;OS_PO-KV_1;20140321xFri;04_Nejdek_Nové Hamry;Karlovarský kraj;h00;87;N
02-o2_02-edg_04-pot_03-lau2_07-day_05-300+_04-frt-1004_01-sng_00-n_00-n_00-n_00-n_00-n_00-n;1004;0;41719;0;N;506494;555398;5;3051;0;OS_PO-KV_1;20140321xFri;05_Nové Hamry_Nová Role;Karlovarský kraj;h00;42;N
02-o2_02-edg_04-pot_03-lau2_07-day_05-300+_04-frt-1004_01-sng_00-n_00-n_00-n_00-n_00-n_00-n;1004;0;41719;0;N;555398;554961;6;3051;0;OS_PO-KV_1;20140321xFri;06_Nová Role_Karlovy Vary;Karlovarský kraj;h00;68;N
02-o2_02-edg_04-pot_03-lau2_07-day_05-300+_04-frt-1004_01-sng_00-n_00-n_00-n_00-n_00-n_00-n;1004;0;41723;0;N;555479;555169;1;3051;0;OS_PO-KV_1;20140325xTue;01_Potůčky_Horní Blatná;Karlovarský kraj;h00;18;N
02-o2_02-edg_04-pot_03-lau2_07-day_05-300+_04-frt-1004_01-sng_00-n_00-n_00-n_00-n_00-n_00-n;1004;0;41723;0;N;555169;555452;2;3051;0;OS_PO-KV_1;20140325xTue;02_Horní Blatná_Pernink;Karlovarský kraj;h00;30;N
02-o2_02-edg_04-pot_03-lau2_07-day_05-300+_04-frt-1004_01-sng_00-n_00-n_00-n_00-n_00-n_00-n;1004;0;41723;0;N;555452;555380;3;3051;0;OS_PO-KV_1;20140325xTue;03_Pernink_Nejdek;Karlovarský kraj;h00;11;N
02-o2_02-edg_04-pot_03-lau2_07-day_05-300+_04-frt-1004_01-sng_00-n_00-n_00-n_00-n_00-n_00-n;1004;0;41723;0;N;555380;506494;4;3051;0;OS_PO-KV_1;20140325xTue;04_Nejdek_Nové Hamry;Karlovarský kraj;h00;112;N
02-o2_02-edg_04-pot_03-lau2_07-day_05-300+_04-frt-1004_01-sng_00-n_00-n_00-n_00-n_00-n_00-n;1004;0;41723;0;N;506494;555398;5;3051;0;OS_PO-KV_1;20140325xTue;05_Nové Hamry_Nová Role;Karlovarský kraj;h00;63;N
02-o2_02-edg_04-pot_03-lau2_07-day_05-300+_04-frt-1004_01-sng_00-n_00-n_00-n_00-n_00-n_00-n;1004;0;41723;0;N;555398;554961;6;3051;0;OS_PO-KV_1;20140325xTue;06_Nová Role_Karlovy Vary;Karlovarský kraj;h00;116;N
02-o2_02-edg_04-pot_03-lau2_07-day_05-300+_04-frt-1004_01-sng_00-n_00-n_00-n_00-n_00-n_00-n;1004;0;41712;0;N;555479;555169;1;3051;0;OS_PO-KV_1;20140314xFri;01_Potůčky_Horní Blatná;Karlovarský kraj;h00;42;N
02-o2_02-edg_04-pot_03-lau2_07-day_05-300+_04-frt-1004_01-sng_00-n_00-n_00-n_00-n_00-n_00-n;1004;0;41712;0;N;555169;555452;2;3051;0;OS_PO-KV_1;20140314xFri;02_Horní Blatná_Pernink;Karlovarský kraj;h00;42;N
02-o2_02-edg_04-pot_03-lau2_07-day_05-300+_04-frt-1004_01-sng_00-n_00-n_00-n_00-n_00-n_00-n;1004;0;41712;0;N;555452;555380;3;3051;0;OS_PO-KV_1;20140314xFri;03_Pernink_Nejdek;Karlovarský kraj;h00;21;N
02-o2_02-edg_04-pot_03-lau2_07-day_05-300+_04-frt-1004_01-sng_00-n_00-n_00-n_00-n_00-n_00-n;1004;0;41712;0;N;555380;506494;4;3051;0;OS_PO-KV_1;20140314xFri;04_Nejdek_Nové Hamry;Karlovarský kraj;h00;128;N
02-o2_02-edg_04-pot_03-lau2_07-day_05-300+_04-frt-1004_01-sng_00-n_00-n_00-n_00-n_00-n_00-n;1004;0;41712;0;N;506494;555398;5;3051;0;OS_PO-KV_1;20140314xFri;05_Nové Hamry_Nová Role;Karlovarský kraj;h00;50;N
02-o2_02-edg_04-pot_03-lau2_07-day_05-300+_04-frt-1004_01-sng_00-n_00-n_00-n_00-n_00-n_00-n;1004;0;41712;0;N;555398;554961;6;3051;0;OS_PO-KV_1;20140314xFri;06_Nová Role_Karlovy Vary;Karlovarský kraj;h00;93;N
02-o2_02-edg_04-pot_03-lau2_07-day_05-300+_04-frt-1004_01-sng_00-n_00-n_00-n_00-n_00-n_00-n;1004;0;41716;0;N;555479;555169;1;3051;0;OS_PO-KV_1;20140318xTue;01_Potůčky_Horní Blatná;Karlovarský kraj;h00;27;N
02-o2_02-edg_04-pot_03-lau2_07-day_05-300+_04-frt-1004_01-sng_00-n_00-n_00-n_00-n_00-n_00-n;1004;0;41716;0;N;555169;555452;2;3051;0;OS_PO-KV_1;20140318xTue;02_Horní Blatná_Pernink;Karlovarský kraj;h00;32;N
02-o2_02-edg_04-pot_03-lau2_07-day_05-300+_04-frt-1004_01-sng_00-n_00-n_00-n_00-n_00-n_00-n;1004;0;41716;0;N;555452;555380;3;3051;0;OS_PO-KV_1;20140318xTue;03_Pernink_Nejdek;Karlovarský kraj;h00;14;N
02-o2_02-edg_04-pot_03-lau2_07-day_05-300+_04-frt-1004_01-sng_00-n_00-n_00-n_00-n_00-n_00-n;1004;0;41716;0;N;555380;506494;4;3051;0;OS_PO-KV_1;20140318xTue;04_Nejdek_Nové Hamry;Karlovarský kraj;h00;132;N
02-o2_02-edg_04-pot_03-lau2_07-day_05-300+_04-frt-1004_01-sng_00-n_00-n_00-n_00-n_00-n_00-n;1004;0;41716;0;N;506494;555398;5;3051;0;OS_PO-KV_1;20140318xTue;05_Nové Hamry_Nová Role;Karlovarský kraj;h00;51;N
02-o2_02-edg_04-pot_03-lau2_07-day_05-300+_04-frt-1004_01-sng_00-n_00-n_00-n_00-n_00-n_00-n;1004;0;41716;0;N;555398;554961;6;3051;0;OS_PO-KV_1;20140318xTue;06_Nová Role_Karlovy Vary;Karlovarský kraj;h00;107;N
02-o2_02-edg_04-pot_03-lau2_07-day_05-300+_04-frt-1004_01-sng_00-n_00-n_00-n_00-n_00-n_00-n;1004;0;41713;0;N;555479;555169;1;3051;0;OS_PO-KV_1;20140315xSat;01_Potůčky_Horní Blatná;Karlovarský kraj;h00;15;N
02-o2_02-edg_04-pot_03-lau2_07-day_05-300+_04-frt-1004_01-sng_00-n_00-n_00-n_00-n_00-n_00-n;1004;0;41713;0;N;555169;555452;2;3051;0;OS_PO-KV_1;20140315xSat;02_Horní Blatná_Pernink;Karlovarský kraj;h00;21;N
02-o2_02-edg_04-pot_03-lau2_07-day_05-300+_04-frt-1004_01-sng_00-n_00-n_00-n_00-n_00-n_00-n;1004;0;41713;0;N;555452;555380;3;3051;0;OS_PO-KV_1;20140315xSat;03_Pernink_Nejdek;Karlovarský kraj;h00;12;N
02-o2_02-edg_04-pot_03-lau2_07-day_05-300+_04-frt-1004_01-sng_00-n_00-n_00-n_00-n_00-n_00-n;1004;0;41713;0;N;555380;506494;4;3051;0;OS_PO-KV_1;20140315xSat;04_Nejdek_Nové Hamry;Karlovarský kraj;h00;69;N
02-o2_02-edg_04-pot_03-lau2_07-day_05-300+_04-frt-1004_01-sng_00-n_00-n_00-n_00-n_00-n_00-n;1004;0;41713;0;N;506494;555398;5;3051;0;OS_PO-KV_1;20140315xSat;05_Nové Hamry_Nová Role;Karlovarský kraj;h00;33;N
02-o2_02-edg_04-pot_03-lau2_07-day_05-300+_04-frt-1004_01-sng_00-n_00-n_00-n_00-n_00-n_00-n;1004;0;41713;0;N;555398;554961;6;3051;0;OS_PO-KV_1;20140315xSat;06_Nová Role_Karlovy Vary;Karlovarský kraj;h00;60;N
02-o2_02-edg_04-pot_03-lau2_07-day_05-300+_04-frt-1004_01-sng_00-n_00-n_00-n_00-n_00-n_00-n;1004;0;41720;0;N;555479;555169;1;3051;0;OS_PO-KV_1;20140322xSat;01_Potůčky_Horní Blatná;Karlovarský kraj;h00;20;N
02-o2_02-edg_04-pot_03-lau2_07-day_05-300+_04-frt-1004_01-sng_00-n_00-n_00-n_00-n_00-n_00-n;1004;0;41720;0;N;555169;555452;2;3051;0;OS_PO-KV_1;20140322xSat;02_Horní Blatná_Pernink;Karlovarský kraj;h00;30;N
02-o2_02-edg_04-pot_03-lau2_07-day_05-300+_04-frt-1004_01-sng_00-n_00-n_00-n_00-n_00-n_00-n;1004;0;41720;0;N;555452;555380;3;3051;0;OS_PO-KV_1;20140322xSat;03_Pernink_Nejdek;Karlovarský kraj;h00;16;N
02-o2_02-edg_04-pot_03-lau2_07-day_05-300+_04-frt-1004_01-sng_00-n_00-n_00-n_00-n_00-n_00-n;1004;0;41720;0;N;555380;506494;4;3051;0;OS_PO-KV_1;20140322xSat;04_Nejdek_Nové Hamry;Karlovarský kraj;h00;97;N
02-o2_02-edg_04-pot_03-lau2_07-day_05-300+_04-frt-1004_01-sng_00-n_00-n_00-n_00-n_00-n_00-n;1004;0;41720;0;N;506494;555398;5;3051;0;OS_PO-KV_1;20140322xSat;05_Nové Hamry_Nová Role;Karlovarský kraj;h00;47;N
02-o2_02-edg_04-pot_03-lau2_07-day_05-300+_04-frt-1004_01-sng_00-n_00-n_00-n_00-n_00-n_00-n;1004;0;41720;0;N;555398;554961;6;3051;0;OS_PO-KV_1;20140322xSat;06_Nová Role_Karlovy Vary;Karlovarský kraj;h00;53;N
02-o2_02-edg_04-pot_03-lau2_07-day_05-300+_04-frt-1004_01-sng_00-n_00-n_00-n_00-n_00-n_00-n;1004;0;41710;0;N;555479;555169;1;3051;0;OS_PO-KV_1;20140312xWed;01_Potůčky_Horní Blatná;Karlovarský kraj;h00;8;N
02-o2_02-edg_04-pot_03-lau2_07-day_05-300+_04-frt-1004_01-sng_00-n_00-n_00-n_00-n_00-n_00-n;1004;0;41710;0;N;555169;555452;2;3051;0;OS_PO-KV_1;20140312xWed;02_Horní Blatná_Pernink;Karlovarský kraj;h00;8;N
02-o2_02-edg_04-pot_03-lau2_07-day_05-300+_04-frt-1004_01-sng_00-n_00-n_00-n_00-n_00-n_00-n;1004;0;41710;0;N;555452;555380;3;3051;0;OS_PO-KV_1;20140312xWed;03_Pernink_Nejdek;Karlovarský kraj;h00;5;N
02-o2_02-edg_04-pot_03-lau2_07-day_05-300+_04-frt-1004_01-sng_00-n_00-n_00-n_00-n_00-n_00-n;1004;0;41710;0;N;555380;506494;4;3051;0;OS_PO-KV_1;20140312xWed;04_Nejdek_Nové Hamry;Karlovarský kraj;h00;55;N
02-o2_02-edg_04-pot_03-lau2_07-day_05-300+_04-frt-1004_01-sng_00-n_00-n_00-n_00-n_00-n_00-n;1004;0;41710;0;N;506494;555398;5;3051;0;OS_PO-KV_1;20140312xWed;05_Nové Hamry_Nová Role;Karlovarský kraj;h00;22;N
02-o2_02-edg_04-pot_03-lau2_07-day_05-300+_04-frt-1004_01-sng_00-n_00-n_00-n_00-n_00-n_00-n;1004;0;41710;0;N;555398;554961;6;3051;0;OS_PO-KV_1;20140312xWed;06_Nová Role_Karlovy Vary;Karlovarský kraj;h00;36;N
02-o2_02-edg_04-pot_03-lau2_07-day_05-300+_04-frt-1004_01-sng_00-n_00-n_00-n_00-n_00-n_00-n;1004;0;41717;0;N;555479;555169;1;3051;0;OS_PO-KV_1;20140319xWed;01_Potůčky_Horní Blatná;Karlovarský kraj;h00;24;N
02-o2_02-edg_04-pot_03-lau2_07-day_05-300+_04-frt-1004_01-sng_00-n_00-n_00-n_00-n_00-n_00-n;1004;0;41717;0;N;555169;555452;2;3051;0;OS_PO-KV_1;20140319xWed;02_Horní Blatná_Pernink;Karlovarský kraj;h00;30;N
02-o2_02-edg_04-pot_03-lau2_07-day_05-300+_04-frt-1004_01-sng_00-n_00-n_00-n_00-n_00-n_00-n;1004;0;41717;0;N;555452;555380;3;3051;0;OS_PO-KV_1;20140319xWed;03_Pernink_Nejdek;Karlovarský kraj;h00;10;N
02-o2_02-edg_04-pot_03-lau2_07-day_05-300+_04-frt-1004_01-sng_00-n_00-n_00-n_00-n_00-n_00-n;1004;0;41717;0;N;555380;506494;4;3051;0;OS_PO-KV_1;20140319xWed;04_Nejdek_Nové Hamry;Karlovarský kraj;h00;133;N
02-o2_02-edg_04-pot_03-lau2_07-day_05-300+_04-frt-1004_01-sng_00-n_00-n_00-n_00-n_00-n_00-n;1004;0;41717;0;N;506494;555398;5;3051;0;OS_PO-KV_1;20140319xWed;05_Nové Hamry_Nová Role;Karlovarský kraj;h00;52;N
02-o2_02-edg_04-pot_03-lau2_07-day_05-300+_04-frt-1004_01-sng_00-n_00-n_00-n_00-n_00-n_00-n;1004;0;41717;0;N;555398;554961;6;3051;0;OS_PO-KV_1;20140319xWed;06_Nová Role_Karlovy Vary;Karlovarský kraj;h00;100;N
02-o2_02-edg_04-pot_03-lau2_07-day_05-300+_04-frt-1004_01-sng_00-n_00-n_00-n_00-n_00-n_00-n;1004;0;41724;0;N;555479;555169;1;3051;0;OS_PO-KV_1;20140326xWed;01_Potůčky_Horní Blatná;Karlovarský kraj;h00;22;N
02-o2_02-edg_04-pot_03-lau2_07-day_05-300+_04-frt-1004_01-sng_00-n_00-n_00-n_00-n_00-n_00-n;1004;0;41724;0;N;555169;555452;2;3051;0;OS_PO-KV_1;20140326xWed;02_Horní Blatná_Pernink;Karlovarský kraj;h00;34;N
02-o2_02-edg_04-pot_03-lau2_07-day_05-300+_04-frt-1004_01-sng_00-n_00-n_00-n_00-n_00-n_00-n;1004;0;41724;0;N;555452;555380;3;3051;0;OS_PO-KV_1;20140326xWed;03_Pernink_Nejdek;Karlovarský kraj;h00;13;N
02-o2_02-edg_04-pot_03-lau2_07-day_05-300+_04-frt-1004_01-sng_00-n_00-n_00-n_00-n_00-n_00-n;1004;0;41724;0;N;555380;506494;4;3051;0;OS_PO-KV_1;20140326xWed;04_Nejdek_Nové Hamry;Karlovarský kraj;h00;97;N
02-o2_02-edg_04-pot_03-lau2_07-day_05-300+_04-frt-1004_01-sng_00-n_00-n_00-n_00-n_00-n_00-n;1004;0;41724;0;N;506494;555398;5;3051;0;OS_PO-KV_1;20140326xWed;05_Nové Hamry_Nová Role;Karlovarský kraj;h00;53;N
02-o2_02-edg_04-pot_03-lau2_07-day_05-300+_04-frt-1004_01-sng_00-n_00-n_00-n_00-n_00-n_00-n;1004;0;41724;0;N;555398;554961;6;3051;0;OS_PO-KV_1;20140326xWed;06_Nová Role_Karlovy Vary;Karlovarský kraj;h00;104;N
02-o2_02-edg_04-pot_03-lau2_07-day_05-300+_04-frt-1004_01-sng_00-n_00-n_00-n_00-n_00-n_00-n;1004;0;41714;0;N;555479;555169;1;3051;0;OS_PO-KV_1;20140316xSun;01_Potůčky_Horní Blatná;Karlovarský kraj;h00;9;N
02-o2_02-edg_04-pot_03-lau2_07-day_05-300+_04-frt-1004_01-sng_00-n_00-n_00-n_00-n_00-n_00-n;1004;0;41714;0;N;555169;555452;2;3051;0;OS_PO-KV_1;20140316xSun;02_Horní Blatná_Pernink;Karlovarský kraj;h00;15;N
02-o2_02-edg_04-pot_03-lau2_07-day_05-300+_04-frt-1004_01-sng_00-n_00-n_00-n_00-n_00-n_00-n;1004;0;41714;0;N;555452;555380;3;3051;0;OS_PO-KV_1;20140316xSun;03_Pernink_Nejdek;Karlovarský kraj;h00;8;N
02-o2_02-edg_04-pot_03-lau2_07-day_05-300+_04-frt-1004_01-sng_00-n_00-n_00-n_00-n_00-n_00-n;1004;0;41714;0;N;555380;506494;4;3051;0;OS_PO-KV_1;20140316xSun;04_Nejdek_Nové Hamry;Karlovarský kraj;h00;41;N
02-o2_02-edg_04-pot_03-lau2_07-day_05-300+_04-frt-1004_01-sng_00-n_00-n_00-n_00-n_00-n_00-n;1004;0;41714;0;N;506494;555398;5;3051;0;OS_PO-KV_1;20140316xSun;05_Nové Hamry_Nová Role;Karlovarský kraj;h00;24;N
02-o2_02-edg_04-pot_03-lau2_07-day_05-300+_04-frt-1004_01-sng_00-n_00-n_00-n_00-n_00-n_00-n;1004;0;41714;0;N;555398;554961;6;3051;0;OS_PO-KV_1;20140316xSun;06_Nová Role_Karlovy Vary;Karlovarský kraj;h00;46;N
02-o2_02-edg_04-pot_03-lau2_07-day_05-300+_04-frt-1004_01-sng_00-n_00-n_00-n_00-n_00-n_00-n;1004;0;41721;0;N;555479;555169;1;3051;0;OS_PO-KV_1;20140323xSun;01_Potůčky_Horní Blatná;Karlovarský kraj;h00;24;N
02-o2_02-edg_04-pot_03-lau2_07-day_05-300+_04-frt-1004_01-sng_00-n_00-n_00-n_00-n_00-n_00-n;1004;0;41721;0;N;555169;555452;2;3051;0;OS_PO-KV_1;20140323xSun;02_Horní Blatná_Pernink;Karlovarský kraj;h00;20;N
02-o2_02-edg_04-pot_03-lau2_07-day_05-300+_04-frt-1004_01-sng_00-n_00-n_00-n_00-n_00-n_00-n;1004;0;41721;0;N;555452;555380;3;3051;0;OS_PO-KV_1;20140323xSun;03_Pernink_Nejdek;Karlovarský kraj;h00;12;N
02-o2_02-edg_04-pot_03-lau2_07-day_05-300+_04-frt-1004_01-sng_00-n_00-n_00-n_00-n_00-n_00-n;1004;0;41721;0;N;555380;506494;4;3051;0;OS_PO-KV_1;20140323xSun;04_Nejdek_Nové Hamry;Karlovarský kraj;h00;76;N
02-o2_02-edg_04-pot_03-lau2_07-day_05-300+_04-frt-1004_01-sng_00-n_00-n_00-n_00-n_00-n_00-n;1004;0;41721;0;N;506494;555398;5;3051;0;OS_PO-KV_1;20140323xSun;05_Nové Hamry_Nová Role;Karlovarský kraj;h00;41;N
02-o2_02-edg_04-pot_03-lau2_07-day_05-300+_04-frt-1004_01-sng_00-n_00-n_00-n_00-n_00-n_00-n;1004;0;41721;0;N;555398;554961;6;3051;0;OS_PO-KV_1;20140323xSun;06_Nová Role_Karlovy Vary;Karlovarský kraj;h00;86;N
