03-cd_01-ver_06-cap_03-lau2_07-day_00--_05-frt-1005_01-uni_00-n_00-n_02-rail_00--_00--_00-n;1005;0;41710;0;N;554791;N;1;3042;0;R_PL-PH_1;20140312xWed;01_Plzeň_N;Plzeňský kraj;h00;6878;N
03-cd_01-ver_06-cap_03-lau2_07-day_00--_05-frt-1005_01-uni_00-n_00-n_02-rail_00--_00--_00-n;1005;0;41710;0;N;558966;N;2;3042;0;R_PL-PH_1;20140312xWed;02_Chrást_N;Plzeňský kraj;h00;331;N
03-cd_01-ver_06-cap_03-lau2_07-day_00--_05-frt-1005_01-uni_00-n_00-n_02-rail_00--_00--_00-n;1005;0;41710;0;N;559717;N;3;3042;0;R_PL-PH_1;20140312xWed;03_Rokycany_N;Plzeňský kraj;h00;6216;N
03-cd_01-ver_06-cap_03-lau2_07-day_00--_05-frt-1005_01-uni_00-n_00-n_02-rail_00--_00--_00-n;1005;0;41710;0;N;559903;N;4;3042;0;R_PL-PH_1;20140312xWed;04_Kařez_N;Plzeňský kraj;h00;2090;N
03-cd_01-ver_06-cap_03-lau2_07-day_00--_05-frt-1005_01-uni_00-n_00-n_02-rail_00--_00--_00-n;1005;0;41710;0;N;531189;N;5;3026;0;R_PL-PH_1;20140312xWed;05_Hořovice_N;Středočeský kraj;h00;6216;N
03-cd_01-ver_06-cap_03-lau2_07-day_00--_05-frt-1005_01-uni_00-n_00-n_02-rail_00--_00--_00-n;1005;0;41710;0;N;532011;N;6;3026;0;R_PL-PH_1;20140312xWed;06_Zdice_N;Středočeský kraj;h00;4035;N
03-cd_01-ver_06-cap_03-lau2_07-day_00--_05-frt-1005_01-uni_00-n_00-n_02-rail_00--_00--_00-n;1005;0;41710;0;N;531057;N;7;3026;0;R_PL-PH_1;20140312xWed;07_Beroun_N;Středočeský kraj;h00;6216;N
03-cd_01-ver_06-cap_03-lau2_07-day_00--_05-frt-1005_01-uni_00-n_00-n_02-rail_00--_00--_00-n;1005;0;41710;0;N;554782;N;8;3018;0;R_PL-PH_1;20140312xWed;08_Praha_N;Hlavní město Praha;h00;6878;N
03-cd_01-ver_06-cap_03-lau2_07-day_00--_05-frt-1005_01-uni_00-n_00-n_02-rail_00--_00--_00-n;1005;0;41711;0;N;554791;N;1;3042;0;R_PL-PH_1;20140313xThu;01_Plzeň_N;Plzeňský kraj;h00;6878;N
03-cd_01-ver_06-cap_03-lau2_07-day_00--_05-frt-1005_01-uni_00-n_00-n_02-rail_00--_00--_00-n;1005;0;41711;0;N;558966;N;2;3042;0;R_PL-PH_1;20140313xThu;02_Chrást_N;Plzeňský kraj;h00;331;N
03-cd_01-ver_06-cap_03-lau2_07-day_00--_05-frt-1005_01-uni_00-n_00-n_02-rail_00--_00--_00-n;1005;0;41711;0;N;559717;N;3;3042;0;R_PL-PH_1;20140313xThu;03_Rokycany_N;Plzeňský kraj;h00;6216;N
03-cd_01-ver_06-cap_03-lau2_07-day_00--_05-frt-1005_01-uni_00-n_00-n_02-rail_00--_00--_00-n;1005;0;41711;0;N;559903;N;4;3042;0;R_PL-PH_1;20140313xThu;04_Kařez_N;Plzeňský kraj;h00;2090;N
03-cd_01-ver_06-cap_03-lau2_07-day_00--_05-frt-1005_01-uni_00-n_00-n_02-rail_00--_00--_00-n;1005;0;41711;0;N;531189;N;5;3026;0;R_PL-PH_1;20140313xThu;05_Hořovice_N;Středočeský kraj;h00;6216;N
03-cd_01-ver_06-cap_03-lau2_07-day_00--_05-frt-1005_01-uni_00-n_00-n_02-rail_00--_00--_00-n;1005;0;41711;0;N;532011;N;6;3026;0;R_PL-PH_1;20140313xThu;06_Zdice_N;Středočeský kraj;h00;4035;N
03-cd_01-ver_06-cap_03-lau2_07-day_00--_05-frt-1005_01-uni_00-n_00-n_02-rail_00--_00--_00-n;1005;0;41711;0;N;531057;N;7;3026;0;R_PL-PH_1;20140313xThu;07_Beroun_N;Středočeský kraj;h00;6216;N
03-cd_01-ver_06-cap_03-lau2_07-day_00--_05-frt-1005_01-uni_00-n_00-n_02-rail_00--_00--_00-n;1005;0;41711;0;N;554782;N;8;3018;0;R_PL-PH_1;20140313xThu;08_Praha_N;Hlavní město Praha;h00;6878;N
03-cd_01-ver_06-cap_03-lau2_07-day_00--_05-frt-1005_01-uni_00-n_00-n_02-rail_00--_00--_00-n;1005;0;41712;0;N;554791;N;1;3042;0;R_PL-PH_1;20140314xFri;01_Plzeň_N;Plzeňský kraj;h00;7438;N
03-cd_01-ver_06-cap_03-lau2_07-day_00--_05-frt-1005_01-uni_00-n_00-n_02-rail_00--_00--_00-n;1005;0;41712;0;N;558966;N;2;3042;0;R_PL-PH_1;20140314xFri;02_Chrást_N;Plzeňský kraj;h00;331;N
03-cd_01-ver_06-cap_03-lau2_07-day_00--_05-frt-1005_01-uni_00-n_00-n_02-rail_00--_00--_00-n;1005;0;41712;0;N;559717;N;3;3042;0;R_PL-PH_1;20140314xFri;03_Rokycany_N;Plzeňský kraj;h00;6776;N
03-cd_01-ver_06-cap_03-lau2_07-day_00--_05-frt-1005_01-uni_00-n_00-n_02-rail_00--_00--_00-n;1005;0;41712;0;N;559903;N;4;3042;0;R_PL-PH_1;20140314xFri;04_Kařez_N;Plzeňský kraj;h00;2170;N
03-cd_01-ver_06-cap_03-lau2_07-day_00--_05-frt-1005_01-uni_00-n_00-n_02-rail_00--_00--_00-n;1005;0;41712;0;N;531189;N;5;3026;0;R_PL-PH_1;20140314xFri;05_Hořovice_N;Středočeský kraj;h00;6776;N
03-cd_01-ver_06-cap_03-lau2_07-day_00--_05-frt-1005_01-uni_00-n_00-n_02-rail_00--_00--_00-n;1005;0;41712;0;N;532011;N;6;3026;0;R_PL-PH_1;20140314xFri;06_Zdice_N;Středočeský kraj;h00;4435;N
03-cd_01-ver_06-cap_03-lau2_07-day_00--_05-frt-1005_01-uni_00-n_00-n_02-rail_00--_00--_00-n;1005;0;41712;0;N;531057;N;7;3026;0;R_PL-PH_1;20140314xFri;07_Beroun_N;Středočeský kraj;h00;6776;N
03-cd_01-ver_06-cap_03-lau2_07-day_00--_05-frt-1005_01-uni_00-n_00-n_02-rail_00--_00--_00-n;1005;0;41712;0;N;554782;N;8;3018;0;R_PL-PH_1;20140314xFri;08_Praha_N;Hlavní město Praha;h00;7438;N
03-cd_01-ver_06-cap_03-lau2_07-day_00--_05-frt-1005_01-uni_00-n_00-n_02-rail_00--_00--_00-n;1005;0;41713;0;N;554791;N;1;3042;0;R_PL-PH_1;20140315xSat;01_Plzeň_N;Plzeňský kraj;h00;6638;N
03-cd_01-ver_06-cap_03-lau2_07-day_00--_05-frt-1005_01-uni_00-n_00-n_02-rail_00--_00--_00-n;1005;0;41713;0;N;558966;N;2;3042;0;R_PL-PH_1;20140315xSat;02_Chrást_N;Plzeňský kraj;h00;331;N
03-cd_01-ver_06-cap_03-lau2_07-day_00--_05-frt-1005_01-uni_00-n_00-n_02-rail_00--_00--_00-n;1005;0;41713;0;N;559717;N;3;3042;0;R_PL-PH_1;20140315xSat;03_Rokycany_N;Plzeňský kraj;h00;5976;N
03-cd_01-ver_06-cap_03-lau2_07-day_00--_05-frt-1005_01-uni_00-n_00-n_02-rail_00--_00--_00-n;1005;0;41713;0;N;559903;N;4;3042;0;R_PL-PH_1;20140315xSat;04_Kařez_N;Plzeňský kraj;h00;2010;N
03-cd_01-ver_06-cap_03-lau2_07-day_00--_05-frt-1005_01-uni_00-n_00-n_02-rail_00--_00--_00-n;1005;0;41713;0;N;531189;N;5;3026;0;R_PL-PH_1;20140315xSat;05_Hořovice_N;Středočeský kraj;h00;5976;N
03-cd_01-ver_06-cap_03-lau2_07-day_00--_05-frt-1005_01-uni_00-n_00-n_02-rail_00--_00--_00-n;1005;0;41713;0;N;532011;N;6;3026;0;R_PL-PH_1;20140315xSat;06_Zdice_N;Středočeský kraj;h00;3875;N
03-cd_01-ver_06-cap_03-lau2_07-day_00--_05-frt-1005_01-uni_00-n_00-n_02-rail_00--_00--_00-n;1005;0;41713;0;N;531057;N;7;3026;0;R_PL-PH_1;20140315xSat;07_Beroun_N;Středočeský kraj;h00;5976;N
03-cd_01-ver_06-cap_03-lau2_07-day_00--_05-frt-1005_01-uni_00-n_00-n_02-rail_00--_00--_00-n;1005;0;41713;0;N;554782;N;8;3018;0;R_PL-PH_1;20140315xSat;08_Praha_N;Hlavní město Praha;h00;6638;N
03-cd_01-ver_06-cap_03-lau2_07-day_00--_05-frt-1005_01-uni_00-n_00-n_02-rail_00--_00--_00-n;1005;0;41714;0;N;554791;N;1;3042;0;R_PL-PH_1;20140316xSun;01_Plzeň_N;Plzeňský kraj;h00;6528;N
03-cd_01-ver_06-cap_03-lau2_07-day_00--_05-frt-1005_01-uni_00-n_00-n_02-rail_00--_00--_00-n;1005;0;41714;0;N;558966;N;2;3042;0;R_PL-PH_1;20140316xSun;02_Chrást_N;Plzeňský kraj;h00;331;N
03-cd_01-ver_06-cap_03-lau2_07-day_00--_05-frt-1005_01-uni_00-n_00-n_02-rail_00--_00--_00-n;1005;0;41714;0;N;559717;N;3;3042;0;R_PL-PH_1;20140316xSun;03_Rokycany_N;Plzeňský kraj;h00;5866;N
03-cd_01-ver_06-cap_03-lau2_07-day_00--_05-frt-1005_01-uni_00-n_00-n_02-rail_00--_00--_00-n;1005;0;41714;0;N;559903;N;4;3042;0;R_PL-PH_1;20140316xSun;04_Kařez_N;Plzeňský kraj;h00;1675;N
03-cd_01-ver_06-cap_03-lau2_07-day_00--_05-frt-1005_01-uni_00-n_00-n_02-rail_00--_00--_00-n;1005;0;41714;0;N;531189;N;5;3026;0;R_PL-PH_1;20140316xSun;05_Hořovice_N;Středočeský kraj;h00;5866;N
03-cd_01-ver_06-cap_03-lau2_07-day_00--_05-frt-1005_01-uni_00-n_00-n_02-rail_00--_00--_00-n;1005;0;41714;0;N;532011;N;6;3026;0;R_PL-PH_1;20140316xSun;06_Zdice_N;Středočeský kraj;h00;3605;N
03-cd_01-ver_06-cap_03-lau2_07-day_00--_05-frt-1005_01-uni_00-n_00-n_02-rail_00--_00--_00-n;1005;0;41714;0;N;531057;N;7;3026;0;R_PL-PH_1;20140316xSun;07_Beroun_N;Středočeský kraj;h00;5866;N
03-cd_01-ver_06-cap_03-lau2_07-day_00--_05-frt-1005_01-uni_00-n_00-n_02-rail_00--_00--_00-n;1005;0;41714;0;N;554782;N;8;3018;0;R_PL-PH_1;20140316xSun;08_Praha_N;Hlavní město Praha;h00;6528;N
03-cd_01-ver_06-cap_03-lau2_07-day_00--_05-frt-1005_01-uni_00-n_00-n_02-rail_00--_00--_00-n;1005;0;41715;0;N;554791;N;1;3042;0;R_PL-PH_1;20140317xMon;01_Plzeň_N;Plzeňský kraj;h00;6878;N
03-cd_01-ver_06-cap_03-lau2_07-day_00--_05-frt-1005_01-uni_00-n_00-n_02-rail_00--_00--_00-n;1005;0;41715;0;N;558966;N;2;3042;0;R_PL-PH_1;20140317xMon;02_Chrást_N;Plzeňský kraj;h00;331;N
03-cd_01-ver_06-cap_03-lau2_07-day_00--_05-frt-1005_01-uni_00-n_00-n_02-rail_00--_00--_00-n;1005;0;41715;0;N;559717;N;3;3042;0;R_PL-PH_1;20140317xMon;03_Rokycany_N;Plzeňský kraj;h00;6216;N
03-cd_01-ver_06-cap_03-lau2_07-day_00--_05-frt-1005_01-uni_00-n_00-n_02-rail_00--_00--_00-n;1005;0;41715;0;N;559903;N;4;3042;0;R_PL-PH_1;20140317xMon;04_Kařez_N;Plzeňský kraj;h00;2090;N
03-cd_01-ver_06-cap_03-lau2_07-day_00--_05-frt-1005_01-uni_00-n_00-n_02-rail_00--_00--_00-n;1005;0;41715;0;N;531189;N;5;3026;0;R_PL-PH_1;20140317xMon;05_Hořovice_N;Středočeský kraj;h00;6216;N
03-cd_01-ver_06-cap_03-lau2_07-day_00--_05-frt-1005_01-uni_00-n_00-n_02-rail_00--_00--_00-n;1005;0;41715;0;N;532011;N;6;3026;0;R_PL-PH_1;20140317xMon;06_Zdice_N;Středočeský kraj;h00;4035;N
03-cd_01-ver_06-cap_03-lau2_07-day_00--_05-frt-1005_01-uni_00-n_00-n_02-rail_00--_00--_00-n;1005;0;41715;0;N;531057;N;7;3026;0;R_PL-PH_1;20140317xMon;07_Beroun_N;Středočeský kraj;h00;6216;N
03-cd_01-ver_06-cap_03-lau2_07-day_00--_05-frt-1005_01-uni_00-n_00-n_02-rail_00--_00--_00-n;1005;0;41715;0;N;554782;N;8;3018;0;R_PL-PH_1;20140317xMon;08_Praha_N;Hlavní město Praha;h00;6878;N
03-cd_01-ver_06-cap_03-lau2_07-day_00--_05-frt-1005_01-uni_00-n_00-n_02-rail_00--_00--_00-n;1005;0;41716;0;N;554791;N;1;3042;0;R_PL-PH_1;20140318xTue;01_Plzeň_N;Plzeňský kraj;h00;6878;N
03-cd_01-ver_06-cap_03-lau2_07-day_00--_05-frt-1005_01-uni_00-n_00-n_02-rail_00--_00--_00-n;1005;0;41716;0;N;558966;N;2;3042;0;R_PL-PH_1;20140318xTue;02_Chrást_N;Plzeňský kraj;h00;331;N
03-cd_01-ver_06-cap_03-lau2_07-day_00--_05-frt-1005_01-uni_00-n_00-n_02-rail_00--_00--_00-n;1005;0;41716;0;N;559717;N;3;3042;0;R_PL-PH_1;20140318xTue;03_Rokycany_N;Plzeňský kraj;h00;6216;N
03-cd_01-ver_06-cap_03-lau2_07-day_00--_05-frt-1005_01-uni_00-n_00-n_02-rail_00--_00--_00-n;1005;0;41716;0;N;559903;N;4;3042;0;R_PL-PH_1;20140318xTue;04_Kařez_N;Plzeňský kraj;h00;2090;N
03-cd_01-ver_06-cap_03-lau2_07-day_00--_05-frt-1005_01-uni_00-n_00-n_02-rail_00--_00--_00-n;1005;0;41716;0;N;531189;N;5;3026;0;R_PL-PH_1;20140318xTue;05_Hořovice_N;Středočeský kraj;h00;6216;N
03-cd_01-ver_06-cap_03-lau2_07-day_00--_05-frt-1005_01-uni_00-n_00-n_02-rail_00--_00--_00-n;1005;0;41716;0;N;532011;N;6;3026;0;R_PL-PH_1;20140318xTue;06_Zdice_N;Středočeský kraj;h00;4035;N
03-cd_01-ver_06-cap_03-lau2_07-day_00--_05-frt-1005_01-uni_00-n_00-n_02-rail_00--_00--_00-n;1005;0;41716;0;N;531057;N;7;3026;0;R_PL-PH_1;20140318xTue;07_Beroun_N;Středočeský kraj;h00;6216;N
03-cd_01-ver_06-cap_03-lau2_07-day_00--_05-frt-1005_01-uni_00-n_00-n_02-rail_00--_00--_00-n;1005;0;41716;0;N;554782;N;8;3018;0;R_PL-PH_1;20140318xTue;08_Praha_N;Hlavní město Praha;h00;6878;N
03-cd_01-ver_06-cap_03-lau2_07-day_00--_05-frt-1005_01-uni_00-n_00-n_02-rail_00--_00--_00-n;1005;0;41717;0;N;554791;N;1;3042;0;R_PL-PH_1;20140319xWed;01_Plzeň_N;Plzeňský kraj;h00;6878;N
03-cd_01-ver_06-cap_03-lau2_07-day_00--_05-frt-1005_01-uni_00-n_00-n_02-rail_00--_00--_00-n;1005;0;41717;0;N;558966;N;2;3042;0;R_PL-PH_1;20140319xWed;02_Chrást_N;Plzeňský kraj;h00;331;N
03-cd_01-ver_06-cap_03-lau2_07-day_00--_05-frt-1005_01-uni_00-n_00-n_02-rail_00--_00--_00-n;1005;0;41717;0;N;559717;N;3;3042;0;R_PL-PH_1;20140319xWed;03_Rokycany_N;Plzeňský kraj;h00;6216;N
03-cd_01-ver_06-cap_03-lau2_07-day_00--_05-frt-1005_01-uni_00-n_00-n_02-rail_00--_00--_00-n;1005;0;41717;0;N;559903;N;4;3042;0;R_PL-PH_1;20140319xWed;04_Kařez_N;Plzeňský kraj;h00;2090;N
03-cd_01-ver_06-cap_03-lau2_07-day_00--_05-frt-1005_01-uni_00-n_00-n_02-rail_00--_00--_00-n;1005;0;41717;0;N;531189;N;5;3026;0;R_PL-PH_1;20140319xWed;05_Hořovice_N;Středočeský kraj;h00;6216;N
03-cd_01-ver_06-cap_03-lau2_07-day_00--_05-frt-1005_01-uni_00-n_00-n_02-rail_00--_00--_00-n;1005;0;41717;0;N;532011;N;6;3026;0;R_PL-PH_1;20140319xWed;06_Zdice_N;Středočeský kraj;h00;4035;N
03-cd_01-ver_06-cap_03-lau2_07-day_00--_05-frt-1005_01-uni_00-n_00-n_02-rail_00--_00--_00-n;1005;0;41717;0;N;531057;N;7;3026;0;R_PL-PH_1;20140319xWed;07_Beroun_N;Středočeský kraj;h00;6216;N
03-cd_01-ver_06-cap_03-lau2_07-day_00--_05-frt-1005_01-uni_00-n_00-n_02-rail_00--_00--_00-n;1005;0;41717;0;N;554782;N;8;3018;0;R_PL-PH_1;20140319xWed;08_Praha_N;Hlavní město Praha;h00;6878;N
03-cd_01-ver_06-cap_03-lau2_07-day_00--_05-frt-1005_01-uni_00-n_00-n_02-rail_00--_00--_00-n;1005;0;41718;0;N;554791;N;1;3042;0;R_PL-PH_1;20140320xThu;01_Plzeň_N;Plzeňský kraj;h00;6878;N
03-cd_01-ver_06-cap_03-lau2_07-day_00--_05-frt-1005_01-uni_00-n_00-n_02-rail_00--_00--_00-n;1005;0;41718;0;N;558966;N;2;3042;0;R_PL-PH_1;20140320xThu;02_Chrást_N;Plzeňský kraj;h00;331;N
03-cd_01-ver_06-cap_03-lau2_07-day_00--_05-frt-1005_01-uni_00-n_00-n_02-rail_00--_00--_00-n;1005;0;41718;0;N;559717;N;3;3042;0;R_PL-PH_1;20140320xThu;03_Rokycany_N;Plzeňský kraj;h00;6216;N
03-cd_01-ver_06-cap_03-lau2_07-day_00--_05-frt-1005_01-uni_00-n_00-n_02-rail_00--_00--_00-n;1005;0;41718;0;N;559903;N;4;3042;0;R_PL-PH_1;20140320xThu;04_Kařez_N;Plzeňský kraj;h00;2090;N
03-cd_01-ver_06-cap_03-lau2_07-day_00--_05-frt-1005_01-uni_00-n_00-n_02-rail_00--_00--_00-n;1005;0;41718;0;N;531189;N;5;3026;0;R_PL-PH_1;20140320xThu;05_Hořovice_N;Středočeský kraj;h00;6216;N
03-cd_01-ver_06-cap_03-lau2_07-day_00--_05-frt-1005_01-uni_00-n_00-n_02-rail_00--_00--_00-n;1005;0;41718;0;N;532011;N;6;3026;0;R_PL-PH_1;20140320xThu;06_Zdice_N;Středočeský kraj;h00;4035;N
03-cd_01-ver_06-cap_03-lau2_07-day_00--_05-frt-1005_01-uni_00-n_00-n_02-rail_00--_00--_00-n;1005;0;41718;0;N;531057;N;7;3026;0;R_PL-PH_1;20140320xThu;07_Beroun_N;Středočeský kraj;h00;6216;N
03-cd_01-ver_06-cap_03-lau2_07-day_00--_05-frt-1005_01-uni_00-n_00-n_02-rail_00--_00--_00-n;1005;0;41718;0;N;554782;N;8;3018;0;R_PL-PH_1;20140320xThu;08_Praha_N;Hlavní město Praha;h00;6878;N
03-cd_01-ver_06-cap_03-lau2_07-day_00--_05-frt-1005_01-uni_00-n_00-n_02-rail_00--_00--_00-n;1005;0;41719;0;N;554791;N;1;3042;0;R_PL-PH_1;20140321xFri;01_Plzeň_N;Plzeňský kraj;h00;7438;N
03-cd_01-ver_06-cap_03-lau2_07-day_00--_05-frt-1005_01-uni_00-n_00-n_02-rail_00--_00--_00-n;1005;0;41719;0;N;558966;N;2;3042;0;R_PL-PH_1;20140321xFri;02_Chrást_N;Plzeňský kraj;h00;331;N
03-cd_01-ver_06-cap_03-lau2_07-day_00--_05-frt-1005_01-uni_00-n_00-n_02-rail_00--_00--_00-n;1005;0;41719;0;N;559717;N;3;3042;0;R_PL-PH_1;20140321xFri;03_Rokycany_N;Plzeňský kraj;h00;6776;N
03-cd_01-ver_06-cap_03-lau2_07-day_00--_05-frt-1005_01-uni_00-n_00-n_02-rail_00--_00--_00-n;1005;0;41719;0;N;559903;N;4;3042;0;R_PL-PH_1;20140321xFri;04_Kařez_N;Plzeňský kraj;h00;2170;N
03-cd_01-ver_06-cap_03-lau2_07-day_00--_05-frt-1005_01-uni_00-n_00-n_02-rail_00--_00--_00-n;1005;0;41719;0;N;531189;N;5;3026;0;R_PL-PH_1;20140321xFri;05_Hořovice_N;Středočeský kraj;h00;6776;N
03-cd_01-ver_06-cap_03-lau2_07-day_00--_05-frt-1005_01-uni_00-n_00-n_02-rail_00--_00--_00-n;1005;0;41719;0;N;532011;N;6;3026;0;R_PL-PH_1;20140321xFri;06_Zdice_N;Středočeský kraj;h00;4435;N
03-cd_01-ver_06-cap_03-lau2_07-day_00--_05-frt-1005_01-uni_00-n_00-n_02-rail_00--_00--_00-n;1005;0;41719;0;N;531057;N;7;3026;0;R_PL-PH_1;20140321xFri;07_Beroun_N;Středočeský kraj;h00;6776;N
03-cd_01-ver_06-cap_03-lau2_07-day_00--_05-frt-1005_01-uni_00-n_00-n_02-rail_00--_00--_00-n;1005;0;41719;0;N;554782;N;8;3018;0;R_PL-PH_1;20140321xFri;08_Praha_N;Hlavní město Praha;h00;7438;N
03-cd_01-ver_06-cap_03-lau2_07-day_00--_05-frt-1005_01-uni_00-n_00-n_02-rail_00--_00--_00-n;1005;0;41720;0;N;554791;N;1;3042;0;R_PL-PH_1;20140322xSat;01_Plzeň_N;Plzeňský kraj;h00;6638;N
03-cd_01-ver_06-cap_03-lau2_07-day_00--_05-frt-1005_01-uni_00-n_00-n_02-rail_00--_00--_00-n;1005;0;41720;0;N;558966;N;2;3042;0;R_PL-PH_1;20140322xSat;02_Chrást_N;Plzeňský kraj;h00;331;N
03-cd_01-ver_06-cap_03-lau2_07-day_00--_05-frt-1005_01-uni_00-n_00-n_02-rail_00--_00--_00-n;1005;0;41720;0;N;559717;N;3;3042;0;R_PL-PH_1;20140322xSat;03_Rokycany_N;Plzeňský kraj;h00;5976;N
03-cd_01-ver_06-cap_03-lau2_07-day_00--_05-frt-1005_01-uni_00-n_00-n_02-rail_00--_00--_00-n;1005;0;41720;0;N;559903;N;4;3042;0;R_PL-PH_1;20140322xSat;04_Kařez_N;Plzeňský kraj;h00;2010;N
03-cd_01-ver_06-cap_03-lau2_07-day_00--_05-frt-1005_01-uni_00-n_00-n_02-rail_00--_00--_00-n;1005;0;41720;0;N;531189;N;5;3026;0;R_PL-PH_1;20140322xSat;05_Hořovice_N;Středočeský kraj;h00;5976;N
03-cd_01-ver_06-cap_03-lau2_07-day_00--_05-frt-1005_01-uni_00-n_00-n_02-rail_00--_00--_00-n;1005;0;41720;0;N;532011;N;6;3026;0;R_PL-PH_1;20140322xSat;06_Zdice_N;Středočeský kraj;h00;3875;N
03-cd_01-ver_06-cap_03-lau2_07-day_00--_05-frt-1005_01-uni_00-n_00-n_02-rail_00--_00--_00-n;1005;0;41720;0;N;531057;N;7;3026;0;R_PL-PH_1;20140322xSat;07_Beroun_N;Středočeský kraj;h00;5976;N
03-cd_01-ver_06-cap_03-lau2_07-day_00--_05-frt-1005_01-uni_00-n_00-n_02-rail_00--_00--_00-n;1005;0;41720;0;N;554782;N;8;3018;0;R_PL-PH_1;20140322xSat;08_Praha_N;Hlavní město Praha;h00;6638;N
03-cd_01-ver_06-cap_03-lau2_07-day_00--_05-frt-1005_01-uni_00-n_00-n_02-rail_00--_00--_00-n;1005;0;41721;0;N;554791;N;1;3042;0;R_PL-PH_1;20140323xSun;01_Plzeň_N;Plzeňský kraj;h00;6528;N
03-cd_01-ver_06-cap_03-lau2_07-day_00--_05-frt-1005_01-uni_00-n_00-n_02-rail_00--_00--_00-n;1005;0;41721;0;N;558966;N;2;3042;0;R_PL-PH_1;20140323xSun;02_Chrást_N;Plzeňský kraj;h00;331;N
03-cd_01-ver_06-cap_03-lau2_07-day_00--_05-frt-1005_01-uni_00-n_00-n_02-rail_00--_00--_00-n;1005;0;41721;0;N;559717;N;3;3042;0;R_PL-PH_1;20140323xSun;03_Rokycany_N;Plzeňský kraj;h00;5866;N
03-cd_01-ver_06-cap_03-lau2_07-day_00--_05-frt-1005_01-uni_00-n_00-n_02-rail_00--_00--_00-n;1005;0;41721;0;N;559903;N;4;3042;0;R_PL-PH_1;20140323xSun;04_Kařez_N;Plzeňský kraj;h00;1675;N
03-cd_01-ver_06-cap_03-lau2_07-day_00--_05-frt-1005_01-uni_00-n_00-n_02-rail_00--_00--_00-n;1005;0;41721;0;N;531189;N;5;3026;0;R_PL-PH_1;20140323xSun;05_Hořovice_N;Středočeský kraj;h00;5866;N
03-cd_01-ver_06-cap_03-lau2_07-day_00--_05-frt-1005_01-uni_00-n_00-n_02-rail_00--_00--_00-n;1005;0;41721;0;N;532011;N;6;3026;0;R_PL-PH_1;20140323xSun;06_Zdice_N;Středočeský kraj;h00;3605;N
03-cd_01-ver_06-cap_03-lau2_07-day_00--_05-frt-1005_01-uni_00-n_00-n_02-rail_00--_00--_00-n;1005;0;41721;0;N;531057;N;7;3026;0;R_PL-PH_1;20140323xSun;07_Beroun_N;Středočeský kraj;h00;5866;N
03-cd_01-ver_06-cap_03-lau2_07-day_00--_05-frt-1005_01-uni_00-n_00-n_02-rail_00--_00--_00-n;1005;0;41721;0;N;554782;N;8;3018;0;R_PL-PH_1;20140323xSun;08_Praha_N;Hlavní město Praha;h00;6528;N
03-cd_01-ver_06-cap_03-lau2_07-day_00--_05-frt-1005_01-uni_00-n_00-n_02-rail_00--_00--_00-n;1005;0;41722;0;N;554791;N;1;3042;0;R_PL-PH_1;20140324xMon;01_Plzeň_N;Plzeňský kraj;h00;6878;N
03-cd_01-ver_06-cap_03-lau2_07-day_00--_05-frt-1005_01-uni_00-n_00-n_02-rail_00--_00--_00-n;1005;0;41722;0;N;558966;N;2;3042;0;R_PL-PH_1;20140324xMon;02_Chrást_N;Plzeňský kraj;h00;331;N
03-cd_01-ver_06-cap_03-lau2_07-day_00--_05-frt-1005_01-uni_00-n_00-n_02-rail_00--_00--_00-n;1005;0;41722;0;N;559717;N;3;3042;0;R_PL-PH_1;20140324xMon;03_Rokycany_N;Plzeňský kraj;h00;6216;N
03-cd_01-ver_06-cap_03-lau2_07-day_00--_05-frt-1005_01-uni_00-n_00-n_02-rail_00--_00--_00-n;1005;0;41722;0;N;559903;N;4;3042;0;R_PL-PH_1;20140324xMon;04_Kařez_N;Plzeňský kraj;h00;2090;N
03-cd_01-ver_06-cap_03-lau2_07-day_00--_05-frt-1005_01-uni_00-n_00-n_02-rail_00--_00--_00-n;1005;0;41722;0;N;531189;N;5;3026;0;R_PL-PH_1;20140324xMon;05_Hořovice_N;Středočeský kraj;h00;6216;N
03-cd_01-ver_06-cap_03-lau2_07-day_00--_05-frt-1005_01-uni_00-n_00-n_02-rail_00--_00--_00-n;1005;0;41722;0;N;532011;N;6;3026;0;R_PL-PH_1;20140324xMon;06_Zdice_N;Středočeský kraj;h00;4035;N
03-cd_01-ver_06-cap_03-lau2_07-day_00--_05-frt-1005_01-uni_00-n_00-n_02-rail_00--_00--_00-n;1005;0;41722;0;N;531057;N;7;3026;0;R_PL-PH_1;20140324xMon;07_Beroun_N;Středočeský kraj;h00;6216;N
03-cd_01-ver_06-cap_03-lau2_07-day_00--_05-frt-1005_01-uni_00-n_00-n_02-rail_00--_00--_00-n;1005;0;41722;0;N;554782;N;8;3018;0;R_PL-PH_1;20140324xMon;08_Praha_N;Hlavní město Praha;h00;6878;N
03-cd_01-ver_06-cap_03-lau2_07-day_00--_05-frt-1005_01-uni_00-n_00-n_02-rail_00--_00--_00-n;1005;0;41723;0;N;554791;N;1;3042;0;R_PL-PH_1;20140325xTue;01_Plzeň_N;Plzeňský kraj;h00;6878;N
03-cd_01-ver_06-cap_03-lau2_07-day_00--_05-frt-1005_01-uni_00-n_00-n_02-rail_00--_00--_00-n;1005;0;41723;0;N;558966;N;2;3042;0;R_PL-PH_1;20140325xTue;02_Chrást_N;Plzeňský kraj;h00;331;N
03-cd_01-ver_06-cap_03-lau2_07-day_00--_05-frt-1005_01-uni_00-n_00-n_02-rail_00--_00--_00-n;1005;0;41723;0;N;559717;N;3;3042;0;R_PL-PH_1;20140325xTue;03_Rokycany_N;Plzeňský kraj;h00;6216;N
03-cd_01-ver_06-cap_03-lau2_07-day_00--_05-frt-1005_01-uni_00-n_00-n_02-rail_00--_00--_00-n;1005;0;41723;0;N;559903;N;4;3042;0;R_PL-PH_1;20140325xTue;04_Kařez_N;Plzeňský kraj;h00;2090;N
03-cd_01-ver_06-cap_03-lau2_07-day_00--_05-frt-1005_01-uni_00-n_00-n_02-rail_00--_00--_00-n;1005;0;41723;0;N;531189;N;5;3026;0;R_PL-PH_1;20140325xTue;05_Hořovice_N;Středočeský kraj;h00;6216;N
03-cd_01-ver_06-cap_03-lau2_07-day_00--_05-frt-1005_01-uni_00-n_00-n_02-rail_00--_00--_00-n;1005;0;41723;0;N;532011;N;6;3026;0;R_PL-PH_1;20140325xTue;06_Zdice_N;Středočeský kraj;h00;4035;N
03-cd_01-ver_06-cap_03-lau2_07-day_00--_05-frt-1005_01-uni_00-n_00-n_02-rail_00--_00--_00-n;1005;0;41723;0;N;531057;N;7;3026;0;R_PL-PH_1;20140325xTue;07_Beroun_N;Středočeský kraj;h00;6216;N
03-cd_01-ver_06-cap_03-lau2_07-day_00--_05-frt-1005_01-uni_00-n_00-n_02-rail_00--_00--_00-n;1005;0;41723;0;N;554782;N;8;3018;0;R_PL-PH_1;20140325xTue;08_Praha_N;Hlavní město Praha;h00;6878;N
03-cd_01-ver_06-cap_03-lau2_07-day_00--_05-frt-1005_01-uni_00-n_00-n_02-rail_00--_00--_00-n;1005;0;41724;0;N;554791;N;1;3042;0;R_PL-PH_1;20140326xWed;01_Plzeň_N;Plzeňský kraj;h00;6878;N
03-cd_01-ver_06-cap_03-lau2_07-day_00--_05-frt-1005_01-uni_00-n_00-n_02-rail_00--_00--_00-n;1005;0;41724;0;N;558966;N;2;3042;0;R_PL-PH_1;20140326xWed;02_Chrást_N;Plzeňský kraj;h00;331;N
03-cd_01-ver_06-cap_03-lau2_07-day_00--_05-frt-1005_01-uni_00-n_00-n_02-rail_00--_00--_00-n;1005;0;41724;0;N;559717;N;3;3042;0;R_PL-PH_1;20140326xWed;03_Rokycany_N;Plzeňský kraj;h00;6216;N
03-cd_01-ver_06-cap_03-lau2_07-day_00--_05-frt-1005_01-uni_00-n_00-n_02-rail_00--_00--_00-n;1005;0;41724;0;N;559903;N;4;3042;0;R_PL-PH_1;20140326xWed;04_Kařez_N;Plzeňský kraj;h00;2090;N
03-cd_01-ver_06-cap_03-lau2_07-day_00--_05-frt-1005_01-uni_00-n_00-n_02-rail_00--_00--_00-n;1005;0;41724;0;N;531189;N;5;3026;0;R_PL-PH_1;20140326xWed;05_Hořovice_N;Středočeský kraj;h00;6216;N
03-cd_01-ver_06-cap_03-lau2_07-day_00--_05-frt-1005_01-uni_00-n_00-n_02-rail_00--_00--_00-n;1005;0;41724;0;N;532011;N;6;3026;0;R_PL-PH_1;20140326xWed;06_Zdice_N;Středočeský kraj;h00;4035;N
03-cd_01-ver_06-cap_03-lau2_07-day_00--_05-frt-1005_01-uni_00-n_00-n_02-rail_00--_00--_00-n;1005;0;41724;0;N;531057;N;7;3026;0;R_PL-PH_1;20140326xWed;07_Beroun_N;Středočeský kraj;h00;6216;N
03-cd_01-ver_06-cap_03-lau2_07-day_00--_05-frt-1005_01-uni_00-n_00-n_02-rail_00--_00--_00-n;1005;0;41724;0;N;554782;N;8;3018;0;R_PL-PH_1;20140326xWed;08_Praha_N;Hlavní město Praha;h00;6878;N
