03-cd_01-ver_05-get_03-lau2_07-day_00--_01-frt-1001_01-sng_00-n_00-n_02-rail_00-n_00-n_02-kamp-cd;1001;0;41710;0;N;582786;N;1;3115;0;EC_BR-PH_2;20140312xWed;1_Brno;Jihomoravský kraj;h00;0;0
03-cd_01-ver_05-get_03-lau2_07-day_00--_01-frt-1001_01-sng_00-n_00-n_02-rail_00-n_00-n_02-kamp-cd;1001;0;41710;0;N;580031;N;2;3093;0;EC_BR-PH_2;20140312xWed;2_Česká Třebová;Pardubický kraj;h00;0;0
03-cd_01-ver_05-get_03-lau2_07-day_00--_01-frt-1001_01-sng_00-n_00-n_02-rail_00-n_00-n_02-kamp-cd;1001;0;41710;0;N;555134;N;3;3093;0;EC_BR-PH_2;20140312xWed;3_Pardubice;Pardubický kraj;h00;0;0
03-cd_01-ver_05-get_03-lau2_07-day_00--_01-frt-1001_01-sng_00-n_00-n_02-rail_00-n_00-n_02-kamp-cd;1001;0;41710;0;N;533165;N;4;3026;0;EC_BR-PH_2;20140312xWed;4_Kolín;Středočeský kraj;h00;0;0
03-cd_01-ver_05-get_03-lau2_07-day_00--_01-frt-1001_01-sng_00-n_00-n_02-rail_00-n_00-n_02-kamp-cd;1001;0;41710;0;N;554782;N;5;3018;0;EC_BR-PH_2;20140312xWed;5_Praha;Hlavní město Praha;h00;0;0
03-cd_01-ver_05-get_03-lau2_07-day_00--_01-frt-1001_01-sng_00-n_00-n_02-rail_00-n_00-n_02-kamp-cd;1001;0;41711;0;N;582786;N;1;3115;0;EC_BR-PH_2;20140313xThu;1_Brno;Jihomoravský kraj;h00;0;0
03-cd_01-ver_05-get_03-lau2_07-day_00--_01-frt-1001_01-sng_00-n_00-n_02-rail_00-n_00-n_02-kamp-cd;1001;0;41711;0;N;580031;N;2;3093;0;EC_BR-PH_2;20140313xThu;2_Česká Třebová;Pardubický kraj;h00;0;0
03-cd_01-ver_05-get_03-lau2_07-day_00--_01-frt-1001_01-sng_00-n_00-n_02-rail_00-n_00-n_02-kamp-cd;1001;0;41711;0;N;555134;N;3;3093;0;EC_BR-PH_2;20140313xThu;3_Pardubice;Pardubický kraj;h00;0;0
03-cd_01-ver_05-get_03-lau2_07-day_00--_01-frt-1001_01-sng_00-n_00-n_02-rail_00-n_00-n_02-kamp-cd;1001;0;41711;0;N;533165;N;4;3026;0;EC_BR-PH_2;20140313xThu;4_Kolín;Středočeský kraj;h00;0;0
03-cd_01-ver_05-get_03-lau2_07-day_00--_01-frt-1001_01-sng_00-n_00-n_02-rail_00-n_00-n_02-kamp-cd;1001;0;41711;0;N;554782;N;5;3018;0;EC_BR-PH_2;20140313xThu;5_Praha;Hlavní město Praha;h00;0;0
03-cd_01-ver_05-get_03-lau2_07-day_00--_01-frt-1001_01-sng_00-n_00-n_02-rail_00-n_00-n_02-kamp-cd;1001;0;41712;0;N;582786;N;1;3115;0;EC_BR-PH_2;20140314xFri;1_Brno;Jihomoravský kraj;h00;1954;0
03-cd_01-ver_05-get_03-lau2_07-day_00--_01-frt-1001_01-sng_00-n_00-n_02-rail_00-n_00-n_02-kamp-cd;1001;0;41712;0;N;580031;N;2;3093;0;EC_BR-PH_2;20140314xFri;2_Česká Třebová;Pardubický kraj;h00;416;531
03-cd_01-ver_05-get_03-lau2_07-day_00--_01-frt-1001_01-sng_00-n_00-n_02-rail_00-n_00-n_02-kamp-cd;1001;0;41712;0;N;555134;N;3;3093;0;EC_BR-PH_2;20140314xFri;3_Pardubice;Pardubický kraj;h00;827;838
03-cd_01-ver_05-get_03-lau2_07-day_00--_01-frt-1001_01-sng_00-n_00-n_02-rail_00-n_00-n_02-kamp-cd;1001;0;41712;0;N;533165;N;4;3026;0;EC_BR-PH_2;20140314xFri;4_Kolín;Středočeský kraj;h00;213;325
03-cd_01-ver_05-get_03-lau2_07-day_00--_01-frt-1001_01-sng_00-n_00-n_02-rail_00-n_00-n_02-kamp-cd;1001;0;41712;0;N;554782;N;5;3018;0;EC_BR-PH_2;20140314xFri;5_Praha;Hlavní město Praha;h00;0;3594
03-cd_01-ver_05-get_03-lau2_07-day_00--_01-frt-1001_01-sng_00-n_00-n_02-rail_00-n_00-n_02-kamp-cd;1001;0;41713;0;N;582786;N;1;3115;0;EC_BR-PH_2;20140315xSat;1_Brno;Jihomoravský kraj;h00;1082;0
03-cd_01-ver_05-get_03-lau2_07-day_00--_01-frt-1001_01-sng_00-n_00-n_02-rail_00-n_00-n_02-kamp-cd;1001;0;41713;0;N;580031;N;2;3093;0;EC_BR-PH_2;20140315xSat;2_Česká Třebová;Pardubický kraj;h00;269;327
03-cd_01-ver_05-get_03-lau2_07-day_00--_01-frt-1001_01-sng_00-n_00-n_02-rail_00-n_00-n_02-kamp-cd;1001;0;41713;0;N;555134;N;3;3093;0;EC_BR-PH_2;20140315xSat;3_Pardubice;Pardubický kraj;h00;476;405
03-cd_01-ver_05-get_03-lau2_07-day_00--_01-frt-1001_01-sng_00-n_00-n_02-rail_00-n_00-n_02-kamp-cd;1001;0;41713;0;N;533165;N;4;3026;0;EC_BR-PH_2;20140315xSat;4_Kolín;Středočeský kraj;h00;110;166
03-cd_01-ver_05-get_03-lau2_07-day_00--_01-frt-1001_01-sng_00-n_00-n_02-rail_00-n_00-n_02-kamp-cd;1001;0;41713;0;N;554782;N;5;3018;0;EC_BR-PH_2;20140315xSat;5_Praha;Hlavní město Praha;h00;0;1669
03-cd_01-ver_05-get_03-lau2_07-day_00--_01-frt-1001_01-sng_00-n_00-n_02-rail_00-n_00-n_02-kamp-cd;1001;0;41714;0;N;582786;N;1;3115;0;EC_BR-PH_2;20140316xSun;1_Brno;Jihomoravský kraj;h00;1572;0
03-cd_01-ver_05-get_03-lau2_07-day_00--_01-frt-1001_01-sng_00-n_00-n_02-rail_00-n_00-n_02-kamp-cd;1001;0;41714;0;N;580031;N;2;3093;0;EC_BR-PH_2;20140316xSun;2_Česká Třebová;Pardubický kraj;h00;356;278
03-cd_01-ver_05-get_03-lau2_07-day_00--_01-frt-1001_01-sng_00-n_00-n_02-rail_00-n_00-n_02-kamp-cd;1001;0;41714;0;N;555134;N;3;3093;0;EC_BR-PH_2;20140316xSun;3_Pardubice;Pardubický kraj;h00;887;573
03-cd_01-ver_05-get_03-lau2_07-day_00--_01-frt-1001_01-sng_00-n_00-n_02-rail_00-n_00-n_02-kamp-cd;1001;0;41714;0;N;533165;N;4;3026;0;EC_BR-PH_2;20140316xSun;4_Kolín;Středočeský kraj;h00;129;336
03-cd_01-ver_05-get_03-lau2_07-day_00--_01-frt-1001_01-sng_00-n_00-n_02-rail_00-n_00-n_02-kamp-cd;1001;0;41714;0;N;554782;N;5;3018;0;EC_BR-PH_2;20140316xSun;5_Praha;Hlavní město Praha;h00;0;3344
03-cd_01-ver_05-get_03-lau2_07-day_00--_01-frt-1001_01-sng_00-n_00-n_02-rail_00-n_00-n_02-kamp-cd;1001;0;41715;0;N;582786;N;1;3115;0;EC_BR-PH_2;20140317xMon;1_Brno;Jihomoravský kraj;h00;1102;0
03-cd_01-ver_05-get_03-lau2_07-day_00--_01-frt-1001_01-sng_00-n_00-n_02-rail_00-n_00-n_02-kamp-cd;1001;0;41715;0;N;580031;N;2;3093;0;EC_BR-PH_2;20140317xMon;2_Česká Třebová;Pardubický kraj;h00;334;321
03-cd_01-ver_05-get_03-lau2_07-day_00--_01-frt-1001_01-sng_00-n_00-n_02-rail_00-n_00-n_02-kamp-cd;1001;0;41715;0;N;555134;N;3;3093;0;EC_BR-PH_2;20140317xMon;3_Pardubice;Pardubický kraj;h00;995;698
03-cd_01-ver_05-get_03-lau2_07-day_00--_01-frt-1001_01-sng_00-n_00-n_02-rail_00-n_00-n_02-kamp-cd;1001;0;41715;0;N;533165;N;4;3026;0;EC_BR-PH_2;20140317xMon;4_Kolín;Středočeský kraj;h00;156;250
03-cd_01-ver_05-get_03-lau2_07-day_00--_01-frt-1001_01-sng_00-n_00-n_02-rail_00-n_00-n_02-kamp-cd;1001;0;41715;0;N;554782;N;5;3018;0;EC_BR-PH_2;20140317xMon;5_Praha;Hlavní město Praha;h00;0;2445
03-cd_01-ver_05-get_03-lau2_07-day_00--_01-frt-1001_01-sng_00-n_00-n_02-rail_00-n_00-n_02-kamp-cd;1001;0;41716;0;N;582786;N;1;3115;0;EC_BR-PH_2;20140318xTue;1_Brno;Jihomoravský kraj;h00;1178;0
03-cd_01-ver_05-get_03-lau2_07-day_00--_01-frt-1001_01-sng_00-n_00-n_02-rail_00-n_00-n_02-kamp-cd;1001;0;41716;0;N;580031;N;2;3093;0;EC_BR-PH_2;20140318xTue;2_Česká Třebová;Pardubický kraj;h00;290;261
03-cd_01-ver_05-get_03-lau2_07-day_00--_01-frt-1001_01-sng_00-n_00-n_02-rail_00-n_00-n_02-kamp-cd;1001;0;41716;0;N;555134;N;3;3093;0;EC_BR-PH_2;20140318xTue;3_Pardubice;Pardubický kraj;h00;782;505
03-cd_01-ver_05-get_03-lau2_07-day_00--_01-frt-1001_01-sng_00-n_00-n_02-rail_00-n_00-n_02-kamp-cd;1001;0;41716;0;N;533165;N;4;3026;0;EC_BR-PH_2;20140318xTue;4_Kolín;Středočeský kraj;h00;131;217
03-cd_01-ver_05-get_03-lau2_07-day_00--_01-frt-1001_01-sng_00-n_00-n_02-rail_00-n_00-n_02-kamp-cd;1001;0;41716;0;N;554782;N;5;3018;0;EC_BR-PH_2;20140318xTue;5_Praha;Hlavní město Praha;h00;0;2051
03-cd_01-ver_05-get_03-lau2_07-day_00--_01-frt-1001_01-sng_00-n_00-n_02-rail_00-n_00-n_02-kamp-cd;1001;0;41717;0;N;582786;N;1;3115;0;EC_BR-PH_2;20140319xWed;1_Brno;Jihomoravský kraj;h00;1280;0
03-cd_01-ver_05-get_03-lau2_07-day_00--_01-frt-1001_01-sng_00-n_00-n_02-rail_00-n_00-n_02-kamp-cd;1001;0;41717;0;N;580031;N;2;3093;0;EC_BR-PH_2;20140319xWed;2_Česká Třebová;Pardubický kraj;h00;186;277
03-cd_01-ver_05-get_03-lau2_07-day_00--_01-frt-1001_01-sng_00-n_00-n_02-rail_00-n_00-n_02-kamp-cd;1001;0;41717;0;N;555134;N;3;3093;0;EC_BR-PH_2;20140319xWed;3_Pardubice;Pardubický kraj;h00;415;500
03-cd_01-ver_05-get_03-lau2_07-day_00--_01-frt-1001_01-sng_00-n_00-n_02-rail_00-n_00-n_02-kamp-cd;1001;0;41717;0;N;533165;N;4;3026;0;EC_BR-PH_2;20140319xWed;4_Kolín;Středočeský kraj;h00;101;156
03-cd_01-ver_05-get_03-lau2_07-day_00--_01-frt-1001_01-sng_00-n_00-n_02-rail_00-n_00-n_02-kamp-cd;1001;0;41717;0;N;554782;N;5;3018;0;EC_BR-PH_2;20140319xWed;5_Praha;Hlavní město Praha;h00;0;1653
03-cd_01-ver_05-get_03-lau2_07-day_00--_01-frt-1001_01-sng_00-n_00-n_02-rail_00-n_00-n_02-kamp-cd;1001;0;41718;0;N;582786;N;1;3115;0;EC_BR-PH_2;20140320xThu;1_Brno;Jihomoravský kraj;h00;1952;0
03-cd_01-ver_05-get_03-lau2_07-day_00--_01-frt-1001_01-sng_00-n_00-n_02-rail_00-n_00-n_02-kamp-cd;1001;0;41718;0;N;580031;N;2;3093;0;EC_BR-PH_2;20140320xThu;2_Česká Třebová;Pardubický kraj;h00;394;477
03-cd_01-ver_05-get_03-lau2_07-day_00--_01-frt-1001_01-sng_00-n_00-n_02-rail_00-n_00-n_02-kamp-cd;1001;0;41718;0;N;555134;N;3;3093;0;EC_BR-PH_2;20140320xThu;3_Pardubice;Pardubický kraj;h00;598;677
03-cd_01-ver_05-get_03-lau2_07-day_00--_01-frt-1001_01-sng_00-n_00-n_02-rail_00-n_00-n_02-kamp-cd;1001;0;41718;0;N;533165;N;4;3026;0;EC_BR-PH_2;20140320xThu;4_Kolín;Středočeský kraj;h00;144;301
03-cd_01-ver_05-get_03-lau2_07-day_00--_01-frt-1001_01-sng_00-n_00-n_02-rail_00-n_00-n_02-kamp-cd;1001;0;41718;0;N;554782;N;5;3018;0;EC_BR-PH_2;20140320xThu;5_Praha;Hlavní město Praha;h00;0;2436
03-cd_01-ver_05-get_03-lau2_07-day_00--_01-frt-1001_01-sng_00-n_00-n_02-rail_00-n_00-n_02-kamp-cd;1001;0;41719;0;N;582786;N;1;3115;0;EC_BR-PH_2;20140321xFri;1_Brno;Jihomoravský kraj;h00;2075;0
03-cd_01-ver_05-get_03-lau2_07-day_00--_01-frt-1001_01-sng_00-n_00-n_02-rail_00-n_00-n_02-kamp-cd;1001;0;41719;0;N;580031;N;2;3093;0;EC_BR-PH_2;20140321xFri;2_Česká Třebová;Pardubický kraj;h00;489;624
03-cd_01-ver_05-get_03-lau2_07-day_00--_01-frt-1001_01-sng_00-n_00-n_02-rail_00-n_00-n_02-kamp-cd;1001;0;41719;0;N;555134;N;3;3093;0;EC_BR-PH_2;20140321xFri;3_Pardubice;Pardubický kraj;h00;859;1119
03-cd_01-ver_05-get_03-lau2_07-day_00--_01-frt-1001_01-sng_00-n_00-n_02-rail_00-n_00-n_02-kamp-cd;1001;0;41719;0;N;533165;N;4;3026;0;EC_BR-PH_2;20140321xFri;4_Kolín;Středočeský kraj;h00;149;261
03-cd_01-ver_05-get_03-lau2_07-day_00--_01-frt-1001_01-sng_00-n_00-n_02-rail_00-n_00-n_02-kamp-cd;1001;0;41719;0;N;554782;N;5;3018;0;EC_BR-PH_2;20140321xFri;5_Praha;Hlavní město Praha;h00;0;2560
03-cd_01-ver_05-get_03-lau2_07-day_00--_01-frt-1001_01-sng_00-n_00-n_02-rail_00-n_00-n_02-kamp-cd;1001;0;41720;0;N;582786;N;1;3115;0;EC_BR-PH_2;20140322xSat;1_Brno;Jihomoravský kraj;h00;1136;0
03-cd_01-ver_05-get_03-lau2_07-day_00--_01-frt-1001_01-sng_00-n_00-n_02-rail_00-n_00-n_02-kamp-cd;1001;0;41720;0;N;580031;N;2;3093;0;EC_BR-PH_2;20140322xSat;2_Česká Třebová;Pardubický kraj;h00;262;346
03-cd_01-ver_05-get_03-lau2_07-day_00--_01-frt-1001_01-sng_00-n_00-n_02-rail_00-n_00-n_02-kamp-cd;1001;0;41720;0;N;555134;N;3;3093;0;EC_BR-PH_2;20140322xSat;3_Pardubice;Pardubický kraj;h00;574;501
03-cd_01-ver_05-get_03-lau2_07-day_00--_01-frt-1001_01-sng_00-n_00-n_02-rail_00-n_00-n_02-kamp-cd;1001;0;41720;0;N;533165;N;4;3026;0;EC_BR-PH_2;20140322xSat;4_Kolín;Středočeský kraj;h00;79;153
03-cd_01-ver_05-get_03-lau2_07-day_00--_01-frt-1001_01-sng_00-n_00-n_02-rail_00-n_00-n_02-kamp-cd;1001;0;41720;0;N;554782;N;5;3018;0;EC_BR-PH_2;20140322xSat;5_Praha;Hlavní město Praha;h00;0;1761
03-cd_01-ver_05-get_03-lau2_07-day_00--_01-frt-1001_01-sng_00-n_00-n_02-rail_00-n_00-n_02-kamp-cd;1001;0;41721;0;N;582786;N;1;3115;0;EC_BR-PH_2;20140323xSun;1_Brno;Jihomoravský kraj;h00;1470;0
03-cd_01-ver_05-get_03-lau2_07-day_00--_01-frt-1001_01-sng_00-n_00-n_02-rail_00-n_00-n_02-kamp-cd;1001;0;41721;0;N;580031;N;2;3093;0;EC_BR-PH_2;20140323xSun;2_Česká Třebová;Pardubický kraj;h00;390;329
03-cd_01-ver_05-get_03-lau2_07-day_00--_01-frt-1001_01-sng_00-n_00-n_02-rail_00-n_00-n_02-kamp-cd;1001;0;41721;0;N;555134;N;3;3093;0;EC_BR-PH_2;20140323xSun;3_Pardubice;Pardubický kraj;h00;835;770
03-cd_01-ver_05-get_03-lau2_07-day_00--_01-frt-1001_01-sng_00-n_00-n_02-rail_00-n_00-n_02-kamp-cd;1001;0;41721;0;N;533165;N;4;3026;0;EC_BR-PH_2;20140323xSun;4_Kolín;Středočeský kraj;h00;101;245
03-cd_01-ver_05-get_03-lau2_07-day_00--_01-frt-1001_01-sng_00-n_00-n_02-rail_00-n_00-n_02-kamp-cd;1001;0;41721;0;N;554782;N;5;3018;0;EC_BR-PH_2;20140323xSun;5_Praha;Hlavní město Praha;h00;0;2736
03-cd_01-ver_05-get_03-lau2_07-day_00--_01-frt-1001_01-sng_00-n_00-n_02-rail_00-n_00-n_02-kamp-cd;1001;0;41722;0;N;582786;N;1;3115;0;EC_BR-PH_2;20140324xMon;1_Brno;Jihomoravský kraj;h00;1385;0
03-cd_01-ver_05-get_03-lau2_07-day_00--_01-frt-1001_01-sng_00-n_00-n_02-rail_00-n_00-n_02-kamp-cd;1001;0;41722;0;N;580031;N;2;3093;0;EC_BR-PH_2;20140324xMon;2_Česká Třebová;Pardubický kraj;h00;367;277
03-cd_01-ver_05-get_03-lau2_07-day_00--_01-frt-1001_01-sng_00-n_00-n_02-rail_00-n_00-n_02-kamp-cd;1001;0;41722;0;N;555134;N;3;3093;0;EC_BR-PH_2;20140324xMon;3_Pardubice;Pardubický kraj;h00;742;548
03-cd_01-ver_05-get_03-lau2_07-day_00--_01-frt-1001_01-sng_00-n_00-n_02-rail_00-n_00-n_02-kamp-cd;1001;0;41722;0;N;533165;N;4;3026;0;EC_BR-PH_2;20140324xMon;4_Kolín;Středočeský kraj;h00;203;248
03-cd_01-ver_05-get_03-lau2_07-day_00--_01-frt-1001_01-sng_00-n_00-n_02-rail_00-n_00-n_02-kamp-cd;1001;0;41722;0;N;554782;N;5;3018;0;EC_BR-PH_2;20140324xMon;5_Praha;Hlavní město Praha;h00;0;2407
03-cd_01-ver_05-get_03-lau2_07-day_00--_01-frt-1001_01-sng_00-n_00-n_02-rail_00-n_00-n_02-kamp-cd;1001;0;41723;0;N;582786;N;1;3115;0;EC_BR-PH_2;20140325xTue;1_Brno;Jihomoravský kraj;h00;0;0
03-cd_01-ver_05-get_03-lau2_07-day_00--_01-frt-1001_01-sng_00-n_00-n_02-rail_00-n_00-n_02-kamp-cd;1001;0;41723;0;N;580031;N;2;3093;0;EC_BR-PH_2;20140325xTue;2_Česká Třebová;Pardubický kraj;h00;0;0
03-cd_01-ver_05-get_03-lau2_07-day_00--_01-frt-1001_01-sng_00-n_00-n_02-rail_00-n_00-n_02-kamp-cd;1001;0;41723;0;N;555134;N;3;3093;0;EC_BR-PH_2;20140325xTue;3_Pardubice;Pardubický kraj;h00;0;0
03-cd_01-ver_05-get_03-lau2_07-day_00--_01-frt-1001_01-sng_00-n_00-n_02-rail_00-n_00-n_02-kamp-cd;1001;0;41723;0;N;533165;N;4;3026;0;EC_BR-PH_2;20140325xTue;4_Kolín;Středočeský kraj;h00;0;0
03-cd_01-ver_05-get_03-lau2_07-day_00--_01-frt-1001_01-sng_00-n_00-n_02-rail_00-n_00-n_02-kamp-cd;1001;0;41723;0;N;554782;N;5;3018;0;EC_BR-PH_2;20140325xTue;5_Praha;Hlavní město Praha;h00;0;0
03-cd_01-ver_05-get_03-lau2_07-day_00--_01-frt-1001_01-sng_00-n_00-n_02-rail_00-n_00-n_02-kamp-cd;1001;0;41724;0;N;582786;N;1;3115;0;EC_BR-PH_2;20140326xWed;1_Brno;Jihomoravský kraj;h00;0;0
03-cd_01-ver_05-get_03-lau2_07-day_00--_01-frt-1001_01-sng_00-n_00-n_02-rail_00-n_00-n_02-kamp-cd;1001;0;41724;0;N;580031;N;2;3093;0;EC_BR-PH_2;20140326xWed;2_Česká Třebová;Pardubický kraj;h00;0;0
03-cd_01-ver_05-get_03-lau2_07-day_00--_01-frt-1001_01-sng_00-n_00-n_02-rail_00-n_00-n_02-kamp-cd;1001;0;41724;0;N;555134;N;3;3093;0;EC_BR-PH_2;20140326xWed;3_Pardubice;Pardubický kraj;h00;0;0
03-cd_01-ver_05-get_03-lau2_07-day_00--_01-frt-1001_01-sng_00-n_00-n_02-rail_00-n_00-n_02-kamp-cd;1001;0;41724;0;N;533165;N;4;3026;0;EC_BR-PH_2;20140326xWed;4_Kolín;Středočeský kraj;h00;0;0
03-cd_01-ver_05-get_03-lau2_07-day_00--_01-frt-1001_01-sng_00-n_00-n_02-rail_00-n_00-n_02-kamp-cd;1001;0;41724;0;N;554782;N;5;3018;0;EC_BR-PH_2;20140326xWed;5_Praha;Hlavní město Praha;h00;0;0
