03-cd_01-ver_06-cap_03-lau2_07-day_00--_01-frt-1001_01-uni_00-n_00-n_02-rail_00--_00--_00-n;1001;0;41710;0;N;582786;N;1;3115;0;EC_BR-PH_2;20140312xWed;01_Brno_N;Jihomoravský kraj;h00;6715;N
03-cd_01-ver_06-cap_03-lau2_07-day_00--_01-frt-1001_01-uni_00-n_00-n_02-rail_00--_00--_00-n;1001;0;41710;0;N;580031;N;2;3093;0;EC_BR-PH_2;20140312xWed;02_Česká Třebová_N;Pardubický kraj;h00;6715;N
03-cd_01-ver_06-cap_03-lau2_07-day_00--_01-frt-1001_01-uni_00-n_00-n_02-rail_00--_00--_00-n;1001;0;41710;0;N;555134;N;3;3093;0;EC_BR-PH_2;20140312xWed;03_Pardubice_N;Pardubický kraj;h00;6715;N
03-cd_01-ver_06-cap_03-lau2_07-day_00--_01-frt-1001_01-uni_00-n_00-n_02-rail_00--_00--_00-n;1001;0;41710;0;N;533165;N;4;3026;0;EC_BR-PH_2;20140312xWed;04_Kolín_N;Středočeský kraj;h00;4073;N
03-cd_01-ver_06-cap_03-lau2_07-day_00--_01-frt-1001_01-uni_00-n_00-n_02-rail_00--_00--_00-n;1001;0;41710;0;N;554782;N;5;3018;0;EC_BR-PH_2;20140312xWed;05_Praha_N;Hlavní město Praha;h00;0;N
03-cd_01-ver_06-cap_03-lau2_07-day_00--_01-frt-1001_01-uni_00-n_00-n_02-rail_00--_00--_00-n;1001;0;41711;0;N;582786;N;1;3115;0;EC_BR-PH_2;20140313xThu;01_Brno_N;Jihomoravský kraj;h00;7299;N
03-cd_01-ver_06-cap_03-lau2_07-day_00--_01-frt-1001_01-uni_00-n_00-n_02-rail_00--_00--_00-n;1001;0;41711;0;N;580031;N;2;3093;0;EC_BR-PH_2;20140313xThu;02_Česká Třebová_N;Pardubický kraj;h00;6793;N
03-cd_01-ver_06-cap_03-lau2_07-day_00--_01-frt-1001_01-uni_00-n_00-n_02-rail_00--_00--_00-n;1001;0;41711;0;N;555134;N;3;3093;0;EC_BR-PH_2;20140313xThu;03_Pardubice_N;Pardubický kraj;h00;6793;N
03-cd_01-ver_06-cap_03-lau2_07-day_00--_01-frt-1001_01-uni_00-n_00-n_02-rail_00--_00--_00-n;1001;0;41711;0;N;533165;N;4;3026;0;EC_BR-PH_2;20140313xThu;04_Kolín_N;Středočeský kraj;h00;4073;N
03-cd_01-ver_06-cap_03-lau2_07-day_00--_01-frt-1001_01-uni_00-n_00-n_02-rail_00--_00--_00-n;1001;0;41711;0;N;554782;N;5;3018;0;EC_BR-PH_2;20140313xThu;05_Praha_N;Hlavní město Praha;h00;0;N
03-cd_01-ver_06-cap_03-lau2_07-day_00--_01-frt-1001_01-uni_00-n_00-n_02-rail_00--_00--_00-n;1001;0;41712;0;N;582786;N;1;3115;0;EC_BR-PH_2;20140314xFri;01_Brno_N;Jihomoravský kraj;h00;7517;N
03-cd_01-ver_06-cap_03-lau2_07-day_00--_01-frt-1001_01-uni_00-n_00-n_02-rail_00--_00--_00-n;1001;0;41712;0;N;580031;N;2;3093;0;EC_BR-PH_2;20140314xFri;02_Česká Třebová_N;Pardubický kraj;h00;7011;N
03-cd_01-ver_06-cap_03-lau2_07-day_00--_01-frt-1001_01-uni_00-n_00-n_02-rail_00--_00--_00-n;1001;0;41712;0;N;555134;N;3;3093;0;EC_BR-PH_2;20140314xFri;03_Pardubice_N;Pardubický kraj;h00;7011;N
03-cd_01-ver_06-cap_03-lau2_07-day_00--_01-frt-1001_01-uni_00-n_00-n_02-rail_00--_00--_00-n;1001;0;41712;0;N;533165;N;4;3026;0;EC_BR-PH_2;20140314xFri;04_Kolín_N;Středočeský kraj;h00;4153;N
03-cd_01-ver_06-cap_03-lau2_07-day_00--_01-frt-1001_01-uni_00-n_00-n_02-rail_00--_00--_00-n;1001;0;41712;0;N;554782;N;5;3018;0;EC_BR-PH_2;20140314xFri;05_Praha_N;Hlavní město Praha;h00;0;N
03-cd_01-ver_06-cap_03-lau2_07-day_00--_01-frt-1001_01-uni_00-n_00-n_02-rail_00--_00--_00-n;1001;0;41713;0;N;582786;N;1;3115;0;EC_BR-PH_2;20140315xSat;01_Brno_N;Jihomoravský kraj;h00;7381;N
03-cd_01-ver_06-cap_03-lau2_07-day_00--_01-frt-1001_01-uni_00-n_00-n_02-rail_00--_00--_00-n;1001;0;41713;0;N;580031;N;2;3093;0;EC_BR-PH_2;20140315xSat;02_Česká Třebová_N;Pardubický kraj;h00;6875;N
03-cd_01-ver_06-cap_03-lau2_07-day_00--_01-frt-1001_01-uni_00-n_00-n_02-rail_00--_00--_00-n;1001;0;41713;0;N;555134;N;3;3093;0;EC_BR-PH_2;20140315xSat;03_Pardubice_N;Pardubický kraj;h00;6875;N
03-cd_01-ver_06-cap_03-lau2_07-day_00--_01-frt-1001_01-uni_00-n_00-n_02-rail_00--_00--_00-n;1001;0;41713;0;N;533165;N;4;3026;0;EC_BR-PH_2;20140315xSat;04_Kolín_N;Středočeský kraj;h00;4153;N
03-cd_01-ver_06-cap_03-lau2_07-day_00--_01-frt-1001_01-uni_00-n_00-n_02-rail_00--_00--_00-n;1001;0;41713;0;N;554782;N;5;3018;0;EC_BR-PH_2;20140315xSat;05_Praha_N;Hlavní město Praha;h00;0;N
03-cd_01-ver_06-cap_03-lau2_07-day_00--_01-frt-1001_01-uni_00-n_00-n_02-rail_00--_00--_00-n;1001;0;41714;0;N;582786;N;1;3115;0;EC_BR-PH_2;20140316xSun;01_Brno_N;Jihomoravský kraj;h00;7186;N
03-cd_01-ver_06-cap_03-lau2_07-day_00--_01-frt-1001_01-uni_00-n_00-n_02-rail_00--_00--_00-n;1001;0;41714;0;N;580031;N;2;3093;0;EC_BR-PH_2;20140316xSun;02_Česká Třebová_N;Pardubický kraj;h00;6680;N
03-cd_01-ver_06-cap_03-lau2_07-day_00--_01-frt-1001_01-uni_00-n_00-n_02-rail_00--_00--_00-n;1001;0;41714;0;N;555134;N;3;3093;0;EC_BR-PH_2;20140316xSun;03_Pardubice_N;Pardubický kraj;h00;6680;N
03-cd_01-ver_06-cap_03-lau2_07-day_00--_01-frt-1001_01-uni_00-n_00-n_02-rail_00--_00--_00-n;1001;0;41714;0;N;533165;N;4;3026;0;EC_BR-PH_2;20140316xSun;04_Kolín_N;Středočeský kraj;h00;4305;N
03-cd_01-ver_06-cap_03-lau2_07-day_00--_01-frt-1001_01-uni_00-n_00-n_02-rail_00--_00--_00-n;1001;0;41714;0;N;554782;N;5;3018;0;EC_BR-PH_2;20140316xSun;05_Praha_N;Hlavní město Praha;h00;0;N
03-cd_01-ver_06-cap_03-lau2_07-day_00--_01-frt-1001_01-uni_00-n_00-n_02-rail_00--_00--_00-n;1001;0;41715;0;N;582786;N;1;3115;0;EC_BR-PH_2;20140317xMon;01_Brno_N;Jihomoravský kraj;h00;7425;N
03-cd_01-ver_06-cap_03-lau2_07-day_00--_01-frt-1001_01-uni_00-n_00-n_02-rail_00--_00--_00-n;1001;0;41715;0;N;580031;N;2;3093;0;EC_BR-PH_2;20140317xMon;02_Česká Třebová_N;Pardubický kraj;h00;6859;N
03-cd_01-ver_06-cap_03-lau2_07-day_00--_01-frt-1001_01-uni_00-n_00-n_02-rail_00--_00--_00-n;1001;0;41715;0;N;555134;N;3;3093;0;EC_BR-PH_2;20140317xMon;03_Pardubice_N;Pardubický kraj;h00;6859;N
03-cd_01-ver_06-cap_03-lau2_07-day_00--_01-frt-1001_01-uni_00-n_00-n_02-rail_00--_00--_00-n;1001;0;41715;0;N;533165;N;4;3026;0;EC_BR-PH_2;20140317xMon;04_Kolín_N;Středočeský kraj;h00;4217;N
03-cd_01-ver_06-cap_03-lau2_07-day_00--_01-frt-1001_01-uni_00-n_00-n_02-rail_00--_00--_00-n;1001;0;41715;0;N;554782;N;5;3018;0;EC_BR-PH_2;20140317xMon;05_Praha_N;Hlavní město Praha;h00;0;N
03-cd_01-ver_06-cap_03-lau2_07-day_00--_01-frt-1001_01-uni_00-n_00-n_02-rail_00--_00--_00-n;1001;0;41716;0;N;582786;N;1;3115;0;EC_BR-PH_2;20140318xTue;01_Brno_N;Jihomoravský kraj;h00;7221;N
03-cd_01-ver_06-cap_03-lau2_07-day_00--_01-frt-1001_01-uni_00-n_00-n_02-rail_00--_00--_00-n;1001;0;41716;0;N;580031;N;2;3093;0;EC_BR-PH_2;20140318xTue;02_Česká Třebová_N;Pardubický kraj;h00;6715;N
03-cd_01-ver_06-cap_03-lau2_07-day_00--_01-frt-1001_01-uni_00-n_00-n_02-rail_00--_00--_00-n;1001;0;41716;0;N;555134;N;3;3093;0;EC_BR-PH_2;20140318xTue;03_Pardubice_N;Pardubický kraj;h00;6715;N
03-cd_01-ver_06-cap_03-lau2_07-day_00--_01-frt-1001_01-uni_00-n_00-n_02-rail_00--_00--_00-n;1001;0;41716;0;N;533165;N;4;3026;0;EC_BR-PH_2;20140318xTue;04_Kolín_N;Středočeský kraj;h00;4073;N
03-cd_01-ver_06-cap_03-lau2_07-day_00--_01-frt-1001_01-uni_00-n_00-n_02-rail_00--_00--_00-n;1001;0;41716;0;N;554782;N;5;3018;0;EC_BR-PH_2;20140318xTue;05_Praha_N;Hlavní město Praha;h00;0;N
03-cd_01-ver_06-cap_03-lau2_07-day_00--_01-frt-1001_01-uni_00-n_00-n_02-rail_00--_00--_00-n;1001;0;41717;0;N;582786;N;1;3115;0;EC_BR-PH_2;20140319xWed;01_Brno_N;Jihomoravský kraj;h00;7221;N
03-cd_01-ver_06-cap_03-lau2_07-day_00--_01-frt-1001_01-uni_00-n_00-n_02-rail_00--_00--_00-n;1001;0;41717;0;N;580031;N;2;3093;0;EC_BR-PH_2;20140319xWed;02_Česká Třebová_N;Pardubický kraj;h00;6715;N
03-cd_01-ver_06-cap_03-lau2_07-day_00--_01-frt-1001_01-uni_00-n_00-n_02-rail_00--_00--_00-n;1001;0;41717;0;N;555134;N;3;3093;0;EC_BR-PH_2;20140319xWed;03_Pardubice_N;Pardubický kraj;h00;6715;N
03-cd_01-ver_06-cap_03-lau2_07-day_00--_01-frt-1001_01-uni_00-n_00-n_02-rail_00--_00--_00-n;1001;0;41717;0;N;533165;N;4;3026;0;EC_BR-PH_2;20140319xWed;04_Kolín_N;Středočeský kraj;h00;4073;N
03-cd_01-ver_06-cap_03-lau2_07-day_00--_01-frt-1001_01-uni_00-n_00-n_02-rail_00--_00--_00-n;1001;0;41717;0;N;554782;N;5;3018;0;EC_BR-PH_2;20140319xWed;05_Praha_N;Hlavní město Praha;h00;0;N
03-cd_01-ver_06-cap_03-lau2_07-day_00--_01-frt-1001_01-uni_00-n_00-n_02-rail_00--_00--_00-n;1001;0;41718;0;N;582786;N;1;3115;0;EC_BR-PH_2;20140320xThu;01_Brno_N;Jihomoravský kraj;h00;7299;N
03-cd_01-ver_06-cap_03-lau2_07-day_00--_01-frt-1001_01-uni_00-n_00-n_02-rail_00--_00--_00-n;1001;0;41718;0;N;580031;N;2;3093;0;EC_BR-PH_2;20140320xThu;02_Česká Třebová_N;Pardubický kraj;h00;6793;N
03-cd_01-ver_06-cap_03-lau2_07-day_00--_01-frt-1001_01-uni_00-n_00-n_02-rail_00--_00--_00-n;1001;0;41718;0;N;555134;N;3;3093;0;EC_BR-PH_2;20140320xThu;03_Pardubice_N;Pardubický kraj;h00;6793;N
03-cd_01-ver_06-cap_03-lau2_07-day_00--_01-frt-1001_01-uni_00-n_00-n_02-rail_00--_00--_00-n;1001;0;41718;0;N;533165;N;4;3026;0;EC_BR-PH_2;20140320xThu;04_Kolín_N;Středočeský kraj;h00;4073;N
03-cd_01-ver_06-cap_03-lau2_07-day_00--_01-frt-1001_01-uni_00-n_00-n_02-rail_00--_00--_00-n;1001;0;41718;0;N;554782;N;5;3018;0;EC_BR-PH_2;20140320xThu;05_Praha_N;Hlavní město Praha;h00;0;N
03-cd_01-ver_06-cap_03-lau2_07-day_00--_01-frt-1001_01-uni_00-n_00-n_02-rail_00--_00--_00-n;1001;0;41719;0;N;582786;N;1;3115;0;EC_BR-PH_2;20140321xFri;01_Brno_N;Jihomoravský kraj;h00;7517;N
03-cd_01-ver_06-cap_03-lau2_07-day_00--_01-frt-1001_01-uni_00-n_00-n_02-rail_00--_00--_00-n;1001;0;41719;0;N;580031;N;2;3093;0;EC_BR-PH_2;20140321xFri;02_Česká Třebová_N;Pardubický kraj;h00;7011;N
03-cd_01-ver_06-cap_03-lau2_07-day_00--_01-frt-1001_01-uni_00-n_00-n_02-rail_00--_00--_00-n;1001;0;41719;0;N;555134;N;3;3093;0;EC_BR-PH_2;20140321xFri;03_Pardubice_N;Pardubický kraj;h00;7011;N
03-cd_01-ver_06-cap_03-lau2_07-day_00--_01-frt-1001_01-uni_00-n_00-n_02-rail_00--_00--_00-n;1001;0;41719;0;N;533165;N;4;3026;0;EC_BR-PH_2;20140321xFri;04_Kolín_N;Středočeský kraj;h00;4153;N
03-cd_01-ver_06-cap_03-lau2_07-day_00--_01-frt-1001_01-uni_00-n_00-n_02-rail_00--_00--_00-n;1001;0;41719;0;N;554782;N;5;3018;0;EC_BR-PH_2;20140321xFri;05_Praha_N;Hlavní město Praha;h00;0;N
03-cd_01-ver_06-cap_03-lau2_07-day_00--_01-frt-1001_01-uni_00-n_00-n_02-rail_00--_00--_00-n;1001;0;41720;0;N;582786;N;1;3115;0;EC_BR-PH_2;20140322xSat;01_Brno_N;Jihomoravský kraj;h00;7381;N
03-cd_01-ver_06-cap_03-lau2_07-day_00--_01-frt-1001_01-uni_00-n_00-n_02-rail_00--_00--_00-n;1001;0;41720;0;N;580031;N;2;3093;0;EC_BR-PH_2;20140322xSat;02_Česká Třebová_N;Pardubický kraj;h00;6875;N
03-cd_01-ver_06-cap_03-lau2_07-day_00--_01-frt-1001_01-uni_00-n_00-n_02-rail_00--_00--_00-n;1001;0;41720;0;N;555134;N;3;3093;0;EC_BR-PH_2;20140322xSat;03_Pardubice_N;Pardubický kraj;h00;6875;N
03-cd_01-ver_06-cap_03-lau2_07-day_00--_01-frt-1001_01-uni_00-n_00-n_02-rail_00--_00--_00-n;1001;0;41720;0;N;533165;N;4;3026;0;EC_BR-PH_2;20140322xSat;04_Kolín_N;Středočeský kraj;h00;4153;N
03-cd_01-ver_06-cap_03-lau2_07-day_00--_01-frt-1001_01-uni_00-n_00-n_02-rail_00--_00--_00-n;1001;0;41720;0;N;554782;N;5;3018;0;EC_BR-PH_2;20140322xSat;05_Praha_N;Hlavní město Praha;h00;0;N
03-cd_01-ver_06-cap_03-lau2_07-day_00--_01-frt-1001_01-uni_00-n_00-n_02-rail_00--_00--_00-n;1001;0;41721;0;N;582786;N;1;3115;0;EC_BR-PH_2;20140323xSun;01_Brno_N;Jihomoravský kraj;h00;7186;N
03-cd_01-ver_06-cap_03-lau2_07-day_00--_01-frt-1001_01-uni_00-n_00-n_02-rail_00--_00--_00-n;1001;0;41721;0;N;580031;N;2;3093;0;EC_BR-PH_2;20140323xSun;02_Česká Třebová_N;Pardubický kraj;h00;6680;N
03-cd_01-ver_06-cap_03-lau2_07-day_00--_01-frt-1001_01-uni_00-n_00-n_02-rail_00--_00--_00-n;1001;0;41721;0;N;555134;N;3;3093;0;EC_BR-PH_2;20140323xSun;03_Pardubice_N;Pardubický kraj;h00;6680;N
03-cd_01-ver_06-cap_03-lau2_07-day_00--_01-frt-1001_01-uni_00-n_00-n_02-rail_00--_00--_00-n;1001;0;41721;0;N;533165;N;4;3026;0;EC_BR-PH_2;20140323xSun;04_Kolín_N;Středočeský kraj;h00;4305;N
03-cd_01-ver_06-cap_03-lau2_07-day_00--_01-frt-1001_01-uni_00-n_00-n_02-rail_00--_00--_00-n;1001;0;41721;0;N;554782;N;5;3018;0;EC_BR-PH_2;20140323xSun;05_Praha_N;Hlavní město Praha;h00;0;N
03-cd_01-ver_06-cap_03-lau2_07-day_00--_01-frt-1001_01-uni_00-n_00-n_02-rail_00--_00--_00-n;1001;0;41722;0;N;582786;N;1;3115;0;EC_BR-PH_2;20140324xMon;01_Brno_N;Jihomoravský kraj;h00;7425;N
03-cd_01-ver_06-cap_03-lau2_07-day_00--_01-frt-1001_01-uni_00-n_00-n_02-rail_00--_00--_00-n;1001;0;41722;0;N;580031;N;2;3093;0;EC_BR-PH_2;20140324xMon;02_Česká Třebová_N;Pardubický kraj;h00;6859;N
03-cd_01-ver_06-cap_03-lau2_07-day_00--_01-frt-1001_01-uni_00-n_00-n_02-rail_00--_00--_00-n;1001;0;41722;0;N;555134;N;3;3093;0;EC_BR-PH_2;20140324xMon;03_Pardubice_N;Pardubický kraj;h00;6859;N
03-cd_01-ver_06-cap_03-lau2_07-day_00--_01-frt-1001_01-uni_00-n_00-n_02-rail_00--_00--_00-n;1001;0;41722;0;N;533165;N;4;3026;0;EC_BR-PH_2;20140324xMon;04_Kolín_N;Středočeský kraj;h00;4217;N
03-cd_01-ver_06-cap_03-lau2_07-day_00--_01-frt-1001_01-uni_00-n_00-n_02-rail_00--_00--_00-n;1001;0;41722;0;N;554782;N;5;3018;0;EC_BR-PH_2;20140324xMon;05_Praha_N;Hlavní město Praha;h00;0;N
03-cd_01-ver_06-cap_03-lau2_07-day_00--_01-frt-1001_01-uni_00-n_00-n_02-rail_00--_00--_00-n;1001;0;41723;0;N;582786;N;1;3115;0;EC_BR-PH_2;20140325xTue;01_Brno_N;Jihomoravský kraj;h00;7221;N
03-cd_01-ver_06-cap_03-lau2_07-day_00--_01-frt-1001_01-uni_00-n_00-n_02-rail_00--_00--_00-n;1001;0;41723;0;N;580031;N;2;3093;0;EC_BR-PH_2;20140325xTue;02_Česká Třebová_N;Pardubický kraj;h00;6715;N
03-cd_01-ver_06-cap_03-lau2_07-day_00--_01-frt-1001_01-uni_00-n_00-n_02-rail_00--_00--_00-n;1001;0;41723;0;N;555134;N;3;3093;0;EC_BR-PH_2;20140325xTue;03_Pardubice_N;Pardubický kraj;h00;6715;N
03-cd_01-ver_06-cap_03-lau2_07-day_00--_01-frt-1001_01-uni_00-n_00-n_02-rail_00--_00--_00-n;1001;0;41723;0;N;533165;N;4;3026;0;EC_BR-PH_2;20140325xTue;04_Kolín_N;Středočeský kraj;h00;4073;N
03-cd_01-ver_06-cap_03-lau2_07-day_00--_01-frt-1001_01-uni_00-n_00-n_02-rail_00--_00--_00-n;1001;0;41723;0;N;554782;N;5;3018;0;EC_BR-PH_2;20140325xTue;05_Praha_N;Hlavní město Praha;h00;0;N
03-cd_01-ver_06-cap_03-lau2_07-day_00--_01-frt-1001_01-uni_00-n_00-n_02-rail_00--_00--_00-n;1001;0;41724;0;N;582786;N;1;3115;0;EC_BR-PH_2;20140326xWed;01_Brno_N;Jihomoravský kraj;h00;7221;N
03-cd_01-ver_06-cap_03-lau2_07-day_00--_01-frt-1001_01-uni_00-n_00-n_02-rail_00--_00--_00-n;1001;0;41724;0;N;580031;N;2;3093;0;EC_BR-PH_2;20140326xWed;02_Česká Třebová_N;Pardubický kraj;h00;6715;N
03-cd_01-ver_06-cap_03-lau2_07-day_00--_01-frt-1001_01-uni_00-n_00-n_02-rail_00--_00--_00-n;1001;0;41724;0;N;555134;N;3;3093;0;EC_BR-PH_2;20140326xWed;03_Pardubice_N;Pardubický kraj;h00;6715;N
03-cd_01-ver_06-cap_03-lau2_07-day_00--_01-frt-1001_01-uni_00-n_00-n_02-rail_00--_00--_00-n;1001;0;41724;0;N;533165;N;4;3026;0;EC_BR-PH_2;20140326xWed;04_Kolín_N;Středočeský kraj;h00;4073;N
03-cd_01-ver_06-cap_03-lau2_07-day_00--_01-frt-1001_01-uni_00-n_00-n_02-rail_00--_00--_00-n;1001;0;41724;0;N;554782;N;5;3018;0;EC_BR-PH_2;20140326xWed;05_Praha_N;Hlavní město Praha;h00;0;N
