03-cd_01-ver_06-cap_03-lau2_07-day_00--_02-frt-1002_01-uni_00-n_00-n_02-rail_00--_00--_00-n;1002;0;41710;0;N;554782;N;1;3018;0;EC_PH-BR_1;20140312xWed;01_Praha_N;Hlavní město Praha;h00;6583;N
03-cd_01-ver_06-cap_03-lau2_07-day_00--_02-frt-1002_01-uni_00-n_00-n_02-rail_00--_00--_00-n;1002;0;41710;0;N;533165;N;2;3026;0;EC_PH-BR_1;20140312xWed;02_Kolín_N;Středočeský kraj;h00;3941;N
03-cd_01-ver_06-cap_03-lau2_07-day_00--_02-frt-1002_01-uni_00-n_00-n_02-rail_00--_00--_00-n;1002;0;41710;0;N;555134;N;3;3093;0;EC_PH-BR_1;20140312xWed;03_Pardubice_N;Pardubický kraj;h00;6583;N
03-cd_01-ver_06-cap_03-lau2_07-day_00--_02-frt-1002_01-uni_00-n_00-n_02-rail_00--_00--_00-n;1002;0;41710;0;N;580031;N;4;3093;0;EC_PH-BR_1;20140312xWed;04_Česká Třebová_N;Pardubický kraj;h00;6583;N
03-cd_01-ver_06-cap_03-lau2_07-day_00--_02-frt-1002_01-uni_00-n_00-n_02-rail_00--_00--_00-n;1002;0;41710;0;N;582786;N;5;3115;0;EC_PH-BR_1;20140312xWed;05_Brno_N;Jihomoravský kraj;h00;0;N
03-cd_01-ver_06-cap_03-lau2_07-day_00--_02-frt-1002_01-uni_00-n_00-n_02-rail_00--_00--_00-n;1002;0;41711;0;N;554782;N;1;3018;0;EC_PH-BR_1;20140313xThu;01_Praha_N;Hlavní město Praha;h00;7359;N
03-cd_01-ver_06-cap_03-lau2_07-day_00--_02-frt-1002_01-uni_00-n_00-n_02-rail_00--_00--_00-n;1002;0;41711;0;N;533165;N;2;3026;0;EC_PH-BR_1;20140313xThu;02_Kolín_N;Středočeský kraj;h00;4079;N
03-cd_01-ver_06-cap_03-lau2_07-day_00--_02-frt-1002_01-uni_00-n_00-n_02-rail_00--_00--_00-n;1002;0;41711;0;N;555134;N;3;3093;0;EC_PH-BR_1;20140313xThu;03_Pardubice_N;Pardubický kraj;h00;7359;N
03-cd_01-ver_06-cap_03-lau2_07-day_00--_02-frt-1002_01-uni_00-n_00-n_02-rail_00--_00--_00-n;1002;0;41711;0;N;580031;N;4;3093;0;EC_PH-BR_1;20140313xThu;04_Česká Třebová_N;Pardubický kraj;h00;6721;N
03-cd_01-ver_06-cap_03-lau2_07-day_00--_02-frt-1002_01-uni_00-n_00-n_02-rail_00--_00--_00-n;1002;0;41711;0;N;582786;N;5;3115;0;EC_PH-BR_1;20140313xThu;05_Brno_N;Jihomoravský kraj;h00;0;N
03-cd_01-ver_06-cap_03-lau2_07-day_00--_02-frt-1002_01-uni_00-n_00-n_02-rail_00--_00--_00-n;1002;0;41712;0;N;554782;N;1;3018;0;EC_PH-BR_1;20140314xFri;01_Praha_N;Hlavní město Praha;h00;7735;N
03-cd_01-ver_06-cap_03-lau2_07-day_00--_02-frt-1002_01-uni_00-n_00-n_02-rail_00--_00--_00-n;1002;0;41712;0;N;533165;N;2;3026;0;EC_PH-BR_1;20140314xFri;02_Kolín_N;Středočeský kraj;h00;4317;N
03-cd_01-ver_06-cap_03-lau2_07-day_00--_02-frt-1002_01-uni_00-n_00-n_02-rail_00--_00--_00-n;1002;0;41712;0;N;555134;N;3;3093;0;EC_PH-BR_1;20140314xFri;03_Pardubice_N;Pardubický kraj;h00;7735;N
03-cd_01-ver_06-cap_03-lau2_07-day_00--_02-frt-1002_01-uni_00-n_00-n_02-rail_00--_00--_00-n;1002;0;41712;0;N;580031;N;4;3093;0;EC_PH-BR_1;20140314xFri;04_Česká Třebová_N;Pardubický kraj;h00;7097;N
03-cd_01-ver_06-cap_03-lau2_07-day_00--_02-frt-1002_01-uni_00-n_00-n_02-rail_00--_00--_00-n;1002;0;41712;0;N;582786;N;5;3115;0;EC_PH-BR_1;20140314xFri;05_Brno_N;Jihomoravský kraj;h00;0;N
03-cd_01-ver_06-cap_03-lau2_07-day_00--_02-frt-1002_01-uni_00-n_00-n_02-rail_00--_00--_00-n;1002;0;41713;0;N;554782;N;1;3018;0;EC_PH-BR_1;20140315xSat;01_Praha_N;Hlavní město Praha;h00;7241;N
03-cd_01-ver_06-cap_03-lau2_07-day_00--_02-frt-1002_01-uni_00-n_00-n_02-rail_00--_00--_00-n;1002;0;41713;0;N;533165;N;2;3026;0;EC_PH-BR_1;20140315xSat;02_Kolín_N;Středočeský kraj;h00;3883;N
03-cd_01-ver_06-cap_03-lau2_07-day_00--_02-frt-1002_01-uni_00-n_00-n_02-rail_00--_00--_00-n;1002;0;41713;0;N;555134;N;3;3093;0;EC_PH-BR_1;20140315xSat;03_Pardubice_N;Pardubický kraj;h00;7241;N
03-cd_01-ver_06-cap_03-lau2_07-day_00--_02-frt-1002_01-uni_00-n_00-n_02-rail_00--_00--_00-n;1002;0;41713;0;N;580031;N;4;3093;0;EC_PH-BR_1;20140315xSat;04_Česká Třebová_N;Pardubický kraj;h00;6603;N
03-cd_01-ver_06-cap_03-lau2_07-day_00--_02-frt-1002_01-uni_00-n_00-n_02-rail_00--_00--_00-n;1002;0;41713;0;N;582786;N;5;3115;0;EC_PH-BR_1;20140315xSat;05_Brno_N;Jihomoravský kraj;h00;0;N
03-cd_01-ver_06-cap_03-lau2_07-day_00--_02-frt-1002_01-uni_00-n_00-n_02-rail_00--_00--_00-n;1002;0;41714;0;N;554782;N;1;3018;0;EC_PH-BR_1;20140316xSun;01_Praha_N;Hlavní město Praha;h00;7240;N
03-cd_01-ver_06-cap_03-lau2_07-day_00--_02-frt-1002_01-uni_00-n_00-n_02-rail_00--_00--_00-n;1002;0;41714;0;N;533165;N;2;3026;0;EC_PH-BR_1;20140316xSun;02_Kolín_N;Středočeský kraj;h00;3744;N
03-cd_01-ver_06-cap_03-lau2_07-day_00--_02-frt-1002_01-uni_00-n_00-n_02-rail_00--_00--_00-n;1002;0;41714;0;N;555134;N;3;3093;0;EC_PH-BR_1;20140316xSun;03_Pardubice_N;Pardubický kraj;h00;7240;N
03-cd_01-ver_06-cap_03-lau2_07-day_00--_02-frt-1002_01-uni_00-n_00-n_02-rail_00--_00--_00-n;1002;0;41714;0;N;580031;N;4;3093;0;EC_PH-BR_1;20140316xSun;04_Česká Třebová_N;Pardubický kraj;h00;6602;N
03-cd_01-ver_06-cap_03-lau2_07-day_00--_02-frt-1002_01-uni_00-n_00-n_02-rail_00--_00--_00-n;1002;0;41714;0;N;582786;N;5;3115;0;EC_PH-BR_1;20140316xSun;05_Brno_N;Jihomoravský kraj;h00;0;N
03-cd_01-ver_06-cap_03-lau2_07-day_00--_02-frt-1002_01-uni_00-n_00-n_02-rail_00--_00--_00-n;1002;0;41715;0;N;554782;N;1;3018;0;EC_PH-BR_1;20140317xMon;01_Praha_N;Hlavní město Praha;h00;7293;N
03-cd_01-ver_06-cap_03-lau2_07-day_00--_02-frt-1002_01-uni_00-n_00-n_02-rail_00--_00--_00-n;1002;0;41715;0;N;533165;N;2;3026;0;EC_PH-BR_1;20140317xMon;02_Kolín_N;Středočeský kraj;h00;4013;N
03-cd_01-ver_06-cap_03-lau2_07-day_00--_02-frt-1002_01-uni_00-n_00-n_02-rail_00--_00--_00-n;1002;0;41715;0;N;555134;N;3;3093;0;EC_PH-BR_1;20140317xMon;03_Pardubice_N;Pardubický kraj;h00;7293;N
03-cd_01-ver_06-cap_03-lau2_07-day_00--_02-frt-1002_01-uni_00-n_00-n_02-rail_00--_00--_00-n;1002;0;41715;0;N;580031;N;4;3093;0;EC_PH-BR_1;20140317xMon;04_Česká Třebová_N;Pardubický kraj;h00;6655;N
03-cd_01-ver_06-cap_03-lau2_07-day_00--_02-frt-1002_01-uni_00-n_00-n_02-rail_00--_00--_00-n;1002;0;41715;0;N;582786;N;5;3115;0;EC_PH-BR_1;20140317xMon;05_Brno_N;Jihomoravský kraj;h00;0;N
03-cd_01-ver_06-cap_03-lau2_07-day_00--_02-frt-1002_01-uni_00-n_00-n_02-rail_00--_00--_00-n;1002;0;41716;0;N;554782;N;1;3018;0;EC_PH-BR_1;20140318xTue;01_Praha_N;Hlavní město Praha;h00;7221;N
03-cd_01-ver_06-cap_03-lau2_07-day_00--_02-frt-1002_01-uni_00-n_00-n_02-rail_00--_00--_00-n;1002;0;41716;0;N;533165;N;2;3026;0;EC_PH-BR_1;20140318xTue;02_Kolín_N;Středočeský kraj;h00;3941;N
03-cd_01-ver_06-cap_03-lau2_07-day_00--_02-frt-1002_01-uni_00-n_00-n_02-rail_00--_00--_00-n;1002;0;41716;0;N;555134;N;3;3093;0;EC_PH-BR_1;20140318xTue;03_Pardubice_N;Pardubický kraj;h00;7221;N
03-cd_01-ver_06-cap_03-lau2_07-day_00--_02-frt-1002_01-uni_00-n_00-n_02-rail_00--_00--_00-n;1002;0;41716;0;N;580031;N;4;3093;0;EC_PH-BR_1;20140318xTue;04_Česká Třebová_N;Pardubický kraj;h00;6583;N
03-cd_01-ver_06-cap_03-lau2_07-day_00--_02-frt-1002_01-uni_00-n_00-n_02-rail_00--_00--_00-n;1002;0;41716;0;N;582786;N;5;3115;0;EC_PH-BR_1;20140318xTue;05_Brno_N;Jihomoravský kraj;h00;0;N
03-cd_01-ver_06-cap_03-lau2_07-day_00--_02-frt-1002_01-uni_00-n_00-n_02-rail_00--_00--_00-n;1002;0;41717;0;N;554782;N;1;3018;0;EC_PH-BR_1;20140319xWed;01_Praha_N;Hlavní město Praha;h00;7221;N
03-cd_01-ver_06-cap_03-lau2_07-day_00--_02-frt-1002_01-uni_00-n_00-n_02-rail_00--_00--_00-n;1002;0;41717;0;N;533165;N;2;3026;0;EC_PH-BR_1;20140319xWed;02_Kolín_N;Středočeský kraj;h00;3941;N
03-cd_01-ver_06-cap_03-lau2_07-day_00--_02-frt-1002_01-uni_00-n_00-n_02-rail_00--_00--_00-n;1002;0;41717;0;N;555134;N;3;3093;0;EC_PH-BR_1;20140319xWed;03_Pardubice_N;Pardubický kraj;h00;7221;N
03-cd_01-ver_06-cap_03-lau2_07-day_00--_02-frt-1002_01-uni_00-n_00-n_02-rail_00--_00--_00-n;1002;0;41717;0;N;580031;N;4;3093;0;EC_PH-BR_1;20140319xWed;04_Česká Třebová_N;Pardubický kraj;h00;6583;N
03-cd_01-ver_06-cap_03-lau2_07-day_00--_02-frt-1002_01-uni_00-n_00-n_02-rail_00--_00--_00-n;1002;0;41717;0;N;582786;N;5;3115;0;EC_PH-BR_1;20140319xWed;05_Brno_N;Jihomoravský kraj;h00;0;N
03-cd_01-ver_06-cap_03-lau2_07-day_00--_02-frt-1002_01-uni_00-n_00-n_02-rail_00--_00--_00-n;1002;0;41718;0;N;554782;N;1;3018;0;EC_PH-BR_1;20140320xThu;01_Praha_N;Hlavní město Praha;h00;7359;N
03-cd_01-ver_06-cap_03-lau2_07-day_00--_02-frt-1002_01-uni_00-n_00-n_02-rail_00--_00--_00-n;1002;0;41718;0;N;533165;N;2;3026;0;EC_PH-BR_1;20140320xThu;02_Kolín_N;Středočeský kraj;h00;4079;N
03-cd_01-ver_06-cap_03-lau2_07-day_00--_02-frt-1002_01-uni_00-n_00-n_02-rail_00--_00--_00-n;1002;0;41718;0;N;555134;N;3;3093;0;EC_PH-BR_1;20140320xThu;03_Pardubice_N;Pardubický kraj;h00;7359;N
03-cd_01-ver_06-cap_03-lau2_07-day_00--_02-frt-1002_01-uni_00-n_00-n_02-rail_00--_00--_00-n;1002;0;41718;0;N;580031;N;4;3093;0;EC_PH-BR_1;20140320xThu;04_Česká Třebová_N;Pardubický kraj;h00;6721;N
03-cd_01-ver_06-cap_03-lau2_07-day_00--_02-frt-1002_01-uni_00-n_00-n_02-rail_00--_00--_00-n;1002;0;41718;0;N;582786;N;5;3115;0;EC_PH-BR_1;20140320xThu;05_Brno_N;Jihomoravský kraj;h00;0;N
03-cd_01-ver_06-cap_03-lau2_07-day_00--_02-frt-1002_01-uni_00-n_00-n_02-rail_00--_00--_00-n;1002;0;41719;0;N;554782;N;1;3018;0;EC_PH-BR_1;20140321xFri;01_Praha_N;Hlavní město Praha;h00;7735;N
03-cd_01-ver_06-cap_03-lau2_07-day_00--_02-frt-1002_01-uni_00-n_00-n_02-rail_00--_00--_00-n;1002;0;41719;0;N;533165;N;2;3026;0;EC_PH-BR_1;20140321xFri;02_Kolín_N;Středočeský kraj;h00;4317;N
03-cd_01-ver_06-cap_03-lau2_07-day_00--_02-frt-1002_01-uni_00-n_00-n_02-rail_00--_00--_00-n;1002;0;41719;0;N;555134;N;3;3093;0;EC_PH-BR_1;20140321xFri;03_Pardubice_N;Pardubický kraj;h00;7735;N
03-cd_01-ver_06-cap_03-lau2_07-day_00--_02-frt-1002_01-uni_00-n_00-n_02-rail_00--_00--_00-n;1002;0;41719;0;N;580031;N;4;3093;0;EC_PH-BR_1;20140321xFri;04_Česká Třebová_N;Pardubický kraj;h00;7097;N
03-cd_01-ver_06-cap_03-lau2_07-day_00--_02-frt-1002_01-uni_00-n_00-n_02-rail_00--_00--_00-n;1002;0;41719;0;N;582786;N;5;3115;0;EC_PH-BR_1;20140321xFri;05_Brno_N;Jihomoravský kraj;h00;0;N
03-cd_01-ver_06-cap_03-lau2_07-day_00--_02-frt-1002_01-uni_00-n_00-n_02-rail_00--_00--_00-n;1002;0;41720;0;N;554782;N;1;3018;0;EC_PH-BR_1;20140322xSat;01_Praha_N;Hlavní město Praha;h00;7241;N
03-cd_01-ver_06-cap_03-lau2_07-day_00--_02-frt-1002_01-uni_00-n_00-n_02-rail_00--_00--_00-n;1002;0;41720;0;N;533165;N;2;3026;0;EC_PH-BR_1;20140322xSat;02_Kolín_N;Středočeský kraj;h00;3883;N
03-cd_01-ver_06-cap_03-lau2_07-day_00--_02-frt-1002_01-uni_00-n_00-n_02-rail_00--_00--_00-n;1002;0;41720;0;N;555134;N;3;3093;0;EC_PH-BR_1;20140322xSat;03_Pardubice_N;Pardubický kraj;h00;7241;N
03-cd_01-ver_06-cap_03-lau2_07-day_00--_02-frt-1002_01-uni_00-n_00-n_02-rail_00--_00--_00-n;1002;0;41720;0;N;580031;N;4;3093;0;EC_PH-BR_1;20140322xSat;04_Česká Třebová_N;Pardubický kraj;h00;6603;N
03-cd_01-ver_06-cap_03-lau2_07-day_00--_02-frt-1002_01-uni_00-n_00-n_02-rail_00--_00--_00-n;1002;0;41720;0;N;582786;N;5;3115;0;EC_PH-BR_1;20140322xSat;05_Brno_N;Jihomoravský kraj;h00;0;N
03-cd_01-ver_06-cap_03-lau2_07-day_00--_02-frt-1002_01-uni_00-n_00-n_02-rail_00--_00--_00-n;1002;0;41721;0;N;554782;N;1;3018;0;EC_PH-BR_1;20140323xSun;01_Praha_N;Hlavní město Praha;h00;7240;N
03-cd_01-ver_06-cap_03-lau2_07-day_00--_02-frt-1002_01-uni_00-n_00-n_02-rail_00--_00--_00-n;1002;0;41721;0;N;533165;N;2;3026;0;EC_PH-BR_1;20140323xSun;02_Kolín_N;Středočeský kraj;h00;3744;N
03-cd_01-ver_06-cap_03-lau2_07-day_00--_02-frt-1002_01-uni_00-n_00-n_02-rail_00--_00--_00-n;1002;0;41721;0;N;555134;N;3;3093;0;EC_PH-BR_1;20140323xSun;03_Pardubice_N;Pardubický kraj;h00;7240;N
03-cd_01-ver_06-cap_03-lau2_07-day_00--_02-frt-1002_01-uni_00-n_00-n_02-rail_00--_00--_00-n;1002;0;41721;0;N;580031;N;4;3093;0;EC_PH-BR_1;20140323xSun;04_Česká Třebová_N;Pardubický kraj;h00;6602;N
03-cd_01-ver_06-cap_03-lau2_07-day_00--_02-frt-1002_01-uni_00-n_00-n_02-rail_00--_00--_00-n;1002;0;41721;0;N;582786;N;5;3115;0;EC_PH-BR_1;20140323xSun;05_Brno_N;Jihomoravský kraj;h00;0;N
03-cd_01-ver_06-cap_03-lau2_07-day_00--_02-frt-1002_01-uni_00-n_00-n_02-rail_00--_00--_00-n;1002;0;41722;0;N;554782;N;1;3018;0;EC_PH-BR_1;20140324xMon;01_Praha_N;Hlavní město Praha;h00;7293;N
03-cd_01-ver_06-cap_03-lau2_07-day_00--_02-frt-1002_01-uni_00-n_00-n_02-rail_00--_00--_00-n;1002;0;41722;0;N;533165;N;2;3026;0;EC_PH-BR_1;20140324xMon;02_Kolín_N;Středočeský kraj;h00;4013;N
03-cd_01-ver_06-cap_03-lau2_07-day_00--_02-frt-1002_01-uni_00-n_00-n_02-rail_00--_00--_00-n;1002;0;41722;0;N;555134;N;3;3093;0;EC_PH-BR_1;20140324xMon;03_Pardubice_N;Pardubický kraj;h00;7293;N
03-cd_01-ver_06-cap_03-lau2_07-day_00--_02-frt-1002_01-uni_00-n_00-n_02-rail_00--_00--_00-n;1002;0;41722;0;N;580031;N;4;3093;0;EC_PH-BR_1;20140324xMon;04_Česká Třebová_N;Pardubický kraj;h00;6655;N
03-cd_01-ver_06-cap_03-lau2_07-day_00--_02-frt-1002_01-uni_00-n_00-n_02-rail_00--_00--_00-n;1002;0;41722;0;N;582786;N;5;3115;0;EC_PH-BR_1;20140324xMon;05_Brno_N;Jihomoravský kraj;h00;0;N
03-cd_01-ver_06-cap_03-lau2_07-day_00--_02-frt-1002_01-uni_00-n_00-n_02-rail_00--_00--_00-n;1002;0;41723;0;N;554782;N;1;3018;0;EC_PH-BR_1;20140325xTue;01_Praha_N;Hlavní město Praha;h00;7221;N
03-cd_01-ver_06-cap_03-lau2_07-day_00--_02-frt-1002_01-uni_00-n_00-n_02-rail_00--_00--_00-n;1002;0;41723;0;N;533165;N;2;3026;0;EC_PH-BR_1;20140325xTue;02_Kolín_N;Středočeský kraj;h00;3941;N
03-cd_01-ver_06-cap_03-lau2_07-day_00--_02-frt-1002_01-uni_00-n_00-n_02-rail_00--_00--_00-n;1002;0;41723;0;N;555134;N;3;3093;0;EC_PH-BR_1;20140325xTue;03_Pardubice_N;Pardubický kraj;h00;7221;N
03-cd_01-ver_06-cap_03-lau2_07-day_00--_02-frt-1002_01-uni_00-n_00-n_02-rail_00--_00--_00-n;1002;0;41723;0;N;580031;N;4;3093;0;EC_PH-BR_1;20140325xTue;04_Česká Třebová_N;Pardubický kraj;h00;6583;N
03-cd_01-ver_06-cap_03-lau2_07-day_00--_02-frt-1002_01-uni_00-n_00-n_02-rail_00--_00--_00-n;1002;0;41723;0;N;582786;N;5;3115;0;EC_PH-BR_1;20140325xTue;05_Brno_N;Jihomoravský kraj;h00;0;N
03-cd_01-ver_06-cap_03-lau2_07-day_00--_02-frt-1002_01-uni_00-n_00-n_02-rail_00--_00--_00-n;1002;0;41724;0;N;554782;N;1;3018;0;EC_PH-BR_1;20140326xWed;01_Praha_N;Hlavní město Praha;h00;7221;N
03-cd_01-ver_06-cap_03-lau2_07-day_00--_02-frt-1002_01-uni_00-n_00-n_02-rail_00--_00--_00-n;1002;0;41724;0;N;533165;N;2;3026;0;EC_PH-BR_1;20140326xWed;02_Kolín_N;Středočeský kraj;h00;3941;N
03-cd_01-ver_06-cap_03-lau2_07-day_00--_02-frt-1002_01-uni_00-n_00-n_02-rail_00--_00--_00-n;1002;0;41724;0;N;555134;N;3;3093;0;EC_PH-BR_1;20140326xWed;03_Pardubice_N;Pardubický kraj;h00;7221;N
03-cd_01-ver_06-cap_03-lau2_07-day_00--_02-frt-1002_01-uni_00-n_00-n_02-rail_00--_00--_00-n;1002;0;41724;0;N;580031;N;4;3093;0;EC_PH-BR_1;20140326xWed;04_Česká Třebová_N;Pardubický kraj;h00;6583;N
03-cd_01-ver_06-cap_03-lau2_07-day_00--_02-frt-1002_01-uni_00-n_00-n_02-rail_00--_00--_00-n;1002;0;41724;0;N;582786;N;5;3115;0;EC_PH-BR_1;20140326xWed;05_Brno_N;Jihomoravský kraj;h00;0;N
