03-cd_01-ver_05-get_03-lau2_07-day_00--_08-frt-1008_01-sng_00-n_00-n_02-rail_00-n_00-n_02-kamp-cd;1008;0;41710;0;N;554782;N;1;3018;0;PM_PH-BE_2;20140312xWed;1_Praha;Hlavní město Praha;h00;0;0
03-cd_01-ver_05-get_03-lau2_07-day_00--_08-frt-1008_01-sng_00-n_00-n_02-rail_00-n_00-n_02-kamp-cd;1008;0;41710;0;N;539139;N;2;3026;0;PM_PH-BE_2;20140312xWed;2_Černošice;Středočeský kraj;h00;0;0
03-cd_01-ver_05-get_03-lau2_07-day_00--_08-frt-1008_01-sng_00-n_00-n_02-rail_00-n_00-n_02-kamp-cd;1008;0;41710;0;N;539856;N;3;3026;0;PM_PH-BE_2;20140312xWed;3_Všenory;Středočeský kraj;h00;0;0
03-cd_01-ver_05-get_03-lau2_07-day_00--_08-frt-1008_01-sng_00-n_00-n_02-rail_00-n_00-n_02-kamp-cd;1008;0;41710;0;N;539198;N;4;3026;0;PM_PH-BE_2;20140312xWed;4_Dobřichovice;Středočeský kraj;h00;0;0
03-cd_01-ver_05-get_03-lau2_07-day_00--_08-frt-1008_01-sng_00-n_00-n_02-rail_00-n_00-n_02-kamp-cd;1008;0;41710;0;N;539643;N;5;3026;0;PM_PH-BE_2;20140312xWed;5_Řevnice;Středočeský kraj;h00;0;0
03-cd_01-ver_05-get_03-lau2_07-day_00--_08-frt-1008_01-sng_00-n_00-n_02-rail_00-n_00-n_02-kamp-cd;1008;0;41710;0;N;531979;N;6;3026;0;PM_PH-BE_2;20140312xWed;6_Zadní Třebaň;Středočeský kraj;h00;0;0
03-cd_01-ver_05-get_03-lau2_07-day_00--_08-frt-1008_01-sng_00-n_00-n_02-rail_00-n_00-n_02-kamp-cd;1008;0;41710;0;N;531316;N;7;3026;0;PM_PH-BE_2;20140312xWed;7_Karlštejn;Středočeský kraj;h00;0;0
03-cd_01-ver_05-get_03-lau2_07-day_00--_08-frt-1008_01-sng_00-n_00-n_02-rail_00-n_00-n_02-kamp-cd;1008;0;41710;0;N;531758;N;8;3026;0;PM_PH-BE_2;20140312xWed;8_Srbsko;Středočeský kraj;h00;0;0
03-cd_01-ver_05-get_03-lau2_07-day_00--_08-frt-1008_01-sng_00-n_00-n_02-rail_00-n_00-n_02-kamp-cd;1008;0;41710;0;N;531057;N;9;3026;0;PM_PH-BE_2;20140312xWed;9_Beroun;Středočeský kraj;h00;0;0
03-cd_01-ver_05-get_03-lau2_07-day_00--_08-frt-1008_01-sng_00-n_00-n_02-rail_00-n_00-n_02-kamp-cd;1008;0;41711;0;N;554782;N;1;3018;0;PM_PH-BE_2;20140313xThu;1_Praha;Hlavní město Praha;h00;0;0
03-cd_01-ver_05-get_03-lau2_07-day_00--_08-frt-1008_01-sng_00-n_00-n_02-rail_00-n_00-n_02-kamp-cd;1008;0;41711;0;N;539139;N;2;3026;0;PM_PH-BE_2;20140313xThu;2_Černošice;Středočeský kraj;h00;0;0
03-cd_01-ver_05-get_03-lau2_07-day_00--_08-frt-1008_01-sng_00-n_00-n_02-rail_00-n_00-n_02-kamp-cd;1008;0;41711;0;N;539856;N;3;3026;0;PM_PH-BE_2;20140313xThu;3_Všenory;Středočeský kraj;h00;0;0
03-cd_01-ver_05-get_03-lau2_07-day_00--_08-frt-1008_01-sng_00-n_00-n_02-rail_00-n_00-n_02-kamp-cd;1008;0;41711;0;N;539198;N;4;3026;0;PM_PH-BE_2;20140313xThu;4_Dobřichovice;Středočeský kraj;h00;0;0
03-cd_01-ver_05-get_03-lau2_07-day_00--_08-frt-1008_01-sng_00-n_00-n_02-rail_00-n_00-n_02-kamp-cd;1008;0;41711;0;N;539643;N;5;3026;0;PM_PH-BE_2;20140313xThu;5_Řevnice;Středočeský kraj;h00;0;0
03-cd_01-ver_05-get_03-lau2_07-day_00--_08-frt-1008_01-sng_00-n_00-n_02-rail_00-n_00-n_02-kamp-cd;1008;0;41711;0;N;531979;N;6;3026;0;PM_PH-BE_2;20140313xThu;6_Zadní Třebaň;Středočeský kraj;h00;0;0
03-cd_01-ver_05-get_03-lau2_07-day_00--_08-frt-1008_01-sng_00-n_00-n_02-rail_00-n_00-n_02-kamp-cd;1008;0;41711;0;N;531316;N;7;3026;0;PM_PH-BE_2;20140313xThu;7_Karlštejn;Středočeský kraj;h00;0;0
03-cd_01-ver_05-get_03-lau2_07-day_00--_08-frt-1008_01-sng_00-n_00-n_02-rail_00-n_00-n_02-kamp-cd;1008;0;41711;0;N;531758;N;8;3026;0;PM_PH-BE_2;20140313xThu;8_Srbsko;Středočeský kraj;h00;0;0
03-cd_01-ver_05-get_03-lau2_07-day_00--_08-frt-1008_01-sng_00-n_00-n_02-rail_00-n_00-n_02-kamp-cd;1008;0;41711;0;N;531057;N;9;3026;0;PM_PH-BE_2;20140313xThu;9_Beroun;Středočeský kraj;h00;0;0
03-cd_01-ver_05-get_03-lau2_07-day_00--_08-frt-1008_01-sng_00-n_00-n_02-rail_00-n_00-n_02-kamp-cd;1008;0;41712;0;N;554782;N;1;3018;0;PM_PH-BE_2;20140314xFri;1_Praha;Hlavní město Praha;h00;9032;2760
03-cd_01-ver_05-get_03-lau2_07-day_00--_08-frt-1008_01-sng_00-n_00-n_02-rail_00-n_00-n_02-kamp-cd;1008;0;41712;0;N;539139;N;2;3026;0;PM_PH-BE_2;20140314xFri;2_Černošice;Středočeský kraj;h00;363;2186
03-cd_01-ver_05-get_03-lau2_07-day_00--_08-frt-1008_01-sng_00-n_00-n_02-rail_00-n_00-n_02-kamp-cd;1008;0;41712;0;N;539856;N;3;3026;0;PM_PH-BE_2;20140314xFri;3_Všenory;Středočeský kraj;h00;49;417
03-cd_01-ver_05-get_03-lau2_07-day_00--_08-frt-1008_01-sng_00-n_00-n_02-rail_00-n_00-n_02-kamp-cd;1008;0;41712;0;N;539198;N;4;3026;0;PM_PH-BE_2;20140314xFri;4_Dobřichovice;Středočeský kraj;h00;251;786
03-cd_01-ver_05-get_03-lau2_07-day_00--_08-frt-1008_01-sng_00-n_00-n_02-rail_00-n_00-n_02-kamp-cd;1008;0;41712;0;N;539643;N;5;3026;0;PM_PH-BE_2;20140314xFri;5_Řevnice;Středočeský kraj;h00;231;982
03-cd_01-ver_05-get_03-lau2_07-day_00--_08-frt-1008_01-sng_00-n_00-n_02-rail_00-n_00-n_02-kamp-cd;1008;0;41712;0;N;531979;N;6;3026;0;PM_PH-BE_2;20140314xFri;6_Zadní Třebaň;Středočeský kraj;h00;188;722
03-cd_01-ver_05-get_03-lau2_07-day_00--_08-frt-1008_01-sng_00-n_00-n_02-rail_00-n_00-n_02-kamp-cd;1008;0;41712;0;N;531316;N;7;3026;0;PM_PH-BE_2;20140314xFri;7_Karlštejn;Středočeský kraj;h00;177;831
03-cd_01-ver_05-get_03-lau2_07-day_00--_08-frt-1008_01-sng_00-n_00-n_02-rail_00-n_00-n_02-kamp-cd;1008;0;41712;0;N;531758;N;8;3026;0;PM_PH-BE_2;20140314xFri;8_Srbsko;Středočeský kraj;h00;85;389
03-cd_01-ver_05-get_03-lau2_07-day_00--_08-frt-1008_01-sng_00-n_00-n_02-rail_00-n_00-n_02-kamp-cd;1008;0;41712;0;N;531057;N;9;3026;0;PM_PH-BE_2;20140314xFri;9_Beroun;Středočeský kraj;h00;0;1669
03-cd_01-ver_05-get_03-lau2_07-day_00--_08-frt-1008_01-sng_00-n_00-n_02-rail_00-n_00-n_02-kamp-cd;1008;0;41713;0;N;554782;N;1;3018;0;PM_PH-BE_2;20140315xSat;1_Praha;Hlavní město Praha;h00;5429;1393
03-cd_01-ver_05-get_03-lau2_07-day_00--_08-frt-1008_01-sng_00-n_00-n_02-rail_00-n_00-n_02-kamp-cd;1008;0;41713;0;N;539139;N;2;3026;0;PM_PH-BE_2;20140315xSat;2_Černošice;Středočeský kraj;h00;208;1135
03-cd_01-ver_05-get_03-lau2_07-day_00--_08-frt-1008_01-sng_00-n_00-n_02-rail_00-n_00-n_02-kamp-cd;1008;0;41713;0;N;539856;N;3;3026;0;PM_PH-BE_2;20140315xSat;3_Všenory;Středočeský kraj;h00;29;238
03-cd_01-ver_05-get_03-lau2_07-day_00--_08-frt-1008_01-sng_00-n_00-n_02-rail_00-n_00-n_02-kamp-cd;1008;0;41713;0;N;539198;N;4;3026;0;PM_PH-BE_2;20140315xSat;4_Dobřichovice;Středočeský kraj;h00;134;483
03-cd_01-ver_05-get_03-lau2_07-day_00--_08-frt-1008_01-sng_00-n_00-n_02-rail_00-n_00-n_02-kamp-cd;1008;0;41713;0;N;539643;N;5;3026;0;PM_PH-BE_2;20140315xSat;5_Řevnice;Středočeský kraj;h00;89;662
03-cd_01-ver_05-get_03-lau2_07-day_00--_08-frt-1008_01-sng_00-n_00-n_02-rail_00-n_00-n_02-kamp-cd;1008;0;41713;0;N;531979;N;6;3026;0;PM_PH-BE_2;20140315xSat;6_Zadní Třebaň;Středočeský kraj;h00;63;400
03-cd_01-ver_05-get_03-lau2_07-day_00--_08-frt-1008_01-sng_00-n_00-n_02-rail_00-n_00-n_02-kamp-cd;1008;0;41713;0;N;531316;N;7;3026;0;PM_PH-BE_2;20140315xSat;7_Karlštejn;Středočeský kraj;h00;75;414
03-cd_01-ver_05-get_03-lau2_07-day_00--_08-frt-1008_01-sng_00-n_00-n_02-rail_00-n_00-n_02-kamp-cd;1008;0;41713;0;N;531758;N;8;3026;0;PM_PH-BE_2;20140315xSat;8_Srbsko;Středočeský kraj;h00;85;257
03-cd_01-ver_05-get_03-lau2_07-day_00--_08-frt-1008_01-sng_00-n_00-n_02-rail_00-n_00-n_02-kamp-cd;1008;0;41713;0;N;531057;N;9;3026;0;PM_PH-BE_2;20140315xSat;9_Beroun;Středočeský kraj;h00;0;1162
03-cd_01-ver_05-get_03-lau2_07-day_00--_08-frt-1008_01-sng_00-n_00-n_02-rail_00-n_00-n_02-kamp-cd;1008;0;41714;0;N;554782;N;1;3018;0;PM_PH-BE_2;20140316xSun;1_Praha;Hlavní město Praha;h00;4358;1103
03-cd_01-ver_05-get_03-lau2_07-day_00--_08-frt-1008_01-sng_00-n_00-n_02-rail_00-n_00-n_02-kamp-cd;1008;0;41714;0;N;539139;N;2;3026;0;PM_PH-BE_2;20140316xSun;2_Černošice;Středočeský kraj;h00;162;812
03-cd_01-ver_05-get_03-lau2_07-day_00--_08-frt-1008_01-sng_00-n_00-n_02-rail_00-n_00-n_02-kamp-cd;1008;0;41714;0;N;539856;N;3;3026;0;PM_PH-BE_2;20140316xSun;3_Všenory;Středočeský kraj;h00;14;165
03-cd_01-ver_05-get_03-lau2_07-day_00--_08-frt-1008_01-sng_00-n_00-n_02-rail_00-n_00-n_02-kamp-cd;1008;0;41714;0;N;539198;N;4;3026;0;PM_PH-BE_2;20140316xSun;4_Dobřichovice;Středočeský kraj;h00;54;402
03-cd_01-ver_05-get_03-lau2_07-day_00--_08-frt-1008_01-sng_00-n_00-n_02-rail_00-n_00-n_02-kamp-cd;1008;0;41714;0;N;539643;N;5;3026;0;PM_PH-BE_2;20140316xSun;5_Řevnice;Středočeský kraj;h00;62;537
03-cd_01-ver_05-get_03-lau2_07-day_00--_08-frt-1008_01-sng_00-n_00-n_02-rail_00-n_00-n_02-kamp-cd;1008;0;41714;0;N;531979;N;6;3026;0;PM_PH-BE_2;20140316xSun;6_Zadní Třebaň;Středočeský kraj;h00;37;252
03-cd_01-ver_05-get_03-lau2_07-day_00--_08-frt-1008_01-sng_00-n_00-n_02-rail_00-n_00-n_02-kamp-cd;1008;0;41714;0;N;531316;N;7;3026;0;PM_PH-BE_2;20140316xSun;7_Karlštejn;Středočeský kraj;h00;78;366
03-cd_01-ver_05-get_03-lau2_07-day_00--_08-frt-1008_01-sng_00-n_00-n_02-rail_00-n_00-n_02-kamp-cd;1008;0;41714;0;N;531758;N;8;3026;0;PM_PH-BE_2;20140316xSun;8_Srbsko;Středočeský kraj;h00;54;116
03-cd_01-ver_05-get_03-lau2_07-day_00--_08-frt-1008_01-sng_00-n_00-n_02-rail_00-n_00-n_02-kamp-cd;1008;0;41714;0;N;531057;N;9;3026;0;PM_PH-BE_2;20140316xSun;9_Beroun;Středočeský kraj;h00;0;1074
03-cd_01-ver_05-get_03-lau2_07-day_00--_08-frt-1008_01-sng_00-n_00-n_02-rail_00-n_00-n_02-kamp-cd;1008;0;41715;0;N;554782;N;1;3018;0;PM_PH-BE_2;20140317xMon;1_Praha;Hlavní město Praha;h00;7495;2565
03-cd_01-ver_05-get_03-lau2_07-day_00--_08-frt-1008_01-sng_00-n_00-n_02-rail_00-n_00-n_02-kamp-cd;1008;0;41715;0;N;539139;N;2;3026;0;PM_PH-BE_2;20140317xMon;2_Černošice;Středočeský kraj;h00;265;1801
03-cd_01-ver_05-get_03-lau2_07-day_00--_08-frt-1008_01-sng_00-n_00-n_02-rail_00-n_00-n_02-kamp-cd;1008;0;41715;0;N;539856;N;3;3026;0;PM_PH-BE_2;20140317xMon;3_Všenory;Středočeský kraj;h00;62;420
03-cd_01-ver_05-get_03-lau2_07-day_00--_08-frt-1008_01-sng_00-n_00-n_02-rail_00-n_00-n_02-kamp-cd;1008;0;41715;0;N;539198;N;4;3026;0;PM_PH-BE_2;20140317xMon;4_Dobřichovice;Středočeský kraj;h00;132;768
03-cd_01-ver_05-get_03-lau2_07-day_00--_08-frt-1008_01-sng_00-n_00-n_02-rail_00-n_00-n_02-kamp-cd;1008;0;41715;0;N;539643;N;5;3026;0;PM_PH-BE_2;20140317xMon;5_Řevnice;Středočeský kraj;h00;198;865
03-cd_01-ver_05-get_03-lau2_07-day_00--_08-frt-1008_01-sng_00-n_00-n_02-rail_00-n_00-n_02-kamp-cd;1008;0;41715;0;N;531979;N;6;3026;0;PM_PH-BE_2;20140317xMon;6_Zadní Třebaň;Středočeský kraj;h00;140;563
03-cd_01-ver_05-get_03-lau2_07-day_00--_08-frt-1008_01-sng_00-n_00-n_02-rail_00-n_00-n_02-kamp-cd;1008;0;41715;0;N;531316;N;7;3026;0;PM_PH-BE_2;20140317xMon;7_Karlštejn;Středočeský kraj;h00;158;428
03-cd_01-ver_05-get_03-lau2_07-day_00--_08-frt-1008_01-sng_00-n_00-n_02-rail_00-n_00-n_02-kamp-cd;1008;0;41715;0;N;531758;N;8;3026;0;PM_PH-BE_2;20140317xMon;8_Srbsko;Středočeský kraj;h00;110;190
03-cd_01-ver_05-get_03-lau2_07-day_00--_08-frt-1008_01-sng_00-n_00-n_02-rail_00-n_00-n_02-kamp-cd;1008;0;41715;0;N;531057;N;9;3026;0;PM_PH-BE_2;20140317xMon;9_Beroun;Středočeský kraj;h00;0;1454
03-cd_01-ver_05-get_03-lau2_07-day_00--_08-frt-1008_01-sng_00-n_00-n_02-rail_00-n_00-n_02-kamp-cd;1008;0;41716;0;N;554782;N;1;3018;0;PM_PH-BE_2;20140318xTue;1_Praha;Hlavní město Praha;h00;7303;2337
03-cd_01-ver_05-get_03-lau2_07-day_00--_08-frt-1008_01-sng_00-n_00-n_02-rail_00-n_00-n_02-kamp-cd;1008;0;41716;0;N;539139;N;2;3026;0;PM_PH-BE_2;20140318xTue;2_Černošice;Středočeský kraj;h00;272;1735
03-cd_01-ver_05-get_03-lau2_07-day_00--_08-frt-1008_01-sng_00-n_00-n_02-rail_00-n_00-n_02-kamp-cd;1008;0;41716;0;N;539856;N;3;3026;0;PM_PH-BE_2;20140318xTue;3_Všenory;Středočeský kraj;h00;66;421
03-cd_01-ver_05-get_03-lau2_07-day_00--_08-frt-1008_01-sng_00-n_00-n_02-rail_00-n_00-n_02-kamp-cd;1008;0;41716;0;N;539198;N;4;3026;0;PM_PH-BE_2;20140318xTue;4_Dobřichovice;Středočeský kraj;h00;99;764
03-cd_01-ver_05-get_03-lau2_07-day_00--_08-frt-1008_01-sng_00-n_00-n_02-rail_00-n_00-n_02-kamp-cd;1008;0;41716;0;N;539643;N;5;3026;0;PM_PH-BE_2;20140318xTue;5_Řevnice;Středočeský kraj;h00;136;953
03-cd_01-ver_05-get_03-lau2_07-day_00--_08-frt-1008_01-sng_00-n_00-n_02-rail_00-n_00-n_02-kamp-cd;1008;0;41716;0;N;531979;N;6;3026;0;PM_PH-BE_2;20140318xTue;6_Zadní Třebaň;Středočeský kraj;h00;131;607
03-cd_01-ver_05-get_03-lau2_07-day_00--_08-frt-1008_01-sng_00-n_00-n_02-rail_00-n_00-n_02-kamp-cd;1008;0;41716;0;N;531316;N;7;3026;0;PM_PH-BE_2;20140318xTue;7_Karlštejn;Středočeský kraj;h00;87;358
03-cd_01-ver_05-get_03-lau2_07-day_00--_08-frt-1008_01-sng_00-n_00-n_02-rail_00-n_00-n_02-kamp-cd;1008;0;41716;0;N;531758;N;8;3026;0;PM_PH-BE_2;20140318xTue;8_Srbsko;Středočeský kraj;h00;92;163
03-cd_01-ver_05-get_03-lau2_07-day_00--_08-frt-1008_01-sng_00-n_00-n_02-rail_00-n_00-n_02-kamp-cd;1008;0;41716;0;N;531057;N;9;3026;0;PM_PH-BE_2;20140318xTue;9_Beroun;Středočeský kraj;h00;0;1319
03-cd_01-ver_05-get_03-lau2_07-day_00--_08-frt-1008_01-sng_00-n_00-n_02-rail_00-n_00-n_02-kamp-cd;1008;0;41717;0;N;554782;N;1;3018;0;PM_PH-BE_2;20140319xWed;1_Praha;Hlavní město Praha;h00;7874;2512
03-cd_01-ver_05-get_03-lau2_07-day_00--_08-frt-1008_01-sng_00-n_00-n_02-rail_00-n_00-n_02-kamp-cd;1008;0;41717;0;N;539139;N;2;3026;0;PM_PH-BE_2;20140319xWed;2_Černošice;Středočeský kraj;h00;236;1902
03-cd_01-ver_05-get_03-lau2_07-day_00--_08-frt-1008_01-sng_00-n_00-n_02-rail_00-n_00-n_02-kamp-cd;1008;0;41717;0;N;539856;N;3;3026;0;PM_PH-BE_2;20140319xWed;3_Všenory;Středočeský kraj;h00;39;404
03-cd_01-ver_05-get_03-lau2_07-day_00--_08-frt-1008_01-sng_00-n_00-n_02-rail_00-n_00-n_02-kamp-cd;1008;0;41717;0;N;539198;N;4;3026;0;PM_PH-BE_2;20140319xWed;4_Dobřichovice;Středočeský kraj;h00;118;794
03-cd_01-ver_05-get_03-lau2_07-day_00--_08-frt-1008_01-sng_00-n_00-n_02-rail_00-n_00-n_02-kamp-cd;1008;0;41717;0;N;539643;N;5;3026;0;PM_PH-BE_2;20140319xWed;5_Řevnice;Středočeský kraj;h00;200;976
03-cd_01-ver_05-get_03-lau2_07-day_00--_08-frt-1008_01-sng_00-n_00-n_02-rail_00-n_00-n_02-kamp-cd;1008;0;41717;0;N;531979;N;6;3026;0;PM_PH-BE_2;20140319xWed;6_Zadní Třebaň;Středočeský kraj;h00;136;623
03-cd_01-ver_05-get_03-lau2_07-day_00--_08-frt-1008_01-sng_00-n_00-n_02-rail_00-n_00-n_02-kamp-cd;1008;0;41717;0;N;531316;N;7;3026;0;PM_PH-BE_2;20140319xWed;7_Karlštejn;Středočeský kraj;h00;145;399
03-cd_01-ver_05-get_03-lau2_07-day_00--_08-frt-1008_01-sng_00-n_00-n_02-rail_00-n_00-n_02-kamp-cd;1008;0;41717;0;N;531758;N;8;3026;0;PM_PH-BE_2;20140319xWed;8_Srbsko;Středočeský kraj;h00;120;210
03-cd_01-ver_05-get_03-lau2_07-day_00--_08-frt-1008_01-sng_00-n_00-n_02-rail_00-n_00-n_02-kamp-cd;1008;0;41717;0;N;531057;N;9;3026;0;PM_PH-BE_2;20140319xWed;9_Beroun;Středočeský kraj;h00;0;1451
03-cd_01-ver_05-get_03-lau2_07-day_00--_08-frt-1008_01-sng_00-n_00-n_02-rail_00-n_00-n_02-kamp-cd;1008;0;41718;0;N;554782;N;1;3018;0;PM_PH-BE_2;20140320xThu;1_Praha;Hlavní město Praha;h00;8241;2528
03-cd_01-ver_05-get_03-lau2_07-day_00--_08-frt-1008_01-sng_00-n_00-n_02-rail_00-n_00-n_02-kamp-cd;1008;0;41718;0;N;539139;N;2;3026;0;PM_PH-BE_2;20140320xThu;2_Černošice;Středočeský kraj;h00;319;1840
03-cd_01-ver_05-get_03-lau2_07-day_00--_08-frt-1008_01-sng_00-n_00-n_02-rail_00-n_00-n_02-kamp-cd;1008;0;41718;0;N;539856;N;3;3026;0;PM_PH-BE_2;20140320xThu;3_Všenory;Středočeský kraj;h00;91;473
03-cd_01-ver_05-get_03-lau2_07-day_00--_08-frt-1008_01-sng_00-n_00-n_02-rail_00-n_00-n_02-kamp-cd;1008;0;41718;0;N;539198;N;4;3026;0;PM_PH-BE_2;20140320xThu;4_Dobřichovice;Středočeský kraj;h00;127;891
03-cd_01-ver_05-get_03-lau2_07-day_00--_08-frt-1008_01-sng_00-n_00-n_02-rail_00-n_00-n_02-kamp-cd;1008;0;41718;0;N;539643;N;5;3026;0;PM_PH-BE_2;20140320xThu;5_Řevnice;Středočeský kraj;h00;249;1033
03-cd_01-ver_05-get_03-lau2_07-day_00--_08-frt-1008_01-sng_00-n_00-n_02-rail_00-n_00-n_02-kamp-cd;1008;0;41718;0;N;531979;N;6;3026;0;PM_PH-BE_2;20140320xThu;6_Zadní Třebaň;Středočeský kraj;h00;167;667
03-cd_01-ver_05-get_03-lau2_07-day_00--_08-frt-1008_01-sng_00-n_00-n_02-rail_00-n_00-n_02-kamp-cd;1008;0;41718;0;N;531316;N;7;3026;0;PM_PH-BE_2;20140320xThu;7_Karlštejn;Středočeský kraj;h00;161;642
03-cd_01-ver_05-get_03-lau2_07-day_00--_08-frt-1008_01-sng_00-n_00-n_02-rail_00-n_00-n_02-kamp-cd;1008;0;41718;0;N;531758;N;8;3026;0;PM_PH-BE_2;20140320xThu;8_Srbsko;Středočeský kraj;h00;107;232
03-cd_01-ver_05-get_03-lau2_07-day_00--_08-frt-1008_01-sng_00-n_00-n_02-rail_00-n_00-n_02-kamp-cd;1008;0;41718;0;N;531057;N;9;3026;0;PM_PH-BE_2;20140320xThu;9_Beroun;Středočeský kraj;h00;0;1644
03-cd_01-ver_05-get_03-lau2_07-day_00--_08-frt-1008_01-sng_00-n_00-n_02-rail_00-n_00-n_02-kamp-cd;1008;0;41719;0;N;554782;N;1;3018;0;PM_PH-BE_2;20140321xFri;1_Praha;Hlavní město Praha;h00;8226;2265
03-cd_01-ver_05-get_03-lau2_07-day_00--_08-frt-1008_01-sng_00-n_00-n_02-rail_00-n_00-n_02-kamp-cd;1008;0;41719;0;N;539139;N;2;3026;0;PM_PH-BE_2;20140321xFri;2_Černošice;Středočeský kraj;h00;231;2083
03-cd_01-ver_05-get_03-lau2_07-day_00--_08-frt-1008_01-sng_00-n_00-n_02-rail_00-n_00-n_02-kamp-cd;1008;0;41719;0;N;539856;N;3;3026;0;PM_PH-BE_2;20140321xFri;3_Všenory;Středočeský kraj;h00;33;439
03-cd_01-ver_05-get_03-lau2_07-day_00--_08-frt-1008_01-sng_00-n_00-n_02-rail_00-n_00-n_02-kamp-cd;1008;0;41719;0;N;539198;N;4;3026;0;PM_PH-BE_2;20140321xFri;4_Dobřichovice;Středočeský kraj;h00;83;847
03-cd_01-ver_05-get_03-lau2_07-day_00--_08-frt-1008_01-sng_00-n_00-n_02-rail_00-n_00-n_02-kamp-cd;1008;0;41719;0;N;539643;N;5;3026;0;PM_PH-BE_2;20140321xFri;5_Řevnice;Středočeský kraj;h00;229;997
03-cd_01-ver_05-get_03-lau2_07-day_00--_08-frt-1008_01-sng_00-n_00-n_02-rail_00-n_00-n_02-kamp-cd;1008;0;41719;0;N;531979;N;6;3026;0;PM_PH-BE_2;20140321xFri;6_Zadní Třebaň;Středočeský kraj;h00;125;701
03-cd_01-ver_05-get_03-lau2_07-day_00--_08-frt-1008_01-sng_00-n_00-n_02-rail_00-n_00-n_02-kamp-cd;1008;0;41719;0;N;531316;N;7;3026;0;PM_PH-BE_2;20140321xFri;7_Karlštejn;Středočeský kraj;h00;114;686
03-cd_01-ver_05-get_03-lau2_07-day_00--_08-frt-1008_01-sng_00-n_00-n_02-rail_00-n_00-n_02-kamp-cd;1008;0;41719;0;N;531758;N;8;3026;0;PM_PH-BE_2;20140321xFri;8_Srbsko;Středočeský kraj;h00;128;316
03-cd_01-ver_05-get_03-lau2_07-day_00--_08-frt-1008_01-sng_00-n_00-n_02-rail_00-n_00-n_02-kamp-cd;1008;0;41719;0;N;531057;N;9;3026;0;PM_PH-BE_2;20140321xFri;9_Beroun;Středočeský kraj;h00;0;1450
03-cd_01-ver_05-get_03-lau2_07-day_00--_08-frt-1008_01-sng_00-n_00-n_02-rail_00-n_00-n_02-kamp-cd;1008;0;41720;0;N;554782;N;1;3018;0;PM_PH-BE_2;20140322xSat;1_Praha;Hlavní město Praha;h00;7866;1526
03-cd_01-ver_05-get_03-lau2_07-day_00--_08-frt-1008_01-sng_00-n_00-n_02-rail_00-n_00-n_02-kamp-cd;1008;0;41720;0;N;539139;N;2;3026;0;PM_PH-BE_2;20140322xSat;2_Černošice;Středočeský kraj;h00;265;1371
03-cd_01-ver_05-get_03-lau2_07-day_00--_08-frt-1008_01-sng_00-n_00-n_02-rail_00-n_00-n_02-kamp-cd;1008;0;41720;0;N;539856;N;3;3026;0;PM_PH-BE_2;20140322xSat;3_Všenory;Středočeský kraj;h00;82;345
03-cd_01-ver_05-get_03-lau2_07-day_00--_08-frt-1008_01-sng_00-n_00-n_02-rail_00-n_00-n_02-kamp-cd;1008;0;41720;0;N;539198;N;4;3026;0;PM_PH-BE_2;20140322xSat;4_Dobřichovice;Středočeský kraj;h00;129;630
03-cd_01-ver_05-get_03-lau2_07-day_00--_08-frt-1008_01-sng_00-n_00-n_02-rail_00-n_00-n_02-kamp-cd;1008;0;41720;0;N;539643;N;5;3026;0;PM_PH-BE_2;20140322xSat;5_Řevnice;Středočeský kraj;h00;118;930
03-cd_01-ver_05-get_03-lau2_07-day_00--_08-frt-1008_01-sng_00-n_00-n_02-rail_00-n_00-n_02-kamp-cd;1008;0;41720;0;N;531979;N;6;3026;0;PM_PH-BE_2;20140322xSat;6_Zadní Třebaň;Středočeský kraj;h00;106;560
03-cd_01-ver_05-get_03-lau2_07-day_00--_08-frt-1008_01-sng_00-n_00-n_02-rail_00-n_00-n_02-kamp-cd;1008;0;41720;0;N;531316;N;7;3026;0;PM_PH-BE_2;20140322xSat;7_Karlštejn;Středočeský kraj;h00;131;1172
03-cd_01-ver_05-get_03-lau2_07-day_00--_08-frt-1008_01-sng_00-n_00-n_02-rail_00-n_00-n_02-kamp-cd;1008;0;41720;0;N;531758;N;8;3026;0;PM_PH-BE_2;20140322xSat;8_Srbsko;Středočeský kraj;h00;223;788
03-cd_01-ver_05-get_03-lau2_07-day_00--_08-frt-1008_01-sng_00-n_00-n_02-rail_00-n_00-n_02-kamp-cd;1008;0;41720;0;N;531057;N;9;3026;0;PM_PH-BE_2;20140322xSat;9_Beroun;Středočeský kraj;h00;0;1587
03-cd_01-ver_05-get_03-lau2_07-day_00--_08-frt-1008_01-sng_00-n_00-n_02-rail_00-n_00-n_02-kamp-cd;1008;0;41721;0;N;554782;N;1;3018;0;PM_PH-BE_2;20140323xSun;1_Praha;Hlavní město Praha;h00;4374;1440
03-cd_01-ver_05-get_03-lau2_07-day_00--_08-frt-1008_01-sng_00-n_00-n_02-rail_00-n_00-n_02-kamp-cd;1008;0;41721;0;N;539139;N;2;3026;0;PM_PH-BE_2;20140323xSun;2_Černošice;Středočeský kraj;h00;103;857
03-cd_01-ver_05-get_03-lau2_07-day_00--_08-frt-1008_01-sng_00-n_00-n_02-rail_00-n_00-n_02-kamp-cd;1008;0;41721;0;N;539856;N;3;3026;0;PM_PH-BE_2;20140323xSun;3_Všenory;Středočeský kraj;h00;51;203
03-cd_01-ver_05-get_03-lau2_07-day_00--_08-frt-1008_01-sng_00-n_00-n_02-rail_00-n_00-n_02-kamp-cd;1008;0;41721;0;N;539198;N;4;3026;0;PM_PH-BE_2;20140323xSun;4_Dobřichovice;Středočeský kraj;h00;76;392
03-cd_01-ver_05-get_03-lau2_07-day_00--_08-frt-1008_01-sng_00-n_00-n_02-rail_00-n_00-n_02-kamp-cd;1008;0;41721;0;N;539643;N;5;3026;0;PM_PH-BE_2;20140323xSun;5_Řevnice;Středočeský kraj;h00;71;366
03-cd_01-ver_05-get_03-lau2_07-day_00--_08-frt-1008_01-sng_00-n_00-n_02-rail_00-n_00-n_02-kamp-cd;1008;0;41721;0;N;531979;N;6;3026;0;PM_PH-BE_2;20140323xSun;6_Zadní Třebaň;Středočeský kraj;h00;44;304
03-cd_01-ver_05-get_03-lau2_07-day_00--_08-frt-1008_01-sng_00-n_00-n_02-rail_00-n_00-n_02-kamp-cd;1008;0;41721;0;N;531316;N;7;3026;0;PM_PH-BE_2;20140323xSun;7_Karlštejn;Středočeský kraj;h00;58;287
03-cd_01-ver_05-get_03-lau2_07-day_00--_08-frt-1008_01-sng_00-n_00-n_02-rail_00-n_00-n_02-kamp-cd;1008;0;41721;0;N;531758;N;8;3026;0;PM_PH-BE_2;20140323xSun;8_Srbsko;Středočeský kraj;h00;55;110
03-cd_01-ver_05-get_03-lau2_07-day_00--_08-frt-1008_01-sng_00-n_00-n_02-rail_00-n_00-n_02-kamp-cd;1008;0;41721;0;N;531057;N;9;3026;0;PM_PH-BE_2;20140323xSun;9_Beroun;Středočeský kraj;h00;0;884
03-cd_01-ver_05-get_03-lau2_07-day_00--_08-frt-1008_01-sng_00-n_00-n_02-rail_00-n_00-n_02-kamp-cd;1008;0;41722;0;N;554782;N;1;3018;0;PM_PH-BE_2;20140324xMon;1_Praha;Hlavní město Praha;h00;6850;2290
03-cd_01-ver_05-get_03-lau2_07-day_00--_08-frt-1008_01-sng_00-n_00-n_02-rail_00-n_00-n_02-kamp-cd;1008;0;41722;0;N;539139;N;2;3026;0;PM_PH-BE_2;20140324xMon;2_Černošice;Středočeský kraj;h00;311;1605
03-cd_01-ver_05-get_03-lau2_07-day_00--_08-frt-1008_01-sng_00-n_00-n_02-rail_00-n_00-n_02-kamp-cd;1008;0;41722;0;N;539856;N;3;3026;0;PM_PH-BE_2;20140324xMon;3_Všenory;Středočeský kraj;h00;45;320
03-cd_01-ver_05-get_03-lau2_07-day_00--_08-frt-1008_01-sng_00-n_00-n_02-rail_00-n_00-n_02-kamp-cd;1008;0;41722;0;N;539198;N;4;3026;0;PM_PH-BE_2;20140324xMon;4_Dobřichovice;Středočeský kraj;h00;129;677
03-cd_01-ver_05-get_03-lau2_07-day_00--_08-frt-1008_01-sng_00-n_00-n_02-rail_00-n_00-n_02-kamp-cd;1008;0;41722;0;N;539643;N;5;3026;0;PM_PH-BE_2;20140324xMon;5_Řevnice;Středočeský kraj;h00;131;815
03-cd_01-ver_05-get_03-lau2_07-day_00--_08-frt-1008_01-sng_00-n_00-n_02-rail_00-n_00-n_02-kamp-cd;1008;0;41722;0;N;531979;N;6;3026;0;PM_PH-BE_2;20140324xMon;6_Zadní Třebaň;Středočeský kraj;h00;114;554
03-cd_01-ver_05-get_03-lau2_07-day_00--_08-frt-1008_01-sng_00-n_00-n_02-rail_00-n_00-n_02-kamp-cd;1008;0;41722;0;N;531316;N;7;3026;0;PM_PH-BE_2;20140324xMon;7_Karlštejn;Středočeský kraj;h00;127;289
03-cd_01-ver_05-get_03-lau2_07-day_00--_08-frt-1008_01-sng_00-n_00-n_02-rail_00-n_00-n_02-kamp-cd;1008;0;41722;0;N;531758;N;8;3026;0;PM_PH-BE_2;20140324xMon;8_Srbsko;Středočeský kraj;h00;93;174
03-cd_01-ver_05-get_03-lau2_07-day_00--_08-frt-1008_01-sng_00-n_00-n_02-rail_00-n_00-n_02-kamp-cd;1008;0;41722;0;N;531057;N;9;3026;0;PM_PH-BE_2;20140324xMon;9_Beroun;Středočeský kraj;h00;0;1428
03-cd_01-ver_05-get_03-lau2_07-day_00--_08-frt-1008_01-sng_00-n_00-n_02-rail_00-n_00-n_02-kamp-cd;1008;0;41723;0;N;554782;N;1;3018;0;PM_PH-BE_2;20140325xTue;1_Praha;Hlavní město Praha;h00;0;0
03-cd_01-ver_05-get_03-lau2_07-day_00--_08-frt-1008_01-sng_00-n_00-n_02-rail_00-n_00-n_02-kamp-cd;1008;0;41723;0;N;539139;N;2;3026;0;PM_PH-BE_2;20140325xTue;2_Černošice;Středočeský kraj;h00;0;0
03-cd_01-ver_05-get_03-lau2_07-day_00--_08-frt-1008_01-sng_00-n_00-n_02-rail_00-n_00-n_02-kamp-cd;1008;0;41723;0;N;539856;N;3;3026;0;PM_PH-BE_2;20140325xTue;3_Všenory;Středočeský kraj;h00;0;0
03-cd_01-ver_05-get_03-lau2_07-day_00--_08-frt-1008_01-sng_00-n_00-n_02-rail_00-n_00-n_02-kamp-cd;1008;0;41723;0;N;539198;N;4;3026;0;PM_PH-BE_2;20140325xTue;4_Dobřichovice;Středočeský kraj;h00;0;0
03-cd_01-ver_05-get_03-lau2_07-day_00--_08-frt-1008_01-sng_00-n_00-n_02-rail_00-n_00-n_02-kamp-cd;1008;0;41723;0;N;539643;N;5;3026;0;PM_PH-BE_2;20140325xTue;5_Řevnice;Středočeský kraj;h00;0;0
03-cd_01-ver_05-get_03-lau2_07-day_00--_08-frt-1008_01-sng_00-n_00-n_02-rail_00-n_00-n_02-kamp-cd;1008;0;41723;0;N;531979;N;6;3026;0;PM_PH-BE_2;20140325xTue;6_Zadní Třebaň;Středočeský kraj;h00;0;0
03-cd_01-ver_05-get_03-lau2_07-day_00--_08-frt-1008_01-sng_00-n_00-n_02-rail_00-n_00-n_02-kamp-cd;1008;0;41723;0;N;531316;N;7;3026;0;PM_PH-BE_2;20140325xTue;7_Karlštejn;Středočeský kraj;h00;0;0
03-cd_01-ver_05-get_03-lau2_07-day_00--_08-frt-1008_01-sng_00-n_00-n_02-rail_00-n_00-n_02-kamp-cd;1008;0;41723;0;N;531758;N;8;3026;0;PM_PH-BE_2;20140325xTue;8_Srbsko;Středočeský kraj;h00;0;1
03-cd_01-ver_05-get_03-lau2_07-day_00--_08-frt-1008_01-sng_00-n_00-n_02-rail_00-n_00-n_02-kamp-cd;1008;0;41723;0;N;531057;N;9;3026;0;PM_PH-BE_2;20140325xTue;9_Beroun;Středočeský kraj;h00;0;23
03-cd_01-ver_05-get_03-lau2_07-day_00--_08-frt-1008_01-sng_00-n_00-n_02-rail_00-n_00-n_02-kamp-cd;1008;0;41724;0;N;554782;N;1;3018;0;PM_PH-BE_2;20140326xWed;1_Praha;Hlavní město Praha;h00;0;0
03-cd_01-ver_05-get_03-lau2_07-day_00--_08-frt-1008_01-sng_00-n_00-n_02-rail_00-n_00-n_02-kamp-cd;1008;0;41724;0;N;539139;N;2;3026;0;PM_PH-BE_2;20140326xWed;2_Černošice;Středočeský kraj;h00;0;0
03-cd_01-ver_05-get_03-lau2_07-day_00--_08-frt-1008_01-sng_00-n_00-n_02-rail_00-n_00-n_02-kamp-cd;1008;0;41724;0;N;539856;N;3;3026;0;PM_PH-BE_2;20140326xWed;3_Všenory;Středočeský kraj;h00;0;0
03-cd_01-ver_05-get_03-lau2_07-day_00--_08-frt-1008_01-sng_00-n_00-n_02-rail_00-n_00-n_02-kamp-cd;1008;0;41724;0;N;539198;N;4;3026;0;PM_PH-BE_2;20140326xWed;4_Dobřichovice;Středočeský kraj;h00;0;0
03-cd_01-ver_05-get_03-lau2_07-day_00--_08-frt-1008_01-sng_00-n_00-n_02-rail_00-n_00-n_02-kamp-cd;1008;0;41724;0;N;539643;N;5;3026;0;PM_PH-BE_2;20140326xWed;5_Řevnice;Středočeský kraj;h00;0;0
03-cd_01-ver_05-get_03-lau2_07-day_00--_08-frt-1008_01-sng_00-n_00-n_02-rail_00-n_00-n_02-kamp-cd;1008;0;41724;0;N;531979;N;6;3026;0;PM_PH-BE_2;20140326xWed;6_Zadní Třebaň;Středočeský kraj;h00;0;0
03-cd_01-ver_05-get_03-lau2_07-day_00--_08-frt-1008_01-sng_00-n_00-n_02-rail_00-n_00-n_02-kamp-cd;1008;0;41724;0;N;531316;N;7;3026;0;PM_PH-BE_2;20140326xWed;7_Karlštejn;Středočeský kraj;h00;0;0
03-cd_01-ver_05-get_03-lau2_07-day_00--_08-frt-1008_01-sng_00-n_00-n_02-rail_00-n_00-n_02-kamp-cd;1008;0;41724;0;N;531758;N;8;3026;0;PM_PH-BE_2;20140326xWed;8_Srbsko;Středočeský kraj;h00;0;0
03-cd_01-ver_05-get_03-lau2_07-day_00--_08-frt-1008_01-sng_00-n_00-n_02-rail_00-n_00-n_02-kamp-cd;1008;0;41724;0;N;531057;N;9;3026;0;PM_PH-BE_2;20140326xWed;9_Beroun;Středočeský kraj;h00;0;0
