03-cd_01-ver_06-cap_03-lau2_07-day_00--_07-frt-1007_01-uni_00-n_00-n_02-rail_00--_00--_00-n;1007;0;41710;0;N;531057;N;1;3026;0;PM_BE-PH_1;20140312xWed;01_Beroun_N;Středočeský kraj;h00;14260;N
03-cd_01-ver_06-cap_03-lau2_07-day_00--_07-frt-1007_01-uni_00-n_00-n_02-rail_00--_00--_00-n;1007;0;41710;0;N;531758;N;2;3026;0;PM_BE-PH_1;20140312xWed;02_Srbsko_N;Středočeský kraj;h00;14260;N
03-cd_01-ver_06-cap_03-lau2_07-day_00--_07-frt-1007_01-uni_00-n_00-n_02-rail_00--_00--_00-n;1007;0;41710;0;N;531316;N;3;3026;0;PM_BE-PH_1;20140312xWed;03_Karlštejn_N;Středočeský kraj;h00;14260;N
03-cd_01-ver_06-cap_03-lau2_07-day_00--_07-frt-1007_01-uni_00-n_00-n_02-rail_00--_00--_00-n;1007;0;41710;0;N;531979;N;4;3026;0;PM_BE-PH_1;20140312xWed;04_Zadní Třebaň_N;Středočeský kraj;h00;14260;N
03-cd_01-ver_06-cap_03-lau2_07-day_00--_07-frt-1007_01-uni_00-n_00-n_02-rail_00--_00--_00-n;1007;0;41710;0;N;539643;N;5;3026;0;PM_BE-PH_1;20140312xWed;05_Řevnice_N;Středočeský kraj;h00;14570;N
03-cd_01-ver_06-cap_03-lau2_07-day_00--_07-frt-1007_01-uni_00-n_00-n_02-rail_00--_00--_00-n;1007;0;41710;0;N;539198;N;6;3026;0;PM_BE-PH_1;20140312xWed;06_Dobřichovice_N;Středočeský kraj;h00;14570;N
03-cd_01-ver_06-cap_03-lau2_07-day_00--_07-frt-1007_01-uni_00-n_00-n_02-rail_00--_00--_00-n;1007;0;41710;0;N;539856;N;7;3026;0;PM_BE-PH_1;20140312xWed;07_Všenory_N;Středočeský kraj;h00;14570;N
03-cd_01-ver_06-cap_03-lau2_07-day_00--_07-frt-1007_01-uni_00-n_00-n_02-rail_00--_00--_00-n;1007;0;41710;0;N;539139;N;8;3026;0;PM_BE-PH_1;20140312xWed;08_Černošice_N;Středočeský kraj;h00;29140;N
03-cd_01-ver_06-cap_03-lau2_07-day_00--_07-frt-1007_01-uni_00-n_00-n_02-rail_00--_00--_00-n;1007;0;41710;0;N;554782;N;9;3018;0;PM_BE-PH_1;20140312xWed;09_Praha_N;Hlavní město Praha;h00;43710;N
03-cd_01-ver_06-cap_03-lau2_07-day_00--_07-frt-1007_01-uni_00-n_00-n_02-rail_00--_00--_00-n;1007;0;41711;0;N;531057;N;1;3026;0;PM_BE-PH_1;20140313xThu;01_Beroun_N;Středočeský kraj;h00;14260;N
03-cd_01-ver_06-cap_03-lau2_07-day_00--_07-frt-1007_01-uni_00-n_00-n_02-rail_00--_00--_00-n;1007;0;41711;0;N;531758;N;2;3026;0;PM_BE-PH_1;20140313xThu;02_Srbsko_N;Středočeský kraj;h00;14260;N
03-cd_01-ver_06-cap_03-lau2_07-day_00--_07-frt-1007_01-uni_00-n_00-n_02-rail_00--_00--_00-n;1007;0;41711;0;N;531316;N;3;3026;0;PM_BE-PH_1;20140313xThu;03_Karlštejn_N;Středočeský kraj;h00;14260;N
03-cd_01-ver_06-cap_03-lau2_07-day_00--_07-frt-1007_01-uni_00-n_00-n_02-rail_00--_00--_00-n;1007;0;41711;0;N;531979;N;4;3026;0;PM_BE-PH_1;20140313xThu;04_Zadní Třebaň_N;Středočeský kraj;h00;14260;N
03-cd_01-ver_06-cap_03-lau2_07-day_00--_07-frt-1007_01-uni_00-n_00-n_02-rail_00--_00--_00-n;1007;0;41711;0;N;539643;N;5;3026;0;PM_BE-PH_1;20140313xThu;05_Řevnice_N;Středočeský kraj;h00;14570;N
03-cd_01-ver_06-cap_03-lau2_07-day_00--_07-frt-1007_01-uni_00-n_00-n_02-rail_00--_00--_00-n;1007;0;41711;0;N;539198;N;6;3026;0;PM_BE-PH_1;20140313xThu;06_Dobřichovice_N;Středočeský kraj;h00;14570;N
03-cd_01-ver_06-cap_03-lau2_07-day_00--_07-frt-1007_01-uni_00-n_00-n_02-rail_00--_00--_00-n;1007;0;41711;0;N;539856;N;7;3026;0;PM_BE-PH_1;20140313xThu;07_Všenory_N;Středočeský kraj;h00;14570;N
03-cd_01-ver_06-cap_03-lau2_07-day_00--_07-frt-1007_01-uni_00-n_00-n_02-rail_00--_00--_00-n;1007;0;41711;0;N;539139;N;8;3026;0;PM_BE-PH_1;20140313xThu;08_Černošice_N;Středočeský kraj;h00;29140;N
03-cd_01-ver_06-cap_03-lau2_07-day_00--_07-frt-1007_01-uni_00-n_00-n_02-rail_00--_00--_00-n;1007;0;41711;0;N;554782;N;9;3018;0;PM_BE-PH_1;20140313xThu;09_Praha_N;Hlavní město Praha;h00;43710;N
03-cd_01-ver_06-cap_03-lau2_07-day_00--_07-frt-1007_01-uni_00-n_00-n_02-rail_00--_00--_00-n;1007;0;41712;0;N;531057;N;1;3026;0;PM_BE-PH_1;20140314xFri;01_Beroun_N;Středočeský kraj;h00;14880;N
03-cd_01-ver_06-cap_03-lau2_07-day_00--_07-frt-1007_01-uni_00-n_00-n_02-rail_00--_00--_00-n;1007;0;41712;0;N;531758;N;2;3026;0;PM_BE-PH_1;20140314xFri;02_Srbsko_N;Středočeský kraj;h00;14880;N
03-cd_01-ver_06-cap_03-lau2_07-day_00--_07-frt-1007_01-uni_00-n_00-n_02-rail_00--_00--_00-n;1007;0;41712;0;N;531316;N;3;3026;0;PM_BE-PH_1;20140314xFri;03_Karlštejn_N;Středočeský kraj;h00;14880;N
03-cd_01-ver_06-cap_03-lau2_07-day_00--_07-frt-1007_01-uni_00-n_00-n_02-rail_00--_00--_00-n;1007;0;41712;0;N;531979;N;4;3026;0;PM_BE-PH_1;20140314xFri;04_Zadní Třebaň_N;Středočeský kraj;h00;14880;N
03-cd_01-ver_06-cap_03-lau2_07-day_00--_07-frt-1007_01-uni_00-n_00-n_02-rail_00--_00--_00-n;1007;0;41712;0;N;539643;N;5;3026;0;PM_BE-PH_1;20140314xFri;05_Řevnice_N;Středočeský kraj;h00;15190;N
03-cd_01-ver_06-cap_03-lau2_07-day_00--_07-frt-1007_01-uni_00-n_00-n_02-rail_00--_00--_00-n;1007;0;41712;0;N;539198;N;6;3026;0;PM_BE-PH_1;20140314xFri;06_Dobřichovice_N;Středočeský kraj;h00;15190;N
03-cd_01-ver_06-cap_03-lau2_07-day_00--_07-frt-1007_01-uni_00-n_00-n_02-rail_00--_00--_00-n;1007;0;41712;0;N;539856;N;7;3026;0;PM_BE-PH_1;20140314xFri;07_Všenory_N;Středočeský kraj;h00;15190;N
03-cd_01-ver_06-cap_03-lau2_07-day_00--_07-frt-1007_01-uni_00-n_00-n_02-rail_00--_00--_00-n;1007;0;41712;0;N;539139;N;8;3026;0;PM_BE-PH_1;20140314xFri;08_Černošice_N;Středočeský kraj;h00;30380;N
03-cd_01-ver_06-cap_03-lau2_07-day_00--_07-frt-1007_01-uni_00-n_00-n_02-rail_00--_00--_00-n;1007;0;41712;0;N;554782;N;9;3018;0;PM_BE-PH_1;20140314xFri;09_Praha_N;Hlavní město Praha;h00;45570;N
03-cd_01-ver_06-cap_03-lau2_07-day_00--_07-frt-1007_01-uni_00-n_00-n_02-rail_00--_00--_00-n;1007;0;41713;0;N;531057;N;1;3026;0;PM_BE-PH_1;20140315xSat;01_Beroun_N;Středočeský kraj;h00;14260;N
03-cd_01-ver_06-cap_03-lau2_07-day_00--_07-frt-1007_01-uni_00-n_00-n_02-rail_00--_00--_00-n;1007;0;41713;0;N;531758;N;2;3026;0;PM_BE-PH_1;20140315xSat;02_Srbsko_N;Středočeský kraj;h00;14260;N
03-cd_01-ver_06-cap_03-lau2_07-day_00--_07-frt-1007_01-uni_00-n_00-n_02-rail_00--_00--_00-n;1007;0;41713;0;N;531316;N;3;3026;0;PM_BE-PH_1;20140315xSat;03_Karlštejn_N;Středočeský kraj;h00;14260;N
03-cd_01-ver_06-cap_03-lau2_07-day_00--_07-frt-1007_01-uni_00-n_00-n_02-rail_00--_00--_00-n;1007;0;41713;0;N;531979;N;4;3026;0;PM_BE-PH_1;20140315xSat;04_Zadní Třebaň_N;Středočeský kraj;h00;14260;N
03-cd_01-ver_06-cap_03-lau2_07-day_00--_07-frt-1007_01-uni_00-n_00-n_02-rail_00--_00--_00-n;1007;0;41713;0;N;539643;N;5;3026;0;PM_BE-PH_1;20140315xSat;05_Řevnice_N;Středočeský kraj;h00;14880;N
03-cd_01-ver_06-cap_03-lau2_07-day_00--_07-frt-1007_01-uni_00-n_00-n_02-rail_00--_00--_00-n;1007;0;41713;0;N;539198;N;6;3026;0;PM_BE-PH_1;20140315xSat;06_Dobřichovice_N;Středočeský kraj;h00;14880;N
03-cd_01-ver_06-cap_03-lau2_07-day_00--_07-frt-1007_01-uni_00-n_00-n_02-rail_00--_00--_00-n;1007;0;41713;0;N;539856;N;7;3026;0;PM_BE-PH_1;20140315xSat;07_Všenory_N;Středočeský kraj;h00;14880;N
03-cd_01-ver_06-cap_03-lau2_07-day_00--_07-frt-1007_01-uni_00-n_00-n_02-rail_00--_00--_00-n;1007;0;41713;0;N;539139;N;8;3026;0;PM_BE-PH_1;20140315xSat;08_Černošice_N;Středočeský kraj;h00;29760;N
03-cd_01-ver_06-cap_03-lau2_07-day_00--_07-frt-1007_01-uni_00-n_00-n_02-rail_00--_00--_00-n;1007;0;41713;0;N;554782;N;9;3018;0;PM_BE-PH_1;20140315xSat;09_Praha_N;Hlavní město Praha;h00;44640;N
03-cd_01-ver_06-cap_03-lau2_07-day_00--_07-frt-1007_01-uni_00-n_00-n_02-rail_00--_00--_00-n;1007;0;41714;0;N;531057;N;1;3026;0;PM_BE-PH_1;20140316xSun;01_Beroun_N;Středočeský kraj;h00;12710;N
03-cd_01-ver_06-cap_03-lau2_07-day_00--_07-frt-1007_01-uni_00-n_00-n_02-rail_00--_00--_00-n;1007;0;41714;0;N;531758;N;2;3026;0;PM_BE-PH_1;20140316xSun;02_Srbsko_N;Středočeský kraj;h00;12710;N
03-cd_01-ver_06-cap_03-lau2_07-day_00--_07-frt-1007_01-uni_00-n_00-n_02-rail_00--_00--_00-n;1007;0;41714;0;N;531316;N;3;3026;0;PM_BE-PH_1;20140316xSun;03_Karlštejn_N;Středočeský kraj;h00;12710;N
03-cd_01-ver_06-cap_03-lau2_07-day_00--_07-frt-1007_01-uni_00-n_00-n_02-rail_00--_00--_00-n;1007;0;41714;0;N;531979;N;4;3026;0;PM_BE-PH_1;20140316xSun;04_Zadní Třebaň_N;Středočeský kraj;h00;12710;N
03-cd_01-ver_06-cap_03-lau2_07-day_00--_07-frt-1007_01-uni_00-n_00-n_02-rail_00--_00--_00-n;1007;0;41714;0;N;539643;N;5;3026;0;PM_BE-PH_1;20140316xSun;05_Řevnice_N;Středočeský kraj;h00;13330;N
03-cd_01-ver_06-cap_03-lau2_07-day_00--_07-frt-1007_01-uni_00-n_00-n_02-rail_00--_00--_00-n;1007;0;41714;0;N;539198;N;6;3026;0;PM_BE-PH_1;20140316xSun;06_Dobřichovice_N;Středočeský kraj;h00;13330;N
03-cd_01-ver_06-cap_03-lau2_07-day_00--_07-frt-1007_01-uni_00-n_00-n_02-rail_00--_00--_00-n;1007;0;41714;0;N;539856;N;7;3026;0;PM_BE-PH_1;20140316xSun;07_Všenory_N;Středočeský kraj;h00;13330;N
03-cd_01-ver_06-cap_03-lau2_07-day_00--_07-frt-1007_01-uni_00-n_00-n_02-rail_00--_00--_00-n;1007;0;41714;0;N;539139;N;8;3026;0;PM_BE-PH_1;20140316xSun;08_Černošice_N;Středočeský kraj;h00;26660;N
03-cd_01-ver_06-cap_03-lau2_07-day_00--_07-frt-1007_01-uni_00-n_00-n_02-rail_00--_00--_00-n;1007;0;41714;0;N;554782;N;9;3018;0;PM_BE-PH_1;20140316xSun;09_Praha_N;Hlavní město Praha;h00;39990;N
03-cd_01-ver_06-cap_03-lau2_07-day_00--_07-frt-1007_01-uni_00-n_00-n_02-rail_00--_00--_00-n;1007;0;41715;0;N;531057;N;1;3026;0;PM_BE-PH_1;20140317xMon;01_Beroun_N;Středočeský kraj;h00;14260;N
03-cd_01-ver_06-cap_03-lau2_07-day_00--_07-frt-1007_01-uni_00-n_00-n_02-rail_00--_00--_00-n;1007;0;41715;0;N;531758;N;2;3026;0;PM_BE-PH_1;20140317xMon;02_Srbsko_N;Středočeský kraj;h00;14260;N
03-cd_01-ver_06-cap_03-lau2_07-day_00--_07-frt-1007_01-uni_00-n_00-n_02-rail_00--_00--_00-n;1007;0;41715;0;N;531316;N;3;3026;0;PM_BE-PH_1;20140317xMon;03_Karlštejn_N;Středočeský kraj;h00;14260;N
03-cd_01-ver_06-cap_03-lau2_07-day_00--_07-frt-1007_01-uni_00-n_00-n_02-rail_00--_00--_00-n;1007;0;41715;0;N;531979;N;4;3026;0;PM_BE-PH_1;20140317xMon;04_Zadní Třebaň_N;Středočeský kraj;h00;14260;N
03-cd_01-ver_06-cap_03-lau2_07-day_00--_07-frt-1007_01-uni_00-n_00-n_02-rail_00--_00--_00-n;1007;0;41715;0;N;539643;N;5;3026;0;PM_BE-PH_1;20140317xMon;05_Řevnice_N;Středočeský kraj;h00;14570;N
03-cd_01-ver_06-cap_03-lau2_07-day_00--_07-frt-1007_01-uni_00-n_00-n_02-rail_00--_00--_00-n;1007;0;41715;0;N;539198;N;6;3026;0;PM_BE-PH_1;20140317xMon;06_Dobřichovice_N;Středočeský kraj;h00;14570;N
03-cd_01-ver_06-cap_03-lau2_07-day_00--_07-frt-1007_01-uni_00-n_00-n_02-rail_00--_00--_00-n;1007;0;41715;0;N;539856;N;7;3026;0;PM_BE-PH_1;20140317xMon;07_Všenory_N;Středočeský kraj;h00;14570;N
03-cd_01-ver_06-cap_03-lau2_07-day_00--_07-frt-1007_01-uni_00-n_00-n_02-rail_00--_00--_00-n;1007;0;41715;0;N;539139;N;8;3026;0;PM_BE-PH_1;20140317xMon;08_Černošice_N;Středočeský kraj;h00;29140;N
03-cd_01-ver_06-cap_03-lau2_07-day_00--_07-frt-1007_01-uni_00-n_00-n_02-rail_00--_00--_00-n;1007;0;41715;0;N;554782;N;9;3018;0;PM_BE-PH_1;20140317xMon;09_Praha_N;Hlavní město Praha;h00;43710;N
03-cd_01-ver_06-cap_03-lau2_07-day_00--_07-frt-1007_01-uni_00-n_00-n_02-rail_00--_00--_00-n;1007;0;41716;0;N;531057;N;1;3026;0;PM_BE-PH_1;20140318xTue;01_Beroun_N;Středočeský kraj;h00;14260;N
03-cd_01-ver_06-cap_03-lau2_07-day_00--_07-frt-1007_01-uni_00-n_00-n_02-rail_00--_00--_00-n;1007;0;41716;0;N;531758;N;2;3026;0;PM_BE-PH_1;20140318xTue;02_Srbsko_N;Středočeský kraj;h00;14260;N
03-cd_01-ver_06-cap_03-lau2_07-day_00--_07-frt-1007_01-uni_00-n_00-n_02-rail_00--_00--_00-n;1007;0;41716;0;N;531316;N;3;3026;0;PM_BE-PH_1;20140318xTue;03_Karlštejn_N;Středočeský kraj;h00;14260;N
03-cd_01-ver_06-cap_03-lau2_07-day_00--_07-frt-1007_01-uni_00-n_00-n_02-rail_00--_00--_00-n;1007;0;41716;0;N;531979;N;4;3026;0;PM_BE-PH_1;20140318xTue;04_Zadní Třebaň_N;Středočeský kraj;h00;14260;N
03-cd_01-ver_06-cap_03-lau2_07-day_00--_07-frt-1007_01-uni_00-n_00-n_02-rail_00--_00--_00-n;1007;0;41716;0;N;539643;N;5;3026;0;PM_BE-PH_1;20140318xTue;05_Řevnice_N;Středočeský kraj;h00;14570;N
03-cd_01-ver_06-cap_03-lau2_07-day_00--_07-frt-1007_01-uni_00-n_00-n_02-rail_00--_00--_00-n;1007;0;41716;0;N;539198;N;6;3026;0;PM_BE-PH_1;20140318xTue;06_Dobřichovice_N;Středočeský kraj;h00;14570;N
03-cd_01-ver_06-cap_03-lau2_07-day_00--_07-frt-1007_01-uni_00-n_00-n_02-rail_00--_00--_00-n;1007;0;41716;0;N;539856;N;7;3026;0;PM_BE-PH_1;20140318xTue;07_Všenory_N;Středočeský kraj;h00;14570;N
03-cd_01-ver_06-cap_03-lau2_07-day_00--_07-frt-1007_01-uni_00-n_00-n_02-rail_00--_00--_00-n;1007;0;41716;0;N;539139;N;8;3026;0;PM_BE-PH_1;20140318xTue;08_Černošice_N;Středočeský kraj;h00;29140;N
03-cd_01-ver_06-cap_03-lau2_07-day_00--_07-frt-1007_01-uni_00-n_00-n_02-rail_00--_00--_00-n;1007;0;41716;0;N;554782;N;9;3018;0;PM_BE-PH_1;20140318xTue;09_Praha_N;Hlavní město Praha;h00;43710;N
03-cd_01-ver_06-cap_03-lau2_07-day_00--_07-frt-1007_01-uni_00-n_00-n_02-rail_00--_00--_00-n;1007;0;41717;0;N;531057;N;1;3026;0;PM_BE-PH_1;20140319xWed;01_Beroun_N;Středočeský kraj;h00;14260;N
03-cd_01-ver_06-cap_03-lau2_07-day_00--_07-frt-1007_01-uni_00-n_00-n_02-rail_00--_00--_00-n;1007;0;41717;0;N;531758;N;2;3026;0;PM_BE-PH_1;20140319xWed;02_Srbsko_N;Středočeský kraj;h00;14260;N
03-cd_01-ver_06-cap_03-lau2_07-day_00--_07-frt-1007_01-uni_00-n_00-n_02-rail_00--_00--_00-n;1007;0;41717;0;N;531316;N;3;3026;0;PM_BE-PH_1;20140319xWed;03_Karlštejn_N;Středočeský kraj;h00;14260;N
03-cd_01-ver_06-cap_03-lau2_07-day_00--_07-frt-1007_01-uni_00-n_00-n_02-rail_00--_00--_00-n;1007;0;41717;0;N;531979;N;4;3026;0;PM_BE-PH_1;20140319xWed;04_Zadní Třebaň_N;Středočeský kraj;h00;14260;N
03-cd_01-ver_06-cap_03-lau2_07-day_00--_07-frt-1007_01-uni_00-n_00-n_02-rail_00--_00--_00-n;1007;0;41717;0;N;539643;N;5;3026;0;PM_BE-PH_1;20140319xWed;05_Řevnice_N;Středočeský kraj;h00;14570;N
03-cd_01-ver_06-cap_03-lau2_07-day_00--_07-frt-1007_01-uni_00-n_00-n_02-rail_00--_00--_00-n;1007;0;41717;0;N;539198;N;6;3026;0;PM_BE-PH_1;20140319xWed;06_Dobřichovice_N;Středočeský kraj;h00;14570;N
03-cd_01-ver_06-cap_03-lau2_07-day_00--_07-frt-1007_01-uni_00-n_00-n_02-rail_00--_00--_00-n;1007;0;41717;0;N;539856;N;7;3026;0;PM_BE-PH_1;20140319xWed;07_Všenory_N;Středočeský kraj;h00;14570;N
03-cd_01-ver_06-cap_03-lau2_07-day_00--_07-frt-1007_01-uni_00-n_00-n_02-rail_00--_00--_00-n;1007;0;41717;0;N;539139;N;8;3026;0;PM_BE-PH_1;20140319xWed;08_Černošice_N;Středočeský kraj;h00;29140;N
03-cd_01-ver_06-cap_03-lau2_07-day_00--_07-frt-1007_01-uni_00-n_00-n_02-rail_00--_00--_00-n;1007;0;41717;0;N;554782;N;9;3018;0;PM_BE-PH_1;20140319xWed;09_Praha_N;Hlavní město Praha;h00;43710;N
03-cd_01-ver_06-cap_03-lau2_07-day_00--_07-frt-1007_01-uni_00-n_00-n_02-rail_00--_00--_00-n;1007;0;41718;0;N;531057;N;1;3026;0;PM_BE-PH_1;20140320xThu;01_Beroun_N;Středočeský kraj;h00;14260;N
03-cd_01-ver_06-cap_03-lau2_07-day_00--_07-frt-1007_01-uni_00-n_00-n_02-rail_00--_00--_00-n;1007;0;41718;0;N;531758;N;2;3026;0;PM_BE-PH_1;20140320xThu;02_Srbsko_N;Středočeský kraj;h00;14260;N
03-cd_01-ver_06-cap_03-lau2_07-day_00--_07-frt-1007_01-uni_00-n_00-n_02-rail_00--_00--_00-n;1007;0;41718;0;N;531316;N;3;3026;0;PM_BE-PH_1;20140320xThu;03_Karlštejn_N;Středočeský kraj;h00;14260;N
03-cd_01-ver_06-cap_03-lau2_07-day_00--_07-frt-1007_01-uni_00-n_00-n_02-rail_00--_00--_00-n;1007;0;41718;0;N;531979;N;4;3026;0;PM_BE-PH_1;20140320xThu;04_Zadní Třebaň_N;Středočeský kraj;h00;14260;N
03-cd_01-ver_06-cap_03-lau2_07-day_00--_07-frt-1007_01-uni_00-n_00-n_02-rail_00--_00--_00-n;1007;0;41718;0;N;539643;N;5;3026;0;PM_BE-PH_1;20140320xThu;05_Řevnice_N;Středočeský kraj;h00;14570;N
03-cd_01-ver_06-cap_03-lau2_07-day_00--_07-frt-1007_01-uni_00-n_00-n_02-rail_00--_00--_00-n;1007;0;41718;0;N;539198;N;6;3026;0;PM_BE-PH_1;20140320xThu;06_Dobřichovice_N;Středočeský kraj;h00;14570;N
03-cd_01-ver_06-cap_03-lau2_07-day_00--_07-frt-1007_01-uni_00-n_00-n_02-rail_00--_00--_00-n;1007;0;41718;0;N;539856;N;7;3026;0;PM_BE-PH_1;20140320xThu;07_Všenory_N;Středočeský kraj;h00;14570;N
03-cd_01-ver_06-cap_03-lau2_07-day_00--_07-frt-1007_01-uni_00-n_00-n_02-rail_00--_00--_00-n;1007;0;41718;0;N;539139;N;8;3026;0;PM_BE-PH_1;20140320xThu;08_Černošice_N;Středočeský kraj;h00;29140;N
03-cd_01-ver_06-cap_03-lau2_07-day_00--_07-frt-1007_01-uni_00-n_00-n_02-rail_00--_00--_00-n;1007;0;41718;0;N;554782;N;9;3018;0;PM_BE-PH_1;20140320xThu;09_Praha_N;Hlavní město Praha;h00;43710;N
03-cd_01-ver_06-cap_03-lau2_07-day_00--_07-frt-1007_01-uni_00-n_00-n_02-rail_00--_00--_00-n;1007;0;41719;0;N;531057;N;1;3026;0;PM_BE-PH_1;20140321xFri;01_Beroun_N;Středočeský kraj;h00;14880;N
03-cd_01-ver_06-cap_03-lau2_07-day_00--_07-frt-1007_01-uni_00-n_00-n_02-rail_00--_00--_00-n;1007;0;41719;0;N;531758;N;2;3026;0;PM_BE-PH_1;20140321xFri;02_Srbsko_N;Středočeský kraj;h00;14880;N
03-cd_01-ver_06-cap_03-lau2_07-day_00--_07-frt-1007_01-uni_00-n_00-n_02-rail_00--_00--_00-n;1007;0;41719;0;N;531316;N;3;3026;0;PM_BE-PH_1;20140321xFri;03_Karlštejn_N;Středočeský kraj;h00;14880;N
03-cd_01-ver_06-cap_03-lau2_07-day_00--_07-frt-1007_01-uni_00-n_00-n_02-rail_00--_00--_00-n;1007;0;41719;0;N;531979;N;4;3026;0;PM_BE-PH_1;20140321xFri;04_Zadní Třebaň_N;Středočeský kraj;h00;14880;N
03-cd_01-ver_06-cap_03-lau2_07-day_00--_07-frt-1007_01-uni_00-n_00-n_02-rail_00--_00--_00-n;1007;0;41719;0;N;539643;N;5;3026;0;PM_BE-PH_1;20140321xFri;05_Řevnice_N;Středočeský kraj;h00;15190;N
03-cd_01-ver_06-cap_03-lau2_07-day_00--_07-frt-1007_01-uni_00-n_00-n_02-rail_00--_00--_00-n;1007;0;41719;0;N;539198;N;6;3026;0;PM_BE-PH_1;20140321xFri;06_Dobřichovice_N;Středočeský kraj;h00;15190;N
03-cd_01-ver_06-cap_03-lau2_07-day_00--_07-frt-1007_01-uni_00-n_00-n_02-rail_00--_00--_00-n;1007;0;41719;0;N;539856;N;7;3026;0;PM_BE-PH_1;20140321xFri;07_Všenory_N;Středočeský kraj;h00;15190;N
03-cd_01-ver_06-cap_03-lau2_07-day_00--_07-frt-1007_01-uni_00-n_00-n_02-rail_00--_00--_00-n;1007;0;41719;0;N;539139;N;8;3026;0;PM_BE-PH_1;20140321xFri;08_Černošice_N;Středočeský kraj;h00;30380;N
03-cd_01-ver_06-cap_03-lau2_07-day_00--_07-frt-1007_01-uni_00-n_00-n_02-rail_00--_00--_00-n;1007;0;41719;0;N;554782;N;9;3018;0;PM_BE-PH_1;20140321xFri;09_Praha_N;Hlavní město Praha;h00;45570;N
03-cd_01-ver_06-cap_03-lau2_07-day_00--_07-frt-1007_01-uni_00-n_00-n_02-rail_00--_00--_00-n;1007;0;41720;0;N;531057;N;1;3026;0;PM_BE-PH_1;20140322xSat;01_Beroun_N;Středočeský kraj;h00;14260;N
03-cd_01-ver_06-cap_03-lau2_07-day_00--_07-frt-1007_01-uni_00-n_00-n_02-rail_00--_00--_00-n;1007;0;41720;0;N;531758;N;2;3026;0;PM_BE-PH_1;20140322xSat;02_Srbsko_N;Středočeský kraj;h00;14260;N
03-cd_01-ver_06-cap_03-lau2_07-day_00--_07-frt-1007_01-uni_00-n_00-n_02-rail_00--_00--_00-n;1007;0;41720;0;N;531316;N;3;3026;0;PM_BE-PH_1;20140322xSat;03_Karlštejn_N;Středočeský kraj;h00;14260;N
03-cd_01-ver_06-cap_03-lau2_07-day_00--_07-frt-1007_01-uni_00-n_00-n_02-rail_00--_00--_00-n;1007;0;41720;0;N;531979;N;4;3026;0;PM_BE-PH_1;20140322xSat;04_Zadní Třebaň_N;Středočeský kraj;h00;14260;N
03-cd_01-ver_06-cap_03-lau2_07-day_00--_07-frt-1007_01-uni_00-n_00-n_02-rail_00--_00--_00-n;1007;0;41720;0;N;539643;N;5;3026;0;PM_BE-PH_1;20140322xSat;05_Řevnice_N;Středočeský kraj;h00;14880;N
03-cd_01-ver_06-cap_03-lau2_07-day_00--_07-frt-1007_01-uni_00-n_00-n_02-rail_00--_00--_00-n;1007;0;41720;0;N;539198;N;6;3026;0;PM_BE-PH_1;20140322xSat;06_Dobřichovice_N;Středočeský kraj;h00;14880;N
03-cd_01-ver_06-cap_03-lau2_07-day_00--_07-frt-1007_01-uni_00-n_00-n_02-rail_00--_00--_00-n;1007;0;41720;0;N;539856;N;7;3026;0;PM_BE-PH_1;20140322xSat;07_Všenory_N;Středočeský kraj;h00;14880;N
03-cd_01-ver_06-cap_03-lau2_07-day_00--_07-frt-1007_01-uni_00-n_00-n_02-rail_00--_00--_00-n;1007;0;41720;0;N;539139;N;8;3026;0;PM_BE-PH_1;20140322xSat;08_Černošice_N;Středočeský kraj;h00;29760;N
03-cd_01-ver_06-cap_03-lau2_07-day_00--_07-frt-1007_01-uni_00-n_00-n_02-rail_00--_00--_00-n;1007;0;41720;0;N;554782;N;9;3018;0;PM_BE-PH_1;20140322xSat;09_Praha_N;Hlavní město Praha;h00;44640;N
03-cd_01-ver_06-cap_03-lau2_07-day_00--_07-frt-1007_01-uni_00-n_00-n_02-rail_00--_00--_00-n;1007;0;41721;0;N;531057;N;1;3026;0;PM_BE-PH_1;20140323xSun;01_Beroun_N;Středočeský kraj;h00;12710;N
03-cd_01-ver_06-cap_03-lau2_07-day_00--_07-frt-1007_01-uni_00-n_00-n_02-rail_00--_00--_00-n;1007;0;41721;0;N;531758;N;2;3026;0;PM_BE-PH_1;20140323xSun;02_Srbsko_N;Středočeský kraj;h00;12710;N
03-cd_01-ver_06-cap_03-lau2_07-day_00--_07-frt-1007_01-uni_00-n_00-n_02-rail_00--_00--_00-n;1007;0;41721;0;N;531316;N;3;3026;0;PM_BE-PH_1;20140323xSun;03_Karlštejn_N;Středočeský kraj;h00;12710;N
03-cd_01-ver_06-cap_03-lau2_07-day_00--_07-frt-1007_01-uni_00-n_00-n_02-rail_00--_00--_00-n;1007;0;41721;0;N;531979;N;4;3026;0;PM_BE-PH_1;20140323xSun;04_Zadní Třebaň_N;Středočeský kraj;h00;12710;N
03-cd_01-ver_06-cap_03-lau2_07-day_00--_07-frt-1007_01-uni_00-n_00-n_02-rail_00--_00--_00-n;1007;0;41721;0;N;539643;N;5;3026;0;PM_BE-PH_1;20140323xSun;05_Řevnice_N;Středočeský kraj;h00;13330;N
03-cd_01-ver_06-cap_03-lau2_07-day_00--_07-frt-1007_01-uni_00-n_00-n_02-rail_00--_00--_00-n;1007;0;41721;0;N;539198;N;6;3026;0;PM_BE-PH_1;20140323xSun;06_Dobřichovice_N;Středočeský kraj;h00;13330;N
03-cd_01-ver_06-cap_03-lau2_07-day_00--_07-frt-1007_01-uni_00-n_00-n_02-rail_00--_00--_00-n;1007;0;41721;0;N;539856;N;7;3026;0;PM_BE-PH_1;20140323xSun;07_Všenory_N;Středočeský kraj;h00;13330;N
03-cd_01-ver_06-cap_03-lau2_07-day_00--_07-frt-1007_01-uni_00-n_00-n_02-rail_00--_00--_00-n;1007;0;41721;0;N;539139;N;8;3026;0;PM_BE-PH_1;20140323xSun;08_Černošice_N;Středočeský kraj;h00;26660;N
03-cd_01-ver_06-cap_03-lau2_07-day_00--_07-frt-1007_01-uni_00-n_00-n_02-rail_00--_00--_00-n;1007;0;41721;0;N;554782;N;9;3018;0;PM_BE-PH_1;20140323xSun;09_Praha_N;Hlavní město Praha;h00;39990;N
03-cd_01-ver_06-cap_03-lau2_07-day_00--_07-frt-1007_01-uni_00-n_00-n_02-rail_00--_00--_00-n;1007;0;41722;0;N;531057;N;1;3026;0;PM_BE-PH_1;20140324xMon;01_Beroun_N;Středočeský kraj;h00;14260;N
03-cd_01-ver_06-cap_03-lau2_07-day_00--_07-frt-1007_01-uni_00-n_00-n_02-rail_00--_00--_00-n;1007;0;41722;0;N;531758;N;2;3026;0;PM_BE-PH_1;20140324xMon;02_Srbsko_N;Středočeský kraj;h00;14260;N
03-cd_01-ver_06-cap_03-lau2_07-day_00--_07-frt-1007_01-uni_00-n_00-n_02-rail_00--_00--_00-n;1007;0;41722;0;N;531316;N;3;3026;0;PM_BE-PH_1;20140324xMon;03_Karlštejn_N;Středočeský kraj;h00;14260;N
03-cd_01-ver_06-cap_03-lau2_07-day_00--_07-frt-1007_01-uni_00-n_00-n_02-rail_00--_00--_00-n;1007;0;41722;0;N;531979;N;4;3026;0;PM_BE-PH_1;20140324xMon;04_Zadní Třebaň_N;Středočeský kraj;h00;14260;N
03-cd_01-ver_06-cap_03-lau2_07-day_00--_07-frt-1007_01-uni_00-n_00-n_02-rail_00--_00--_00-n;1007;0;41722;0;N;539643;N;5;3026;0;PM_BE-PH_1;20140324xMon;05_Řevnice_N;Středočeský kraj;h00;14570;N
03-cd_01-ver_06-cap_03-lau2_07-day_00--_07-frt-1007_01-uni_00-n_00-n_02-rail_00--_00--_00-n;1007;0;41722;0;N;539198;N;6;3026;0;PM_BE-PH_1;20140324xMon;06_Dobřichovice_N;Středočeský kraj;h00;14570;N
03-cd_01-ver_06-cap_03-lau2_07-day_00--_07-frt-1007_01-uni_00-n_00-n_02-rail_00--_00--_00-n;1007;0;41722;0;N;539856;N;7;3026;0;PM_BE-PH_1;20140324xMon;07_Všenory_N;Středočeský kraj;h00;14570;N
03-cd_01-ver_06-cap_03-lau2_07-day_00--_07-frt-1007_01-uni_00-n_00-n_02-rail_00--_00--_00-n;1007;0;41722;0;N;539139;N;8;3026;0;PM_BE-PH_1;20140324xMon;08_Černošice_N;Středočeský kraj;h00;29140;N
03-cd_01-ver_06-cap_03-lau2_07-day_00--_07-frt-1007_01-uni_00-n_00-n_02-rail_00--_00--_00-n;1007;0;41722;0;N;554782;N;9;3018;0;PM_BE-PH_1;20140324xMon;09_Praha_N;Hlavní město Praha;h00;43710;N
03-cd_01-ver_06-cap_03-lau2_07-day_00--_07-frt-1007_01-uni_00-n_00-n_02-rail_00--_00--_00-n;1007;0;41723;0;N;531057;N;1;3026;0;PM_BE-PH_1;20140325xTue;01_Beroun_N;Středočeský kraj;h00;14260;N
03-cd_01-ver_06-cap_03-lau2_07-day_00--_07-frt-1007_01-uni_00-n_00-n_02-rail_00--_00--_00-n;1007;0;41723;0;N;531758;N;2;3026;0;PM_BE-PH_1;20140325xTue;02_Srbsko_N;Středočeský kraj;h00;14260;N
03-cd_01-ver_06-cap_03-lau2_07-day_00--_07-frt-1007_01-uni_00-n_00-n_02-rail_00--_00--_00-n;1007;0;41723;0;N;531316;N;3;3026;0;PM_BE-PH_1;20140325xTue;03_Karlštejn_N;Středočeský kraj;h00;14260;N
03-cd_01-ver_06-cap_03-lau2_07-day_00--_07-frt-1007_01-uni_00-n_00-n_02-rail_00--_00--_00-n;1007;0;41723;0;N;531979;N;4;3026;0;PM_BE-PH_1;20140325xTue;04_Zadní Třebaň_N;Středočeský kraj;h00;14260;N
03-cd_01-ver_06-cap_03-lau2_07-day_00--_07-frt-1007_01-uni_00-n_00-n_02-rail_00--_00--_00-n;1007;0;41723;0;N;539643;N;5;3026;0;PM_BE-PH_1;20140325xTue;05_Řevnice_N;Středočeský kraj;h00;14570;N
03-cd_01-ver_06-cap_03-lau2_07-day_00--_07-frt-1007_01-uni_00-n_00-n_02-rail_00--_00--_00-n;1007;0;41723;0;N;539198;N;6;3026;0;PM_BE-PH_1;20140325xTue;06_Dobřichovice_N;Středočeský kraj;h00;14570;N
03-cd_01-ver_06-cap_03-lau2_07-day_00--_07-frt-1007_01-uni_00-n_00-n_02-rail_00--_00--_00-n;1007;0;41723;0;N;539856;N;7;3026;0;PM_BE-PH_1;20140325xTue;07_Všenory_N;Středočeský kraj;h00;14570;N
03-cd_01-ver_06-cap_03-lau2_07-day_00--_07-frt-1007_01-uni_00-n_00-n_02-rail_00--_00--_00-n;1007;0;41723;0;N;539139;N;8;3026;0;PM_BE-PH_1;20140325xTue;08_Černošice_N;Středočeský kraj;h00;29140;N
03-cd_01-ver_06-cap_03-lau2_07-day_00--_07-frt-1007_01-uni_00-n_00-n_02-rail_00--_00--_00-n;1007;0;41723;0;N;554782;N;9;3018;0;PM_BE-PH_1;20140325xTue;09_Praha_N;Hlavní město Praha;h00;43710;N
03-cd_01-ver_06-cap_03-lau2_07-day_00--_07-frt-1007_01-uni_00-n_00-n_02-rail_00--_00--_00-n;1007;0;41724;0;N;531057;N;1;3026;0;PM_BE-PH_1;20140326xWed;01_Beroun_N;Středočeský kraj;h00;14260;N
03-cd_01-ver_06-cap_03-lau2_07-day_00--_07-frt-1007_01-uni_00-n_00-n_02-rail_00--_00--_00-n;1007;0;41724;0;N;531758;N;2;3026;0;PM_BE-PH_1;20140326xWed;02_Srbsko_N;Středočeský kraj;h00;14260;N
03-cd_01-ver_06-cap_03-lau2_07-day_00--_07-frt-1007_01-uni_00-n_00-n_02-rail_00--_00--_00-n;1007;0;41724;0;N;531316;N;3;3026;0;PM_BE-PH_1;20140326xWed;03_Karlštejn_N;Středočeský kraj;h00;14260;N
03-cd_01-ver_06-cap_03-lau2_07-day_00--_07-frt-1007_01-uni_00-n_00-n_02-rail_00--_00--_00-n;1007;0;41724;0;N;531979;N;4;3026;0;PM_BE-PH_1;20140326xWed;04_Zadní Třebaň_N;Středočeský kraj;h00;14260;N
03-cd_01-ver_06-cap_03-lau2_07-day_00--_07-frt-1007_01-uni_00-n_00-n_02-rail_00--_00--_00-n;1007;0;41724;0;N;539643;N;5;3026;0;PM_BE-PH_1;20140326xWed;05_Řevnice_N;Středočeský kraj;h00;14570;N
03-cd_01-ver_06-cap_03-lau2_07-day_00--_07-frt-1007_01-uni_00-n_00-n_02-rail_00--_00--_00-n;1007;0;41724;0;N;539198;N;6;3026;0;PM_BE-PH_1;20140326xWed;06_Dobřichovice_N;Středočeský kraj;h00;14570;N
03-cd_01-ver_06-cap_03-lau2_07-day_00--_07-frt-1007_01-uni_00-n_00-n_02-rail_00--_00--_00-n;1007;0;41724;0;N;539856;N;7;3026;0;PM_BE-PH_1;20140326xWed;07_Všenory_N;Středočeský kraj;h00;14570;N
03-cd_01-ver_06-cap_03-lau2_07-day_00--_07-frt-1007_01-uni_00-n_00-n_02-rail_00--_00--_00-n;1007;0;41724;0;N;539139;N;8;3026;0;PM_BE-PH_1;20140326xWed;08_Černošice_N;Středočeský kraj;h00;29140;N
03-cd_01-ver_06-cap_03-lau2_07-day_00--_07-frt-1007_01-uni_00-n_00-n_02-rail_00--_00--_00-n;1007;0;41724;0;N;554782;N;9;3018;0;PM_BE-PH_1;20140326xWed;09_Praha_N;Hlavní město Praha;h00;43710;N
