03-cd_01-ver_05-get_03-lau2_07-day_00--_04-frt-1004_01-sng_00-n_00-n_02-rail_00-n_00-n_02-kamp-cd;1004;0;41710;0;N;555479;N;1;3051;0;OS_PO-KV_1;20140312xWed;1_Potůčky;Karlovarský kraj;h00;0;0
03-cd_01-ver_05-get_03-lau2_07-day_00--_04-frt-1004_01-sng_00-n_00-n_02-rail_00-n_00-n_02-kamp-cd;1004;0;41710;0;N;555169;N;2;3051;0;OS_PO-KV_1;20140312xWed;2_Horní Blatná;Karlovarský kraj;h00;0;0
03-cd_01-ver_05-get_03-lau2_07-day_00--_04-frt-1004_01-sng_00-n_00-n_02-rail_00-n_00-n_02-kamp-cd;1004;0;41710;0;N;555452;N;3;3051;0;OS_PO-KV_1;20140312xWed;3_Pernink;Karlovarský kraj;h00;0;0
03-cd_01-ver_05-get_03-lau2_07-day_00--_04-frt-1004_01-sng_00-n_00-n_02-rail_00-n_00-n_02-kamp-cd;1004;0;41710;0;N;555380;N;4;3051;0;OS_PO-KV_1;20140312xWed;4_Nejdek;Karlovarský kraj;h00;0;0
03-cd_01-ver_05-get_03-lau2_07-day_00--_04-frt-1004_01-sng_00-n_00-n_02-rail_00-n_00-n_02-kamp-cd;1004;0;41710;0;N;506494;N;5;3051;0;OS_PO-KV_1;20140312xWed;5_Nové Hamry;Karlovarský kraj;h00;0;0
03-cd_01-ver_05-get_03-lau2_07-day_00--_04-frt-1004_01-sng_00-n_00-n_02-rail_00-n_00-n_02-kamp-cd;1004;0;41710;0;N;555380;N;6;3051;0;OS_PO-KV_1;20140312xWed;4_Nejdek;Karlovarský kraj;h00;0;0
03-cd_01-ver_05-get_03-lau2_07-day_00--_04-frt-1004_01-sng_00-n_00-n_02-rail_00-n_00-n_02-kamp-cd;1004;0;41710;0;N;555398;N;7;3051;0;OS_PO-KV_1;20140312xWed;6_Nová Role;Karlovarský kraj;h00;0;0
03-cd_01-ver_05-get_03-lau2_07-day_00--_04-frt-1004_01-sng_00-n_00-n_02-rail_00-n_00-n_02-kamp-cd;1004;0;41710;0;N;554961;N;8;3051;0;OS_PO-KV_1;20140312xWed;7_Karlovy Vary;Karlovarský kraj;h00;0;0
03-cd_01-ver_05-get_03-lau2_07-day_00--_04-frt-1004_01-sng_00-n_00-n_02-rail_00-n_00-n_02-kamp-cd;1004;0;41711;0;N;555479;N;1;3051;0;OS_PO-KV_1;20140313xThu;1_Potůčky;Karlovarský kraj;h00;0;0
03-cd_01-ver_05-get_03-lau2_07-day_00--_04-frt-1004_01-sng_00-n_00-n_02-rail_00-n_00-n_02-kamp-cd;1004;0;41711;0;N;555169;N;2;3051;0;OS_PO-KV_1;20140313xThu;2_Horní Blatná;Karlovarský kraj;h00;0;0
03-cd_01-ver_05-get_03-lau2_07-day_00--_04-frt-1004_01-sng_00-n_00-n_02-rail_00-n_00-n_02-kamp-cd;1004;0;41711;0;N;555452;N;3;3051;0;OS_PO-KV_1;20140313xThu;3_Pernink;Karlovarský kraj;h00;0;0
03-cd_01-ver_05-get_03-lau2_07-day_00--_04-frt-1004_01-sng_00-n_00-n_02-rail_00-n_00-n_02-kamp-cd;1004;0;41711;0;N;555380;N;4;3051;0;OS_PO-KV_1;20140313xThu;4_Nejdek;Karlovarský kraj;h00;0;0
03-cd_01-ver_05-get_03-lau2_07-day_00--_04-frt-1004_01-sng_00-n_00-n_02-rail_00-n_00-n_02-kamp-cd;1004;0;41711;0;N;506494;N;5;3051;0;OS_PO-KV_1;20140313xThu;5_Nové Hamry;Karlovarský kraj;h00;0;0
03-cd_01-ver_05-get_03-lau2_07-day_00--_04-frt-1004_01-sng_00-n_00-n_02-rail_00-n_00-n_02-kamp-cd;1004;0;41711;0;N;555380;N;6;3051;0;OS_PO-KV_1;20140313xThu;4_Nejdek;Karlovarský kraj;h00;0;0
03-cd_01-ver_05-get_03-lau2_07-day_00--_04-frt-1004_01-sng_00-n_00-n_02-rail_00-n_00-n_02-kamp-cd;1004;0;41711;0;N;555398;N;7;3051;0;OS_PO-KV_1;20140313xThu;6_Nová Role;Karlovarský kraj;h00;0;0
03-cd_01-ver_05-get_03-lau2_07-day_00--_04-frt-1004_01-sng_00-n_00-n_02-rail_00-n_00-n_02-kamp-cd;1004;0;41711;0;N;554961;N;8;3051;0;OS_PO-KV_1;20140313xThu;7_Karlovy Vary;Karlovarský kraj;h00;0;0
03-cd_01-ver_05-get_03-lau2_07-day_00--_04-frt-1004_01-sng_00-n_00-n_02-rail_00-n_00-n_02-kamp-cd;1004;0;41712;0;N;555479;N;1;3051;0;OS_PO-KV_1;20140314xFri;1_Potůčky;Karlovarský kraj;h00;43;0
03-cd_01-ver_05-get_03-lau2_07-day_00--_04-frt-1004_01-sng_00-n_00-n_02-rail_00-n_00-n_02-kamp-cd;1004;0;41712;0;N;555169;N;2;3051;0;OS_PO-KV_1;20140314xFri;2_Horní Blatná;Karlovarský kraj;h00;29;10
03-cd_01-ver_05-get_03-lau2_07-day_00--_04-frt-1004_01-sng_00-n_00-n_02-rail_00-n_00-n_02-kamp-cd;1004;0;41712;0;N;555452;N;3;3051;0;OS_PO-KV_1;20140314xFri;3_Pernink;Karlovarský kraj;h00;28;12
03-cd_01-ver_05-get_03-lau2_07-day_00--_04-frt-1004_01-sng_00-n_00-n_02-rail_00-n_00-n_02-kamp-cd;1004;0;41712;0;N;555380;N;4;3051;0;OS_PO-KV_1;20140314xFri;4_Nejdek;Karlovarský kraj;h00;12;8
03-cd_01-ver_05-get_03-lau2_07-day_00--_04-frt-1004_01-sng_00-n_00-n_02-rail_00-n_00-n_02-kamp-cd;1004;0;41712;0;N;506494;N;5;3051;0;OS_PO-KV_1;20140314xFri;5_Nové Hamry;Karlovarský kraj;h00;27;16
03-cd_01-ver_05-get_03-lau2_07-day_00--_04-frt-1004_01-sng_00-n_00-n_02-rail_00-n_00-n_02-kamp-cd;1004;0;41712;0;N;555380;N;6;3051;0;OS_PO-KV_1;20140314xFri;4_Nejdek;Karlovarský kraj;h00;166;45
03-cd_01-ver_05-get_03-lau2_07-day_00--_04-frt-1004_01-sng_00-n_00-n_02-rail_00-n_00-n_02-kamp-cd;1004;0;41712;0;N;555398;N;7;3051;0;OS_PO-KV_1;20140314xFri;6_Nová Role;Karlovarský kraj;h00;107;62
03-cd_01-ver_05-get_03-lau2_07-day_00--_04-frt-1004_01-sng_00-n_00-n_02-rail_00-n_00-n_02-kamp-cd;1004;0;41712;0;N;554961;N;8;3051;0;OS_PO-KV_1;20140314xFri;7_Karlovy Vary;Karlovarský kraj;h00;17;289
03-cd_01-ver_05-get_03-lau2_07-day_00--_04-frt-1004_01-sng_00-n_00-n_02-rail_00-n_00-n_02-kamp-cd;1004;0;41713;0;N;555479;N;1;3051;0;OS_PO-KV_1;20140315xSat;1_Potůčky;Karlovarský kraj;h00;41;2
03-cd_01-ver_05-get_03-lau2_07-day_00--_04-frt-1004_01-sng_00-n_00-n_02-rail_00-n_00-n_02-kamp-cd;1004;0;41713;0;N;555169;N;2;3051;0;OS_PO-KV_1;20140315xSat;2_Horní Blatná;Karlovarský kraj;h00;13;4
03-cd_01-ver_05-get_03-lau2_07-day_00--_04-frt-1004_01-sng_00-n_00-n_02-rail_00-n_00-n_02-kamp-cd;1004;0;41713;0;N;555452;N;3;3051;0;OS_PO-KV_1;20140315xSat;3_Pernink;Karlovarský kraj;h00;12;5
03-cd_01-ver_05-get_03-lau2_07-day_00--_04-frt-1004_01-sng_00-n_00-n_02-rail_00-n_00-n_02-kamp-cd;1004;0;41713;0;N;555380;N;4;3051;0;OS_PO-KV_1;20140315xSat;4_Nejdek;Karlovarský kraj;h00;12;0
03-cd_01-ver_05-get_03-lau2_07-day_00--_04-frt-1004_01-sng_00-n_00-n_02-rail_00-n_00-n_02-kamp-cd;1004;0;41713;0;N;506494;N;5;3051;0;OS_PO-KV_1;20140315xSat;5_Nové Hamry;Karlovarský kraj;h00;6;0
03-cd_01-ver_05-get_03-lau2_07-day_00--_04-frt-1004_01-sng_00-n_00-n_02-rail_00-n_00-n_02-kamp-cd;1004;0;41713;0;N;555380;N;6;3051;0;OS_PO-KV_1;20140315xSat;4_Nejdek;Karlovarský kraj;h00;104;46
03-cd_01-ver_05-get_03-lau2_07-day_00--_04-frt-1004_01-sng_00-n_00-n_02-rail_00-n_00-n_02-kamp-cd;1004;0;41713;0;N;555398;N;7;3051;0;OS_PO-KV_1;20140315xSat;6_Nová Role;Karlovarský kraj;h00;68;34
03-cd_01-ver_05-get_03-lau2_07-day_00--_04-frt-1004_01-sng_00-n_00-n_02-rail_00-n_00-n_02-kamp-cd;1004;0;41713;0;N;554961;N;8;3051;0;OS_PO-KV_1;20140315xSat;7_Karlovy Vary;Karlovarský kraj;h00;4;184
03-cd_01-ver_05-get_03-lau2_07-day_00--_04-frt-1004_01-sng_00-n_00-n_02-rail_00-n_00-n_02-kamp-cd;1004;0;41714;0;N;555479;N;1;3051;0;OS_PO-KV_1;20140316xSun;1_Potůčky;Karlovarský kraj;h00;40;4
03-cd_01-ver_05-get_03-lau2_07-day_00--_04-frt-1004_01-sng_00-n_00-n_02-rail_00-n_00-n_02-kamp-cd;1004;0;41714;0;N;555169;N;2;3051;0;OS_PO-KV_1;20140316xSun;2_Horní Blatná;Karlovarský kraj;h00;27;1
03-cd_01-ver_05-get_03-lau2_07-day_00--_04-frt-1004_01-sng_00-n_00-n_02-rail_00-n_00-n_02-kamp-cd;1004;0;41714;0;N;555452;N;3;3051;0;OS_PO-KV_1;20140316xSun;3_Pernink;Karlovarský kraj;h00;32;8
03-cd_01-ver_05-get_03-lau2_07-day_00--_04-frt-1004_01-sng_00-n_00-n_02-rail_00-n_00-n_02-kamp-cd;1004;0;41714;0;N;555380;N;4;3051;0;OS_PO-KV_1;20140316xSun;4_Nejdek;Karlovarský kraj;h00;13;0
03-cd_01-ver_05-get_03-lau2_07-day_00--_04-frt-1004_01-sng_00-n_00-n_02-rail_00-n_00-n_02-kamp-cd;1004;0;41714;0;N;506494;N;5;3051;0;OS_PO-KV_1;20140316xSun;5_Nové Hamry;Karlovarský kraj;h00;29;12
03-cd_01-ver_05-get_03-lau2_07-day_00--_04-frt-1004_01-sng_00-n_00-n_02-rail_00-n_00-n_02-kamp-cd;1004;0;41714;0;N;555380;N;6;3051;0;OS_PO-KV_1;20140316xSun;4_Nejdek;Karlovarský kraj;h00;121;69
03-cd_01-ver_05-get_03-lau2_07-day_00--_04-frt-1004_01-sng_00-n_00-n_02-rail_00-n_00-n_02-kamp-cd;1004;0;41714;0;N;555398;N;7;3051;0;OS_PO-KV_1;20140316xSun;6_Nová Role;Karlovarský kraj;h00;51;49
03-cd_01-ver_05-get_03-lau2_07-day_00--_04-frt-1004_01-sng_00-n_00-n_02-rail_00-n_00-n_02-kamp-cd;1004;0;41714;0;N;554961;N;8;3051;0;OS_PO-KV_1;20140316xSun;7_Karlovy Vary;Karlovarský kraj;h00;7;189
03-cd_01-ver_05-get_03-lau2_07-day_00--_04-frt-1004_01-sng_00-n_00-n_02-rail_00-n_00-n_02-kamp-cd;1004;0;41715;0;N;555479;N;1;3051;0;OS_PO-KV_1;20140317xMon;1_Potůčky;Karlovarský kraj;h00;26;12
03-cd_01-ver_05-get_03-lau2_07-day_00--_04-frt-1004_01-sng_00-n_00-n_02-rail_00-n_00-n_02-kamp-cd;1004;0;41715;0;N;555169;N;2;3051;0;OS_PO-KV_1;20140317xMon;2_Horní Blatná;Karlovarský kraj;h00;10;6
03-cd_01-ver_05-get_03-lau2_07-day_00--_04-frt-1004_01-sng_00-n_00-n_02-rail_00-n_00-n_02-kamp-cd;1004;0;41715;0;N;555452;N;3;3051;0;OS_PO-KV_1;20140317xMon;3_Pernink;Karlovarský kraj;h00;21;3
03-cd_01-ver_05-get_03-lau2_07-day_00--_04-frt-1004_01-sng_00-n_00-n_02-rail_00-n_00-n_02-kamp-cd;1004;0;41715;0;N;555380;N;4;3051;0;OS_PO-KV_1;20140317xMon;4_Nejdek;Karlovarský kraj;h00;5;3
03-cd_01-ver_05-get_03-lau2_07-day_00--_04-frt-1004_01-sng_00-n_00-n_02-rail_00-n_00-n_02-kamp-cd;1004;0;41715;0;N;506494;N;5;3051;0;OS_PO-KV_1;20140317xMon;5_Nové Hamry;Karlovarský kraj;h00;43;4
03-cd_01-ver_05-get_03-lau2_07-day_00--_04-frt-1004_01-sng_00-n_00-n_02-rail_00-n_00-n_02-kamp-cd;1004;0;41715;0;N;555380;N;6;3051;0;OS_PO-KV_1;20140317xMon;4_Nejdek;Karlovarský kraj;h00;189;51
03-cd_01-ver_05-get_03-lau2_07-day_00--_04-frt-1004_01-sng_00-n_00-n_02-rail_00-n_00-n_02-kamp-cd;1004;0;41715;0;N;555398;N;7;3051;0;OS_PO-KV_1;20140317xMon;6_Nová Role;Karlovarský kraj;h00;101;50
03-cd_01-ver_05-get_03-lau2_07-day_00--_04-frt-1004_01-sng_00-n_00-n_02-rail_00-n_00-n_02-kamp-cd;1004;0;41715;0;N;554961;N;8;3051;0;OS_PO-KV_1;20140317xMon;7_Karlovy Vary;Karlovarský kraj;h00;12;305
03-cd_01-ver_05-get_03-lau2_07-day_00--_04-frt-1004_01-sng_00-n_00-n_02-rail_00-n_00-n_02-kamp-cd;1004;0;41716;0;N;555479;N;1;3051;0;OS_PO-KV_1;20140318xTue;1_Potůčky;Karlovarský kraj;h00;24;0
03-cd_01-ver_05-get_03-lau2_07-day_00--_04-frt-1004_01-sng_00-n_00-n_02-rail_00-n_00-n_02-kamp-cd;1004;0;41716;0;N;555169;N;2;3051;0;OS_PO-KV_1;20140318xTue;2_Horní Blatná;Karlovarský kraj;h00;20;9
03-cd_01-ver_05-get_03-lau2_07-day_00--_04-frt-1004_01-sng_00-n_00-n_02-rail_00-n_00-n_02-kamp-cd;1004;0;41716;0;N;555452;N;3;3051;0;OS_PO-KV_1;20140318xTue;3_Pernink;Karlovarský kraj;h00;22;2
03-cd_01-ver_05-get_03-lau2_07-day_00--_04-frt-1004_01-sng_00-n_00-n_02-rail_00-n_00-n_02-kamp-cd;1004;0;41716;0;N;555380;N;4;3051;0;OS_PO-KV_1;20140318xTue;4_Nejdek;Karlovarský kraj;h00;5;2
03-cd_01-ver_05-get_03-lau2_07-day_00--_04-frt-1004_01-sng_00-n_00-n_02-rail_00-n_00-n_02-kamp-cd;1004;0;41716;0;N;506494;N;5;3051;0;OS_PO-KV_1;20140318xTue;5_Nové Hamry;Karlovarský kraj;h00;26;4
03-cd_01-ver_05-get_03-lau2_07-day_00--_04-frt-1004_01-sng_00-n_00-n_02-rail_00-n_00-n_02-kamp-cd;1004;0;41716;0;N;555380;N;6;3051;0;OS_PO-KV_1;20140318xTue;4_Nejdek;Karlovarský kraj;h00;162;74
03-cd_01-ver_05-get_03-lau2_07-day_00--_04-frt-1004_01-sng_00-n_00-n_02-rail_00-n_00-n_02-kamp-cd;1004;0;41716;0;N;555398;N;7;3051;0;OS_PO-KV_1;20140318xTue;6_Nová Role;Karlovarský kraj;h00;121;49
03-cd_01-ver_05-get_03-lau2_07-day_00--_04-frt-1004_01-sng_00-n_00-n_02-rail_00-n_00-n_02-kamp-cd;1004;0;41716;0;N;554961;N;8;3051;0;OS_PO-KV_1;20140318xTue;7_Karlovy Vary;Karlovarský kraj;h00;16;264
03-cd_01-ver_05-get_03-lau2_07-day_00--_04-frt-1004_01-sng_00-n_00-n_02-rail_00-n_00-n_02-kamp-cd;1004;0;41717;0;N;555479;N;1;3051;0;OS_PO-KV_1;20140319xWed;1_Potůčky;Karlovarský kraj;h00;34;3
03-cd_01-ver_05-get_03-lau2_07-day_00--_04-frt-1004_01-sng_00-n_00-n_02-rail_00-n_00-n_02-kamp-cd;1004;0;41717;0;N;555169;N;2;3051;0;OS_PO-KV_1;20140319xWed;2_Horní Blatná;Karlovarský kraj;h00;19;6
03-cd_01-ver_05-get_03-lau2_07-day_00--_04-frt-1004_01-sng_00-n_00-n_02-rail_00-n_00-n_02-kamp-cd;1004;0;41717;0;N;555452;N;3;3051;0;OS_PO-KV_1;20140319xWed;3_Pernink;Karlovarský kraj;h00;16;8
03-cd_01-ver_05-get_03-lau2_07-day_00--_04-frt-1004_01-sng_00-n_00-n_02-rail_00-n_00-n_02-kamp-cd;1004;0;41717;0;N;555380;N;4;3051;0;OS_PO-KV_1;20140319xWed;4_Nejdek;Karlovarský kraj;h00;7;6
03-cd_01-ver_05-get_03-lau2_07-day_00--_04-frt-1004_01-sng_00-n_00-n_02-rail_00-n_00-n_02-kamp-cd;1004;0;41717;0;N;506494;N;5;3051;0;OS_PO-KV_1;20140319xWed;5_Nové Hamry;Karlovarský kraj;h00;21;5
03-cd_01-ver_05-get_03-lau2_07-day_00--_04-frt-1004_01-sng_00-n_00-n_02-rail_00-n_00-n_02-kamp-cd;1004;0;41717;0;N;555380;N;6;3051;0;OS_PO-KV_1;20140319xWed;4_Nejdek;Karlovarský kraj;h00;141;65
03-cd_01-ver_05-get_03-lau2_07-day_00--_04-frt-1004_01-sng_00-n_00-n_02-rail_00-n_00-n_02-kamp-cd;1004;0;41717;0;N;555398;N;7;3051;0;OS_PO-KV_1;20140319xWed;6_Nová Role;Karlovarský kraj;h00;111;44
03-cd_01-ver_05-get_03-lau2_07-day_00--_04-frt-1004_01-sng_00-n_00-n_02-rail_00-n_00-n_02-kamp-cd;1004;0;41717;0;N;554961;N;8;3051;0;OS_PO-KV_1;20140319xWed;7_Karlovy Vary;Karlovarský kraj;h00;7;232
03-cd_01-ver_05-get_03-lau2_07-day_00--_04-frt-1004_01-sng_00-n_00-n_02-rail_00-n_00-n_02-kamp-cd;1004;0;41718;0;N;555479;N;1;3051;0;OS_PO-KV_1;20140320xThu;1_Potůčky;Karlovarský kraj;h00;28;2
03-cd_01-ver_05-get_03-lau2_07-day_00--_04-frt-1004_01-sng_00-n_00-n_02-rail_00-n_00-n_02-kamp-cd;1004;0;41718;0;N;555169;N;2;3051;0;OS_PO-KV_1;20140320xThu;2_Horní Blatná;Karlovarský kraj;h00;26;5
03-cd_01-ver_05-get_03-lau2_07-day_00--_04-frt-1004_01-sng_00-n_00-n_02-rail_00-n_00-n_02-kamp-cd;1004;0;41718;0;N;555452;N;3;3051;0;OS_PO-KV_1;20140320xThu;3_Pernink;Karlovarský kraj;h00;11;3
03-cd_01-ver_05-get_03-lau2_07-day_00--_04-frt-1004_01-sng_00-n_00-n_02-rail_00-n_00-n_02-kamp-cd;1004;0;41718;0;N;555380;N;4;3051;0;OS_PO-KV_1;20140320xThu;4_Nejdek;Karlovarský kraj;h00;10;2
03-cd_01-ver_05-get_03-lau2_07-day_00--_04-frt-1004_01-sng_00-n_00-n_02-rail_00-n_00-n_02-kamp-cd;1004;0;41718;0;N;506494;N;5;3051;0;OS_PO-KV_1;20140320xThu;5_Nové Hamry;Karlovarský kraj;h00;26;2
03-cd_01-ver_05-get_03-lau2_07-day_00--_04-frt-1004_01-sng_00-n_00-n_02-rail_00-n_00-n_02-kamp-cd;1004;0;41718;0;N;555380;N;6;3051;0;OS_PO-KV_1;20140320xThu;4_Nejdek;Karlovarský kraj;h00;167;65
03-cd_01-ver_05-get_03-lau2_07-day_00--_04-frt-1004_01-sng_00-n_00-n_02-rail_00-n_00-n_02-kamp-cd;1004;0;41718;0;N;555398;N;7;3051;0;OS_PO-KV_1;20140320xThu;6_Nová Role;Karlovarský kraj;h00;82;53
03-cd_01-ver_05-get_03-lau2_07-day_00--_04-frt-1004_01-sng_00-n_00-n_02-rail_00-n_00-n_02-kamp-cd;1004;0;41718;0;N;554961;N;8;3051;0;OS_PO-KV_1;20140320xThu;7_Karlovy Vary;Karlovarský kraj;h00;13;237
03-cd_01-ver_05-get_03-lau2_07-day_00--_04-frt-1004_01-sng_00-n_00-n_02-rail_00-n_00-n_02-kamp-cd;1004;0;41719;0;N;555479;N;1;3051;0;OS_PO-KV_1;20140321xFri;1_Potůčky;Karlovarský kraj;h00;42;2
03-cd_01-ver_05-get_03-lau2_07-day_00--_04-frt-1004_01-sng_00-n_00-n_02-rail_00-n_00-n_02-kamp-cd;1004;0;41719;0;N;555169;N;2;3051;0;OS_PO-KV_1;20140321xFri;2_Horní Blatná;Karlovarský kraj;h00;22;3
03-cd_01-ver_05-get_03-lau2_07-day_00--_04-frt-1004_01-sng_00-n_00-n_02-rail_00-n_00-n_02-kamp-cd;1004;0;41719;0;N;555452;N;3;3051;0;OS_PO-KV_1;20140321xFri;3_Pernink;Karlovarský kraj;h00;17;8
03-cd_01-ver_05-get_03-lau2_07-day_00--_04-frt-1004_01-sng_00-n_00-n_02-rail_00-n_00-n_02-kamp-cd;1004;0;41719;0;N;555380;N;4;3051;0;OS_PO-KV_1;20140321xFri;4_Nejdek;Karlovarský kraj;h00;12;4
03-cd_01-ver_05-get_03-lau2_07-day_00--_04-frt-1004_01-sng_00-n_00-n_02-rail_00-n_00-n_02-kamp-cd;1004;0;41719;0;N;506494;N;5;3051;0;OS_PO-KV_1;20140321xFri;5_Nové Hamry;Karlovarský kraj;h00;17;8
03-cd_01-ver_05-get_03-lau2_07-day_00--_04-frt-1004_01-sng_00-n_00-n_02-rail_00-n_00-n_02-kamp-cd;1004;0;41719;0;N;555380;N;6;3051;0;OS_PO-KV_1;20140321xFri;4_Nejdek;Karlovarský kraj;h00;200;51
03-cd_01-ver_05-get_03-lau2_07-day_00--_04-frt-1004_01-sng_00-n_00-n_02-rail_00-n_00-n_02-kamp-cd;1004;0;41719;0;N;555398;N;7;3051;0;OS_PO-KV_1;20140321xFri;6_Nová Role;Karlovarský kraj;h00;114;66
03-cd_01-ver_05-get_03-lau2_07-day_00--_04-frt-1004_01-sng_00-n_00-n_02-rail_00-n_00-n_02-kamp-cd;1004;0;41719;0;N;554961;N;8;3051;0;OS_PO-KV_1;20140321xFri;7_Karlovy Vary;Karlovarský kraj;h00;11;301
03-cd_01-ver_05-get_03-lau2_07-day_00--_04-frt-1004_01-sng_00-n_00-n_02-rail_00-n_00-n_02-kamp-cd;1004;0;41720;0;N;555479;N;1;3051;0;OS_PO-KV_1;20140322xSat;1_Potůčky;Karlovarský kraj;h00;95;0
03-cd_01-ver_05-get_03-lau2_07-day_00--_04-frt-1004_01-sng_00-n_00-n_02-rail_00-n_00-n_02-kamp-cd;1004;0;41720;0;N;555169;N;2;3051;0;OS_PO-KV_1;20140322xSat;2_Horní Blatná;Karlovarský kraj;h00;34;33
03-cd_01-ver_05-get_03-lau2_07-day_00--_04-frt-1004_01-sng_00-n_00-n_02-rail_00-n_00-n_02-kamp-cd;1004;0;41720;0;N;555452;N;3;3051;0;OS_PO-KV_1;20140322xSat;3_Pernink;Karlovarský kraj;h00;44;14
03-cd_01-ver_05-get_03-lau2_07-day_00--_04-frt-1004_01-sng_00-n_00-n_02-rail_00-n_00-n_02-kamp-cd;1004;0;41720;0;N;555380;N;4;3051;0;OS_PO-KV_1;20140322xSat;4_Nejdek;Karlovarský kraj;h00;18;20
03-cd_01-ver_05-get_03-lau2_07-day_00--_04-frt-1004_01-sng_00-n_00-n_02-rail_00-n_00-n_02-kamp-cd;1004;0;41720;0;N;506494;N;5;3051;0;OS_PO-KV_1;20140322xSat;5_Nové Hamry;Karlovarský kraj;h00;26;16
03-cd_01-ver_05-get_03-lau2_07-day_00--_04-frt-1004_01-sng_00-n_00-n_02-rail_00-n_00-n_02-kamp-cd;1004;0;41720;0;N;555380;N;6;3051;0;OS_PO-KV_1;20140322xSat;4_Nejdek;Karlovarský kraj;h00;163;68
03-cd_01-ver_05-get_03-lau2_07-day_00--_04-frt-1004_01-sng_00-n_00-n_02-rail_00-n_00-n_02-kamp-cd;1004;0;41720;0;N;555398;N;7;3051;0;OS_PO-KV_1;20140322xSat;6_Nová Role;Karlovarský kraj;h00;76;68
03-cd_01-ver_05-get_03-lau2_07-day_00--_04-frt-1004_01-sng_00-n_00-n_02-rail_00-n_00-n_02-kamp-cd;1004;0;41720;0;N;554961;N;8;3051;0;OS_PO-KV_1;20140322xSat;7_Karlovy Vary;Karlovarský kraj;h00;10;254
03-cd_01-ver_05-get_03-lau2_07-day_00--_04-frt-1004_01-sng_00-n_00-n_02-rail_00-n_00-n_02-kamp-cd;1004;0;41721;0;N;555479;N;1;3051;0;OS_PO-KV_1;20140323xSun;1_Potůčky;Karlovarský kraj;h00;29;2
03-cd_01-ver_05-get_03-lau2_07-day_00--_04-frt-1004_01-sng_00-n_00-n_02-rail_00-n_00-n_02-kamp-cd;1004;0;41721;0;N;555169;N;2;3051;0;OS_PO-KV_1;20140323xSun;2_Horní Blatná;Karlovarský kraj;h00;17;1
03-cd_01-ver_05-get_03-lau2_07-day_00--_04-frt-1004_01-sng_00-n_00-n_02-rail_00-n_00-n_02-kamp-cd;1004;0;41721;0;N;555452;N;3;3051;0;OS_PO-KV_1;20140323xSun;3_Pernink;Karlovarský kraj;h00;19;3
03-cd_01-ver_05-get_03-lau2_07-day_00--_04-frt-1004_01-sng_00-n_00-n_02-rail_00-n_00-n_02-kamp-cd;1004;0;41721;0;N;555380;N;4;3051;0;OS_PO-KV_1;20140323xSun;4_Nejdek;Karlovarský kraj;h00;3;0
03-cd_01-ver_05-get_03-lau2_07-day_00--_04-frt-1004_01-sng_00-n_00-n_02-rail_00-n_00-n_02-kamp-cd;1004;0;41721;0;N;506494;N;5;3051;0;OS_PO-KV_1;20140323xSun;5_Nové Hamry;Karlovarský kraj;h00;18;0
03-cd_01-ver_05-get_03-lau2_07-day_00--_04-frt-1004_01-sng_00-n_00-n_02-rail_00-n_00-n_02-kamp-cd;1004;0;41721;0;N;555380;N;6;3051;0;OS_PO-KV_1;20140323xSun;4_Nejdek;Karlovarský kraj;h00;80;38
03-cd_01-ver_05-get_03-lau2_07-day_00--_04-frt-1004_01-sng_00-n_00-n_02-rail_00-n_00-n_02-kamp-cd;1004;0;41721;0;N;555398;N;7;3051;0;OS_PO-KV_1;20140323xSun;6_Nová Role;Karlovarský kraj;h00;42;23
03-cd_01-ver_05-get_03-lau2_07-day_00--_04-frt-1004_01-sng_00-n_00-n_02-rail_00-n_00-n_02-kamp-cd;1004;0;41721;0;N;554961;N;8;3051;0;OS_PO-KV_1;20140323xSun;7_Karlovy Vary;Karlovarský kraj;h00;9;154
03-cd_01-ver_05-get_03-lau2_07-day_00--_04-frt-1004_01-sng_00-n_00-n_02-rail_00-n_00-n_02-kamp-cd;1004;0;41722;0;N;555479;N;1;3051;0;OS_PO-KV_1;20140324xMon;1_Potůčky;Karlovarský kraj;h00;25;0
03-cd_01-ver_05-get_03-lau2_07-day_00--_04-frt-1004_01-sng_00-n_00-n_02-rail_00-n_00-n_02-kamp-cd;1004;0;41722;0;N;555169;N;2;3051;0;OS_PO-KV_1;20140324xMon;2_Horní Blatná;Karlovarský kraj;h00;19;5
03-cd_01-ver_05-get_03-lau2_07-day_00--_04-frt-1004_01-sng_00-n_00-n_02-rail_00-n_00-n_02-kamp-cd;1004;0;41722;0;N;555452;N;3;3051;0;OS_PO-KV_1;20140324xMon;3_Pernink;Karlovarský kraj;h00;15;2
03-cd_01-ver_05-get_03-lau2_07-day_00--_04-frt-1004_01-sng_00-n_00-n_02-rail_00-n_00-n_02-kamp-cd;1004;0;41722;0;N;555380;N;4;3051;0;OS_PO-KV_1;20140324xMon;4_Nejdek;Karlovarský kraj;h00;8;1
03-cd_01-ver_05-get_03-lau2_07-day_00--_04-frt-1004_01-sng_00-n_00-n_02-rail_00-n_00-n_02-kamp-cd;1004;0;41722;0;N;506494;N;5;3051;0;OS_PO-KV_1;20140324xMon;5_Nové Hamry;Karlovarský kraj;h00;21;1
03-cd_01-ver_05-get_03-lau2_07-day_00--_04-frt-1004_01-sng_00-n_00-n_02-rail_00-n_00-n_02-kamp-cd;1004;0;41722;0;N;555380;N;6;3051;0;OS_PO-KV_1;20140324xMon;4_Nejdek;Karlovarský kraj;h00;183;64
03-cd_01-ver_05-get_03-lau2_07-day_00--_04-frt-1004_01-sng_00-n_00-n_02-rail_00-n_00-n_02-kamp-cd;1004;0;41722;0;N;555398;N;7;3051;0;OS_PO-KV_1;20140324xMon;6_Nová Role;Karlovarský kraj;h00;148;59
03-cd_01-ver_05-get_03-lau2_07-day_00--_04-frt-1004_01-sng_00-n_00-n_02-rail_00-n_00-n_02-kamp-cd;1004;0;41722;0;N;554961;N;8;3051;0;OS_PO-KV_1;20140324xMon;7_Karlovy Vary;Karlovarský kraj;h00;14;304
03-cd_01-ver_05-get_03-lau2_07-day_00--_04-frt-1004_01-sng_00-n_00-n_02-rail_00-n_00-n_02-kamp-cd;1004;0;41723;0;N;555479;N;1;3051;0;OS_PO-KV_1;20140325xTue;1_Potůčky;Karlovarský kraj;h00;0;0
03-cd_01-ver_05-get_03-lau2_07-day_00--_04-frt-1004_01-sng_00-n_00-n_02-rail_00-n_00-n_02-kamp-cd;1004;0;41723;0;N;555169;N;2;3051;0;OS_PO-KV_1;20140325xTue;2_Horní Blatná;Karlovarský kraj;h00;0;0
03-cd_01-ver_05-get_03-lau2_07-day_00--_04-frt-1004_01-sng_00-n_00-n_02-rail_00-n_00-n_02-kamp-cd;1004;0;41723;0;N;555452;N;3;3051;0;OS_PO-KV_1;20140325xTue;3_Pernink;Karlovarský kraj;h00;0;0
03-cd_01-ver_05-get_03-lau2_07-day_00--_04-frt-1004_01-sng_00-n_00-n_02-rail_00-n_00-n_02-kamp-cd;1004;0;41723;0;N;555380;N;4;3051;0;OS_PO-KV_1;20140325xTue;4_Nejdek;Karlovarský kraj;h00;0;0
03-cd_01-ver_05-get_03-lau2_07-day_00--_04-frt-1004_01-sng_00-n_00-n_02-rail_00-n_00-n_02-kamp-cd;1004;0;41723;0;N;506494;N;5;3051;0;OS_PO-KV_1;20140325xTue;5_Nové Hamry;Karlovarský kraj;h00;0;0
03-cd_01-ver_05-get_03-lau2_07-day_00--_04-frt-1004_01-sng_00-n_00-n_02-rail_00-n_00-n_02-kamp-cd;1004;0;41723;0;N;555380;N;6;3051;0;OS_PO-KV_1;20140325xTue;4_Nejdek;Karlovarský kraj;h00;0;0
03-cd_01-ver_05-get_03-lau2_07-day_00--_04-frt-1004_01-sng_00-n_00-n_02-rail_00-n_00-n_02-kamp-cd;1004;0;41723;0;N;555398;N;7;3051;0;OS_PO-KV_1;20140325xTue;6_Nová Role;Karlovarský kraj;h00;0;0
03-cd_01-ver_05-get_03-lau2_07-day_00--_04-frt-1004_01-sng_00-n_00-n_02-rail_00-n_00-n_02-kamp-cd;1004;0;41723;0;N;554961;N;8;3051;0;OS_PO-KV_1;20140325xTue;7_Karlovy Vary;Karlovarský kraj;h00;0;0
03-cd_01-ver_05-get_03-lau2_07-day_00--_04-frt-1004_01-sng_00-n_00-n_02-rail_00-n_00-n_02-kamp-cd;1004;0;41724;0;N;555479;N;1;3051;0;OS_PO-KV_1;20140326xWed;1_Potůčky;Karlovarský kraj;h00;0;0
03-cd_01-ver_05-get_03-lau2_07-day_00--_04-frt-1004_01-sng_00-n_00-n_02-rail_00-n_00-n_02-kamp-cd;1004;0;41724;0;N;555169;N;2;3051;0;OS_PO-KV_1;20140326xWed;2_Horní Blatná;Karlovarský kraj;h00;0;0
03-cd_01-ver_05-get_03-lau2_07-day_00--_04-frt-1004_01-sng_00-n_00-n_02-rail_00-n_00-n_02-kamp-cd;1004;0;41724;0;N;555452;N;3;3051;0;OS_PO-KV_1;20140326xWed;3_Pernink;Karlovarský kraj;h00;0;0
03-cd_01-ver_05-get_03-lau2_07-day_00--_04-frt-1004_01-sng_00-n_00-n_02-rail_00-n_00-n_02-kamp-cd;1004;0;41724;0;N;555380;N;4;3051;0;OS_PO-KV_1;20140326xWed;4_Nejdek;Karlovarský kraj;h00;0;0
03-cd_01-ver_05-get_03-lau2_07-day_00--_04-frt-1004_01-sng_00-n_00-n_02-rail_00-n_00-n_02-kamp-cd;1004;0;41724;0;N;506494;N;5;3051;0;OS_PO-KV_1;20140326xWed;5_Nové Hamry;Karlovarský kraj;h00;0;0
03-cd_01-ver_05-get_03-lau2_07-day_00--_04-frt-1004_01-sng_00-n_00-n_02-rail_00-n_00-n_02-kamp-cd;1004;0;41724;0;N;555380;N;6;3051;0;OS_PO-KV_1;20140326xWed;4_Nejdek;Karlovarský kraj;h00;0;0
03-cd_01-ver_05-get_03-lau2_07-day_00--_04-frt-1004_01-sng_00-n_00-n_02-rail_00-n_00-n_02-kamp-cd;1004;0;41724;0;N;555398;N;7;3051;0;OS_PO-KV_1;20140326xWed;6_Nová Role;Karlovarský kraj;h00;0;0
03-cd_01-ver_05-get_03-lau2_07-day_00--_04-frt-1004_01-sng_00-n_00-n_02-rail_00-n_00-n_02-kamp-cd;1004;0;41724;0;N;554961;N;8;3051;0;OS_PO-KV_1;20140326xWed;7_Karlovy Vary;Karlovarský kraj;h00;0;0
