03-cd_01-ver_06-cap_03-lau2_07-day_00--_03-frt-1003_01-uni_00-n_00-n_02-rail_00--_00--_00-n;1003;0;41710;0;N;554961;N;1;3051;0;OS_KV-PO_2;20140312xWed;01_Karlovy Vary_N;Karlovarský kraj;h00;2053;N
03-cd_01-ver_06-cap_03-lau2_07-day_00--_03-frt-1003_01-uni_00-n_00-n_02-rail_00--_00--_00-n;1003;0;41710;0;N;555398;N;2;3051;0;OS_KV-PO_2;20140312xWed;02_Nová Role_N;Karlovarský kraj;h00;1438;N
03-cd_01-ver_06-cap_03-lau2_07-day_00--_03-frt-1003_01-uni_00-n_00-n_02-rail_00--_00--_00-n;1003;0;41710;0;N;555380;N;3;3051;0;OS_KV-PO_2;20140312xWed;03_Nejdek_N;Karlovarský kraj;h00;2876;N
03-cd_01-ver_06-cap_03-lau2_07-day_00--_03-frt-1003_01-uni_00-n_00-n_02-rail_00--_00--_00-n;1003;0;41710;0;N;506494;N;4;3051;0;OS_KV-PO_2;20140312xWed;04_Nové Hamry_N;Karlovarský kraj;h00;664;N
03-cd_01-ver_06-cap_03-lau2_07-day_00--_03-frt-1003_01-uni_00-n_00-n_02-rail_00--_00--_00-n;1003;0;41710;0;N;555380;N;5;3051;0;OS_KV-PO_2;20140312xWed;05_Nejdek_N;Karlovarský kraj;h00;1784;N
03-cd_01-ver_06-cap_03-lau2_07-day_00--_03-frt-1003_01-uni_00-n_00-n_02-rail_00--_00--_00-n;1003;0;41710;0;N;555452;N;6;3051;0;OS_KV-PO_2;20140312xWed;06_Pernink_N;Karlovarský kraj;h00;664;N
03-cd_01-ver_06-cap_03-lau2_07-day_00--_03-frt-1003_01-uni_00-n_00-n_02-rail_00--_00--_00-n;1003;0;41710;0;N;555169;N;7;3051;0;OS_KV-PO_2;20140312xWed;07_Horní Blatná_N;Karlovarský kraj;h00;664;N
03-cd_01-ver_06-cap_03-lau2_07-day_00--_03-frt-1003_01-uni_00-n_00-n_02-rail_00--_00--_00-n;1003;0;41710;0;N;555479;N;8;3051;0;OS_KV-PO_2;20140312xWed;08_Potůčky_N;Karlovarský kraj;h00;1120;N
03-cd_01-ver_06-cap_03-lau2_07-day_00--_03-frt-1003_01-uni_00-n_00-n_02-rail_00--_00--_00-n;1003;0;41711;0;N;554961;N;1;3051;0;OS_KV-PO_2;20140313xThu;01_Karlovy Vary_N;Karlovarský kraj;h00;2053;N
03-cd_01-ver_06-cap_03-lau2_07-day_00--_03-frt-1003_01-uni_00-n_00-n_02-rail_00--_00--_00-n;1003;0;41711;0;N;555398;N;2;3051;0;OS_KV-PO_2;20140313xThu;02_Nová Role_N;Karlovarský kraj;h00;1438;N
03-cd_01-ver_06-cap_03-lau2_07-day_00--_03-frt-1003_01-uni_00-n_00-n_02-rail_00--_00--_00-n;1003;0;41711;0;N;555380;N;3;3051;0;OS_KV-PO_2;20140313xThu;03_Nejdek_N;Karlovarský kraj;h00;2876;N
03-cd_01-ver_06-cap_03-lau2_07-day_00--_03-frt-1003_01-uni_00-n_00-n_02-rail_00--_00--_00-n;1003;0;41711;0;N;506494;N;4;3051;0;OS_KV-PO_2;20140313xThu;04_Nové Hamry_N;Karlovarský kraj;h00;664;N
03-cd_01-ver_06-cap_03-lau2_07-day_00--_03-frt-1003_01-uni_00-n_00-n_02-rail_00--_00--_00-n;1003;0;41711;0;N;555380;N;5;3051;0;OS_KV-PO_2;20140313xThu;05_Nejdek_N;Karlovarský kraj;h00;1784;N
03-cd_01-ver_06-cap_03-lau2_07-day_00--_03-frt-1003_01-uni_00-n_00-n_02-rail_00--_00--_00-n;1003;0;41711;0;N;555452;N;6;3051;0;OS_KV-PO_2;20140313xThu;06_Pernink_N;Karlovarský kraj;h00;664;N
03-cd_01-ver_06-cap_03-lau2_07-day_00--_03-frt-1003_01-uni_00-n_00-n_02-rail_00--_00--_00-n;1003;0;41711;0;N;555169;N;7;3051;0;OS_KV-PO_2;20140313xThu;07_Horní Blatná_N;Karlovarský kraj;h00;664;N
03-cd_01-ver_06-cap_03-lau2_07-day_00--_03-frt-1003_01-uni_00-n_00-n_02-rail_00--_00--_00-n;1003;0;41711;0;N;555479;N;8;3051;0;OS_KV-PO_2;20140313xThu;08_Potůčky_N;Karlovarský kraj;h00;1120;N
03-cd_01-ver_06-cap_03-lau2_07-day_00--_03-frt-1003_01-uni_00-n_00-n_02-rail_00--_00--_00-n;1003;0;41712;0;N;554961;N;1;3051;0;OS_KV-PO_2;20140314xFri;01_Karlovy Vary_N;Karlovarský kraj;h00;2053;N
03-cd_01-ver_06-cap_03-lau2_07-day_00--_03-frt-1003_01-uni_00-n_00-n_02-rail_00--_00--_00-n;1003;0;41712;0;N;555398;N;2;3051;0;OS_KV-PO_2;20140314xFri;02_Nová Role_N;Karlovarský kraj;h00;1438;N
03-cd_01-ver_06-cap_03-lau2_07-day_00--_03-frt-1003_01-uni_00-n_00-n_02-rail_00--_00--_00-n;1003;0;41712;0;N;555380;N;3;3051;0;OS_KV-PO_2;20140314xFri;03_Nejdek_N;Karlovarský kraj;h00;2876;N
03-cd_01-ver_06-cap_03-lau2_07-day_00--_03-frt-1003_01-uni_00-n_00-n_02-rail_00--_00--_00-n;1003;0;41712;0;N;506494;N;4;3051;0;OS_KV-PO_2;20140314xFri;04_Nové Hamry_N;Karlovarský kraj;h00;664;N
03-cd_01-ver_06-cap_03-lau2_07-day_00--_03-frt-1003_01-uni_00-n_00-n_02-rail_00--_00--_00-n;1003;0;41712;0;N;555380;N;5;3051;0;OS_KV-PO_2;20140314xFri;05_Nejdek_N;Karlovarský kraj;h00;1784;N
03-cd_01-ver_06-cap_03-lau2_07-day_00--_03-frt-1003_01-uni_00-n_00-n_02-rail_00--_00--_00-n;1003;0;41712;0;N;555452;N;6;3051;0;OS_KV-PO_2;20140314xFri;06_Pernink_N;Karlovarský kraj;h00;664;N
03-cd_01-ver_06-cap_03-lau2_07-day_00--_03-frt-1003_01-uni_00-n_00-n_02-rail_00--_00--_00-n;1003;0;41712;0;N;555169;N;7;3051;0;OS_KV-PO_2;20140314xFri;07_Horní Blatná_N;Karlovarský kraj;h00;664;N
03-cd_01-ver_06-cap_03-lau2_07-day_00--_03-frt-1003_01-uni_00-n_00-n_02-rail_00--_00--_00-n;1003;0;41712;0;N;555479;N;8;3051;0;OS_KV-PO_2;20140314xFri;08_Potůčky_N;Karlovarský kraj;h00;1204;N
03-cd_01-ver_06-cap_03-lau2_07-day_00--_03-frt-1003_01-uni_00-n_00-n_02-rail_00--_00--_00-n;1003;0;41713;0;N;554961;N;1;3051;0;OS_KV-PO_2;20140315xSat;01_Karlovy Vary_N;Karlovarský kraj;h00;2227;N
03-cd_01-ver_06-cap_03-lau2_07-day_00--_03-frt-1003_01-uni_00-n_00-n_02-rail_00--_00--_00-n;1003;0;41713;0;N;555398;N;2;3051;0;OS_KV-PO_2;20140315xSat;02_Nová Role_N;Karlovarský kraj;h00;1554;N
03-cd_01-ver_06-cap_03-lau2_07-day_00--_03-frt-1003_01-uni_00-n_00-n_02-rail_00--_00--_00-n;1003;0;41713;0;N;555380;N;3;3051;0;OS_KV-PO_2;20140315xSat;03_Nejdek_N;Karlovarský kraj;h00;3108;N
03-cd_01-ver_06-cap_03-lau2_07-day_00--_03-frt-1003_01-uni_00-n_00-n_02-rail_00--_00--_00-n;1003;0;41713;0;N;506494;N;4;3051;0;OS_KV-PO_2;20140315xSat;04_Nové Hamry_N;Karlovarský kraj;h00;693;N
03-cd_01-ver_06-cap_03-lau2_07-day_00--_03-frt-1003_01-uni_00-n_00-n_02-rail_00--_00--_00-n;1003;0;41713;0;N;555380;N;5;3051;0;OS_KV-PO_2;20140315xSat;05_Nejdek_N;Karlovarský kraj;h00;2079;N
03-cd_01-ver_06-cap_03-lau2_07-day_00--_03-frt-1003_01-uni_00-n_00-n_02-rail_00--_00--_00-n;1003;0;41713;0;N;555452;N;6;3051;0;OS_KV-PO_2;20140315xSat;06_Pernink_N;Karlovarský kraj;h00;609;N
03-cd_01-ver_06-cap_03-lau2_07-day_00--_03-frt-1003_01-uni_00-n_00-n_02-rail_00--_00--_00-n;1003;0;41713;0;N;555169;N;7;3051;0;OS_KV-PO_2;20140315xSat;07_Horní Blatná_N;Karlovarský kraj;h00;609;N
03-cd_01-ver_06-cap_03-lau2_07-day_00--_03-frt-1003_01-uni_00-n_00-n_02-rail_00--_00--_00-n;1003;0;41713;0;N;555479;N;8;3051;0;OS_KV-PO_2;20140315xSat;08_Potůčky_N;Karlovarský kraj;h00;1218;N
03-cd_01-ver_06-cap_03-lau2_07-day_00--_03-frt-1003_01-uni_00-n_00-n_02-rail_00--_00--_00-n;1003;0;41714;0;N;554961;N;1;3051;0;OS_KV-PO_2;20140316xSun;01_Karlovy Vary_N;Karlovarský kraj;h00;2227;N
03-cd_01-ver_06-cap_03-lau2_07-day_00--_03-frt-1003_01-uni_00-n_00-n_02-rail_00--_00--_00-n;1003;0;41714;0;N;555398;N;2;3051;0;OS_KV-PO_2;20140316xSun;02_Nová Role_N;Karlovarský kraj;h00;1554;N
03-cd_01-ver_06-cap_03-lau2_07-day_00--_03-frt-1003_01-uni_00-n_00-n_02-rail_00--_00--_00-n;1003;0;41714;0;N;555380;N;3;3051;0;OS_KV-PO_2;20140316xSun;03_Nejdek_N;Karlovarský kraj;h00;3108;N
03-cd_01-ver_06-cap_03-lau2_07-day_00--_03-frt-1003_01-uni_00-n_00-n_02-rail_00--_00--_00-n;1003;0;41714;0;N;506494;N;4;3051;0;OS_KV-PO_2;20140316xSun;04_Nové Hamry_N;Karlovarský kraj;h00;693;N
03-cd_01-ver_06-cap_03-lau2_07-day_00--_03-frt-1003_01-uni_00-n_00-n_02-rail_00--_00--_00-n;1003;0;41714;0;N;555380;N;5;3051;0;OS_KV-PO_2;20140316xSun;05_Nejdek_N;Karlovarský kraj;h00;2079;N
03-cd_01-ver_06-cap_03-lau2_07-day_00--_03-frt-1003_01-uni_00-n_00-n_02-rail_00--_00--_00-n;1003;0;41714;0;N;555452;N;6;3051;0;OS_KV-PO_2;20140316xSun;06_Pernink_N;Karlovarský kraj;h00;609;N
03-cd_01-ver_06-cap_03-lau2_07-day_00--_03-frt-1003_01-uni_00-n_00-n_02-rail_00--_00--_00-n;1003;0;41714;0;N;555169;N;7;3051;0;OS_KV-PO_2;20140316xSun;07_Horní Blatná_N;Karlovarský kraj;h00;609;N
03-cd_01-ver_06-cap_03-lau2_07-day_00--_03-frt-1003_01-uni_00-n_00-n_02-rail_00--_00--_00-n;1003;0;41714;0;N;555479;N;8;3051;0;OS_KV-PO_2;20140316xSun;08_Potůčky_N;Karlovarský kraj;h00;1322;N
03-cd_01-ver_06-cap_03-lau2_07-day_00--_03-frt-1003_01-uni_00-n_00-n_02-rail_00--_00--_00-n;1003;0;41715;0;N;554961;N;1;3051;0;OS_KV-PO_2;20140317xMon;01_Karlovy Vary_N;Karlovarský kraj;h00;2221;N
03-cd_01-ver_06-cap_03-lau2_07-day_00--_03-frt-1003_01-uni_00-n_00-n_02-rail_00--_00--_00-n;1003;0;41715;0;N;555398;N;2;3051;0;OS_KV-PO_2;20140317xMon;02_Nová Role_N;Karlovarský kraj;h00;1606;N
03-cd_01-ver_06-cap_03-lau2_07-day_00--_03-frt-1003_01-uni_00-n_00-n_02-rail_00--_00--_00-n;1003;0;41715;0;N;555380;N;3;3051;0;OS_KV-PO_2;20140317xMon;03_Nejdek_N;Karlovarský kraj;h00;2960;N
03-cd_01-ver_06-cap_03-lau2_07-day_00--_03-frt-1003_01-uni_00-n_00-n_02-rail_00--_00--_00-n;1003;0;41715;0;N;506494;N;4;3051;0;OS_KV-PO_2;20140317xMon;04_Nové Hamry_N;Karlovarský kraj;h00;664;N
03-cd_01-ver_06-cap_03-lau2_07-day_00--_03-frt-1003_01-uni_00-n_00-n_02-rail_00--_00--_00-n;1003;0;41715;0;N;555380;N;5;3051;0;OS_KV-PO_2;20140317xMon;05_Nejdek_N;Karlovarský kraj;h00;1784;N
03-cd_01-ver_06-cap_03-lau2_07-day_00--_03-frt-1003_01-uni_00-n_00-n_02-rail_00--_00--_00-n;1003;0;41715;0;N;555452;N;6;3051;0;OS_KV-PO_2;20140317xMon;06_Pernink_N;Karlovarský kraj;h00;664;N
03-cd_01-ver_06-cap_03-lau2_07-day_00--_03-frt-1003_01-uni_00-n_00-n_02-rail_00--_00--_00-n;1003;0;41715;0;N;555169;N;7;3051;0;OS_KV-PO_2;20140317xMon;07_Horní Blatná_N;Karlovarský kraj;h00;664;N
03-cd_01-ver_06-cap_03-lau2_07-day_00--_03-frt-1003_01-uni_00-n_00-n_02-rail_00--_00--_00-n;1003;0;41715;0;N;555479;N;8;3051;0;OS_KV-PO_2;20140317xMon;08_Potůčky_N;Karlovarský kraj;h00;1204;N
03-cd_01-ver_06-cap_03-lau2_07-day_00--_03-frt-1003_01-uni_00-n_00-n_02-rail_00--_00--_00-n;1003;0;41716;0;N;554961;N;1;3051;0;OS_KV-PO_2;20140318xTue;01_Karlovy Vary_N;Karlovarský kraj;h00;2053;N
03-cd_01-ver_06-cap_03-lau2_07-day_00--_03-frt-1003_01-uni_00-n_00-n_02-rail_00--_00--_00-n;1003;0;41716;0;N;555398;N;2;3051;0;OS_KV-PO_2;20140318xTue;02_Nová Role_N;Karlovarský kraj;h00;1438;N
03-cd_01-ver_06-cap_03-lau2_07-day_00--_03-frt-1003_01-uni_00-n_00-n_02-rail_00--_00--_00-n;1003;0;41716;0;N;555380;N;3;3051;0;OS_KV-PO_2;20140318xTue;03_Nejdek_N;Karlovarský kraj;h00;2876;N
03-cd_01-ver_06-cap_03-lau2_07-day_00--_03-frt-1003_01-uni_00-n_00-n_02-rail_00--_00--_00-n;1003;0;41716;0;N;506494;N;4;3051;0;OS_KV-PO_2;20140318xTue;04_Nové Hamry_N;Karlovarský kraj;h00;664;N
03-cd_01-ver_06-cap_03-lau2_07-day_00--_03-frt-1003_01-uni_00-n_00-n_02-rail_00--_00--_00-n;1003;0;41716;0;N;555380;N;5;3051;0;OS_KV-PO_2;20140318xTue;05_Nejdek_N;Karlovarský kraj;h00;1784;N
03-cd_01-ver_06-cap_03-lau2_07-day_00--_03-frt-1003_01-uni_00-n_00-n_02-rail_00--_00--_00-n;1003;0;41716;0;N;555452;N;6;3051;0;OS_KV-PO_2;20140318xTue;06_Pernink_N;Karlovarský kraj;h00;664;N
03-cd_01-ver_06-cap_03-lau2_07-day_00--_03-frt-1003_01-uni_00-n_00-n_02-rail_00--_00--_00-n;1003;0;41716;0;N;555169;N;7;3051;0;OS_KV-PO_2;20140318xTue;07_Horní Blatná_N;Karlovarský kraj;h00;664;N
03-cd_01-ver_06-cap_03-lau2_07-day_00--_03-frt-1003_01-uni_00-n_00-n_02-rail_00--_00--_00-n;1003;0;41716;0;N;555479;N;8;3051;0;OS_KV-PO_2;20140318xTue;08_Potůčky_N;Karlovarský kraj;h00;1204;N
03-cd_01-ver_06-cap_03-lau2_07-day_00--_03-frt-1003_01-uni_00-n_00-n_02-rail_00--_00--_00-n;1003;0;41717;0;N;554961;N;1;3051;0;OS_KV-PO_2;20140319xWed;01_Karlovy Vary_N;Karlovarský kraj;h00;2053;N
03-cd_01-ver_06-cap_03-lau2_07-day_00--_03-frt-1003_01-uni_00-n_00-n_02-rail_00--_00--_00-n;1003;0;41717;0;N;555398;N;2;3051;0;OS_KV-PO_2;20140319xWed;02_Nová Role_N;Karlovarský kraj;h00;1438;N
03-cd_01-ver_06-cap_03-lau2_07-day_00--_03-frt-1003_01-uni_00-n_00-n_02-rail_00--_00--_00-n;1003;0;41717;0;N;555380;N;3;3051;0;OS_KV-PO_2;20140319xWed;03_Nejdek_N;Karlovarský kraj;h00;2876;N
03-cd_01-ver_06-cap_03-lau2_07-day_00--_03-frt-1003_01-uni_00-n_00-n_02-rail_00--_00--_00-n;1003;0;41717;0;N;506494;N;4;3051;0;OS_KV-PO_2;20140319xWed;04_Nové Hamry_N;Karlovarský kraj;h00;664;N
03-cd_01-ver_06-cap_03-lau2_07-day_00--_03-frt-1003_01-uni_00-n_00-n_02-rail_00--_00--_00-n;1003;0;41717;0;N;555380;N;5;3051;0;OS_KV-PO_2;20140319xWed;05_Nejdek_N;Karlovarský kraj;h00;1784;N
03-cd_01-ver_06-cap_03-lau2_07-day_00--_03-frt-1003_01-uni_00-n_00-n_02-rail_00--_00--_00-n;1003;0;41717;0;N;555452;N;6;3051;0;OS_KV-PO_2;20140319xWed;06_Pernink_N;Karlovarský kraj;h00;664;N
03-cd_01-ver_06-cap_03-lau2_07-day_00--_03-frt-1003_01-uni_00-n_00-n_02-rail_00--_00--_00-n;1003;0;41717;0;N;555169;N;7;3051;0;OS_KV-PO_2;20140319xWed;07_Horní Blatná_N;Karlovarský kraj;h00;664;N
03-cd_01-ver_06-cap_03-lau2_07-day_00--_03-frt-1003_01-uni_00-n_00-n_02-rail_00--_00--_00-n;1003;0;41717;0;N;555479;N;8;3051;0;OS_KV-PO_2;20140319xWed;08_Potůčky_N;Karlovarský kraj;h00;1204;N
03-cd_01-ver_06-cap_03-lau2_07-day_00--_03-frt-1003_01-uni_00-n_00-n_02-rail_00--_00--_00-n;1003;0;41718;0;N;554961;N;1;3051;0;OS_KV-PO_2;20140320xThu;01_Karlovy Vary_N;Karlovarský kraj;h00;2053;N
03-cd_01-ver_06-cap_03-lau2_07-day_00--_03-frt-1003_01-uni_00-n_00-n_02-rail_00--_00--_00-n;1003;0;41718;0;N;555398;N;2;3051;0;OS_KV-PO_2;20140320xThu;02_Nová Role_N;Karlovarský kraj;h00;1438;N
03-cd_01-ver_06-cap_03-lau2_07-day_00--_03-frt-1003_01-uni_00-n_00-n_02-rail_00--_00--_00-n;1003;0;41718;0;N;555380;N;3;3051;0;OS_KV-PO_2;20140320xThu;03_Nejdek_N;Karlovarský kraj;h00;2876;N
03-cd_01-ver_06-cap_03-lau2_07-day_00--_03-frt-1003_01-uni_00-n_00-n_02-rail_00--_00--_00-n;1003;0;41718;0;N;506494;N;4;3051;0;OS_KV-PO_2;20140320xThu;04_Nové Hamry_N;Karlovarský kraj;h00;664;N
03-cd_01-ver_06-cap_03-lau2_07-day_00--_03-frt-1003_01-uni_00-n_00-n_02-rail_00--_00--_00-n;1003;0;41718;0;N;555380;N;5;3051;0;OS_KV-PO_2;20140320xThu;05_Nejdek_N;Karlovarský kraj;h00;1784;N
03-cd_01-ver_06-cap_03-lau2_07-day_00--_03-frt-1003_01-uni_00-n_00-n_02-rail_00--_00--_00-n;1003;0;41718;0;N;555452;N;6;3051;0;OS_KV-PO_2;20140320xThu;06_Pernink_N;Karlovarský kraj;h00;664;N
03-cd_01-ver_06-cap_03-lau2_07-day_00--_03-frt-1003_01-uni_00-n_00-n_02-rail_00--_00--_00-n;1003;0;41718;0;N;555169;N;7;3051;0;OS_KV-PO_2;20140320xThu;07_Horní Blatná_N;Karlovarský kraj;h00;664;N
03-cd_01-ver_06-cap_03-lau2_07-day_00--_03-frt-1003_01-uni_00-n_00-n_02-rail_00--_00--_00-n;1003;0;41718;0;N;555479;N;8;3051;0;OS_KV-PO_2;20140320xThu;08_Potůčky_N;Karlovarský kraj;h00;1204;N
03-cd_01-ver_06-cap_03-lau2_07-day_00--_03-frt-1003_01-uni_00-n_00-n_02-rail_00--_00--_00-n;1003;0;41719;0;N;554961;N;1;3051;0;OS_KV-PO_2;20140321xFri;01_Karlovy Vary_N;Karlovarský kraj;h00;2053;N
03-cd_01-ver_06-cap_03-lau2_07-day_00--_03-frt-1003_01-uni_00-n_00-n_02-rail_00--_00--_00-n;1003;0;41719;0;N;555398;N;2;3051;0;OS_KV-PO_2;20140321xFri;02_Nová Role_N;Karlovarský kraj;h00;1438;N
03-cd_01-ver_06-cap_03-lau2_07-day_00--_03-frt-1003_01-uni_00-n_00-n_02-rail_00--_00--_00-n;1003;0;41719;0;N;555380;N;3;3051;0;OS_KV-PO_2;20140321xFri;03_Nejdek_N;Karlovarský kraj;h00;2876;N
03-cd_01-ver_06-cap_03-lau2_07-day_00--_03-frt-1003_01-uni_00-n_00-n_02-rail_00--_00--_00-n;1003;0;41719;0;N;506494;N;4;3051;0;OS_KV-PO_2;20140321xFri;04_Nové Hamry_N;Karlovarský kraj;h00;664;N
03-cd_01-ver_06-cap_03-lau2_07-day_00--_03-frt-1003_01-uni_00-n_00-n_02-rail_00--_00--_00-n;1003;0;41719;0;N;555380;N;5;3051;0;OS_KV-PO_2;20140321xFri;05_Nejdek_N;Karlovarský kraj;h00;1784;N
03-cd_01-ver_06-cap_03-lau2_07-day_00--_03-frt-1003_01-uni_00-n_00-n_02-rail_00--_00--_00-n;1003;0;41719;0;N;555452;N;6;3051;0;OS_KV-PO_2;20140321xFri;06_Pernink_N;Karlovarský kraj;h00;664;N
03-cd_01-ver_06-cap_03-lau2_07-day_00--_03-frt-1003_01-uni_00-n_00-n_02-rail_00--_00--_00-n;1003;0;41719;0;N;555169;N;7;3051;0;OS_KV-PO_2;20140321xFri;07_Horní Blatná_N;Karlovarský kraj;h00;664;N
03-cd_01-ver_06-cap_03-lau2_07-day_00--_03-frt-1003_01-uni_00-n_00-n_02-rail_00--_00--_00-n;1003;0;41719;0;N;555479;N;8;3051;0;OS_KV-PO_2;20140321xFri;08_Potůčky_N;Karlovarský kraj;h00;1204;N
03-cd_01-ver_06-cap_03-lau2_07-day_00--_03-frt-1003_01-uni_00-n_00-n_02-rail_00--_00--_00-n;1003;0;41720;0;N;554961;N;1;3051;0;OS_KV-PO_2;20140322xSat;01_Karlovy Vary_N;Karlovarský kraj;h00;2227;N
03-cd_01-ver_06-cap_03-lau2_07-day_00--_03-frt-1003_01-uni_00-n_00-n_02-rail_00--_00--_00-n;1003;0;41720;0;N;555398;N;2;3051;0;OS_KV-PO_2;20140322xSat;02_Nová Role_N;Karlovarský kraj;h00;1554;N
03-cd_01-ver_06-cap_03-lau2_07-day_00--_03-frt-1003_01-uni_00-n_00-n_02-rail_00--_00--_00-n;1003;0;41720;0;N;555380;N;3;3051;0;OS_KV-PO_2;20140322xSat;03_Nejdek_N;Karlovarský kraj;h00;3108;N
03-cd_01-ver_06-cap_03-lau2_07-day_00--_03-frt-1003_01-uni_00-n_00-n_02-rail_00--_00--_00-n;1003;0;41720;0;N;506494;N;4;3051;0;OS_KV-PO_2;20140322xSat;04_Nové Hamry_N;Karlovarský kraj;h00;693;N
03-cd_01-ver_06-cap_03-lau2_07-day_00--_03-frt-1003_01-uni_00-n_00-n_02-rail_00--_00--_00-n;1003;0;41720;0;N;555380;N;5;3051;0;OS_KV-PO_2;20140322xSat;05_Nejdek_N;Karlovarský kraj;h00;2079;N
03-cd_01-ver_06-cap_03-lau2_07-day_00--_03-frt-1003_01-uni_00-n_00-n_02-rail_00--_00--_00-n;1003;0;41720;0;N;555452;N;6;3051;0;OS_KV-PO_2;20140322xSat;06_Pernink_N;Karlovarský kraj;h00;609;N
03-cd_01-ver_06-cap_03-lau2_07-day_00--_03-frt-1003_01-uni_00-n_00-n_02-rail_00--_00--_00-n;1003;0;41720;0;N;555169;N;7;3051;0;OS_KV-PO_2;20140322xSat;07_Horní Blatná_N;Karlovarský kraj;h00;609;N
03-cd_01-ver_06-cap_03-lau2_07-day_00--_03-frt-1003_01-uni_00-n_00-n_02-rail_00--_00--_00-n;1003;0;41720;0;N;555479;N;8;3051;0;OS_KV-PO_2;20140322xSat;08_Potůčky_N;Karlovarský kraj;h00;1218;N
03-cd_01-ver_06-cap_03-lau2_07-day_00--_03-frt-1003_01-uni_00-n_00-n_02-rail_00--_00--_00-n;1003;0;41721;0;N;554961;N;1;3051;0;OS_KV-PO_2;20140323xSun;01_Karlovy Vary_N;Karlovarský kraj;h00;2227;N
03-cd_01-ver_06-cap_03-lau2_07-day_00--_03-frt-1003_01-uni_00-n_00-n_02-rail_00--_00--_00-n;1003;0;41721;0;N;555398;N;2;3051;0;OS_KV-PO_2;20140323xSun;02_Nová Role_N;Karlovarský kraj;h00;1554;N
03-cd_01-ver_06-cap_03-lau2_07-day_00--_03-frt-1003_01-uni_00-n_00-n_02-rail_00--_00--_00-n;1003;0;41721;0;N;555380;N;3;3051;0;OS_KV-PO_2;20140323xSun;03_Nejdek_N;Karlovarský kraj;h00;3108;N
03-cd_01-ver_06-cap_03-lau2_07-day_00--_03-frt-1003_01-uni_00-n_00-n_02-rail_00--_00--_00-n;1003;0;41721;0;N;506494;N;4;3051;0;OS_KV-PO_2;20140323xSun;04_Nové Hamry_N;Karlovarský kraj;h00;693;N
03-cd_01-ver_06-cap_03-lau2_07-day_00--_03-frt-1003_01-uni_00-n_00-n_02-rail_00--_00--_00-n;1003;0;41721;0;N;555380;N;5;3051;0;OS_KV-PO_2;20140323xSun;05_Nejdek_N;Karlovarský kraj;h00;2079;N
03-cd_01-ver_06-cap_03-lau2_07-day_00--_03-frt-1003_01-uni_00-n_00-n_02-rail_00--_00--_00-n;1003;0;41721;0;N;555452;N;6;3051;0;OS_KV-PO_2;20140323xSun;06_Pernink_N;Karlovarský kraj;h00;609;N
03-cd_01-ver_06-cap_03-lau2_07-day_00--_03-frt-1003_01-uni_00-n_00-n_02-rail_00--_00--_00-n;1003;0;41721;0;N;555169;N;7;3051;0;OS_KV-PO_2;20140323xSun;07_Horní Blatná_N;Karlovarský kraj;h00;609;N
03-cd_01-ver_06-cap_03-lau2_07-day_00--_03-frt-1003_01-uni_00-n_00-n_02-rail_00--_00--_00-n;1003;0;41721;0;N;555479;N;8;3051;0;OS_KV-PO_2;20140323xSun;08_Potůčky_N;Karlovarský kraj;h00;1218;N
03-cd_01-ver_06-cap_03-lau2_07-day_00--_03-frt-1003_01-uni_00-n_00-n_02-rail_00--_00--_00-n;1003;0;41722;0;N;554961;N;1;3051;0;OS_KV-PO_2;20140324xMon;01_Karlovy Vary_N;Karlovarský kraj;h00;2221;N
03-cd_01-ver_06-cap_03-lau2_07-day_00--_03-frt-1003_01-uni_00-n_00-n_02-rail_00--_00--_00-n;1003;0;41722;0;N;555398;N;2;3051;0;OS_KV-PO_2;20140324xMon;02_Nová Role_N;Karlovarský kraj;h00;1606;N
03-cd_01-ver_06-cap_03-lau2_07-day_00--_03-frt-1003_01-uni_00-n_00-n_02-rail_00--_00--_00-n;1003;0;41722;0;N;555380;N;3;3051;0;OS_KV-PO_2;20140324xMon;03_Nejdek_N;Karlovarský kraj;h00;2960;N
03-cd_01-ver_06-cap_03-lau2_07-day_00--_03-frt-1003_01-uni_00-n_00-n_02-rail_00--_00--_00-n;1003;0;41722;0;N;506494;N;4;3051;0;OS_KV-PO_2;20140324xMon;04_Nové Hamry_N;Karlovarský kraj;h00;664;N
03-cd_01-ver_06-cap_03-lau2_07-day_00--_03-frt-1003_01-uni_00-n_00-n_02-rail_00--_00--_00-n;1003;0;41722;0;N;555380;N;5;3051;0;OS_KV-PO_2;20140324xMon;05_Nejdek_N;Karlovarský kraj;h00;1784;N
03-cd_01-ver_06-cap_03-lau2_07-day_00--_03-frt-1003_01-uni_00-n_00-n_02-rail_00--_00--_00-n;1003;0;41722;0;N;555452;N;6;3051;0;OS_KV-PO_2;20140324xMon;06_Pernink_N;Karlovarský kraj;h00;664;N
03-cd_01-ver_06-cap_03-lau2_07-day_00--_03-frt-1003_01-uni_00-n_00-n_02-rail_00--_00--_00-n;1003;0;41722;0;N;555169;N;7;3051;0;OS_KV-PO_2;20140324xMon;07_Horní Blatná_N;Karlovarský kraj;h00;664;N
03-cd_01-ver_06-cap_03-lau2_07-day_00--_03-frt-1003_01-uni_00-n_00-n_02-rail_00--_00--_00-n;1003;0;41722;0;N;555479;N;8;3051;0;OS_KV-PO_2;20140324xMon;08_Potůčky_N;Karlovarský kraj;h00;1120;N
03-cd_01-ver_06-cap_03-lau2_07-day_00--_03-frt-1003_01-uni_00-n_00-n_02-rail_00--_00--_00-n;1003;0;41723;0;N;554961;N;1;3051;0;OS_KV-PO_2;20140325xTue;01_Karlovy Vary_N;Karlovarský kraj;h00;2053;N
03-cd_01-ver_06-cap_03-lau2_07-day_00--_03-frt-1003_01-uni_00-n_00-n_02-rail_00--_00--_00-n;1003;0;41723;0;N;555398;N;2;3051;0;OS_KV-PO_2;20140325xTue;02_Nová Role_N;Karlovarský kraj;h00;1438;N
03-cd_01-ver_06-cap_03-lau2_07-day_00--_03-frt-1003_01-uni_00-n_00-n_02-rail_00--_00--_00-n;1003;0;41723;0;N;555380;N;3;3051;0;OS_KV-PO_2;20140325xTue;03_Nejdek_N;Karlovarský kraj;h00;2876;N
03-cd_01-ver_06-cap_03-lau2_07-day_00--_03-frt-1003_01-uni_00-n_00-n_02-rail_00--_00--_00-n;1003;0;41723;0;N;506494;N;4;3051;0;OS_KV-PO_2;20140325xTue;04_Nové Hamry_N;Karlovarský kraj;h00;664;N
03-cd_01-ver_06-cap_03-lau2_07-day_00--_03-frt-1003_01-uni_00-n_00-n_02-rail_00--_00--_00-n;1003;0;41723;0;N;555380;N;5;3051;0;OS_KV-PO_2;20140325xTue;05_Nejdek_N;Karlovarský kraj;h00;1784;N
03-cd_01-ver_06-cap_03-lau2_07-day_00--_03-frt-1003_01-uni_00-n_00-n_02-rail_00--_00--_00-n;1003;0;41723;0;N;555452;N;6;3051;0;OS_KV-PO_2;20140325xTue;06_Pernink_N;Karlovarský kraj;h00;664;N
03-cd_01-ver_06-cap_03-lau2_07-day_00--_03-frt-1003_01-uni_00-n_00-n_02-rail_00--_00--_00-n;1003;0;41723;0;N;555169;N;7;3051;0;OS_KV-PO_2;20140325xTue;07_Horní Blatná_N;Karlovarský kraj;h00;664;N
03-cd_01-ver_06-cap_03-lau2_07-day_00--_03-frt-1003_01-uni_00-n_00-n_02-rail_00--_00--_00-n;1003;0;41723;0;N;555479;N;8;3051;0;OS_KV-PO_2;20140325xTue;08_Potůčky_N;Karlovarský kraj;h00;1204;N
03-cd_01-ver_06-cap_03-lau2_07-day_00--_03-frt-1003_01-uni_00-n_00-n_02-rail_00--_00--_00-n;1003;0;41724;0;N;554961;N;1;3051;0;OS_KV-PO_2;20140326xWed;01_Karlovy Vary_N;Karlovarský kraj;h00;2053;N
03-cd_01-ver_06-cap_03-lau2_07-day_00--_03-frt-1003_01-uni_00-n_00-n_02-rail_00--_00--_00-n;1003;0;41724;0;N;555398;N;2;3051;0;OS_KV-PO_2;20140326xWed;02_Nová Role_N;Karlovarský kraj;h00;1438;N
03-cd_01-ver_06-cap_03-lau2_07-day_00--_03-frt-1003_01-uni_00-n_00-n_02-rail_00--_00--_00-n;1003;0;41724;0;N;555380;N;3;3051;0;OS_KV-PO_2;20140326xWed;03_Nejdek_N;Karlovarský kraj;h00;2876;N
03-cd_01-ver_06-cap_03-lau2_07-day_00--_03-frt-1003_01-uni_00-n_00-n_02-rail_00--_00--_00-n;1003;0;41724;0;N;506494;N;4;3051;0;OS_KV-PO_2;20140326xWed;04_Nové Hamry_N;Karlovarský kraj;h00;664;N
03-cd_01-ver_06-cap_03-lau2_07-day_00--_03-frt-1003_01-uni_00-n_00-n_02-rail_00--_00--_00-n;1003;0;41724;0;N;555380;N;5;3051;0;OS_KV-PO_2;20140326xWed;05_Nejdek_N;Karlovarský kraj;h00;1784;N
03-cd_01-ver_06-cap_03-lau2_07-day_00--_03-frt-1003_01-uni_00-n_00-n_02-rail_00--_00--_00-n;1003;0;41724;0;N;555452;N;6;3051;0;OS_KV-PO_2;20140326xWed;06_Pernink_N;Karlovarský kraj;h00;664;N
03-cd_01-ver_06-cap_03-lau2_07-day_00--_03-frt-1003_01-uni_00-n_00-n_02-rail_00--_00--_00-n;1003;0;41724;0;N;555169;N;7;3051;0;OS_KV-PO_2;20140326xWed;07_Horní Blatná_N;Karlovarský kraj;h00;664;N
03-cd_01-ver_06-cap_03-lau2_07-day_00--_03-frt-1003_01-uni_00-n_00-n_02-rail_00--_00--_00-n;1003;0;41724;0;N;555479;N;8;3051;0;OS_KV-PO_2;20140326xWed;08_Potůčky_N;Karlovarský kraj;h00;1120;N
