03-cd_01-ver_05-get_03-lau2_07-day_00--_05-frt-1005_01-sng_00-n_00-n_02-rail_00-n_00-n_02-kamp-cd;1005;0;41710;0;N;554791;N;1;3042;0;R_PL-PH_1;20140312xWed;1_Plzeň;Plzeňský kraj;h00;0;0
03-cd_01-ver_05-get_03-lau2_07-day_00--_05-frt-1005_01-sng_00-n_00-n_02-rail_00-n_00-n_02-kamp-cd;1005;0;41710;0;N;558966;N;2;3042;0;R_PL-PH_1;20140312xWed;2_Chrást;Plzeňský kraj;h00;0;0
03-cd_01-ver_05-get_03-lau2_07-day_00--_05-frt-1005_01-sng_00-n_00-n_02-rail_00-n_00-n_02-kamp-cd;1005;0;41710;0;N;559717;N;3;3042;0;R_PL-PH_1;20140312xWed;3_Rokycany;Plzeňský kraj;h00;0;0
03-cd_01-ver_05-get_03-lau2_07-day_00--_05-frt-1005_01-sng_00-n_00-n_02-rail_00-n_00-n_02-kamp-cd;1005;0;41710;0;N;559903;N;4;3042;0;R_PL-PH_1;20140312xWed;4_Kařez;Plzeňský kraj;h00;0;0
03-cd_01-ver_05-get_03-lau2_07-day_00--_05-frt-1005_01-sng_00-n_00-n_02-rail_00-n_00-n_02-kamp-cd;1005;0;41710;0;N;531189;N;5;3026;0;R_PL-PH_1;20140312xWed;5_Hořovice;Středočeský kraj;h00;0;0
03-cd_01-ver_05-get_03-lau2_07-day_00--_05-frt-1005_01-sng_00-n_00-n_02-rail_00-n_00-n_02-kamp-cd;1005;0;41710;0;N;532011;N;6;3026;0;R_PL-PH_1;20140312xWed;6_Zdice;Středočeský kraj;h00;0;0
03-cd_01-ver_05-get_03-lau2_07-day_00--_05-frt-1005_01-sng_00-n_00-n_02-rail_00-n_00-n_02-kamp-cd;1005;0;41710;0;N;531057;N;7;3026;0;R_PL-PH_1;20140312xWed;7_Beroun;Středočeský kraj;h00;0;0
03-cd_01-ver_05-get_03-lau2_07-day_00--_05-frt-1005_01-sng_00-n_00-n_02-rail_00-n_00-n_02-kamp-cd;1005;0;41710;0;N;554782;N;8;3018;0;R_PL-PH_1;20140312xWed;8_Praha;Hlavní město Praha;h00;0;0
03-cd_01-ver_05-get_03-lau2_07-day_00--_05-frt-1005_01-sng_00-n_00-n_02-rail_00-n_00-n_02-kamp-cd;1005;0;41711;0;N;554791;N;1;3042;0;R_PL-PH_1;20140313xThu;1_Plzeň;Plzeňský kraj;h00;0;0
03-cd_01-ver_05-get_03-lau2_07-day_00--_05-frt-1005_01-sng_00-n_00-n_02-rail_00-n_00-n_02-kamp-cd;1005;0;41711;0;N;558966;N;2;3042;0;R_PL-PH_1;20140313xThu;2_Chrást;Plzeňský kraj;h00;0;0
03-cd_01-ver_05-get_03-lau2_07-day_00--_05-frt-1005_01-sng_00-n_00-n_02-rail_00-n_00-n_02-kamp-cd;1005;0;41711;0;N;559717;N;3;3042;0;R_PL-PH_1;20140313xThu;3_Rokycany;Plzeňský kraj;h00;0;0
03-cd_01-ver_05-get_03-lau2_07-day_00--_05-frt-1005_01-sng_00-n_00-n_02-rail_00-n_00-n_02-kamp-cd;1005;0;41711;0;N;559903;N;4;3042;0;R_PL-PH_1;20140313xThu;4_Kařez;Plzeňský kraj;h00;0;0
03-cd_01-ver_05-get_03-lau2_07-day_00--_05-frt-1005_01-sng_00-n_00-n_02-rail_00-n_00-n_02-kamp-cd;1005;0;41711;0;N;531189;N;5;3026;0;R_PL-PH_1;20140313xThu;5_Hořovice;Středočeský kraj;h00;0;0
03-cd_01-ver_05-get_03-lau2_07-day_00--_05-frt-1005_01-sng_00-n_00-n_02-rail_00-n_00-n_02-kamp-cd;1005;0;41711;0;N;532011;N;6;3026;0;R_PL-PH_1;20140313xThu;6_Zdice;Středočeský kraj;h00;0;0
03-cd_01-ver_05-get_03-lau2_07-day_00--_05-frt-1005_01-sng_00-n_00-n_02-rail_00-n_00-n_02-kamp-cd;1005;0;41711;0;N;531057;N;7;3026;0;R_PL-PH_1;20140313xThu;7_Beroun;Středočeský kraj;h00;0;0
03-cd_01-ver_05-get_03-lau2_07-day_00--_05-frt-1005_01-sng_00-n_00-n_02-rail_00-n_00-n_02-kamp-cd;1005;0;41711;0;N;554782;N;8;3018;0;R_PL-PH_1;20140313xThu;8_Praha;Hlavní město Praha;h00;0;0
03-cd_01-ver_05-get_03-lau2_07-day_00--_05-frt-1005_01-sng_00-n_00-n_02-rail_00-n_00-n_02-kamp-cd;1005;0;41712;0;N;554791;N;1;3042;0;R_PL-PH_1;20140314xFri;1_Plzeň;Plzeňský kraj;h00;1934;0
03-cd_01-ver_05-get_03-lau2_07-day_00--_05-frt-1005_01-sng_00-n_00-n_02-rail_00-n_00-n_02-kamp-cd;1005;0;41712;0;N;558966;N;2;3042;0;R_PL-PH_1;20140314xFri;2_Chrást;Plzeňský kraj;h00;0;0
03-cd_01-ver_05-get_03-lau2_07-day_00--_05-frt-1005_01-sng_00-n_00-n_02-rail_00-n_00-n_02-kamp-cd;1005;0;41712;0;N;559717;N;3;3042;0;R_PL-PH_1;20140314xFri;3_Rokycany;Plzeňský kraj;h00;416;520
03-cd_01-ver_05-get_03-lau2_07-day_00--_05-frt-1005_01-sng_00-n_00-n_02-rail_00-n_00-n_02-kamp-cd;1005;0;41712;0;N;559903;N;4;3042;0;R_PL-PH_1;20140314xFri;4_Kařez;Plzeňský kraj;h00;40;26
03-cd_01-ver_05-get_03-lau2_07-day_00--_05-frt-1005_01-sng_00-n_00-n_02-rail_00-n_00-n_02-kamp-cd;1005;0;41712;0;N;531189;N;5;3026;0;R_PL-PH_1;20140314xFri;5_Hořovice;Středočeský kraj;h00;337;258
03-cd_01-ver_05-get_03-lau2_07-day_00--_05-frt-1005_01-sng_00-n_00-n_02-rail_00-n_00-n_02-kamp-cd;1005;0;41712;0;N;532011;N;6;3026;0;R_PL-PH_1;20140314xFri;6_Zdice;Středočeský kraj;h00;119;56
03-cd_01-ver_05-get_03-lau2_07-day_00--_05-frt-1005_01-sng_00-n_00-n_02-rail_00-n_00-n_02-kamp-cd;1005;0;41712;0;N;531057;N;7;3026;0;R_PL-PH_1;20140314xFri;7_Beroun;Středočeský kraj;h00;287;227
03-cd_01-ver_05-get_03-lau2_07-day_00--_05-frt-1005_01-sng_00-n_00-n_02-rail_00-n_00-n_02-kamp-cd;1005;0;41712;0;N;554782;N;8;3018;0;R_PL-PH_1;20140314xFri;8_Praha;Hlavní město Praha;h00;34;2837
03-cd_01-ver_05-get_03-lau2_07-day_00--_05-frt-1005_01-sng_00-n_00-n_02-rail_00-n_00-n_02-kamp-cd;1005;0;41713;0;N;554791;N;1;3042;0;R_PL-PH_1;20140315xSat;1_Plzeň;Plzeňský kraj;h00;1548;0
03-cd_01-ver_05-get_03-lau2_07-day_00--_05-frt-1005_01-sng_00-n_00-n_02-rail_00-n_00-n_02-kamp-cd;1005;0;41713;0;N;558966;N;2;3042;0;R_PL-PH_1;20140315xSat;2_Chrást;Plzeňský kraj;h00;0;0
03-cd_01-ver_05-get_03-lau2_07-day_00--_05-frt-1005_01-sng_00-n_00-n_02-rail_00-n_00-n_02-kamp-cd;1005;0;41713;0;N;559717;N;3;3042;0;R_PL-PH_1;20140315xSat;3_Rokycany;Plzeňský kraj;h00;326;389
03-cd_01-ver_05-get_03-lau2_07-day_00--_05-frt-1005_01-sng_00-n_00-n_02-rail_00-n_00-n_02-kamp-cd;1005;0;41713;0;N;559903;N;4;3042;0;R_PL-PH_1;20140315xSat;4_Kařez;Plzeňský kraj;h00;33;23
03-cd_01-ver_05-get_03-lau2_07-day_00--_05-frt-1005_01-sng_00-n_00-n_02-rail_00-n_00-n_02-kamp-cd;1005;0;41713;0;N;531189;N;5;3026;0;R_PL-PH_1;20140315xSat;5_Hořovice;Středočeský kraj;h00;287;151
03-cd_01-ver_05-get_03-lau2_07-day_00--_05-frt-1005_01-sng_00-n_00-n_02-rail_00-n_00-n_02-kamp-cd;1005;0;41713;0;N;532011;N;6;3026;0;R_PL-PH_1;20140315xSat;6_Zdice;Středočeský kraj;h00;83;110
03-cd_01-ver_05-get_03-lau2_07-day_00--_05-frt-1005_01-sng_00-n_00-n_02-rail_00-n_00-n_02-kamp-cd;1005;0;41713;0;N;531057;N;7;3026;0;R_PL-PH_1;20140315xSat;7_Beroun;Středočeský kraj;h00;345;241
03-cd_01-ver_05-get_03-lau2_07-day_00--_05-frt-1005_01-sng_00-n_00-n_02-rail_00-n_00-n_02-kamp-cd;1005;0;41713;0;N;554782;N;8;3018;0;R_PL-PH_1;20140315xSat;8_Praha;Hlavní město Praha;h00;25;2321
03-cd_01-ver_05-get_03-lau2_07-day_00--_05-frt-1005_01-sng_00-n_00-n_02-rail_00-n_00-n_02-kamp-cd;1005;0;41714;0;N;554791;N;1;3042;0;R_PL-PH_1;20140316xSun;1_Plzeň;Plzeňský kraj;h00;1708;0
03-cd_01-ver_05-get_03-lau2_07-day_00--_05-frt-1005_01-sng_00-n_00-n_02-rail_00-n_00-n_02-kamp-cd;1005;0;41714;0;N;558966;N;2;3042;0;R_PL-PH_1;20140316xSun;2_Chrást;Plzeňský kraj;h00;0;0
03-cd_01-ver_05-get_03-lau2_07-day_00--_05-frt-1005_01-sng_00-n_00-n_02-rail_00-n_00-n_02-kamp-cd;1005;0;41714;0;N;559717;N;3;3042;0;R_PL-PH_1;20140316xSun;3_Rokycany;Plzeňský kraj;h00;285;369
03-cd_01-ver_05-get_03-lau2_07-day_00--_05-frt-1005_01-sng_00-n_00-n_02-rail_00-n_00-n_02-kamp-cd;1005;0;41714;0;N;559903;N;4;3042;0;R_PL-PH_1;20140316xSun;4_Kařez;Plzeňský kraj;h00;30;14
03-cd_01-ver_05-get_03-lau2_07-day_00--_05-frt-1005_01-sng_00-n_00-n_02-rail_00-n_00-n_02-kamp-cd;1005;0;41714;0;N;531189;N;5;3026;0;R_PL-PH_1;20140316xSun;5_Hořovice;Středočeský kraj;h00;271;137
03-cd_01-ver_05-get_03-lau2_07-day_00--_05-frt-1005_01-sng_00-n_00-n_02-rail_00-n_00-n_02-kamp-cd;1005;0;41714;0;N;532011;N;6;3026;0;R_PL-PH_1;20140316xSun;6_Zdice;Středočeský kraj;h00;74;51
03-cd_01-ver_05-get_03-lau2_07-day_00--_05-frt-1005_01-sng_00-n_00-n_02-rail_00-n_00-n_02-kamp-cd;1005;0;41714;0;N;531057;N;7;3026;0;R_PL-PH_1;20140316xSun;7_Beroun;Středočeský kraj;h00;310;219
03-cd_01-ver_05-get_03-lau2_07-day_00--_05-frt-1005_01-sng_00-n_00-n_02-rail_00-n_00-n_02-kamp-cd;1005;0;41714;0;N;554782;N;8;3018;0;R_PL-PH_1;20140316xSun;8_Praha;Hlavní město Praha;h00;19;2984
03-cd_01-ver_05-get_03-lau2_07-day_00--_05-frt-1005_01-sng_00-n_00-n_02-rail_00-n_00-n_02-kamp-cd;1005;0;41715;0;N;554791;N;1;3042;0;R_PL-PH_1;20140317xMon;1_Plzeň;Plzeňský kraj;h00;1682;0
03-cd_01-ver_05-get_03-lau2_07-day_00--_05-frt-1005_01-sng_00-n_00-n_02-rail_00-n_00-n_02-kamp-cd;1005;0;41715;0;N;558966;N;2;3042;0;R_PL-PH_1;20140317xMon;2_Chrást;Plzeňský kraj;h00;0;0
03-cd_01-ver_05-get_03-lau2_07-day_00--_05-frt-1005_01-sng_00-n_00-n_02-rail_00-n_00-n_02-kamp-cd;1005;0;41715;0;N;559717;N;3;3042;0;R_PL-PH_1;20140317xMon;3_Rokycany;Plzeňský kraj;h00;443;593
03-cd_01-ver_05-get_03-lau2_07-day_00--_05-frt-1005_01-sng_00-n_00-n_02-rail_00-n_00-n_02-kamp-cd;1005;0;41715;0;N;559903;N;4;3042;0;R_PL-PH_1;20140317xMon;4_Kařez;Plzeňský kraj;h00;45;33
03-cd_01-ver_05-get_03-lau2_07-day_00--_05-frt-1005_01-sng_00-n_00-n_02-rail_00-n_00-n_02-kamp-cd;1005;0;41715;0;N;531189;N;5;3026;0;R_PL-PH_1;20140317xMon;5_Hořovice;Středočeský kraj;h00;353;211
03-cd_01-ver_05-get_03-lau2_07-day_00--_05-frt-1005_01-sng_00-n_00-n_02-rail_00-n_00-n_02-kamp-cd;1005;0;41715;0;N;532011;N;6;3026;0;R_PL-PH_1;20140317xMon;6_Zdice;Středočeský kraj;h00;160;76
03-cd_01-ver_05-get_03-lau2_07-day_00--_05-frt-1005_01-sng_00-n_00-n_02-rail_00-n_00-n_02-kamp-cd;1005;0;41715;0;N;531057;N;7;3026;0;R_PL-PH_1;20140317xMon;7_Beroun;Středočeský kraj;h00;429;330
03-cd_01-ver_05-get_03-lau2_07-day_00--_05-frt-1005_01-sng_00-n_00-n_02-rail_00-n_00-n_02-kamp-cd;1005;0;41715;0;N;554782;N;8;3018;0;R_PL-PH_1;20140317xMon;8_Praha;Hlavní město Praha;h00;75;2582
03-cd_01-ver_05-get_03-lau2_07-day_00--_05-frt-1005_01-sng_00-n_00-n_02-rail_00-n_00-n_02-kamp-cd;1005;0;41716;0;N;554791;N;1;3042;0;R_PL-PH_1;20140318xTue;1_Plzeň;Plzeňský kraj;h00;1775;0
03-cd_01-ver_05-get_03-lau2_07-day_00--_05-frt-1005_01-sng_00-n_00-n_02-rail_00-n_00-n_02-kamp-cd;1005;0;41716;0;N;558966;N;2;3042;0;R_PL-PH_1;20140318xTue;2_Chrást;Plzeňský kraj;h00;0;0
03-cd_01-ver_05-get_03-lau2_07-day_00--_05-frt-1005_01-sng_00-n_00-n_02-rail_00-n_00-n_02-kamp-cd;1005;0;41716;0;N;559717;N;3;3042;0;R_PL-PH_1;20140318xTue;3_Rokycany;Plzeňský kraj;h00;365;653
03-cd_01-ver_05-get_03-lau2_07-day_00--_05-frt-1005_01-sng_00-n_00-n_02-rail_00-n_00-n_02-kamp-cd;1005;0;41716;0;N;559903;N;4;3042;0;R_PL-PH_1;20140318xTue;4_Kařez;Plzeňský kraj;h00;45;24
03-cd_01-ver_05-get_03-lau2_07-day_00--_05-frt-1005_01-sng_00-n_00-n_02-rail_00-n_00-n_02-kamp-cd;1005;0;41716;0;N;531189;N;5;3026;0;R_PL-PH_1;20140318xTue;5_Hořovice;Středočeský kraj;h00;343;209
03-cd_01-ver_05-get_03-lau2_07-day_00--_05-frt-1005_01-sng_00-n_00-n_02-rail_00-n_00-n_02-kamp-cd;1005;0;41716;0;N;532011;N;6;3026;0;R_PL-PH_1;20140318xTue;6_Zdice;Středočeský kraj;h00;113;87
03-cd_01-ver_05-get_03-lau2_07-day_00--_05-frt-1005_01-sng_00-n_00-n_02-rail_00-n_00-n_02-kamp-cd;1005;0;41716;0;N;531057;N;7;3026;0;R_PL-PH_1;20140318xTue;7_Beroun;Středočeský kraj;h00;311;283
03-cd_01-ver_05-get_03-lau2_07-day_00--_05-frt-1005_01-sng_00-n_00-n_02-rail_00-n_00-n_02-kamp-cd;1005;0;41716;0;N;554782;N;8;3018;0;R_PL-PH_1;20140318xTue;8_Praha;Hlavní město Praha;h00;94;2195
03-cd_01-ver_05-get_03-lau2_07-day_00--_05-frt-1005_01-sng_00-n_00-n_02-rail_00-n_00-n_02-kamp-cd;1005;0;41717;0;N;554791;N;1;3042;0;R_PL-PH_1;20140319xWed;1_Plzeň;Plzeňský kraj;h00;1513;0
03-cd_01-ver_05-get_03-lau2_07-day_00--_05-frt-1005_01-sng_00-n_00-n_02-rail_00-n_00-n_02-kamp-cd;1005;0;41717;0;N;558966;N;2;3042;0;R_PL-PH_1;20140319xWed;2_Chrást;Plzeňský kraj;h00;0;0
03-cd_01-ver_05-get_03-lau2_07-day_00--_05-frt-1005_01-sng_00-n_00-n_02-rail_00-n_00-n_02-kamp-cd;1005;0;41717;0;N;559717;N;3;3042;0;R_PL-PH_1;20140319xWed;3_Rokycany;Plzeňský kraj;h00;350;539
03-cd_01-ver_05-get_03-lau2_07-day_00--_05-frt-1005_01-sng_00-n_00-n_02-rail_00-n_00-n_02-kamp-cd;1005;0;41717;0;N;559903;N;4;3042;0;R_PL-PH_1;20140319xWed;4_Kařez;Plzeňský kraj;h00;26;15
03-cd_01-ver_05-get_03-lau2_07-day_00--_05-frt-1005_01-sng_00-n_00-n_02-rail_00-n_00-n_02-kamp-cd;1005;0;41717;0;N;531189;N;5;3026;0;R_PL-PH_1;20140319xWed;5_Hořovice;Středočeský kraj;h00;400;139
03-cd_01-ver_05-get_03-lau2_07-day_00--_05-frt-1005_01-sng_00-n_00-n_02-rail_00-n_00-n_02-kamp-cd;1005;0;41717;0;N;532011;N;6;3026;0;R_PL-PH_1;20140319xWed;6_Zdice;Středočeský kraj;h00;101;47
03-cd_01-ver_05-get_03-lau2_07-day_00--_05-frt-1005_01-sng_00-n_00-n_02-rail_00-n_00-n_02-kamp-cd;1005;0;41717;0;N;531057;N;7;3026;0;R_PL-PH_1;20140319xWed;7_Beroun;Středočeský kraj;h00;245;248
03-cd_01-ver_05-get_03-lau2_07-day_00--_05-frt-1005_01-sng_00-n_00-n_02-rail_00-n_00-n_02-kamp-cd;1005;0;41717;0;N;554782;N;8;3018;0;R_PL-PH_1;20140319xWed;8_Praha;Hlavní město Praha;h00;32;2187
03-cd_01-ver_05-get_03-lau2_07-day_00--_05-frt-1005_01-sng_00-n_00-n_02-rail_00-n_00-n_02-kamp-cd;1005;0;41718;0;N;554791;N;1;3042;0;R_PL-PH_1;20140320xThu;1_Plzeň;Plzeňský kraj;h00;1894;0
03-cd_01-ver_05-get_03-lau2_07-day_00--_05-frt-1005_01-sng_00-n_00-n_02-rail_00-n_00-n_02-kamp-cd;1005;0;41718;0;N;558966;N;2;3042;0;R_PL-PH_1;20140320xThu;2_Chrást;Plzeňský kraj;h00;0;0
03-cd_01-ver_05-get_03-lau2_07-day_00--_05-frt-1005_01-sng_00-n_00-n_02-rail_00-n_00-n_02-kamp-cd;1005;0;41718;0;N;559717;N;3;3042;0;R_PL-PH_1;20140320xThu;3_Rokycany;Plzeňský kraj;h00;346;560
03-cd_01-ver_05-get_03-lau2_07-day_00--_05-frt-1005_01-sng_00-n_00-n_02-rail_00-n_00-n_02-kamp-cd;1005;0;41718;0;N;559903;N;4;3042;0;R_PL-PH_1;20140320xThu;4_Kařez;Plzeňský kraj;h00;40;24
03-cd_01-ver_05-get_03-lau2_07-day_00--_05-frt-1005_01-sng_00-n_00-n_02-rail_00-n_00-n_02-kamp-cd;1005;0;41718;0;N;531189;N;5;3026;0;R_PL-PH_1;20140320xThu;5_Hořovice;Středočeský kraj;h00;269;179
03-cd_01-ver_05-get_03-lau2_07-day_00--_05-frt-1005_01-sng_00-n_00-n_02-rail_00-n_00-n_02-kamp-cd;1005;0;41718;0;N;532011;N;6;3026;0;R_PL-PH_1;20140320xThu;6_Zdice;Středočeský kraj;h00;133;55
03-cd_01-ver_05-get_03-lau2_07-day_00--_05-frt-1005_01-sng_00-n_00-n_02-rail_00-n_00-n_02-kamp-cd;1005;0;41718;0;N;531057;N;7;3026;0;R_PL-PH_1;20140320xThu;7_Beroun;Středočeský kraj;h00;283;242
03-cd_01-ver_05-get_03-lau2_07-day_00--_05-frt-1005_01-sng_00-n_00-n_02-rail_00-n_00-n_02-kamp-cd;1005;0;41718;0;N;554782;N;8;3018;0;R_PL-PH_1;20140320xThu;8_Praha;Hlavní město Praha;h00;48;2418
03-cd_01-ver_05-get_03-lau2_07-day_00--_05-frt-1005_01-sng_00-n_00-n_02-rail_00-n_00-n_02-kamp-cd;1005;0;41719;0;N;554791;N;1;3042;0;R_PL-PH_1;20140321xFri;1_Plzeň;Plzeňský kraj;h00;1860;0
03-cd_01-ver_05-get_03-lau2_07-day_00--_05-frt-1005_01-sng_00-n_00-n_02-rail_00-n_00-n_02-kamp-cd;1005;0;41719;0;N;558966;N;2;3042;0;R_PL-PH_1;20140321xFri;2_Chrást;Plzeňský kraj;h00;0;0
03-cd_01-ver_05-get_03-lau2_07-day_00--_05-frt-1005_01-sng_00-n_00-n_02-rail_00-n_00-n_02-kamp-cd;1005;0;41719;0;N;559717;N;3;3042;0;R_PL-PH_1;20140321xFri;3_Rokycany;Plzeňský kraj;h00;409;583
03-cd_01-ver_05-get_03-lau2_07-day_00--_05-frt-1005_01-sng_00-n_00-n_02-rail_00-n_00-n_02-kamp-cd;1005;0;41719;0;N;559903;N;4;3042;0;R_PL-PH_1;20140321xFri;4_Kařez;Plzeňský kraj;h00;59;30
03-cd_01-ver_05-get_03-lau2_07-day_00--_05-frt-1005_01-sng_00-n_00-n_02-rail_00-n_00-n_02-kamp-cd;1005;0;41719;0;N;531189;N;5;3026;0;R_PL-PH_1;20140321xFri;5_Hořovice;Středočeský kraj;h00;387;252
03-cd_01-ver_05-get_03-lau2_07-day_00--_05-frt-1005_01-sng_00-n_00-n_02-rail_00-n_00-n_02-kamp-cd;1005;0;41719;0;N;532011;N;6;3026;0;R_PL-PH_1;20140321xFri;6_Zdice;Středočeský kraj;h00;104;47
03-cd_01-ver_05-get_03-lau2_07-day_00--_05-frt-1005_01-sng_00-n_00-n_02-rail_00-n_00-n_02-kamp-cd;1005;0;41719;0;N;531057;N;7;3026;0;R_PL-PH_1;20140321xFri;7_Beroun;Středočeský kraj;h00;314;279
03-cd_01-ver_05-get_03-lau2_07-day_00--_05-frt-1005_01-sng_00-n_00-n_02-rail_00-n_00-n_02-kamp-cd;1005;0;41719;0;N;554782;N;8;3018;0;R_PL-PH_1;20140321xFri;8_Praha;Hlavní město Praha;h00;94;2696
03-cd_01-ver_05-get_03-lau2_07-day_00--_05-frt-1005_01-sng_00-n_00-n_02-rail_00-n_00-n_02-kamp-cd;1005;0;41720;0;N;554791;N;1;3042;0;R_PL-PH_1;20140322xSat;1_Plzeň;Plzeňský kraj;h00;1724;0
03-cd_01-ver_05-get_03-lau2_07-day_00--_05-frt-1005_01-sng_00-n_00-n_02-rail_00-n_00-n_02-kamp-cd;1005;0;41720;0;N;558966;N;2;3042;0;R_PL-PH_1;20140322xSat;2_Chrást;Plzeňský kraj;h00;0;0
03-cd_01-ver_05-get_03-lau2_07-day_00--_05-frt-1005_01-sng_00-n_00-n_02-rail_00-n_00-n_02-kamp-cd;1005;0;41720;0;N;559717;N;3;3042;0;R_PL-PH_1;20140322xSat;3_Rokycany;Plzeňský kraj;h00;341;378
03-cd_01-ver_05-get_03-lau2_07-day_00--_05-frt-1005_01-sng_00-n_00-n_02-rail_00-n_00-n_02-kamp-cd;1005;0;41720;0;N;559903;N;4;3042;0;R_PL-PH_1;20140322xSat;4_Kařez;Plzeňský kraj;h00;42;19
03-cd_01-ver_05-get_03-lau2_07-day_00--_05-frt-1005_01-sng_00-n_00-n_02-rail_00-n_00-n_02-kamp-cd;1005;0;41720;0;N;531189;N;5;3026;0;R_PL-PH_1;20140322xSat;5_Hořovice;Středočeský kraj;h00;236;139
03-cd_01-ver_05-get_03-lau2_07-day_00--_05-frt-1005_01-sng_00-n_00-n_02-rail_00-n_00-n_02-kamp-cd;1005;0;41720;0;N;532011;N;6;3026;0;R_PL-PH_1;20140322xSat;6_Zdice;Středočeský kraj;h00;117;53
03-cd_01-ver_05-get_03-lau2_07-day_00--_05-frt-1005_01-sng_00-n_00-n_02-rail_00-n_00-n_02-kamp-cd;1005;0;41720;0;N;531057;N;7;3026;0;R_PL-PH_1;20140322xSat;7_Beroun;Středočeský kraj;h00;566;383
03-cd_01-ver_05-get_03-lau2_07-day_00--_05-frt-1005_01-sng_00-n_00-n_02-rail_00-n_00-n_02-kamp-cd;1005;0;41720;0;N;554782;N;8;3018;0;R_PL-PH_1;20140322xSat;8_Praha;Hlavní město Praha;h00;51;2710
03-cd_01-ver_05-get_03-lau2_07-day_00--_05-frt-1005_01-sng_00-n_00-n_02-rail_00-n_00-n_02-kamp-cd;1005;0;41721;0;N;554791;N;1;3042;0;R_PL-PH_1;20140323xSun;1_Plzeň;Plzeňský kraj;h00;1723;0
03-cd_01-ver_05-get_03-lau2_07-day_00--_05-frt-1005_01-sng_00-n_00-n_02-rail_00-n_00-n_02-kamp-cd;1005;0;41721;0;N;558966;N;2;3042;0;R_PL-PH_1;20140323xSun;2_Chrást;Plzeňský kraj;h00;0;0
03-cd_01-ver_05-get_03-lau2_07-day_00--_05-frt-1005_01-sng_00-n_00-n_02-rail_00-n_00-n_02-kamp-cd;1005;0;41721;0;N;559717;N;3;3042;0;R_PL-PH_1;20140323xSun;3_Rokycany;Plzeňský kraj;h00;334;288
03-cd_01-ver_05-get_03-lau2_07-day_00--_05-frt-1005_01-sng_00-n_00-n_02-rail_00-n_00-n_02-kamp-cd;1005;0;41721;0;N;559903;N;4;3042;0;R_PL-PH_1;20140323xSun;4_Kařez;Plzeňský kraj;h00;29;6
03-cd_01-ver_05-get_03-lau2_07-day_00--_05-frt-1005_01-sng_00-n_00-n_02-rail_00-n_00-n_02-kamp-cd;1005;0;41721;0;N;531189;N;5;3026;0;R_PL-PH_1;20140323xSun;5_Hořovice;Středočeský kraj;h00;295;134
03-cd_01-ver_05-get_03-lau2_07-day_00--_05-frt-1005_01-sng_00-n_00-n_02-rail_00-n_00-n_02-kamp-cd;1005;0;41721;0;N;532011;N;6;3026;0;R_PL-PH_1;20140323xSun;6_Zdice;Středočeský kraj;h00;75;36
03-cd_01-ver_05-get_03-lau2_07-day_00--_05-frt-1005_01-sng_00-n_00-n_02-rail_00-n_00-n_02-kamp-cd;1005;0;41721;0;N;531057;N;7;3026;0;R_PL-PH_1;20140323xSun;7_Beroun;Středočeský kraj;h00;355;170
03-cd_01-ver_05-get_03-lau2_07-day_00--_05-frt-1005_01-sng_00-n_00-n_02-rail_00-n_00-n_02-kamp-cd;1005;0;41721;0;N;554782;N;8;3018;0;R_PL-PH_1;20140323xSun;8_Praha;Hlavní město Praha;h00;28;3169
03-cd_01-ver_05-get_03-lau2_07-day_00--_05-frt-1005_01-sng_00-n_00-n_02-rail_00-n_00-n_02-kamp-cd;1005;0;41722;0;N;554791;N;1;3042;0;R_PL-PH_1;20140324xMon;1_Plzeň;Plzeňský kraj;h00;1621;0
03-cd_01-ver_05-get_03-lau2_07-day_00--_05-frt-1005_01-sng_00-n_00-n_02-rail_00-n_00-n_02-kamp-cd;1005;0;41722;0;N;558966;N;2;3042;0;R_PL-PH_1;20140324xMon;2_Chrást;Plzeňský kraj;h00;0;0
03-cd_01-ver_05-get_03-lau2_07-day_00--_05-frt-1005_01-sng_00-n_00-n_02-rail_00-n_00-n_02-kamp-cd;1005;0;41722;0;N;559717;N;3;3042;0;R_PL-PH_1;20140324xMon;3_Rokycany;Plzeňský kraj;h00;424;615
03-cd_01-ver_05-get_03-lau2_07-day_00--_05-frt-1005_01-sng_00-n_00-n_02-rail_00-n_00-n_02-kamp-cd;1005;0;41722;0;N;559903;N;4;3042;0;R_PL-PH_1;20140324xMon;4_Kařez;Plzeňský kraj;h00;43;13
03-cd_01-ver_05-get_03-lau2_07-day_00--_05-frt-1005_01-sng_00-n_00-n_02-rail_00-n_00-n_02-kamp-cd;1005;0;41722;0;N;531189;N;5;3026;0;R_PL-PH_1;20140324xMon;5_Hořovice;Středočeský kraj;h00;365;220
03-cd_01-ver_05-get_03-lau2_07-day_00--_05-frt-1005_01-sng_00-n_00-n_02-rail_00-n_00-n_02-kamp-cd;1005;0;41722;0;N;532011;N;6;3026;0;R_PL-PH_1;20140324xMon;6_Zdice;Středočeský kraj;h00;143;51
03-cd_01-ver_05-get_03-lau2_07-day_00--_05-frt-1005_01-sng_00-n_00-n_02-rail_00-n_00-n_02-kamp-cd;1005;0;41722;0;N;531057;N;7;3026;0;R_PL-PH_1;20140324xMon;7_Beroun;Středočeský kraj;h00;326;320
03-cd_01-ver_05-get_03-lau2_07-day_00--_05-frt-1005_01-sng_00-n_00-n_02-rail_00-n_00-n_02-kamp-cd;1005;0;41722;0;N;554782;N;8;3018;0;R_PL-PH_1;20140324xMon;8_Praha;Hlavní město Praha;h00;28;2429
03-cd_01-ver_05-get_03-lau2_07-day_00--_05-frt-1005_01-sng_00-n_00-n_02-rail_00-n_00-n_02-kamp-cd;1005;0;41723;0;N;554791;N;1;3042;0;R_PL-PH_1;20140325xTue;1_Plzeň;Plzeňský kraj;h00;0;0
03-cd_01-ver_05-get_03-lau2_07-day_00--_05-frt-1005_01-sng_00-n_00-n_02-rail_00-n_00-n_02-kamp-cd;1005;0;41723;0;N;558966;N;2;3042;0;R_PL-PH_1;20140325xTue;2_Chrást;Plzeňský kraj;h00;0;0
03-cd_01-ver_05-get_03-lau2_07-day_00--_05-frt-1005_01-sng_00-n_00-n_02-rail_00-n_00-n_02-kamp-cd;1005;0;41723;0;N;559717;N;3;3042;0;R_PL-PH_1;20140325xTue;3_Rokycany;Plzeňský kraj;h00;0;0
03-cd_01-ver_05-get_03-lau2_07-day_00--_05-frt-1005_01-sng_00-n_00-n_02-rail_00-n_00-n_02-kamp-cd;1005;0;41723;0;N;559903;N;4;3042;0;R_PL-PH_1;20140325xTue;4_Kařez;Plzeňský kraj;h00;0;0
03-cd_01-ver_05-get_03-lau2_07-day_00--_05-frt-1005_01-sng_00-n_00-n_02-rail_00-n_00-n_02-kamp-cd;1005;0;41723;0;N;531189;N;5;3026;0;R_PL-PH_1;20140325xTue;5_Hořovice;Středočeský kraj;h00;0;0
03-cd_01-ver_05-get_03-lau2_07-day_00--_05-frt-1005_01-sng_00-n_00-n_02-rail_00-n_00-n_02-kamp-cd;1005;0;41723;0;N;532011;N;6;3026;0;R_PL-PH_1;20140325xTue;6_Zdice;Středočeský kraj;h00;0;0
03-cd_01-ver_05-get_03-lau2_07-day_00--_05-frt-1005_01-sng_00-n_00-n_02-rail_00-n_00-n_02-kamp-cd;1005;0;41723;0;N;531057;N;7;3026;0;R_PL-PH_1;20140325xTue;7_Beroun;Středočeský kraj;h00;0;0
03-cd_01-ver_05-get_03-lau2_07-day_00--_05-frt-1005_01-sng_00-n_00-n_02-rail_00-n_00-n_02-kamp-cd;1005;0;41723;0;N;554782;N;8;3018;0;R_PL-PH_1;20140325xTue;8_Praha;Hlavní město Praha;h00;0;0
03-cd_01-ver_05-get_03-lau2_07-day_00--_05-frt-1005_01-sng_00-n_00-n_02-rail_00-n_00-n_02-kamp-cd;1005;0;41724;0;N;554791;N;1;3042;0;R_PL-PH_1;20140326xWed;1_Plzeň;Plzeňský kraj;h00;0;0
03-cd_01-ver_05-get_03-lau2_07-day_00--_05-frt-1005_01-sng_00-n_00-n_02-rail_00-n_00-n_02-kamp-cd;1005;0;41724;0;N;558966;N;2;3042;0;R_PL-PH_1;20140326xWed;2_Chrást;Plzeňský kraj;h00;0;0
03-cd_01-ver_05-get_03-lau2_07-day_00--_05-frt-1005_01-sng_00-n_00-n_02-rail_00-n_00-n_02-kamp-cd;1005;0;41724;0;N;559717;N;3;3042;0;R_PL-PH_1;20140326xWed;3_Rokycany;Plzeňský kraj;h00;0;0
03-cd_01-ver_05-get_03-lau2_07-day_00--_05-frt-1005_01-sng_00-n_00-n_02-rail_00-n_00-n_02-kamp-cd;1005;0;41724;0;N;559903;N;4;3042;0;R_PL-PH_1;20140326xWed;4_Kařez;Plzeňský kraj;h00;0;0
03-cd_01-ver_05-get_03-lau2_07-day_00--_05-frt-1005_01-sng_00-n_00-n_02-rail_00-n_00-n_02-kamp-cd;1005;0;41724;0;N;531189;N;5;3026;0;R_PL-PH_1;20140326xWed;5_Hořovice;Středočeský kraj;h00;0;0
03-cd_01-ver_05-get_03-lau2_07-day_00--_05-frt-1005_01-sng_00-n_00-n_02-rail_00-n_00-n_02-kamp-cd;1005;0;41724;0;N;532011;N;6;3026;0;R_PL-PH_1;20140326xWed;6_Zdice;Středočeský kraj;h00;0;0
03-cd_01-ver_05-get_03-lau2_07-day_00--_05-frt-1005_01-sng_00-n_00-n_02-rail_00-n_00-n_02-kamp-cd;1005;0;41724;0;N;531057;N;7;3026;0;R_PL-PH_1;20140326xWed;7_Beroun;Středočeský kraj;h00;0;0
03-cd_01-ver_05-get_03-lau2_07-day_00--_05-frt-1005_01-sng_00-n_00-n_02-rail_00-n_00-n_02-kamp-cd;1005;0;41724;0;N;554782;N;8;3018;0;R_PL-PH_1;20140326xWed;8_Praha;Hlavní město Praha;h00;0;0
