data-source;graph-type;graph-detail;spacial-agregation;temporal-agregation;trajectory-time-definition-point;fixed-route;calculation-method;statistics-function;average-detail;transport-mode;demography-age;demography-age;data-source-detail;control
00--;00--;00--;00--;00--;00--;00--;00--;00--;00--;00--;00--;00--;00--;00--
00-n;00-n;00-n;00-n;00-n;00-n;00-n;00-n;00-n;00-n;00-n;00-n;00-n;00-n;00-n
01-cso;01-ver;01-pop;01-stop;I.15;I.15;01-frt-1001;01-sng;01-avg;;01-car;;;01-cso10;00-x-yyyymmddhhmmss
02-o2;02-edg;02-vis;02-lru;02-hr;II.60;02-frt-1002;02-uni;02-sd;;02-rail;;;02-kamp-cd;
03-cd;;03-tour;03-lau2;03-ngt;03-180;03-frt-1003;03-rep;03-se;;03-bus;;;;
;;04-pot;;04-mor;04-300;04-frt-1004;;;;;;;;
;;05-get;;05-aft;05-300+;05-frt-1005;;;;;;;;
;;06-cap;;06-evn;;06-frt-1006;;;;;;;;
;;;;07-day;;07-frt-1007;;;;;;;;
;;;;08-wk;;08-frt-1008;;;;;;;;
;;;;09-mth;;;;;;;;;;
;;;;10-qrt;;;;;;;;;;
;;;;11-yr;;;;;;;;;;
